{
  "args": {
    "model": "llama_8b",
    "dataset": "multisocial_en",
    "mode": "denoise_layer_split",
    "token_mode": "last_token",
    "prefix": false,
    "smoke_test": false,
    "ood": [
      "multisocial_ar"
    ],
    "pca_components": 50,
    "normalize_scores": true,
    "ablation_set": "human",
    "manifold": true
  },
  "steering_domain": "multisocial_en",
  "eval_domain": "multisocial_ar",
  "n_samples": 500,
  "n_layers": 33,
  "metrics_per_layer": {
    "layer_1": {
      "n_total": 500,
      "n_valid": 500,
      "n_val_total": 500,
      "n_val_valid": 500,
      "acc": 0.63,
      "f1": 0.45427728613569324,
      "pre": 0.8651685393258427,
      "recall": 0.308,
      "auroc": 0.753288,
      "optimal_threshold": 0.7187479734420776,
      "tpr_at_fpr_0_01": 0.0,
      "fpr95": 0.796,
      "aupr": 0.7419647914687391
    },
    "layer_2": {
      "n_total": 500,
      "n_valid": 500,
      "n_val_total": 500,
      "n_val_valid": 500,
      "acc": 0.636,
      "f1": 0.5517241379310345,
      "pre": 0.717948717948718,
      "recall": 0.448,
      "auroc": 0.725488,
      "optimal_threshold": 0.42163971066474915,
      "tpr_at_fpr_0_01": 0.172,
      "fpr95": 0.772,
      "aupr": 0.7510492541679586
    },
    "layer_3": {
      "n_total": 500,
      "n_valid": 500,
      "n_val_total": 500,
      "n_val_valid": 500,
      "acc": 0.66,
      "f1": 0.5728643216080402,
      "pre": 0.7702702702702703,
      "recall": 0.456,
      "auroc": 0.803296,
      "optimal_threshold": 0.3537416458129883,
      "tpr_at_fpr_0_01": 0.112,
      "fpr95": 0.544,
      "aupr": 0.788812959307909
    },
    "layer_4": {
      "n_total": 500,
      "n_valid": 500,
      "n_val_total": 500,
      "n_val_valid": 500,
      "acc": 0.682,
      "f1": 0.6112469437652812,
      "pre": 0.7861635220125787,
      "recall": 0.5,
      "auroc": 0.798128,
      "optimal_threshold": 0.36243677139282227,
      "tpr_at_fpr_0_01": 0.156,
      "fpr95": 0.576,
      "aupr": 0.791153954184092
    },
    "layer_5": {
      "n_total": 500,
      "n_valid": 500,
      "n_val_total": 500,
      "n_val_valid": 500,
      "acc": 0.672,
      "f1": 0.583756345177665,
      "pre": 0.7986111111111112,
      "recall": 0.46,
      "auroc": 0.80608,
      "optimal_threshold": 0.39490166306495667,
      "tpr_at_fpr_0_01": 0.096,
      "fpr95": 0.564,
      "aupr": 0.7866024708738734
    },
    "layer_6": {
      "n_total": 500,
      "n_valid": 500,
      "n_val_total": 500,
      "n_val_valid": 500,
      "acc": 0.676,
      "f1": 0.6029411764705882,
      "pre": 0.7784810126582279,
      "recall": 0.492,
      "auroc": 0.8115680000000001,
      "optimal_threshold": 0.31440016627311707,
      "tpr_at_fpr_0_01": 0.132,
      "fpr95": 0.54,
      "aupr": 0.7926387377883529
    },
    "layer_7": {
      "n_total": 500,
      "n_valid": 500,
      "n_val_total": 500,
      "n_val_valid": 500,
      "acc": 0.596,
      "f1": 0.35668789808917195,
      "pre": 0.875,
      "recall": 0.224,
      "auroc": 0.808944,
      "optimal_threshold": 0.5989027619361877,
      "tpr_at_fpr_0_01": 0.128,
      "fpr95": 0.56,
      "aupr": 0.798628379560141
    },
    "layer_8": {
      "n_total": 500,
      "n_valid": 500,
      "n_val_total": 500,
      "n_val_valid": 500,
      "acc": 0.662,
      "f1": 0.5633074935400517,
      "pre": 0.7956204379562044,
      "recall": 0.436,
      "auroc": 0.788544,
      "optimal_threshold": 0.476227730512619,
      "tpr_at_fpr_0_01": 0.12,
      "fpr95": 0.744,
      "aupr": 0.7856546448461859
    },
    "layer_9": {
      "n_total": 500,
      "n_valid": 500,
      "n_val_total": 500,
      "n_val_valid": 500,
      "acc": 0.648,
      "f1": 0.5243243243243243,
      "pre": 0.8083333333333333,
      "recall": 0.388,
      "auroc": 0.7502879999999998,
      "optimal_threshold": 0.5283548831939697,
      "tpr_at_fpr_0_01": 0.148,
      "fpr95": 0.856,
      "aupr": 0.7636238834059239
    },
    "layer_10": {
      "n_total": 500,
      "n_valid": 500,
      "n_val_total": 500,
      "n_val_valid": 500,
      "acc": 0.658,
      "f1": 0.5558441558441558,
      "pre": 0.7925925925925926,
      "recall": 0.428,
      "auroc": 0.740416,
      "optimal_threshold": 0.4623259902000427,
      "tpr_at_fpr_0_01": 0.132,
      "fpr95": 0.88,
      "aupr": 0.7596327608752538
    },
    "layer_11": {
      "n_total": 500,
      "n_valid": 500,
      "n_val_total": 500,
      "n_val_valid": 500,
      "acc": 0.66,
      "f1": 0.5595854922279793,
      "pre": 0.7941176470588235,
      "recall": 0.432,
      "auroc": 0.7896639999999999,
      "optimal_threshold": 0.4412405788898468,
      "tpr_at_fpr_0_01": 0.104,
      "fpr95": 0.764,
      "aupr": 0.7853564839465303
    },
    "layer_12": {
      "n_total": 500,
      "n_valid": 500,
      "n_val_total": 500,
      "n_val_valid": 500,
      "acc": 0.656,
      "f1": 0.5567010309278351,
      "pre": 0.782608695652174,
      "recall": 0.432,
      "auroc": 0.728144,
      "optimal_threshold": 0.3846481740474701,
      "tpr_at_fpr_0_01": 0.104,
      "fpr95": 0.872,
      "aupr": 0.7498716807907757
    },
    "layer_13": {
      "n_total": 500,
      "n_valid": 500,
      "n_val_total": 500,
      "n_val_valid": 500,
      "acc": 0.632,
      "f1": 0.480225988700565,
      "pre": 0.8173076923076923,
      "recall": 0.34,
      "auroc": 0.692736,
      "optimal_threshold": 0.4769136607646942,
      "tpr_at_fpr_0_01": 0.108,
      "fpr95": 0.876,
      "aupr": 0.7288054831037155
    },
    "layer_14": {
      "n_total": 500,
      "n_valid": 500,
      "n_val_total": 500,
      "n_val_valid": 500,
      "acc": 0.65,
      "f1": 0.5308310991957105,
      "pre": 0.8048780487804879,
      "recall": 0.396,
      "auroc": 0.7458079999999999,
      "optimal_threshold": 0.42786720395088196,
      "tpr_at_fpr_0_01": 0.128,
      "fpr95": 0.804,
      "aupr": 0.7615823662452117
    },
    "layer_15": {
      "n_total": 500,
      "n_valid": 500,
      "n_val_total": 500,
      "n_val_valid": 500,
      "acc": 0.642,
      "f1": 0.5041551246537396,
      "pre": 0.8198198198198198,
      "recall": 0.364,
      "auroc": 0.782336,
      "optimal_threshold": 0.41547656059265137,
      "tpr_at_fpr_0_01": 0.148,
      "fpr95": 0.732,
      "aupr": 0.7876555274879522
    },
    "layer_16": {
      "n_total": 500,
      "n_valid": 500,
      "n_val_total": 500,
      "n_val_valid": 500,
      "acc": 0.656,
      "f1": 0.5473684210526316,
      "pre": 0.8,
      "recall": 0.416,
      "auroc": 0.828544,
      "optimal_threshold": 0.37396731972694397,
      "tpr_at_fpr_0_01": 0.176,
      "fpr95": 0.544,
      "aupr": 0.812186258741153
    },
    "layer_17": {
      "n_total": 500,
      "n_valid": 500,
      "n_val_total": 500,
      "n_val_valid": 500,
      "acc": 0.638,
      "f1": 0.4986149584487535,
      "pre": 0.8108108108108109,
      "recall": 0.36,
      "auroc": 0.7930719999999999,
      "optimal_threshold": 0.37913838028907776,
      "tpr_at_fpr_0_01": 0.176,
      "fpr95": 0.836,
      "aupr": 0.7941411516285817
    },
    "layer_18": {
      "n_total": 500,
      "n_valid": 500,
      "n_val_total": 500,
      "n_val_valid": 500,
      "acc": 0.676,
      "f1": 0.5759162303664922,
      "pre": 0.8333333333333334,
      "recall": 0.44,
      "auroc": 0.831648,
      "optimal_threshold": 0.31103259325027466,
      "tpr_at_fpr_0_01": 0.24,
      "fpr95": 0.58,
      "aupr": 0.8209796662410296
    },
    "layer_19": {
      "n_total": 500,
      "n_valid": 500,
      "n_val_total": 500,
      "n_val_valid": 500,
      "acc": 0.644,
      "f1": 0.4943181818181818,
      "pre": 0.8529411764705882,
      "recall": 0.348,
      "auroc": 0.83072,
      "optimal_threshold": 0.3688882887363434,
      "tpr_at_fpr_0_01": 0.196,
      "fpr95": 0.704,
      "aupr": 0.8260944379545367
    },
    "layer_20": {
      "n_total": 500,
      "n_valid": 500,
      "n_val_total": 500,
      "n_val_valid": 500,
      "acc": 0.662,