{
  "args": {
    "model": "llama_8b",
    "dataset": "multisocial_en",
    "mode": "denoise_layer_split",
    "token_mode": "last_token",
    "prefix": false,
    "smoke_test": false,
    "ood": [
      "multisocial_ar"
    ],
    "pca_components": 25,
    "normalize_scores": true,
    "ablation_set": "human",
    "manifold": true
  },
  "steering_domain": "multisocial_en",
  "eval_domain": "multisocial_ar",
  "n_samples": 500,
  "n_layers": 33,
  "metrics_per_layer": {
    "layer_1": {
      "n_total": 500,
      "n_valid": 500,
      "n_val_total": 500,
      "n_val_valid": 500,
      "acc": 0.626,
      "f1": 0.4579710144927536,
      "pre": 0.8315789473684211,
      "recall": 0.316,
      "auroc": 0.7461519999999999,
      "optimal_threshold": 0.7163370847702026,
      "tpr_at_fpr_0_01": 0.0,
      "fpr95": 0.784,
      "aupr": 0.7389684516521297
    },
    "layer_2": {
      "n_total": 500,
      "n_valid": 500,
      "n_val_total": 500,
      "n_val_valid": 500,
      "acc": 0.662,
      "f1": 0.5655526992287918,
      "pre": 0.7913669064748201,
      "recall": 0.44,
      "auroc": 0.7243679999999999,
      "optimal_threshold": 0.482529878616333,
      "tpr_at_fpr_0_01": 0.168,
      "fpr95": 0.788,
      "aupr": 0.7504133952244594
    },
    "layer_3": {
      "n_total": 500,
      "n_valid": 500,
      "n_val_total": 500,
      "n_val_valid": 500,
      "acc": 0.674,
      "f1": 0.5955334987593052,
      "pre": 0.7843137254901961,
      "recall": 0.48,
      "auroc": 0.8069919999999999,
      "optimal_threshold": 0.36584481596946716,
      "tpr_at_fpr_0_01": 0.108,
      "fpr95": 0.548,
      "aupr": 0.7941517828226612
    },
    "layer_4": {
      "n_total": 500,
      "n_valid": 500,
      "n_val_total": 500,
      "n_val_valid": 500,
      "acc": 0.548,
      "f1": 0.18705035971223022,
      "pre": 0.9285714285714286,
      "recall": 0.104,
      "auroc": 0.805392,
      "optimal_threshold": 0.7315602898597717,
      "tpr_at_fpr_0_01": 0.14,
      "fpr95": 0.556,
      "aupr": 0.7946076658245698
    },
    "layer_5": {
      "n_total": 500,
      "n_valid": 500,
      "n_val_total": 500,
      "n_val_valid": 500,
      "acc": 0.518,
      "f1": 0.07662835249042145,
      "pre": 0.9090909090909091,
      "recall": 0.04,
      "auroc": 0.8002720000000001,
      "optimal_threshold": 0.6857926249504089,
      "tpr_at_fpr_0_01": 0.088,
      "fpr95": 0.612,
      "aupr": 0.7829218119138868
    },
    "layer_6": {
      "n_total": 500,
      "n_valid": 500,
      "n_val_total": 500,
      "n_val_valid": 500,
      "acc": 0.596,
      "f1": 0.37267080745341613,
      "pre": 0.8333333333333334,
      "recall": 0.24,
      "auroc": 0.813392,
      "optimal_threshold": 0.5954849720001221,
      "tpr_at_fpr_0_01": 0.104,
      "fpr95": 0.576,
      "aupr": 0.7944481749203148
    },
    "layer_7": {
      "n_total": 500,
      "n_valid": 500,
      "n_val_total": 500,
      "n_val_valid": 500,
      "acc": 0.626,
      "f1": 0.44837758112094395,
      "pre": 0.8539325842696629,
      "recall": 0.304,
      "auroc": 0.8134399999999999,
      "optimal_threshold": 0.5794151425361633,
      "tpr_at_fpr_0_01": 0.116,
      "fpr95": 0.632,
      "aupr": 0.7998015409657864
    },
    "layer_8": {
      "n_total": 500,
      "n_valid": 500,
      "n_val_total": 500,
      "n_val_valid": 500,
      "acc": 0.622,
      "f1": 0.4424778761061947,
      "pre": 0.8426966292134831,
      "recall": 0.3,
      "auroc": 0.770624,
      "optimal_threshold": 0.617687463760376,
      "tpr_at_fpr_0_01": 0.128,
      "fpr95": 0.676,
      "aupr": 0.7759558420104853
    },
    "layer_9": {
      "n_total": 500,
      "n_valid": 500,
      "n_val_total": 500,
      "n_val_valid": 500,
      "acc": 0.634,
      "f1": 0.48158640226628896,
      "pre": 0.8252427184466019,
      "recall": 0.34,
      "auroc": 0.728432,
      "optimal_threshold": 0.5874071717262268,
      "tpr_at_fpr_0_01": 0.136,
      "fpr95": 0.792,
      "aupr": 0.7510974796462703
    },
    "layer_10": {
      "n_total": 500,
      "n_valid": 500,
      "n_val_total": 500,
      "n_val_valid": 500,
      "acc": 0.64,
      "f1": 0.4943820224719101,
      "pre": 0.8301886792452831,
      "recall": 0.352,
      "auroc": 0.744288,
      "optimal_threshold": 0.5300396680831909,
      "tpr_at_fpr_0_01": 0.124,
      "fpr95": 0.872,
      "aupr": 0.7623124570278608
    },
    "layer_11": {
      "n_total": 500,
      "n_valid": 500,
      "n_val_total": 500,
      "n_val_valid": 500,
      "acc": 0.656,
      "f1": 0.5351351351351351,
      "pre": 0.825,
      "recall": 0.396,
      "auroc": 0.762416,
      "optimal_threshold": 0.4802667200565338,
      "tpr_at_fpr_0_01": 0.108,
      "fpr95": 0.848,
      "aupr": 0.7717135496748873
    },
    "layer_12": {
      "n_total": 500,
      "n_valid": 500,
      "n_val_total": 500,
      "n_val_valid": 500,
      "acc": 0.654,
      "f1": 0.5529715762273901,
      "pre": 0.781021897810219,
      "recall": 0.428,
      "auroc": 0.723952,
      "optimal_threshold": 0.4167567491531372,
      "tpr_at_fpr_0_01": 0.104,
      "fpr95": 0.876,
      "aupr": 0.7480909363349859
    },
    "layer_13": {
      "n_total": 500,
      "n_valid": 500,
      "n_val_total": 500,
      "n_val_valid": 500,
      "acc": 0.64,
      "f1": 0.5027624309392266,
      "pre": 0.8125,
      "recall": 0.364,
      "auroc": 0.671232,
      "optimal_threshold": 0.4801790416240692,
      "tpr_at_fpr_0_01": 0.116,
      "fpr95": 0.884,
      "aupr": 0.7180339949152492
    },
    "layer_14": {
      "n_total": 500,
      "n_valid": 500,
      "n_val_total": 500,
      "n_val_valid": 500,
      "acc": 0.638,
      "f1": 0.5041095890410959,
      "pre": 0.8,
      "recall": 0.368,
      "auroc": 0.74024,
      "optimal_threshold": 0.4480128884315491,
      "tpr_at_fpr_0_01": 0.132,
      "fpr95": 0.804,
      "aupr": 0.7563392946359884
    },
    "layer_15": {
      "n_total": 500,
      "n_valid": 500,
      "n_val_total": 500,
      "n_val_valid": 500,
      "acc": 0.652,
      "f1": 0.546875,
      "pre": 0.7835820895522388,
      "recall": 0.42,
      "auroc": 0.754336,
      "optimal_threshold": 0.3865193724632263,
      "tpr_at_fpr_0_01": 0.132,
      "fpr95": 0.808,
      "aupr": 0.7636975668544383
    },
    "layer_16": {
      "n_total": 500,
      "n_valid": 500,
      "n_val_total": 500,
      "n_val_valid": 500,
      "acc": 0.632,
      "f1": 0.480225988700565,
      "pre": 0.8173076923076923,
      "recall": 0.34,
      "auroc": 0.814896,
      "optimal_threshold": 0.41101858019828796,
      "tpr_at_fpr_0_01": 0.172,
      "fpr95": 0.616,
      "aupr": 0.8006708431406054
    },
    "layer_17": {
      "n_total": 500,
      "n_valid": 500,
      "n_val_total": 500,
      "n_val_valid": 500,
      "acc": 0.64,
      "f1": 0.4915254237288136,
      "pre": 0.8365384615384616,
      "recall": 0.348,
      "auroc": 0.7849919999999999,
      "optimal_threshold": 0.3936048448085785,
      "tpr_at_fpr_0_01": 0.208,
      "fpr95": 0.812,
      "aupr": 0.7852777235286769
    },
    "layer_18": {
      "n_total": 500,
      "n_valid": 500,
      "n_val_total": 500,
      "n_val_valid": 500,
      "acc": 0.65,
      "f1": 0.5231607629427792,
      "pre": 0.8205128205128205,
      "recall": 0.384,
      "auroc": 0.8317439999999999,
      "optimal_threshold": 0.33693283796310425,
      "tpr_at_fpr_0_01": 0.244,
      "fpr95": 0.552,
      "aupr": 0.8179427611808862
    },
    "layer_19": {
      "n_total": 500,
      "n_valid": 500,
      "n_val_total": 500,
      "n_val_valid": 500,
      "acc": 0.638,
      "f1": 0.48725212464589235,
      "pre": 0.8349514563106796,
      "recall": 0.344,
      "auroc": 0.83968,
      "optimal_threshold": 0.38291776180267334,
      "tpr_at_fpr_0_01": 0.256,
      "fpr95": 0.54,
      "aupr": 0.8276827456901389
    },
    "layer_20": {
      "n_total": 500,
      "n_valid": 500,
      "n_val_total": 500,
      "n_val_valid": 500,
      "acc": 0.648,