{
  "args": {
    "model": "llama_8b",
    "dataset": "multisocial_en",
    "mode": "denoise_layer_split",
    "token_mode": "last_token",
    "prefix": false,
    "smoke_test": false,
    "ood": [
      "multisocial_ar"
    ],
    "pca_components": 100,
    "normalize_scores": true,
    "ablation_set": "human",
    "manifold": true
  },
  "steering_domain": "multisocial_en",
  "eval_domain": "multisocial_ar",
  "n_samples": 500,
  "n_layers": 33,
  "metrics_per_layer": {
    "layer_1": {
      "n_total": 500,
      "n_valid": 500,
      "n_val_total": 500,
      "n_val_valid": 500,
      "acc": 0.636,
      "f1": 0.5560975609756098,
      "pre": 0.7125,
      "recall": 0.456,
      "auroc": 0.747064,
      "optimal_threshold": 0.27877557277679443,
      "tpr_at_fpr_0_01": 0.0,
      "fpr95": 0.796,
      "aupr": 0.739959402111467
    },
    "layer_2": {
      "n_total": 500,
      "n_valid": 500,
      "n_val_total": 500,
      "n_val_valid": 500,
      "acc": 0.642,
      "f1": 0.5788235294117647,
      "pre": 0.7028571428571428,
      "recall": 0.492,
      "auroc": 0.733648,
      "optimal_threshold": 0.37821948528289795,
      "tpr_at_fpr_0_01": 0.168,
      "fpr95": 0.764,
      "aupr": 0.7551343561822107
    },
    "layer_3": {
      "n_total": 500,
      "n_valid": 500,
      "n_val_total": 500,
      "n_val_valid": 500,
      "acc": 0.654,
      "f1": 0.5707196029776674,
      "pre": 0.7516339869281046,
      "recall": 0.46,
      "auroc": 0.803888,
      "optimal_threshold": 0.34028875827789307,
      "tpr_at_fpr_0_01": 0.12,
      "fpr95": 0.564,
      "aupr": 0.7879027451519874
    },
    "layer_4": {
      "n_total": 500,
      "n_valid": 500,
      "n_val_total": 500,
      "n_val_valid": 500,
      "acc": 0.67,
      "f1": 0.6004842615012107,
      "pre": 0.7607361963190185,
      "recall": 0.496,
      "auroc": 0.7978080000000001,
      "optimal_threshold": 0.3440794050693512,
      "tpr_at_fpr_0_01": 0.14,
      "fpr95": 0.564,
      "aupr": 0.7907640610596212
    },
    "layer_5": {
      "n_total": 500,
      "n_valid": 500,
      "n_val_total": 500,
      "n_val_valid": 500,
      "acc": 0.684,
      "f1": 0.6108374384236454,
      "pre": 0.7948717948717948,
      "recall": 0.496,
      "auroc": 0.8128000000000002,
      "optimal_threshold": 0.32899659872055054,
      "tpr_at_fpr_0_01": 0.076,
      "fpr95": 0.564,
      "aupr": 0.7892352322787561
    },
    "layer_6": {
      "n_total": 500,
      "n_valid": 500,
      "n_val_total": 500,
      "n_val_valid": 500,
      "acc": 0.714,
      "f1": 0.6772009029345373,
      "pre": 0.7772020725388601,
      "recall": 0.6,
      "auroc": 0.81256,
      "optimal_threshold": 0.2736331820487976,
      "tpr_at_fpr_0_01": 0.128,
      "fpr95": 0.568,
      "aupr": 0.7969207222300434
    },
    "layer_7": {
      "n_total": 500,
      "n_valid": 500,
      "n_val_total": 500,
      "n_val_valid": 500,
      "acc": 0.672,
      "f1": 0.5920398009950248,
      "pre": 0.7828947368421053,
      "recall": 0.476,
      "auroc": 0.809824,
      "optimal_threshold": 0.3617643713951111,
      "tpr_at_fpr_0_01": 0.144,
      "fpr95": 0.532,
      "aupr": 0.7997029328520633
    },
    "layer_8": {
      "n_total": 500,
      "n_valid": 500,
      "n_val_total": 500,
      "n_val_valid": 500,
      "acc": 0.66,
      "f1": 0.5572916666666666,
      "pre": 0.7985074626865671,
      "recall": 0.428,
      "auroc": 0.790832,
      "optimal_threshold": 0.4875498414039612,
      "tpr_at_fpr_0_01": 0.136,
      "fpr95": 0.756,
      "aupr": 0.7887258836331601
    },
    "layer_9": {
      "n_total": 500,
      "n_valid": 500,
      "n_val_total": 500,
      "n_val_valid": 500,
      "acc": 0.666,
      "f1": 0.5662337662337662,
      "pre": 0.8074074074074075,
      "recall": 0.436,
      "auroc": 0.7647520000000001,
      "optimal_threshold": 0.4709004759788513,
      "tpr_at_fpr_0_01": 0.152,
      "fpr95": 0.852,
      "aupr": 0.7750703064367268
    },
    "layer_10": {
      "n_total": 500,
      "n_valid": 500,
      "n_val_total": 500,
      "n_val_valid": 500,
      "acc": 0.67,
      "f1": 0.5885286783042394,
      "pre": 0.7814569536423841,
      "recall": 0.472,
      "auroc": 0.75536,
      "optimal_threshold": 0.4112909436225891,
      "tpr_at_fpr_0_01": 0.144,
      "fpr95": 0.864,
      "aupr": 0.7686250356517994
    },
    "layer_11": {
      "n_total": 500,
      "n_valid": 500,
      "n_val_total": 500,
      "n_val_valid": 500,
      "acc": 0.662,
      "f1": 0.5677749360613811,
      "pre": 0.7872340425531915,
      "recall": 0.444,
      "auroc": 0.8024319999999999,
      "optimal_threshold": 0.4333357810974121,
      "tpr_at_fpr_0_01": 0.112,
      "fpr95": 0.72,
      "aupr": 0.7938683584206212
    },
    "layer_12": {
      "n_total": 500,
      "n_valid": 500,
      "n_val_total": 500,
      "n_val_valid": 500,
      "acc": 0.66,
      "f1": 0.5641025641025641,
      "pre": 0.7857142857142857,
      "recall": 0.44,
      "auroc": 0.7798240000000001,
      "optimal_threshold": 0.397081196308136,
      "tpr_at_fpr_0_01": 0.104,
      "fpr95": 0.796,
      "aupr": 0.7784468165486178
    },
    "layer_13": {
      "n_total": 500,
      "n_valid": 500,
      "n_val_total": 500,
      "n_val_valid": 500,
      "acc": 0.636,
      "f1": 0.49162011173184356,
      "pre": 0.8148148148148148,
      "recall": 0.352,
      "auroc": 0.716336,
      "optimal_threshold": 0.47446051239967346,
      "tpr_at_fpr_0_01": 0.112,
      "fpr95": 0.828,
      "aupr": 0.742509072400872
    },
    "layer_14": {
      "n_total": 500,
      "n_valid": 500,
      "n_val_total": 500,
      "n_val_valid": 500,
      "acc": 0.65,
      "f1": 0.5257452574525745,
      "pre": 0.8151260504201681,
      "recall": 0.388,
      "auroc": 0.754624,
      "optimal_threshold": 0.43169456720352173,
      "tpr_at_fpr_0_01": 0.12,
      "fpr95": 0.804,
      "aupr": 0.7659569653003256
    },
    "layer_15": {
      "n_total": 500,
      "n_valid": 500,
      "n_val_total": 500,
      "n_val_valid": 500,
      "acc": 0.648,
      "f1": 0.5217391304347826,
      "pre": 0.8135593220338984,
      "recall": 0.384,
      "auroc": 0.8090240000000001,
      "optimal_threshold": 0.4071711301803589,
      "tpr_at_fpr_0_01": 0.164,
      "fpr95": 0.588,
      "aupr": 0.8001886518382183
    },
    "layer_16": {
      "n_total": 500,
      "n_valid": 500,
      "n_val_total": 500,
      "n_val_valid": 500,
      "acc": 0.658,
      "f1": 0.5464190981432361,
      "pre": 0.8110236220472441,
      "recall": 0.412,
      "auroc": 0.8410559999999999,
      "optimal_threshold": 0.3572092056274414,
      "tpr_at_fpr_0_01": 0.2,
      "fpr95": 0.432,
      "aupr": 0.8228651366238156
    },
    "layer_17": {
      "n_total": 500,
      "n_valid": 500,
      "n_val_total": 500,
      "n_val_valid": 500,
      "acc": 0.666,
      "f1": 0.5728900255754475,
      "pre": 0.7943262411347518,
      "recall": 0.448,
      "auroc": 0.806784,
      "optimal_threshold": 0.3148314654827118,
      "tpr_at_fpr_0_01": 0.168,
      "fpr95": 0.684,
      "aupr": 0.8009062389278516
    },
    "layer_18": {
      "n_total": 500,
      "n_valid": 500,
      "n_val_total": 500,
      "n_val_valid": 500,
      "acc": 0.658,
      "f1": 0.5415549597855228,
      "pre": 0.8211382113821138,
      "recall": 0.404,
      "auroc": 0.839648,
      "optimal_threshold": 0.3187333941459656,
      "tpr_at_fpr_0_01": 0.224,
      "fpr95": 0.54,
      "aupr": 0.8256567836140846
    },
    "layer_19": {
      "n_total": 500,
      "n_valid": 500,
      "n_val_total": 500,
      "n_val_valid": 500,
      "acc": 0.644,
      "f1": 0.4971751412429379,
      "pre": 0.8461538461538461,
      "recall": 0.352,
      "auroc": 0.8446239999999999,
      "optimal_threshold": 0.3528013527393341,
      "tpr_at_fpr_0_01": 0.192,
      "fpr95": 0.496,
      "aupr": 0.8317811889207789
    },
    "layer_20": {
      "n_total": 500,
      "n_valid": 500,
      "n_val_total": 500,