{
  "args": {
    "model": "llama_8b",
    "dataset": "multisocial_en",
    "mode": "denoise_layer_split",
    "token_mode": "last_token",
    "prefix": false,
    "smoke_test": false,
    "ood": [
      "multisocial_ar"
    ],
    "pca_components": 100,
    "normalize_scores": true,
    "ablation_set": "human",
    "manifold": true
  },
  "steering_domain": "multisocial_en",
  "eval_domain": "multisocial_en",
  "n_samples": 500,
  "n_layers": 33,
  "metrics_per_layer": {
    "layer_1": {
      "n_total": 500,
      "n_valid": 500,
      "n_val_total": 500,
      "n_val_valid": 500,
      "acc": 0.688,
      "f1": 0.688,
      "pre": 0.688,
      "recall": 0.688,
      "auroc": 0.771304,
      "optimal_threshold": 0.27877557277679443,
      "tpr_at_fpr_0_01": 0.0,
      "fpr95": 0.832,
      "aupr": 0.783730491323463
    },
    "layer_2": {
      "n_total": 500,
      "n_valid": 500,
      "n_val_total": 500,
      "n_val_valid": 500,
      "acc": 0.668,
      "f1": 0.717687074829932,
      "pre": 0.6242603550295858,
      "recall": 0.844,
      "auroc": 0.797424,
      "optimal_threshold": 0.37821948528289795,
      "tpr_at_fpr_0_01": 0.296,
      "fpr95": 0.78,
      "aupr": 0.8308673976785497
    },
    "layer_3": {
      "n_total": 500,
      "n_valid": 500,
      "n_val_total": 500,
      "n_val_valid": 500,
      "acc": 0.726,
      "f1": 0.7419962335216572,
      "pre": 0.701067615658363,
      "recall": 0.788,
      "auroc": 0.802832,
      "optimal_threshold": 0.34028875827789307,
      "tpr_at_fpr_0_01": 0.192,
      "fpr95": 0.748,
      "aupr": 0.8225562562083648
    },
    "layer_4": {
      "n_total": 500,
      "n_valid": 500,
      "n_val_total": 500,
      "n_val_valid": 500,
      "acc": 0.738,
      "f1": 0.7542213883677298,
      "pre": 0.7102473498233216,
      "recall": 0.804,
      "auroc": 0.827648,
      "optimal_threshold": 0.3440794050693512,
      "tpr_at_fpr_0_01": 0.42,
      "fpr95": 0.74,
      "aupr": 0.8565494226434339
    },
    "layer_5": {
      "n_total": 500,
      "n_valid": 500,
      "n_val_total": 500,
      "n_val_valid": 500,
      "acc": 0.744,
      "f1": 0.7566539923954373,
      "pre": 0.7210144927536232,
      "recall": 0.796,
      "auroc": 0.8439360000000001,
      "optimal_threshold": 0.32899659872055054,
      "tpr_at_fpr_0_01": 0.408,
      "fpr95": 0.656,
      "aupr": 0.860759549625925
    },
    "layer_6": {
      "n_total": 500,
      "n_valid": 500,
      "n_val_total": 500,
      "n_val_valid": 500,
      "acc": 0.752,
      "f1": 0.776173285198556,
      "pre": 0.7072368421052632,
      "recall": 0.86,
      "auroc": 0.846912,
      "optimal_threshold": 0.2736331820487976,
      "tpr_at_fpr_0_01": 0.384,
      "fpr95": 0.712,
      "aupr": 0.8676599434488756
    },
    "layer_7": {
      "n_total": 500,
      "n_valid": 500,
      "n_val_total": 500,
      "n_val_valid": 500,
      "acc": 0.774,
      "f1": 0.7779960707269156,
      "pre": 0.7644787644787645,
      "recall": 0.792,
      "auroc": 0.854208,
      "optimal_threshold": 0.3617643713951111,
      "tpr_at_fpr_0_01": 0.4,
      "fpr95": 0.624,
      "aupr": 0.8684939274330128
    },
    "layer_8": {
      "n_total": 500,
      "n_valid": 500,
      "n_val_total": 500,
      "n_val_valid": 500,
      "acc": 0.748,
      "f1": 0.728448275862069,
      "pre": 0.7897196261682243,
      "recall": 0.676,
      "auroc": 0.8579680000000001,
      "optimal_threshold": 0.4875498414039612,
      "tpr_at_fpr_0_01": 0.36,
      "fpr95": 0.712,
      "aupr": 0.8758091676543538
    },
    "layer_9": {
      "n_total": 500,
      "n_valid": 500,
      "n_val_total": 500,
      "n_val_valid": 500,
      "acc": 0.75,
      "f1": 0.7300215982721382,
      "pre": 0.7934272300469484,
      "recall": 0.676,
      "auroc": 0.850544,
      "optimal_threshold": 0.4709004759788513,
      "tpr_at_fpr_0_01": 0.328,
      "fpr95": 0.728,
      "aupr": 0.8679251794069212
    },
    "layer_10": {
      "n_total": 500,
      "n_valid": 500,
      "n_val_total": 500,
      "n_val_valid": 500,
      "acc": 0.776,
      "f1": 0.7723577235772358,
      "pre": 0.7851239669421488,
      "recall": 0.76,
      "auroc": 0.8679679999999999,
      "optimal_threshold": 0.4112909436225891,
      "tpr_at_fpr_0_01": 0.34,
      "fpr95": 0.616,
      "aupr": 0.877860778896387
    },
    "layer_11": {
      "n_total": 500,
      "n_valid": 500,
      "n_val_total": 500,
      "n_val_valid": 500,
      "acc": 0.78,
      "f1": 0.7679324894514767,
      "pre": 0.8125,
      "recall": 0.728,
      "auroc": 0.8785599999999999,
      "optimal_threshold": 0.4333357810974121,
      "tpr_at_fpr_0_01": 0.412,
      "fpr95": 0.576,
      "aupr": 0.8907047844313734
    },
    "layer_12": {
      "n_total": 500,
      "n_valid": 500,
      "n_val_total": 500,
      "n_val_valid": 500,
      "acc": 0.782,
      "f1": 0.7695560253699789,
      "pre": 0.8161434977578476,
      "recall": 0.728,
      "auroc": 0.8721119999999999,
      "optimal_threshold": 0.397081196308136,
      "tpr_at_fpr_0_01": 0.388,
      "fpr95": 0.556,
      "aupr": 0.8850920823760384
    },
    "layer_13": {
      "n_total": 500,
      "n_valid": 500,
      "n_val_total": 500,
      "n_val_valid": 500,
      "acc": 0.766,
      "f1": 0.7259953161592506,
      "pre": 0.8757062146892656,
      "recall": 0.62,
      "auroc": 0.867216,
      "optimal_threshold": 0.47446051239967346,
      "tpr_at_fpr_0_01": 0.344,
      "fpr95": 0.644,
      "aupr": 0.8839933376704069
    },
    "layer_14": {
      "n_total": 500,
      "n_valid": 500,
      "n_val_total": 500,
      "n_val_valid": 500,
      "acc": 0.79,
      "f1": 0.7692307692307693,
      "pre": 0.8536585365853658,
      "recall": 0.7,
      "auroc": 0.8722880000000001,
      "optimal_threshold": 0.43169456720352173,
      "tpr_at_fpr_0_01": 0.376,
      "fpr95": 0.536,
      "aupr": 0.8871464484872116
    },
    "layer_15": {
      "n_total": 500,
      "n_valid": 500,
      "n_val_total": 500,
      "n_val_valid": 500,
      "acc": 0.776,
      "f1": 0.7543859649122807,
      "pre": 0.8349514563106796,
      "recall": 0.688,
      "auroc": 0.8711519999999999,
      "optimal_threshold": 0.4071711301803589,
      "tpr_at_fpr_0_01": 0.336,
      "fpr95": 0.544,
      "aupr": 0.8837663860923375
    },
    "layer_16": {
      "n_total": 500,
      "n_valid": 500,
      "n_val_total": 500,
      "n_val_valid": 500,
      "acc": 0.786,
      "f1": 0.7793814432989691,
      "pre": 0.8042553191489362,
      "recall": 0.756,
      "auroc": 0.8719680000000001,
      "optimal_threshold": 0.3572092056274414,
      "tpr_at_fpr_0_01": 0.324,
      "fpr95": 0.548,
      "aupr": 0.8848845995419301
    },
    "layer_17": {
      "n_total": 500,
      "n_valid": 500,
      "n_val_total": 500,
      "n_val_valid": 500,
      "acc": 0.792,
      "f1": 0.792,
      "pre": 0.792,
      "recall": 0.792,
      "auroc": 0.859952,
      "optimal_threshold": 0.3148314654827118,
      "tpr_at_fpr_0_01": 0.304,
      "fpr95": 0.636,
      "aupr": 0.8742787411865763
    },
    "layer_18": {
      "n_total": 500,
      "n_valid": 500,
      "n_val_total": 500,
      "n_val_valid": 500,
      "acc": 0.794,
      "f1": 0.7893660531697342,
      "pre": 0.8075313807531381,
      "recall": 0.772,
      "auroc": 0.8546560000000001,
      "optimal_threshold": 0.3187333941459656,
      "tpr_at_fpr_0_01": 0.288,
      "fpr95": 0.696,
      "aupr": 0.8699124749076643
    },
    "layer_19": {
      "n_total": 500,
      "n_valid": 500,
      "n_val_total": 500,
      "n_val_valid": 500,
      "acc": 0.774,
      "f1": 0.754880694143167,
      "pre": 0.8246445497630331,
      "recall": 0.696,
      "auroc": 0.8542080000000001,
      "optimal_threshold": 0.3528013527393341,
      "tpr_at_fpr_0_01": 0.324,
      "fpr95": 0.704,
      "aupr": 0.871873371624522
    },
    "layer_20": {
      "n_total": 500,
      "n_valid": 500,
      "n_val_total": 500,
      "n_val_valid": 500,
      "acc": 0.77,