{
  "args": {
    "model": "llama_8b",
    "dataset": "multisocial_en",
    "mode": "denoise_layer_split",
    "token_mode": "last_token",
    "prefix": false,
    "smoke_test": false,
    "ood": [
      "multisocial_ar"
    ],
    "pca_components": 50,
    "normalize_scores": true,
    "ablation_set": "human",
    "manifold": true
  },
  "steering_domain": "multisocial_en",
  "eval_domain": "multisocial_en",
  "n_samples": 500,
  "n_layers": 33,
  "metrics_per_layer": {
    "layer_1": {
      "n_total": 500,
      "n_valid": 500,
      "n_val_total": 500,
      "n_val_valid": 500,
      "acc": 0.692,
      "f1": 0.5815217391304348,
      "pre": 0.9067796610169492,
      "recall": 0.428,
      "auroc": 0.765512,
      "optimal_threshold": 0.7187479734420776,
      "tpr_at_fpr_0_01": 0.0,
      "fpr95": 0.852,
      "aupr": 0.7810051283453584
    },
    "layer_2": {
      "n_total": 500,
      "n_valid": 500,
      "n_val_total": 500,
      "n_val_valid": 500,
      "acc": 0.708,
      "f1": 0.7181467181467182,
      "pre": 0.6940298507462687,
      "recall": 0.744,
      "auroc": 0.7883359999999999,
      "optimal_threshold": 0.42163971066474915,
      "tpr_at_fpr_0_01": 0.324,
      "fpr95": 0.764,
      "aupr": 0.8237858693632851
    },
    "layer_3": {
      "n_total": 500,
      "n_valid": 500,
      "n_val_total": 500,
      "n_val_valid": 500,
      "acc": 0.716,
      "f1": 0.7310606060606061,
      "pre": 0.6942446043165468,
      "recall": 0.772,
      "auroc": 0.794624,
      "optimal_threshold": 0.3537416458129883,
      "tpr_at_fpr_0_01": 0.18,
      "fpr95": 0.748,
      "aupr": 0.813318527134316
    },
    "layer_4": {
      "n_total": 500,
      "n_valid": 500,
      "n_val_total": 500,
      "n_val_valid": 500,
      "acc": 0.742,
      "f1": 0.7570621468926554,
      "pre": 0.7153024911032029,
      "recall": 0.804,
      "auroc": 0.8248959999999999,
      "optimal_threshold": 0.36243677139282227,
      "tpr_at_fpr_0_01": 0.4,
      "fpr95": 0.744,
      "aupr": 0.8564425163225609
    },
    "layer_5": {
      "n_total": 500,
      "n_valid": 500,
      "n_val_total": 500,
      "n_val_valid": 500,
      "acc": 0.74,
      "f1": 0.7389558232931727,
      "pre": 0.7419354838709677,
      "recall": 0.736,
      "auroc": 0.8438240000000001,
      "optimal_threshold": 0.39490166306495667,
      "tpr_at_fpr_0_01": 0.384,
      "fpr95": 0.652,
      "aupr": 0.8593790757561678
    },
    "layer_6": {
      "n_total": 500,
      "n_valid": 500,
      "n_val_total": 500,
      "n_val_valid": 500,
      "acc": 0.766,
      "f1": 0.77882797731569,
      "pre": 0.7383512544802867,
      "recall": 0.824,
      "auroc": 0.8443200000000001,
      "optimal_threshold": 0.31440016627311707,
      "tpr_at_fpr_0_01": 0.348,
      "fpr95": 0.74,
      "aupr": 0.864190607074738
    },
    "layer_7": {
      "n_total": 500,
      "n_valid": 500,
      "n_val_total": 500,
      "n_val_valid": 500,
      "acc": 0.756,
      "f1": 0.6919191919191919,
      "pre": 0.9383561643835616,
      "recall": 0.548,
      "auroc": 0.852816,
      "optimal_threshold": 0.5989027619361877,
      "tpr_at_fpr_0_01": 0.412,
      "fpr95": 0.64,
      "aupr": 0.868895859109472
    },
    "layer_8": {
      "n_total": 500,
      "n_valid": 500,
      "n_val_total": 500,
      "n_val_valid": 500,
      "acc": 0.756,
      "f1": 0.7404255319148936,
      "pre": 0.7909090909090909,
      "recall": 0.696,
      "auroc": 0.854176,
      "optimal_threshold": 0.476227730512619,
      "tpr_at_fpr_0_01": 0.312,
      "fpr95": 0.696,
      "aupr": 0.873384715299188
    },
    "layer_9": {
      "n_total": 500,
      "n_valid": 500,
      "n_val_total": 500,
      "n_val_valid": 500,
      "acc": 0.746,
      "f1": 0.7093821510297483,
      "pre": 0.8288770053475936,
      "recall": 0.62,
      "auroc": 0.8466399999999998,
      "optimal_threshold": 0.5283548831939697,
      "tpr_at_fpr_0_01": 0.324,
      "fpr95": 0.716,
      "aupr": 0.8643382218235414
    },
    "layer_10": {
      "n_total": 500,
      "n_valid": 500,
      "n_val_total": 500,
      "n_val_valid": 500,
      "acc": 0.762,
      "f1": 0.7407407407407407,
      "pre": 0.8133971291866029,
      "recall": 0.68,
      "auroc": 0.868752,
      "optimal_threshold": 0.4623259902000427,
      "tpr_at_fpr_0_01": 0.356,
      "fpr95": 0.568,
      "aupr": 0.8782598135740088
    },
    "layer_11": {
      "n_total": 500,
      "n_valid": 500,
      "n_val_total": 500,
      "n_val_valid": 500,
      "acc": 0.782,
      "f1": 0.7635574837310195,
      "pre": 0.8341232227488151,
      "recall": 0.704,
      "auroc": 0.8806719999999999,
      "optimal_threshold": 0.4412405788898468,
      "tpr_at_fpr_0_01": 0.384,
      "fpr95": 0.508,
      "aupr": 0.891794270590953
    },
    "layer_12": {
      "n_total": 500,
      "n_valid": 500,
      "n_val_total": 500,
      "n_val_valid": 500,
      "acc": 0.776,
      "f1": 0.7575757575757576,
      "pre": 0.8254716981132075,
      "recall": 0.7,
      "auroc": 0.866544,
      "optimal_threshold": 0.3846481740474701,
      "tpr_at_fpr_0_01": 0.348,
      "fpr95": 0.64,
      "aupr": 0.8811155129751239
    },
    "layer_13": {
      "n_total": 500,
      "n_valid": 500,
      "n_val_total": 500,
      "n_val_valid": 500,
      "acc": 0.762,
      "f1": 0.7159904534606205,
      "pre": 0.8875739644970414,
      "recall": 0.6,
      "auroc": 0.864272,
      "optimal_threshold": 0.4769136607646942,
      "tpr_at_fpr_0_01": 0.404,
      "fpr95": 0.608,
      "aupr": 0.8824442283070522
    },
    "layer_14": {
      "n_total": 500,
      "n_valid": 500,
      "n_val_total": 500,
      "n_val_valid": 500,
      "acc": 0.784,
      "f1": 0.7652173913043478,
      "pre": 0.8380952380952381,
      "recall": 0.704,
      "auroc": 0.871008,
      "optimal_threshold": 0.42786720395088196,
      "tpr_at_fpr_0_01": 0.428,
      "fpr95": 0.54,
      "aupr": 0.8860197573373803
    },
    "layer_15": {
      "n_total": 500,
      "n_valid": 500,
      "n_val_total": 500,
      "n_val_valid": 500,
      "acc": 0.776,
      "f1": 0.746606334841629,
      "pre": 0.859375,
      "recall": 0.66,
      "auroc": 0.87168,
      "optimal_threshold": 0.41547656059265137,
      "tpr_at_fpr_0_01": 0.42,
      "fpr95": 0.6,
      "aupr": 0.8838733955638413
    },
    "layer_16": {
      "n_total": 500,
      "n_valid": 500,
      "n_val_total": 500,
      "n_val_valid": 500,
      "acc": 0.786,
      "f1": 0.773784355179704,
      "pre": 0.820627802690583,
      "recall": 0.732,
      "auroc": 0.8744959999999999,
      "optimal_threshold": 0.37396731972694397,
      "tpr_at_fpr_0_01": 0.344,
      "fpr95": 0.536,
      "aupr": 0.8877691515734975
    },
    "layer_17": {
      "n_total": 500,
      "n_valid": 500,
      "n_val_total": 500,
      "n_val_valid": 500,
      "acc": 0.77,
      "f1": 0.7494553376906318,
      "pre": 0.8229665071770335,
      "recall": 0.688,
      "auroc": 0.861312,
      "optimal_threshold": 0.37913838028907776,
      "tpr_at_fpr_0_01": 0.272,
      "fpr95": 0.62,
      "aupr": 0.874218641285673
    },
    "layer_18": {
      "n_total": 500,
      "n_valid": 500,
      "n_val_total": 500,
      "n_val_valid": 500,
      "acc": 0.786,
      "f1": 0.7820773930753564,
      "pre": 0.7966804979253111,
      "recall": 0.768,
      "auroc": 0.8582239999999999,
      "optimal_threshold": 0.31103259325027466,
      "tpr_at_fpr_0_01": 0.284,
      "fpr95": 0.656,
      "aupr": 0.8722104596891532
    },
    "layer_19": {
      "n_total": 500,
      "n_valid": 500,
      "n_val_total": 500,
      "n_val_valid": 500,
      "acc": 0.766,
      "f1": 0.7428571428571429,
      "pre": 0.824390243902439,
      "recall": 0.676,
      "auroc": 0.8570399999999999,
      "optimal_threshold": 0.3688882887363434,
      "tpr_at_fpr_0_01": 0.316,
      "fpr95": 0.684,
      "aupr": 0.8740967834635452
    },
    "layer_20": {
      "n_total": 500,
      "n_valid": 500,
      "n_val_total": 500,