{
  "args": {
    "model": "llama_8b",
    "dataset": "tsm_multi",
    "mode": "ldp",
    "token_mode": "last_token",
    "prefix": false,
    "smoke_test": false,
    "ood": [],
    "pca_components": 500,
    "normalize_scores": true,
    "manifold": true
  },
  "steering_domain": "tsm_multi",
  "eval_domain": "tsm_multi",
  "n_samples": 500,
  "n_layers": 33,
  "metrics_per_layer": {
    "layer_1": {
      "n_total": 500,
      "n_valid": 500,
      "n_val_total": 500,
      "n_val_valid": 500,
      "acc": 0.528,
      "f1": 0.6657223796033994,
      "pre": 0.5153508771929824,
      "recall": 0.94,
      "auroc": 0.523808,
      "optimal_threshold": 0.6164336800575256,
      "tpr_at_fpr_0_01": 0.0,
      "fpr95": 0.888,
      "aupr": 0.5120805508747538
    },
    "layer_2": {
      "n_total": 500,
      "n_valid": 500,
      "n_val_total": 500,
      "n_val_valid": 500,
      "acc": 0.57,
      "f1": 0.5274725274725275,
      "pre": 0.5853658536585366,
      "recall": 0.48,
      "auroc": 0.62476,
      "optimal_threshold": 0.8003724217414856,
      "tpr_at_fpr_0_01": 0.076,
      "fpr95": 0.892,
      "aupr": 0.6453199792770189
    },
    "layer_3": {
      "n_total": 500,
      "n_valid": 500,
      "n_val_total": 500,
      "n_val_valid": 500,
      "acc": 0.596,
      "f1": 0.5550660792951542,
      "pre": 0.6176470588235294,
      "recall": 0.504,
      "auroc": 0.6300640000000001,
      "optimal_threshold": 0.7065178155899048,
      "tpr_at_fpr_0_01": 0.052,
      "fpr95": 0.924,
      "aupr": 0.6329541180191216
    },
    "layer_4": {
      "n_total": 500,
      "n_valid": 500,
      "n_val_total": 500,
      "n_val_valid": 500,
      "acc": 0.644,
      "f1": 0.6096491228070176,
      "pre": 0.6747572815533981,
      "recall": 0.556,
      "auroc": 0.68408,
      "optimal_threshold": 0.7067691683769226,
      "tpr_at_fpr_0_01": 0.06,
      "fpr95": 0.908,
      "aupr": 0.6799209729896523
    },
    "layer_5": {
      "n_total": 500,
      "n_valid": 500,
      "n_val_total": 500,
      "n_val_valid": 500,
      "acc": 0.702,
      "f1": 0.6651685393258427,
      "pre": 0.7589743589743589,
      "recall": 0.592,
      "auroc": 0.75048,
      "optimal_threshold": 0.5774473547935486,
      "tpr_at_fpr_0_01": 0.148,
      "fpr95": 0.864,
      "aupr": 0.7698517289504537
    },
    "layer_6": {
      "n_total": 500,
      "n_valid": 500,
      "n_val_total": 500,
      "n_val_valid": 500,
      "acc": 0.734,
      "f1": 0.7089715536105032,
      "pre": 0.782608695652174,
      "recall": 0.648,
      "auroc": 0.7991680000000001,
      "optimal_threshold": 0.6105994582176208,
      "tpr_at_fpr_0_01": 0.26,
      "fpr95": 0.824,
      "aupr": 0.8208772874969948
    },
    "layer_7": {
      "n_total": 500,
      "n_valid": 500,
      "n_val_total": 500,
      "n_val_valid": 500,
      "acc": 0.744,
      "f1": 0.7288135593220338,
      "pre": 0.7747747747747747,
      "recall": 0.688,
      "auroc": 0.7999040000000001,
      "optimal_threshold": 0.5797278881072998,
      "tpr_at_fpr_0_01": 0.256,
      "fpr95": 0.752,
      "aupr": 0.8246548598590785
    },
    "layer_8": {
      "n_total": 500,
      "n_valid": 500,
      "n_val_total": 500,
      "n_val_valid": 500,
      "acc": 0.732,
      "f1": 0.7172995780590717,
      "pre": 0.7589285714285714,
      "recall": 0.68,
      "auroc": 0.7923840000000001,
      "optimal_threshold": 0.5531127452850342,
      "tpr_at_fpr_0_01": 0.224,
      "fpr95": 0.76,
      "aupr": 0.8115553824038474
    },
    "layer_9": {
      "n_total": 500,
      "n_valid": 500,
      "n_val_total": 500,
      "n_val_valid": 500,
      "acc": 0.716,
      "f1": 0.6965811965811965,
      "pre": 0.7477064220183486,
      "recall": 0.652,
      "auroc": 0.781552,
      "optimal_threshold": 0.53852778673172,
      "tpr_at_fpr_0_01": 0.244,
      "fpr95": 0.816,
      "aupr": 0.8080139097841179
    },
    "layer_10": {
      "n_total": 500,
      "n_valid": 500,
      "n_val_total": 500,
      "n_val_valid": 500,
      "acc": 0.73,
      "f1": 0.7121535181236673,
      "pre": 0.7625570776255708,
      "recall": 0.668,
      "auroc": 0.7856479999999999,
      "optimal_threshold": 0.5534834861755371,
      "tpr_at_fpr_0_01": 0.28,
      "fpr95": 0.8,
      "aupr": 0.8142642819317272
    },
    "layer_11": {
      "n_total": 500,
      "n_valid": 500,
      "n_val_total": 500,
      "n_val_valid": 500,
      "acc": 0.748,
      "f1": 0.7364016736401674,
      "pre": 0.7719298245614035,
      "recall": 0.704,
      "auroc": 0.8222719999999999,
      "optimal_threshold": 0.4912033677101135,
      "tpr_at_fpr_0_01": 0.376,
      "fpr95": 0.744,
      "aupr": 0.8535562050344125
    },
    "layer_12": {
      "n_total": 500,
      "n_valid": 500,
      "n_val_total": 500,
      "n_val_valid": 500,
      "acc": 0.77,
      "f1": 0.7472527472527473,
      "pre": 0.8292682926829268,
      "recall": 0.68,
      "auroc": 0.8255520000000001,
      "optimal_threshold": 0.49338674545288086,
      "tpr_at_fpr_0_01": 0.344,
      "fpr95": 0.76,
      "aupr": 0.856532429269279
    },
    "layer_13": {
      "n_total": 500,
      "n_valid": 500,
      "n_val_total": 500,
      "n_val_valid": 500,
      "acc": 0.73,
      "f1": 0.6938775510204082,
      "pre": 0.8010471204188482,
      "recall": 0.612,
      "auroc": 0.8249600000000001,
      "optimal_threshold": 0.5097616910934448,
      "tpr_at_fpr_0_01": 0.372,
      "fpr95": 0.772,
      "aupr": 0.8546345901857422
    },
    "layer_14": {
      "n_total": 500,
      "n_valid": 500,
      "n_val_total": 500,
      "n_val_valid": 500,
      "acc": 0.744,
      "f1": 0.6981132075471698,
      "pre": 0.8505747126436781,
      "recall": 0.592,
      "auroc": 0.8153759999999999,
      "optimal_threshold": 0.46643680334091187,
      "tpr_at_fpr_0_01": 0.408,
      "fpr95": 0.852,
      "aupr": 0.8501672438500419
    },
    "layer_15": {
      "n_total": 500,
      "n_valid": 500,
      "n_val_total": 500,
      "n_val_valid": 500,
      "acc": 0.756,
      "f1": 0.7347826086956522,
      "pre": 0.8047619047619048,
      "recall": 0.676,
      "auroc": 0.8209280000000001,
      "optimal_threshold": 0.42957228422164917,
      "tpr_at_fpr_0_01": 0.384,
      "fpr95": 0.832,
      "aupr": 0.8577984778508613
    },
    "layer_16": {
      "n_total": 500,
      "n_valid": 500,
      "n_val_total": 500,
      "n_val_valid": 500,
      "acc": 0.75,
      "f1": 0.7113163972286374,
      "pre": 0.8415300546448088,
      "recall": 0.616,
      "auroc": 0.8153600000000001,
      "optimal_threshold": 0.4669273793697357,
      "tpr_at_fpr_0_01": 0.384,
      "fpr95": 0.828,
      "aupr": 0.8513645362423039
    },
    "layer_17": {
      "n_total": 500,
      "n_valid": 500,
      "n_val_total": 500,
      "n_val_valid": 500,
      "acc": 0.758,
      "f1": 0.711217183770883,
      "pre": 0.8816568047337278,
      "recall": 0.596,
      "auroc": 0.827904,
      "optimal_threshold": 0.47720444202423096,
      "tpr_at_fpr_0_01": 0.48,
      "fpr95": 0.74,
      "aupr": 0.8630333654915889
    },
    "layer_18": {
      "n_total": 500,
      "n_valid": 500,
      "n_val_total": 500,
      "n_val_valid": 500,
      "acc": 0.774,
      "f1": 0.7328605200945626,
      "pre": 0.8959537572254336,
      "recall": 0.62,
      "auroc": 0.830064,
      "optimal_threshold": 0.47307488322257996,
      "tpr_at_fpr_0_01": 0.44,
      "fpr95": 0.784,
      "aupr": 0.8654099865388782
    },
    "layer_19": {
      "n_total": 500,
      "n_valid": 500,
      "n_val_total": 500,
      "n_val_valid": 500,
      "acc": 0.766,
      "f1": 0.7167070217917676,
      "pre": 0.9079754601226994,
      "recall": 0.592,
      "auroc": 0.839776,
      "optimal_threshold": 0.46712782979011536,
      "tpr_at_fpr_0_01": 0.52,
      "fpr95": 0.724,
      "aupr": 0.8742777872697702
    },
    "layer_20": {
      "n_total": 500,
      "n_valid": 500,
      "n_val_total": 500,
      "n_val_valid": 500,
      "acc": 0.746,