{
  "args": {
    "model": "llama_8b",
    "dataset": "tsm_paras_en_first_deepseek",
    "mode": "last_token",
    "centering": false,
    "prefix": false,
    "smoke_test": false,
    "ood": false,
    "ood_set": "",
    "manifold": true,
    "pca_components": 3
  },
  "steering_domain": "tsm_paras_en_first_deepseek",
  "eval_domain": "tsm_paras_en_first_deepseek",
  "n_samples": 498,
  "n_layers": 33,
  "metrics_per_layer": {
    "layer_1": {
      "n_total": 498,
      "n_valid": 498,
      "acc": 0.6004016064257028,
      "f1": 0.33444816053511706,
      "pre": 1.0,
      "recall": 0.20080321285140562,
      "auroc": 0.6126352800761278,
      "optimal_threshold": 0.05033731460571289,
      "tpr_at_fpr_0_01": 0.20080321285140562,
      "fpr95": 0.9357429718875502,
      "aupr": 0.6221911612532464
    },
    "layer_2": {
      "n_total": 498,
      "n_valid": 498,
      "acc": 0.5983935742971888,
      "f1": 0.3288590604026846,
      "pre": 1.0,
      "recall": 0.19678714859437751,
      "auroc": 0.6116514249770165,
      "optimal_threshold": 0.13019311428070068,
      "tpr_at_fpr_0_01": 0.20080321285140562,
      "fpr95": 0.8955823293172691,
      "aupr": 0.6677570616029476
    },
    "layer_3": {
      "n_total": 498,
      "n_valid": 498,
      "acc": 0.5983935742971888,
      "f1": 0.3288590604026846,
      "pre": 1.0,
      "recall": 0.19678714859437751,
      "auroc": 0.5924743149304044,
      "optimal_threshold": 0.135542631149292,
      "tpr_at_fpr_0_01": 0.19678714859437751,
      "fpr95": 0.8674698795180723,
      "aupr": 0.6517056729871269
    },
    "layer_4": {
      "n_total": 498,
      "n_valid": 498,
      "acc": 0.5983935742971888,
      "f1": 0.3333333333333333,
      "pre": 0.9803921568627451,
      "recall": 0.20080321285140562,
      "auroc": 0.5621844808954695,
      "optimal_threshold": 0.011385496705770493,
      "tpr_at_fpr_0_01": 0.20080321285140562,
      "fpr95": 0.9437751004016064,
      "aupr": 0.6379117149299744
    },
    "layer_5": {
      "n_total": 498,
      "n_valid": 498,
      "acc": 0.6847389558232931,
      "f1": 0.6623655913978495,
      "pre": 0.7129629629629629,
      "recall": 0.6184738955823293,
      "auroc": 0.7121981903517685,
      "optimal_threshold": -0.43903955817222595,
      "tpr_at_fpr_0_01": 0.19678714859437751,
      "fpr95": 0.9036144578313253,
      "aupr": 0.7442493721814638
    },
    "layer_6": {
      "n_total": 498,
      "n_valid": 498,
      "acc": 0.7771084337349398,
      "f1": 0.7549668874172185,
      "pre": 0.8382352941176471,
      "recall": 0.6867469879518072,
      "auroc": 0.8386800212899792,
      "optimal_threshold": -0.0742783322930336,
      "tpr_at_fpr_0_01": 0.42971887550200805,
      "fpr95": 0.7710843373493976,
      "aupr": 0.8725845360151552
    },
    "layer_7": {
      "n_total": 498,
      "n_valid": 498,
      "acc": 0.8192771084337349,
      "f1": 0.7906976744186046,
      "pre": 0.9392265193370166,
      "recall": 0.6827309236947792,
      "auroc": 0.8761471589167917,
      "optimal_threshold": 0.24373067915439606,
      "tpr_at_fpr_0_01": 0.5983935742971888,
      "fpr95": 0.7108433734939759,
      "aupr": 0.9080448268639536
    },
    "layer_8": {
      "n_total": 498,
      "n_valid": 498,
      "acc": 0.8112449799196787,
      "f1": 0.7740384615384616,
      "pre": 0.9640718562874252,
      "recall": 0.6465863453815262,
      "auroc": 0.87214722343188,
      "optimal_threshold": 0.2042301744222641,
      "tpr_at_fpr_0_01": 0.5823293172690763,
      "fpr95": 0.8032128514056225,
      "aupr": 0.9061197752119787
    },
    "layer_9": {
      "n_total": 498,
      "n_valid": 498,
      "acc": 0.8172690763052208,
      "f1": 0.7945823927765236,
      "pre": 0.9072164948453608,
      "recall": 0.7068273092369478,
      "auroc": 0.8887759874840728,
      "optimal_threshold": 0.1746617704629898,
      "tpr_at_fpr_0_01": 0.6024096385542169,
      "fpr95": 0.5943775100401606,
      "aupr": 0.9145832494223647
    },
    "layer_10": {
      "n_total": 498,
      "n_valid": 498,
      "acc": 0.8273092369477911,
      "f1": 0.8097345132743363,
      "pre": 0.9014778325123153,
      "recall": 0.7349397590361446,
      "auroc": 0.8884372832696247,
      "optimal_threshold": 0.2645858824253082,
      "tpr_at_fpr_0_01": 0.5783132530120482,
      "fpr95": 0.5903614457831325,
      "aupr": 0.9143023897742263
    },
    "layer_11": {
      "n_total": 498,
      "n_valid": 498,
      "acc": 0.8955823293172691,
      "f1": 0.8898305084745762,
      "pre": 0.9417040358744395,
      "recall": 0.8433734939759037,
      "auroc": 0.9514685247012145,
      "optimal_threshold": 0.38878315687179565,
      "tpr_at_fpr_0_01": 0.751004016064257,
      "fpr95": 0.3132530120481928,
      "aupr": 0.9609894525748525
    },
    "layer_12": {
      "n_total": 498,
      "n_valid": 498,
      "acc": 0.8714859437751004,
      "f1": 0.8571428571428571,
      "pre": 0.964824120603015,
      "recall": 0.7710843373493976,
      "auroc": 0.9417428751149175,
      "optimal_threshold": 0.6764797568321228,
      "tpr_at_fpr_0_01": 0.6506024096385542,
      "fpr95": 0.37751004016064255,
      "aupr": 0.9511802184721377
    },
    "layer_13": {
      "n_total": 498,
      "n_valid": 498,
      "acc": 0.8714859437751004,
      "f1": 0.8608695652173913,
      "pre": 0.9383886255924171,
      "recall": 0.7951807228915663,
      "auroc": 0.9299527426976983,
      "optimal_threshold": 0.45074260234832764,
      "tpr_at_fpr_0_01": 0.6184738955823293,
      "fpr95": 0.43373493975903615,
      "aupr": 0.9431680370814437
    },
    "layer_14": {
      "n_total": 498,
      "n_valid": 498,
      "acc": 0.8554216867469879,
      "f1": 0.847457627118644,
      "pre": 0.8968609865470852,
      "recall": 0.8032128514056225,
      "auroc": 0.9230173706875695,
      "optimal_threshold": 0.2818780839443207,
      "tpr_at_fpr_0_01": 0.606425702811245,
      "fpr95": 0.4819277108433735,
      "aupr": 0.9371661138552503
    },
    "layer_15": {
      "n_total": 498,
      "n_valid": 498,
      "acc": 0.8594377510040161,
      "f1": 0.8504273504273504,
      "pre": 0.908675799086758,
      "recall": 0.7991967871485943,
      "auroc": 0.92174319769036,
      "optimal_threshold": 0.5105405449867249,
      "tpr_at_fpr_0_01": 0.6385542168674698,
      "fpr95": 0.4979919678714859,
      "aupr": 0.9376737675696645
    },
    "layer_16": {
      "n_total": 498,
      "n_valid": 498,
      "acc": 0.8514056224899599,
      "f1": 0.8425531914893617,
      "pre": 0.8959276018099548,
      "recall": 0.7951807228915663,
      "auroc": 0.9097595200077419,
      "optimal_threshold": 0.7798200845718384,
      "tpr_at_fpr_0_01": 0.6224899598393574,
      "fpr95": 0.5301204819277109,
      "aupr": 0.9292599468351294
    },
    "layer_17": {
      "n_total": 498,
      "n_valid": 498,
      "acc": 0.8634538152610441,
      "f1": 0.8559322033898306,
      "pre": 0.905829596412556,
      "recall": 0.8112449799196787,
      "auroc": 0.9174529443073499,
      "optimal_threshold": 0.9526510834693909,
      "tpr_at_fpr_0_01": 0.6305220883534136,
      "fpr95": 0.5140562248995983,
      "aupr": 0.9376224326881423
    },
    "layer_18": {
      "n_total": 498,
      "n_valid": 498,
      "acc": 0.8473895582329317,
      "f1": 0.8272727272727273,
      "pre": 0.9528795811518325,
      "recall": 0.7309236947791165,
      "auroc": 0.9033563974774601,
      "optimal_threshold": 1.8818891048431396,
      "tpr_at_fpr_0_01": 0.6104417670682731,
      "fpr95": 0.5783132530120482,
      "aupr": 0.9271093866460909
    },
    "layer_19": {
      "n_total": 498,
      "n_valid": 498,
      "acc": 0.8714859437751004,
      "f1": 0.8596491228070176,
      "pre": 0.9468599033816425,
      "recall": 0.7871485943775101,
      "auroc": 0.9211141755778132,
      "optimal_threshold": 1.6364070177078247,
      "tpr_at_fpr_0_01": 0.6506024096385542,
      "fpr95": 0.5180722891566265,
      "aupr": 0.9409984599289516
    },
    "layer_20": {
      "n_total": 498,