{
  "args": {
    "model": "llama_8b",
    "dataset": "tsm_paras_en_first_deepseek",
    "mode": "last_token",
    "centering": false,
    "prefix": false,
    "smoke_test": false,
    "ood": false,
    "ood_set": "",
    "manifold": true,
    "pca_components": 7
  },
  "steering_domain": "tsm_paras_en_first_deepseek",
  "eval_domain": "tsm_paras_en_first_deepseek",
  "n_samples": 498,
  "n_layers": 33,
  "metrics_per_layer": {
    "layer_1": {
      "n_total": 498,
      "n_valid": 498,
      "acc": 0.6004016064257028,
      "f1": 0.33444816053511706,
      "pre": 1.0,
      "recall": 0.20080321285140562,
      "auroc": 0.6132643021886743,
      "optimal_threshold": 0.07992486655712128,
      "tpr_at_fpr_0_01": 0.20481927710843373,
      "fpr95": 0.9357429718875502,
      "aupr": 0.6233718651581004
    },
    "layer_2": {
      "n_total": 498,
      "n_valid": 498,
      "acc": 0.6485943775100401,
      "f1": 0.6588693957115009,
      "pre": 0.6401515151515151,
      "recall": 0.678714859437751,
      "auroc": 0.6859728068902116,
      "optimal_threshold": -0.11740055680274963,
      "tpr_at_fpr_0_01": 0.20080321285140562,
      "fpr95": 0.9397590361445783,
      "aupr": 0.7152869718950545
    },
    "layer_3": {
      "n_total": 498,
      "n_valid": 498,
      "acc": 0.6485943775100401,
      "f1": 0.6601941747572816,
      "pre": 0.6390977443609023,
      "recall": 0.6827309236947792,
      "auroc": 0.6914404606377317,
      "optimal_threshold": -0.23412489891052246,
      "tpr_at_fpr_0_01": 0.1927710843373494,
      "fpr95": 0.9036144578313253,
      "aupr": 0.7192806236733525
    },
    "layer_4": {
      "n_total": 498,
      "n_valid": 498,
      "acc": 0.6807228915662651,
      "f1": 0.6580645161290323,
      "pre": 0.7083333333333334,
      "recall": 0.6144578313253012,
      "auroc": 0.71073047208916,
      "optimal_threshold": -0.27895867824554443,
      "tpr_at_fpr_0_01": 0.20481927710843373,
      "fpr95": 0.9156626506024096,
      "aupr": 0.7435185062189004
    },
    "layer_5": {
      "n_total": 498,
      "n_valid": 498,
      "acc": 0.8253012048192772,
      "f1": 0.8036117381489842,
      "pre": 0.9175257731958762,
      "recall": 0.714859437751004,
      "auroc": 0.8715343300914502,
      "optimal_threshold": -0.10005047172307968,
      "tpr_at_fpr_0_01": 0.41767068273092367,
      "fpr95": 0.678714859437751,
      "aupr": 0.8994421201071924
    },
    "layer_6": {
      "n_total": 498,
      "n_valid": 498,
      "acc": 0.8614457831325302,
      "f1": 0.8559498956158664,
      "pre": 0.8913043478260869,
      "recall": 0.8232931726907631,
      "auroc": 0.9323720585151852,
      "optimal_threshold": 0.003991872072219849,
      "tpr_at_fpr_0_01": 0.6546184738955824,
      "fpr95": 0.39357429718875503,
      "aupr": 0.9456564595783573
    },
    "layer_7": {
      "n_total": 498,
      "n_valid": 498,
      "acc": 0.8594377510040161,
      "f1": 0.8471615720524017,
      "pre": 0.9282296650717703,
      "recall": 0.7791164658634538,
      "auroc": 0.9325494750084676,
      "optimal_threshold": 0.22548943758010864,
      "tpr_at_fpr_0_01": 0.6586345381526104,
      "fpr95": 0.37751004016064255,
      "aupr": 0.9465877136735396
    },
    "layer_8": {
      "n_total": 498,
      "n_valid": 498,
      "acc": 0.8534136546184738,
      "f1": 0.8423326133909287,
      "pre": 0.9112149532710281,
      "recall": 0.7831325301204819,
      "auroc": 0.9305495072660118,
      "optimal_threshold": 0.14865849912166595,
      "tpr_at_fpr_0_01": 0.6907630522088354,
      "fpr95": 0.3373493975903614,
      "aupr": 0.9442975534329998
    },
    "layer_9": {
      "n_total": 498,
      "n_valid": 498,
      "acc": 0.821285140562249,
      "f1": 0.7935034802784223,
      "pre": 0.9395604395604396,
      "recall": 0.6867469879518072,
      "auroc": 0.9032596248447606,
      "optimal_threshold": 0.14621689915657043,
      "tpr_at_fpr_0_01": 0.6305220883534136,
      "fpr95": 0.5180722891566265,
      "aupr": 0.9233973046123837
    },
    "layer_10": {
      "n_total": 498,
      "n_valid": 498,
      "acc": 0.8273092369477911,
      "f1": 0.8138528138528138,
      "pre": 0.8826291079812206,
      "recall": 0.7550200803212851,
      "auroc": 0.9040338059063564,
      "optimal_threshold": 0.22601571679115295,
      "tpr_at_fpr_0_01": 0.6144578313253012,
      "fpr95": 0.4578313253012048,
      "aupr": 0.9239425067813792
    },
    "layer_11": {
      "n_total": 498,
      "n_valid": 498,
      "acc": 0.8995983935742972,
      "f1": 0.895397489539749,
      "pre": 0.9344978165938864,
      "recall": 0.8594377510040161,
      "auroc": 0.9589200174190738,
      "optimal_threshold": 0.31804269552230835,
      "tpr_at_fpr_0_01": 0.7309236947791165,
      "fpr95": 0.24497991967871485,
      "aupr": 0.9662769540575654
    },
    "layer_12": {
      "n_total": 498,
      "n_valid": 498,
      "acc": 0.8835341365461847,
      "f1": 0.8755364806866953,
      "pre": 0.9400921658986175,
      "recall": 0.8192771084337349,
      "auroc": 0.9459202270931115,
      "optimal_threshold": 0.49336016178131104,
      "tpr_at_fpr_0_01": 0.6305220883534136,
      "fpr95": 0.3092369477911647,
      "aupr": 0.9544089299086647
    },
    "layer_13": {
      "n_total": 498,
      "n_valid": 498,
      "acc": 0.8755020080321285,
      "f1": 0.8640350877192983,
      "pre": 0.9516908212560387,
      "recall": 0.7911646586345381,
      "auroc": 0.9357429718875502,
      "optimal_threshold": 0.47390809655189514,
      "tpr_at_fpr_0_01": 0.6184738955823293,
      "fpr95": 0.36947791164658633,
      "aupr": 0.9472871183952569
    },
    "layer_14": {
      "n_total": 498,
      "n_valid": 498,
      "acc": 0.8654618473895582,
      "f1": 0.860125260960334,
      "pre": 0.8956521739130435,
      "recall": 0.8273092369477911,
      "auroc": 0.9318881953516879,
      "optimal_threshold": 0.04916192591190338,
      "tpr_at_fpr_0_01": 0.6184738955823293,
      "fpr95": 0.37751004016064255,
      "aupr": 0.9440082435600207
    },
    "layer_15": {
      "n_total": 498,
      "n_valid": 498,
      "acc": 0.8614457831325302,
      "f1": 0.8509719222462203,
      "pre": 0.9205607476635514,
      "recall": 0.7911646586345381,
      "auroc": 0.9309849841131594,
      "optimal_threshold": 0.47621509432792664,
      "tpr_at_fpr_0_01": 0.642570281124498,
      "fpr95": 0.39357429718875503,
      "aupr": 0.9438524431316839
    },
    "layer_16": {
      "n_total": 498,
      "n_valid": 498,
      "acc": 0.857429718875502,
      "f1": 0.843956043956044,
      "pre": 0.9320388349514563,
      "recall": 0.7710843373493976,
      "auroc": 0.923952839470331,
      "optimal_threshold": 0.8894205093383789,
      "tpr_at_fpr_0_01": 0.6345381526104418,
      "fpr95": 0.4578313253012048,
      "aupr": 0.9385704473081925
    },
    "layer_17": {
      "n_total": 498,
      "n_valid": 498,
      "acc": 0.8835341365461847,
      "f1": 0.8728070175438597,
      "pre": 0.961352657004831,
      "recall": 0.7991967871485943,
      "auroc": 0.9429202754794278,
      "optimal_threshold": 0.7843105792999268,
      "tpr_at_fpr_0_01": 0.6666666666666666,
      "fpr95": 0.3493975903614458,
      "aupr": 0.9549167642143847
    },
    "layer_18": {
      "n_total": 498,
      "n_valid": 498,
      "acc": 0.8815261044176707,
      "f1": 0.8725701943844493,
      "pre": 0.9439252336448598,
      "recall": 0.8112449799196787,
      "auroc": 0.9345817002951566,
      "optimal_threshold": 1.1054255962371826,
      "tpr_at_fpr_0_01": 0.6746987951807228,
      "fpr95": 0.3895582329317269,
      "aupr": 0.9492304964677021
    },
    "layer_19": {
      "n_total": 498,
      "n_valid": 498,
      "acc": 0.893574297188755,
      "f1": 0.8845315904139434,
      "pre": 0.9666666666666667,
      "recall": 0.8152610441767069,
      "auroc": 0.9490814664279609,
      "optimal_threshold": 0.9863132834434509,
      "tpr_at_fpr_0_01": 0.6987951807228916,
      "fpr95": 0.3333333333333333,
      "aupr": 0.9599751625360575
    },