{
  "args": {
    "model": "llama_8b",
    "dataset": "tsm_sums_en_deepseek",
    "mode": "last_token",
    "centering": false,
    "prefix": false,
    "smoke_test": false,
    "ood": false,
    "ood_set": "",
    "manifold": false,
    "pca_components": 0
  },
  "steering_domain": "tsm_sums_en_deepseek",
  "eval_domain": "tsm_sums_en_deepseek",
  "n_samples": 500,
  "n_layers": 33,
  "metrics_per_layer": {
    "layer_1": {
      "n_total": 500,
      "n_valid": 500,
      "acc": 0.528,
      "f1": 0.6713091922005571,
      "pre": 0.5149572649572649,
      "recall": 0.964,
      "auroc": 0.5445359999999999,
      "optimal_threshold": 0.002006918890401721,
      "tpr_at_fpr_0_01": 0.036,
      "fpr95": 0.908,
      "aupr": 0.5321762502884316
    },
    "layer_2": {
      "n_total": 500,
      "n_valid": 500,
      "acc": 0.714,
      "f1": 0.6829268292682927,
      "pre": 0.7661691542288557,
      "recall": 0.616,
      "auroc": 0.7839039999999999,
      "optimal_threshold": -0.036212000995874405,
      "tpr_at_fpr_0_01": 0.148,
      "fpr95": 0.752,
      "aupr": 0.8032470859862563
    },
    "layer_3": {
      "n_total": 500,
      "n_valid": 500,
      "acc": 0.722,
      "f1": 0.7073684210526315,
      "pre": 0.7466666666666667,
      "recall": 0.672,
      "auroc": 0.7741119999999999,
      "optimal_threshold": 0.02114596590399742,
      "tpr_at_fpr_0_01": 0.188,
      "fpr95": 0.82,
      "aupr": 0.7988760235571772
    },
    "layer_4": {
      "n_total": 500,
      "n_valid": 500,
      "acc": 0.75,
      "f1": 0.6928746928746928,
      "pre": 0.8980891719745223,
      "recall": 0.564,
      "auroc": 0.7872160000000001,
      "optimal_threshold": 0.29208189249038696,
      "tpr_at_fpr_0_01": 0.22,
      "fpr95": 0.804,
      "aupr": 0.8268731998854557
    },
    "layer_5": {
      "n_total": 500,
      "n_valid": 500,
      "acc": 0.806,
      "f1": 0.7790432801822323,
      "pre": 0.9047619047619048,
      "recall": 0.684,
      "auroc": 0.848608,
      "optimal_threshold": 0.3703668713569641,
      "tpr_at_fpr_0_01": 0.428,
      "fpr95": 0.752,
      "aupr": 0.8825852013436941
    },
    "layer_6": {
      "n_total": 500,
      "n_valid": 500,
      "acc": 0.84,
      "f1": 0.8333333333333334,
      "pre": 0.8695652173913043,
      "recall": 0.8,
      "auroc": 0.884064,
      "optimal_threshold": 0.5375095009803772,
      "tpr_at_fpr_0_01": 0.48,
      "fpr95": 0.712,
      "aupr": 0.9105968154101654
    },
    "layer_7": {
      "n_total": 500,
      "n_valid": 500,
      "acc": 0.82,
      "f1": 0.8132780082987552,
      "pre": 0.8448275862068966,
      "recall": 0.784,
      "auroc": 0.8722399999999999,
      "optimal_threshold": 0.7313475608825684,
      "tpr_at_fpr_0_01": 0.412,
      "fpr95": 0.692,
      "aupr": 0.8986376656833516
    },
    "layer_8": {
      "n_total": 500,
      "n_valid": 500,
      "acc": 0.826,
      "f1": 0.8256513026052105,
      "pre": 0.8273092369477911,
      "recall": 0.824,
      "auroc": 0.880496,
      "optimal_threshold": 0.6013668775558472,
      "tpr_at_fpr_0_01": 0.456,
      "fpr95": 0.668,
      "aupr": 0.9037236793968764
    },
    "layer_9": {
      "n_total": 500,
      "n_valid": 500,
      "acc": 0.822,
      "f1": 0.8126315789473684,
      "pre": 0.8577777777777778,
      "recall": 0.772,
      "auroc": 0.8829279999999999,
      "optimal_threshold": 0.790378212928772,
      "tpr_at_fpr_0_01": 0.488,
      "fpr95": 0.648,
      "aupr": 0.9037144536685369
    },
    "layer_10": {
      "n_total": 500,
      "n_valid": 500,
      "acc": 0.836,
      "f1": 0.836,
      "pre": 0.836,
      "recall": 0.836,
      "auroc": 0.903856,
      "optimal_threshold": 0.6206916570663452,
      "tpr_at_fpr_0_01": 0.492,
      "fpr95": 0.516,
      "aupr": 0.9194846527076592
    },
    "layer_11": {
      "n_total": 500,
      "n_valid": 500,
      "acc": 0.886,
      "f1": 0.8805031446540881,
      "pre": 0.9251101321585903,
      "recall": 0.84,
      "auroc": 0.943312,
      "optimal_threshold": 0.8002917766571045,
      "tpr_at_fpr_0_01": 0.656,
      "fpr95": 0.34,
      "aupr": 0.9541754131837472
    },
    "layer_12": {
      "n_total": 500,
      "n_valid": 500,
      "acc": 0.88,
      "f1": 0.871244635193133,
      "pre": 0.9398148148148148,
      "recall": 0.812,
      "auroc": 0.9399679999999999,
      "optimal_threshold": 1.0287413597106934,
      "tpr_at_fpr_0_01": 0.692,
      "fpr95": 0.364,
      "aupr": 0.951823656293738
    },
    "layer_13": {
      "n_total": 500,
      "n_valid": 500,
      "acc": 0.856,
      "f1": 0.8421052631578947,
      "pre": 0.9320388349514563,
      "recall": 0.768,
      "auroc": 0.930256,
      "optimal_threshold": 1.1733365058898926,
      "tpr_at_fpr_0_01": 0.648,
      "fpr95": 0.4,
      "aupr": 0.9428805629761563
    },
    "layer_14": {
      "n_total": 500,
      "n_valid": 500,
      "acc": 0.862,
      "f1": 0.8606060606060606,
      "pre": 0.8693877551020408,
      "recall": 0.852,
      "auroc": 0.9308799999999999,
      "optimal_threshold": 0.9335213899612427,
      "tpr_at_fpr_0_01": 0.636,
      "fpr95": 0.408,
      "aupr": 0.9432750199125736
    },
    "layer_15": {
      "n_total": 500,
      "n_valid": 500,
      "acc": 0.868,
      "f1": 0.8625,
      "pre": 0.9,
      "recall": 0.828,
      "auroc": 0.93752,
      "optimal_threshold": 1.1400182247161865,
      "tpr_at_fpr_0_01": 0.652,
      "fpr95": 0.392,
      "aupr": 0.9476849820935115
    },
    "layer_16": {
      "n_total": 500,
      "n_valid": 500,
      "acc": 0.864,
      "f1": 0.8495575221238938,
      "pre": 0.9504950495049505,
      "recall": 0.768,
      "auroc": 0.931488,
      "optimal_threshold": 1.6030223369598389,
      "tpr_at_fpr_0_01": 0.604,
      "fpr95": 0.444,
      "aupr": 0.9435898807900186
    },
    "layer_17": {
      "n_total": 500,
      "n_valid": 500,
      "acc": 0.872,
      "f1": 0.8688524590163934,
      "pre": 0.8907563025210085,
      "recall": 0.848,
      "auroc": 0.9344320000000002,
      "optimal_threshold": 1.3261682987213135,
      "tpr_at_fpr_0_01": 0.676,
      "fpr95": 0.436,
      "aupr": 0.9483878093374898
    },
    "layer_18": {
      "n_total": 500,
      "n_valid": 500,
      "acc": 0.872,
      "f1": 0.8693877551020408,
      "pre": 0.8875,
      "recall": 0.852,
      "auroc": 0.933632,
      "optimal_threshold": 1.7870759963989258,
      "tpr_at_fpr_0_01": 0.684,
      "fpr95": 0.448,
      "aupr": 0.9476873445904592
    },
    "layer_19": {
      "n_total": 500,
      "n_valid": 500,
      "acc": 0.878,
      "f1": 0.8737060041407867,
      "pre": 0.9055793991416309,
      "recall": 0.844,
      "auroc": 0.935696,
      "optimal_threshold": 1.6058540344238281,
      "tpr_at_fpr_0_01": 0.68,
      "fpr95": 0.432,
      "aupr": 0.9494038287814605
    },
    "layer_20": {
      "n_total": 500,
      "n_valid": 500,
      "acc": 0.872,
      "f1": 0.8661087866108786,
      "pre": 0.9078947368421053,
      "recall": 0.828,
      "auroc": 0.927696,
      "optimal_threshold": 2.421302080154419,
      "tpr_at_fpr_0_01": 0.636,
      "fpr95": 0.484,
      "aupr": 0.9442677210932404
    },
    "layer_21": {
      "n_total": 500,
      "n_valid": 500,
      "acc": 0.88,
      "f1": 0.875,
      "pre": 0.9130434782608695,
      "recall": 0.84,
      "auroc": 0.933648,
      "optimal_threshold": 2.427393674850464,
      "tpr_at_fpr_0_01": 0.656,
      "fpr95": 0.448,
      "aupr": 0.9486089938619654
    },
    "layer_22": {
      "n_total": 500,
      "n_valid": 500,
      "acc": 0.882,
      "f1": 0.8783505154639175,
      "pre": 0.9063829787234042,
      "recall": 0.852,
      "auroc": 0.9350880000000001,
      "optimal_threshold": 2.3306710720062256,
      "tpr_at_fpr_0_01": 0.644,
      "fpr95": 0.428,
      "aupr": 0.9490370337548133
    },
    "layer_23": {
      "n_total": 500,
      "n_valid": 500,
      "acc": 0.874,
      "f1": 0.8701030927835052,
      "pre": 0.8978723404255319,
      "recall": 0.844,
      "auroc": 0.934784,