{
  "args": {
    "model": "llama_8b",
    "dataset": "tsm_sums_en_deepseek",
    "mode": "last_token",
    "centering": false,
    "prefix": false,
    "smoke_test": false,
    "ood": false,
    "ood_set": "",
    "manifold": true,
    "pca_components": 3
  },
  "steering_domain": "tsm_sums_en_deepseek",
  "eval_domain": "tsm_sums_en_deepseek",
  "n_samples": 500,
  "n_layers": 33,
  "metrics_per_layer": {
    "layer_1": {
      "n_total": 500,
      "n_valid": 500,
      "acc": 0.526,
      "f1": 0.6703755215577191,
      "pre": 0.5138592750533049,
      "recall": 0.964,
      "auroc": 0.54044,
      "optimal_threshold": -0.006699013523757458,
      "tpr_at_fpr_0_01": 0.036,
      "fpr95": 0.912,
      "aupr": 0.5310589381136644
    },
    "layer_2": {
      "n_total": 500,
      "n_valid": 500,
      "acc": 0.606,
      "f1": 0.5852631578947368,
      "pre": 0.6177777777777778,
      "recall": 0.556,
      "auroc": 0.625712,
      "optimal_threshold": -0.13332025706768036,
      "tpr_at_fpr_0_01": 0.04,
      "fpr95": 0.924,
      "aupr": 0.634133187217239
    },
    "layer_3": {
      "n_total": 500,
      "n_valid": 500,
      "acc": 0.652,
      "f1": 0.6627906976744186,
      "pre": 0.6428571428571429,
      "recall": 0.684,
      "auroc": 0.6916640000000001,
      "optimal_threshold": -0.05978543683886528,
      "tpr_at_fpr_0_01": 0.14,
      "fpr95": 0.86,
      "aupr": 0.7145125382898739
    },
    "layer_4": {
      "n_total": 500,
      "n_valid": 500,
      "acc": 0.666,
      "f1": 0.6280623608017817,
      "pre": 0.7085427135678392,
      "recall": 0.564,
      "auroc": 0.6883680000000001,
      "optimal_threshold": 0.11218402534723282,
      "tpr_at_fpr_0_01": 0.136,
      "fpr95": 0.876,
      "aupr": 0.7272740379320075
    },
    "layer_5": {
      "n_total": 500,
      "n_valid": 500,
      "acc": 0.7,
      "f1": 0.6323529411764706,
      "pre": 0.8164556962025317,
      "recall": 0.516,
      "auroc": 0.7243519999999999,
      "optimal_threshold": 0.4360296428203583,
      "tpr_at_fpr_0_01": 0.116,
      "fpr95": 0.864,
      "aupr": 0.7621598653970635
    },
    "layer_6": {
      "n_total": 500,
      "n_valid": 500,
      "acc": 0.774,
      "f1": 0.7538126361655774,
      "pre": 0.8277511961722488,
      "recall": 0.692,
      "auroc": 0.8293919999999999,
      "optimal_threshold": 0.660090446472168,
      "tpr_at_fpr_0_01": 0.352,
      "fpr95": 0.792,
      "aupr": 0.8653685398514993
    },
    "layer_7": {
      "n_total": 500,
      "n_valid": 500,
      "acc": 0.782,
      "f1": 0.7635574837310195,
      "pre": 0.8341232227488151,
      "recall": 0.704,
      "auroc": 0.8323520000000001,
      "optimal_threshold": 0.9220654368400574,
      "tpr_at_fpr_0_01": 0.332,
      "fpr95": 0.792,
      "aupr": 0.8621157987901319
    },
    "layer_8": {
      "n_total": 500,
      "n_valid": 500,
      "acc": 0.79,
      "f1": 0.782608695652174,
      "pre": 0.8111587982832618,
      "recall": 0.756,
      "auroc": 0.841072,
      "optimal_threshold": 0.7385700345039368,
      "tpr_at_fpr_0_01": 0.36,
      "fpr95": 0.752,
      "aupr": 0.8685473960437129
    },
    "layer_9": {
      "n_total": 500,
      "n_valid": 500,
      "acc": 0.788,
      "f1": 0.771551724137931,
      "pre": 0.8364485981308412,
      "recall": 0.716,
      "auroc": 0.836496,
      "optimal_threshold": 0.9268605709075928,
      "tpr_at_fpr_0_01": 0.388,
      "fpr95": 0.744,
      "aupr": 0.8653697692274713
    },
    "layer_10": {
      "n_total": 500,
      "n_valid": 500,
      "acc": 0.8,
      "f1": 0.7959183673469388,
      "pre": 0.8125,
      "recall": 0.78,
      "auroc": 0.8557919999999999,
      "optimal_threshold": 0.7628406286239624,
      "tpr_at_fpr_0_01": 0.404,
      "fpr95": 0.676,
      "aupr": 0.8794505481463909
    },
    "layer_11": {
      "n_total": 500,
      "n_valid": 500,
      "acc": 0.854,
      "f1": 0.8469601677148847,
      "pre": 0.8898678414096917,
      "recall": 0.808,
      "auroc": 0.918928,
      "optimal_threshold": 0.846519947052002,
      "tpr_at_fpr_0_01": 0.588,
      "fpr95": 0.492,
      "aupr": 0.9345454679362665
    },
    "layer_12": {
      "n_total": 500,
      "n_valid": 500,
      "acc": 0.848,
      "f1": 0.8376068376068376,
      "pre": 0.8990825688073395,
      "recall": 0.784,
      "auroc": 0.9165279999999999,
      "optimal_threshold": 1.0937933921813965,
      "tpr_at_fpr_0_01": 0.6,
      "fpr95": 0.472,
      "aupr": 0.9333552632139032
    },
    "layer_13": {
      "n_total": 500,
      "n_valid": 500,
      "acc": 0.836,
      "f1": 0.8240343347639485,
      "pre": 0.8888888888888888,
      "recall": 0.768,
      "auroc": 0.90552,
      "optimal_threshold": 1.2750924825668335,
      "tpr_at_fpr_0_01": 0.556,
      "fpr95": 0.492,
      "aupr": 0.9226256659753235
    },
    "layer_14": {
      "n_total": 500,
      "n_valid": 500,
      "acc": 0.834,
      "f1": 0.8302658486707567,
      "pre": 0.8493723849372385,
      "recall": 0.812,
      "auroc": 0.9057919999999999,
      "optimal_threshold": 1.011512279510498,
      "tpr_at_fpr_0_01": 0.504,
      "fpr95": 0.484,
      "aupr": 0.9208168485168529
    },
    "layer_15": {
      "n_total": 500,
      "n_valid": 500,
      "acc": 0.846,
      "f1": 0.8392484342379958,
      "pre": 0.8777292576419214,
      "recall": 0.804,
      "auroc": 0.919648,
      "optimal_threshold": 1.154434084892273,
      "tpr_at_fpr_0_01": 0.552,
      "fpr95": 0.452,
      "aupr": 0.9323478530352448
    },
    "layer_16": {
      "n_total": 500,
      "n_valid": 500,
      "acc": 0.846,
      "f1": 0.83991683991684,
      "pre": 0.8744588744588745,
      "recall": 0.808,
      "auroc": 0.9130079999999999,
      "optimal_threshold": 1.4708819389343262,
      "tpr_at_fpr_0_01": 0.504,
      "fpr95": 0.524,
      "aupr": 0.928003461414164
    },
    "layer_17": {
      "n_total": 500,
      "n_valid": 500,
      "acc": 0.842,
      "f1": 0.8286334056399133,
      "pre": 0.9052132701421801,
      "recall": 0.764,
      "auroc": 0.9064,
      "optimal_threshold": 1.8321759700775146,
      "tpr_at_fpr_0_01": 0.58,
      "fpr95": 0.536,
      "aupr": 0.9263059911493641
    },
    "layer_18": {
      "n_total": 500,
      "n_valid": 500,
      "acc": 0.824,
      "f1": 0.8181818181818182,
      "pre": 0.8461538461538461,
      "recall": 0.792,
      "auroc": 0.8924,
      "optimal_threshold": 2.2907471656799316,
      "tpr_at_fpr_0_01": 0.548,
      "fpr95": 0.6,
      "aupr": 0.9148377832913129
    },
    "layer_19": {
      "n_total": 500,
      "n_valid": 500,
      "acc": 0.822,
      "f1": 0.8017817371937639,
      "pre": 0.9045226130653267,
      "recall": 0.72,
      "auroc": 0.88688,
      "optimal_threshold": 2.1851305961608887,
      "tpr_at_fpr_0_01": 0.52,
      "fpr95": 0.62,
      "aupr": 0.9115038077150791
    },
    "layer_20": {
      "n_total": 500,
      "n_valid": 500,
      "acc": 0.804,
      "f1": 0.7772727272727272,
      "pre": 0.9,
      "recall": 0.684,
      "auroc": 0.871168,
      "optimal_threshold": 3.202810287475586,
      "tpr_at_fpr_0_01": 0.528,
      "fpr95": 0.656,
      "aupr": 0.8995190515038659
    },
    "layer_21": {
      "n_total": 500,
      "n_valid": 500,
      "acc": 0.818,
      "f1": 0.7945823927765236,
      "pre": 0.9119170984455959,
      "recall": 0.704,
      "auroc": 0.878192,
      "optimal_threshold": 3.0676684379577637,
      "tpr_at_fpr_0_01": 0.54,
      "fpr95": 0.664,
      "aupr": 0.9055883356200641
    },
    "layer_22": {
      "n_total": 500,
      "n_valid": 500,
      "acc": 0.818,
      "f1": 0.7955056179775281,
      "pre": 0.9076923076923077,
      "recall": 0.708,
      "auroc": 0.876144,
      "optimal_threshold": 3.125913143157959,
      "tpr_at_fpr_0_01": 0.52,
      "fpr95": 0.656,
      "aupr": 0.9032918335333062
    },
    "layer_23": {
      "n_total": 500,
      "n_valid": 500,
      "acc": 0.796,
      "f1": 0.7723214285714286,
      "pre": 0.8737373737373737,
      "recall": 0.692,