{
  "args": {
    "model": "llama_8b",
    "dataset": "tsm_paras_en_first_deepseek",
    "mode": "last_token",
    "centering": false,
    "prefix": false,
    "smoke_test": false,
    "ood": false,
    "ood_set": "",
    "manifold": false,
    "pca_components": 0
  },
  "steering_domain": "tsm_paras_en_first_deepseek",
  "eval_domain": "tsm_paras_en_first_deepseek",
  "n_samples": 498,
  "n_layers": 33,
  "metrics_per_layer": {
    "layer_1": {
      "n_total": 498,
      "n_valid": 498,
      "acc": 0.6004016064257028,
      "f1": 0.33444816053511706,
      "pre": 1.0,
      "recall": 0.20080321285140562,
      "auroc": 0.6137159078079386,
      "optimal_threshold": 0.08786801248788834,
      "tpr_at_fpr_0_01": 0.20481927710843373,
      "fpr95": 0.9357429718875502,
      "aupr": 0.624703991047278
    },
    "layer_2": {
      "n_total": 498,
      "n_valid": 498,
      "acc": 0.7630522088353414,
      "f1": 0.7354260089686099,
      "pre": 0.8324873096446701,
      "recall": 0.6586345381526104,
      "auroc": 0.8233899453234627,
      "optimal_threshold": -0.05472961813211441,
      "tpr_at_fpr_0_01": 0.20883534136546184,
      "fpr95": 0.7429718875502008,
      "aupr": 0.8358237074987206
    },
    "layer_3": {
      "n_total": 498,
      "n_valid": 498,
      "acc": 0.7730923694779116,
      "f1": 0.7679671457905544,
      "pre": 0.7857142857142857,
      "recall": 0.751004016064257,
      "auroc": 0.8340994500088708,
      "optimal_threshold": -0.11121417582035065,
      "tpr_at_fpr_0_01": 0.20481927710843373,
      "fpr95": 0.642570281124498,
      "aupr": 0.8401255455259391
    },
    "layer_4": {
      "n_total": 498,
      "n_valid": 498,
      "acc": 0.8072289156626506,
      "f1": 0.7974683544303798,
      "pre": 0.84,
      "recall": 0.7590361445783133,
      "auroc": 0.8654699117756166,
      "optimal_threshold": -0.17066217958927155,
      "tpr_at_fpr_0_01": 0.20481927710843373,
      "fpr95": 0.5823293172690763,
      "aupr": 0.8701129232612023
    },
    "layer_5": {
      "n_total": 498,
      "n_valid": 498,
      "acc": 0.8594377510040161,
      "f1": 0.8444444444444444,
      "pre": 0.945273631840796,
      "recall": 0.7630522088353414,
      "auroc": 0.9180174513314301,
      "optimal_threshold": -0.0600096620619297,
      "tpr_at_fpr_0_01": 0.5381526104417671,
      "fpr95": 0.46987951807228917,
      "aupr": 0.9327619361777727
    },
    "layer_6": {
      "n_total": 498,
      "n_valid": 498,
      "acc": 0.8875502008032129,
      "f1": 0.8861788617886179,
      "pre": 0.897119341563786,
      "recall": 0.8755020080321285,
      "auroc": 0.9543717036821987,
      "optimal_threshold": -0.021389439702033997,
      "tpr_at_fpr_0_01": 0.7188755020080321,
      "fpr95": 0.285140562248996,
      "aupr": 0.9623839026592653
    },
    "layer_7": {
      "n_total": 498,
      "n_valid": 498,
      "acc": 0.8875502008032129,
      "f1": 0.8813559322033898,
      "pre": 0.9327354260089686,
      "recall": 0.8353413654618473,
      "auroc": 0.9565652166900535,
      "optimal_threshold": 0.20369738340377808,
      "tpr_at_fpr_0_01": 0.7349397590361446,
      "fpr95": 0.26907630522088355,
      "aupr": 0.9648649571748482
    },
    "layer_8": {
      "n_total": 498,
      "n_valid": 498,
      "acc": 0.8875502008032129,
      "f1": 0.8884462151394422,
      "pre": 0.8814229249011858,
      "recall": 0.8955823293172691,
      "auroc": 0.9588555023306076,
      "optimal_threshold": 0.04803953319787979,
      "tpr_at_fpr_0_01": 0.7228915662650602,
      "fpr95": 0.2248995983935743,
      "aupr": 0.9655354635846147
    },
    "layer_9": {
      "n_total": 498,
      "n_valid": 498,
      "acc": 0.8634538152610441,
      "f1": 0.8468468468468469,
      "pre": 0.9641025641025641,
      "recall": 0.7550200803212851,
      "auroc": 0.9401461266753762,
      "optimal_threshold": 0.11535898596048355,
      "tpr_at_fpr_0_01": 0.6827309236947792,
      "fpr95": 0.2931726907630522,
      "aupr": 0.9512209878911618
    },
    "layer_10": {
      "n_total": 498,
      "n_valid": 498,
      "acc": 0.8755020080321285,
      "f1": 0.8675213675213675,
      "pre": 0.9269406392694064,
      "recall": 0.8152610441767069,
      "auroc": 0.9400493540426766,
      "optimal_threshold": 0.1727668195962906,
      "tpr_at_fpr_0_01": 0.6626506024096386,
      "fpr95": 0.30120481927710846,
      "aupr": 0.9514307077690932
    },
    "layer_11": {
      "n_total": 498,
      "n_valid": 498,
      "acc": 0.9196787148594378,
      "f1": 0.9159663865546218,
      "pre": 0.960352422907489,
      "recall": 0.8755020080321285,
      "auroc": 0.9746778277769713,
      "optimal_threshold": 0.2839510440826416,
      "tpr_at_fpr_0_01": 0.8032128514056225,
      "fpr95": 0.1686746987951807,
      "aupr": 0.9782766830512185
    },
    "layer_12": {
      "n_total": 498,
      "n_valid": 498,
      "acc": 0.9156626506024096,
      "f1": 0.9139344262295082,
      "pre": 0.9330543933054394,
      "recall": 0.8955823293172691,
      "auroc": 0.9702262866727955,
      "optimal_threshold": 0.3118384778499603,
      "tpr_at_fpr_0_01": 0.7269076305220884,
      "fpr95": 0.18473895582329317,
      "aupr": 0.9737131424659671
    },
    "layer_13": {
      "n_total": 498,
      "n_valid": 498,
      "acc": 0.893574297188755,
      "f1": 0.8888888888888888,
      "pre": 0.9298245614035088,
      "recall": 0.8514056224899599,
      "auroc": 0.9604522507701488,
      "optimal_threshold": 0.24097754061222076,
      "tpr_at_fpr_0_01": 0.7349397590361446,
      "fpr95": 0.2971887550200803,
      "aupr": 0.9664446716289492
    },
    "layer_14": {
      "n_total": 498,
      "n_valid": 498,
      "acc": 0.8875502008032129,
      "f1": 0.8803418803418803,
      "pre": 0.9406392694063926,
      "recall": 0.8273092369477911,
      "auroc": 0.9595006532152708,
      "optimal_threshold": 0.1862916350364685,
      "tpr_at_fpr_0_01": 0.7108433734939759,
      "fpr95": 0.27309236947791166,
      "aupr": 0.96522810026647
    },
    "layer_15": {
      "n_total": 498,
      "n_valid": 498,
      "acc": 0.891566265060241,
      "f1": 0.8860759493670886,
      "pre": 0.9333333333333333,
      "recall": 0.8433734939759037,
      "auroc": 0.9545975064918308,
      "optimal_threshold": 0.32456010580062866,
      "tpr_at_fpr_0_01": 0.7188755020080321,
      "fpr95": 0.26907630522088355,
      "aupr": 0.9618904443272457
    },
    "layer_16": {
      "n_total": 498,
      "n_valid": 498,
      "acc": 0.8835341365461847,
      "f1": 0.8786610878661087,
      "pre": 0.9170305676855895,
      "recall": 0.8433734939759037,
      "auroc": 0.9491782390606602,
      "optimal_threshold": 0.4958832263946533,
      "tpr_at_fpr_0_01": 0.6987951807228916,
      "fpr95": 0.357429718875502,
      "aupr": 0.9577212823254372
    },
    "layer_17": {
      "n_total": 498,
      "n_valid": 498,
      "acc": 0.8995983935742972,
      "f1": 0.8949579831932774,
      "pre": 0.9383259911894273,
      "recall": 0.8554216867469879,
      "auroc": 0.9542265447331495,
      "optimal_threshold": 0.5801424384117126,
      "tpr_at_fpr_0_01": 0.7108433734939759,
      "fpr95": 0.3172690763052209,
      "aupr": 0.9632616935981083
    },
    "layer_18": {
      "n_total": 498,
      "n_valid": 498,
      "acc": 0.891566265060241,
      "f1": 0.8831168831168831,
      "pre": 0.9577464788732394,
      "recall": 0.8192771084337349,
      "auroc": 0.9479363236076838,
      "optimal_threshold": 1.1123069524765015,
      "tpr_at_fpr_0_01": 0.714859437751004,
      "fpr95": 0.3333333333333333,
      "aupr": 0.9585283312686039
    },
    "layer_19": {
      "n_total": 498,
      "n_valid": 498,
      "acc": 0.8975903614457831,
      "f1": 0.89171974522293,
      "pre": 0.9459459459459459,
      "recall": 0.8433734939759037,
      "auroc": 0.9567748907275689,
      "optimal_threshold": 0.8326543569564819,
      "tpr_at_fpr_0_01": 0.7108433734939759,
      "fpr95": 0.24497991967871485,
      "aupr": 0.9654200042053949
    },