{
  "args": {
    "model": "llama_8b",
    "dataset": "tsm_sums_en_deepseek",
    "mode": "last_token",
    "centering": false,
    "prefix": false,
    "smoke_test": false,
    "ood": false,
    "ood_set": "",
    "manifold": true,
    "pca_components": 7
  },
  "steering_domain": "tsm_sums_en_deepseek",
  "eval_domain": "tsm_sums_en_deepseek",
  "n_samples": 500,
  "n_layers": 33,
  "metrics_per_layer": {
    "layer_1": {
      "n_total": 500,
      "n_valid": 500,
      "acc": 0.528,
      "f1": 0.6713091922005571,
      "pre": 0.5149572649572649,
      "recall": 0.964,
      "auroc": 0.5444399999999999,
      "optimal_threshold": 5.348515696823597e-05,
      "tpr_at_fpr_0_01": 0.036,
      "fpr95": 0.908,
      "aupr": 0.5321507272758793
    },
    "layer_2": {
      "n_total": 500,
      "n_valid": 500,
      "acc": 0.668,
      "f1": 0.6612244897959184,
      "pre": 0.675,
      "recall": 0.648,
      "auroc": 0.713824,
      "optimal_threshold": -0.09707358479499817,
      "tpr_at_fpr_0_01": 0.06,
      "fpr95": 0.82,
      "aupr": 0.7163859610870131
    },
    "layer_3": {
      "n_total": 500,
      "n_valid": 500,
      "acc": 0.68,
      "f1": 0.6747967479674797,
      "pre": 0.6859504132231405,
      "recall": 0.664,
      "auroc": 0.723136,
      "optimal_threshold": -0.016418561339378357,
      "tpr_at_fpr_0_01": 0.136,
      "fpr95": 0.84,
      "aupr": 0.7431101269216587
    },
    "layer_4": {
      "n_total": 500,
      "n_valid": 500,
      "acc": 0.698,
      "f1": 0.6591422121896162,
      "pre": 0.7564766839378239,
      "recall": 0.584,
      "auroc": 0.732912,
      "optimal_threshold": 0.14139249920845032,
      "tpr_at_fpr_0_01": 0.18,
      "fpr95": 0.856,
      "aupr": 0.7657840133494755
    },
    "layer_5": {
      "n_total": 500,
      "n_valid": 500,
      "acc": 0.752,
      "f1": 0.7033492822966507,
      "pre": 0.875,
      "recall": 0.588,
      "auroc": 0.7960160000000001,
      "optimal_threshold": 0.35112443566322327,
      "tpr_at_fpr_0_01": 0.324,
      "fpr95": 0.812,
      "aupr": 0.8375170716100784
    },
    "layer_6": {
      "n_total": 500,
      "n_valid": 500,
      "acc": 0.806,
      "f1": 0.7858719646799117,
      "pre": 0.8768472906403941,
      "recall": 0.712,
      "auroc": 0.8489439999999999,
      "optimal_threshold": 0.6234723925590515,
      "tpr_at_fpr_0_01": 0.412,
      "fpr95": 0.812,
      "aupr": 0.8834789583657953
    },
    "layer_7": {
      "n_total": 500,
      "n_valid": 500,
      "acc": 0.788,
      "f1": 0.7800829875518672,
      "pre": 0.8103448275862069,
      "recall": 0.752,
      "auroc": 0.8408479999999998,
      "optimal_threshold": 0.7435060143470764,
      "tpr_at_fpr_0_01": 0.38,
      "fpr95": 0.772,
      "aupr": 0.8719126279398849
    },
    "layer_8": {
      "n_total": 500,
      "n_valid": 500,
      "acc": 0.796,
      "f1": 0.7926829268292683,
      "pre": 0.8057851239669421,
      "recall": 0.78,
      "auroc": 0.851712,
      "optimal_threshold": 0.6343585848808289,
      "tpr_at_fpr_0_01": 0.4,
      "fpr95": 0.716,
      "aupr": 0.879474314608333
    },
    "layer_9": {
      "n_total": 500,
      "n_valid": 500,
      "acc": 0.79,
      "f1": 0.7870182555780934,
      "pre": 0.7983539094650206,
      "recall": 0.776,
      "auroc": 0.853456,
      "optimal_threshold": 0.7580837607383728,
      "tpr_at_fpr_0_01": 0.424,
      "fpr95": 0.688,
      "aupr": 0.8794376529226993
    },
    "layer_10": {
      "n_total": 500,
      "n_valid": 500,
      "acc": 0.802,
      "f1": 0.7898089171974523,
      "pre": 0.8416289592760181,
      "recall": 0.744,
      "auroc": 0.870512,
      "optimal_threshold": 0.8578835725784302,
      "tpr_at_fpr_0_01": 0.448,
      "fpr95": 0.64,
      "aupr": 0.8929686748582581
    },
    "layer_11": {
      "n_total": 500,
      "n_valid": 500,
      "acc": 0.86,
      "f1": 0.8553719008264463,
      "pre": 0.8846153846153846,
      "recall": 0.828,
      "auroc": 0.92408,
      "optimal_threshold": 0.8666577935218811,
      "tpr_at_fpr_0_01": 0.604,
      "fpr95": 0.42,
      "aupr": 0.9390214940347095
    },
    "layer_12": {
      "n_total": 500,
      "n_valid": 500,
      "acc": 0.856,
      "f1": 0.8448275862068966,
      "pre": 0.9158878504672897,
      "recall": 0.784,
      "auroc": 0.9216479999999999,
      "optimal_threshold": 1.1672097444534302,
      "tpr_at_fpr_0_01": 0.624,
      "fpr95": 0.472,
      "aupr": 0.938011790506509
    },
    "layer_13": {
      "n_total": 500,
      "n_valid": 500,
      "acc": 0.842,
      "f1": 0.8308351177730193,
      "pre": 0.8940092165898618,
      "recall": 0.776,
      "auroc": 0.9119360000000001,
      "optimal_threshold": 1.2158443927764893,
      "tpr_at_fpr_0_01": 0.576,
      "fpr95": 0.46,
      "aupr": 0.928788571164805
    },
    "layer_14": {
      "n_total": 500,
      "n_valid": 500,
      "acc": 0.84,
      "f1": 0.8253275109170306,
      "pre": 0.9086538461538461,
      "recall": 0.756,
      "auroc": 0.912576,
      "optimal_threshold": 1.3566186428070068,
      "tpr_at_fpr_0_01": 0.544,
      "fpr95": 0.456,
      "aupr": 0.9282360031209107
    },
    "layer_15": {
      "n_total": 500,
      "n_valid": 500,
      "acc": 0.85,
      "f1": 0.8434237995824635,
      "pre": 0.8820960698689956,
      "recall": 0.808,
      "auroc": 0.9227679999999999,
      "optimal_threshold": 1.2806546688079834,
      "tpr_at_fpr_0_01": 0.572,
      "fpr95": 0.46,
      "aupr": 0.9354773348779871
    },
    "layer_16": {
      "n_total": 500,
      "n_valid": 500,
      "acc": 0.846,
      "f1": 0.8412371134020619,
      "pre": 0.8680851063829788,
      "recall": 0.816,
      "auroc": 0.9135519999999999,
      "optimal_threshold": 1.4661660194396973,
      "tpr_at_fpr_0_01": 0.512,
      "fpr95": 0.516,
      "aupr": 0.9286640822632263
    },
    "layer_17": {
      "n_total": 500,
      "n_valid": 500,
      "acc": 0.852,
      "f1": 0.8458333333333333,
      "pre": 0.8826086956521739,
      "recall": 0.812,
      "auroc": 0.920752,
      "optimal_threshold": 1.3177918195724487,
      "tpr_at_fpr_0_01": 0.608,
      "fpr95": 0.516,
      "aupr": 0.9371236765457449
    },
    "layer_18": {
      "n_total": 500,
      "n_valid": 500,
      "acc": 0.856,
      "f1": 0.8461538461538461,
      "pre": 0.908256880733945,
      "recall": 0.792,
      "auroc": 0.9219999999999999,
      "optimal_threshold": 1.9753495454788208,
      "tpr_at_fpr_0_01": 0.616,
      "fpr95": 0.48,
      "aupr": 0.9375970184581455
    },
    "layer_19": {
      "n_total": 500,
      "n_valid": 500,
      "acc": 0.864,
      "f1": 0.860655737704918,
      "pre": 0.8823529411764706,
      "recall": 0.84,
      "auroc": 0.924272,
      "optimal_threshold": 1.5764350891113281,
      "tpr_at_fpr_0_01": 0.628,
      "fpr95": 0.476,
      "aupr": 0.9401246852610794
    },
    "layer_20": {
      "n_total": 500,
      "n_valid": 500,
      "acc": 0.854,
      "f1": 0.8482328482328483,
      "pre": 0.8831168831168831,
      "recall": 0.816,
      "auroc": 0.9128480000000001,
      "optimal_threshold": 2.5600640773773193,
      "tpr_at_fpr_0_01": 0.604,
      "fpr95": 0.532,
      "aupr": 0.9317444020770644
    },
    "layer_21": {
      "n_total": 500,
      "n_valid": 500,
      "acc": 0.858,
      "f1": 0.8498942917547568,
      "pre": 0.9013452914798207,
      "recall": 0.804,
      "auroc": 0.91968,
      "optimal_threshold": 2.6452436447143555,
      "tpr_at_fpr_0_01": 0.604,
      "fpr95": 0.528,
      "aupr": 0.9372262677996475
    },
    "layer_22": {
      "n_total": 500,
      "n_valid": 500,
      "acc": 0.858,
      "f1": 0.8459869848156182,
      "pre": 0.9241706161137441,
      "recall": 0.78,
      "auroc": 0.91896,
      "optimal_threshold": 2.991764783859253,
      "tpr_at_fpr_0_01": 0.628,
      "fpr95": 0.528,
      "aupr": 0.9356436319923376
    },
    "layer_23": {
      "n_total": 500,
      "n_valid": 500,
      "acc": 0.856,
      "f1": 0.85,
      "pre": 0.8869565217391304,