{
  "args": {
    "model": "llama_8b",
    "dataset": "tsm_sums_en_deepseek",
    "mode": "last_token",
    "centering": false,
    "prefix": false,
    "smoke_test": false,
    "ood": false,
    "ood_set": "",
    "manifold": true,
    "pca_components": 1
  },
  "steering_domain": "tsm_sums_en_deepseek",
  "eval_domain": "tsm_sums_en_deepseek",
  "n_samples": 500,
  "n_layers": 33,
  "metrics_per_layer": {
    "layer_1": {
      "n_total": 500,
      "n_valid": 500,
      "acc": 0.516,
      "f1": 0.06201550387596899,
      "pre": 1.0,
      "recall": 0.032,
      "auroc": 0.49082400000000004,
      "optimal_threshold": 0.43776869773864746,
      "tpr_at_fpr_0_01": 0.032,
      "fpr95": 1.0,
      "aupr": 0.5143422892896578
    },
    "layer_2": {
      "n_total": 500,
      "n_valid": 500,
      "acc": 0.518,
      "f1": 0.0694980694980695,
      "pre": 1.0,
      "recall": 0.036,
      "auroc": 0.45752,
      "optimal_threshold": 0.22796989977359772,
      "tpr_at_fpr_0_01": 0.036,
      "fpr95": 0.964,
      "aupr": 0.49619277992022703
    },
    "layer_3": {
      "n_total": 500,
      "n_valid": 500,
      "acc": 0.646,
      "f1": 0.6438631790744467,
      "pre": 0.6477732793522267,
      "recall": 0.64,
      "auroc": 0.686064,
      "optimal_threshold": -0.02933407947421074,
      "tpr_at_fpr_0_01": 0.096,
      "fpr95": 0.852,
      "aupr": 0.6968787533604907
    },
    "layer_4": {
      "n_total": 500,
      "n_valid": 500,
      "acc": 0.644,
      "f1": 0.6026785714285714,
      "pre": 0.6818181818181818,
      "recall": 0.54,
      "auroc": 0.672736,
      "optimal_threshold": 0.04668065905570984,
      "tpr_at_fpr_0_01": 0.064,
      "fpr95": 0.88,
      "aupr": 0.6999411037920772
    },
    "layer_5": {
      "n_total": 500,
      "n_valid": 500,
      "acc": 0.634,
      "f1": 0.5413533834586466,
      "pre": 0.7248322147651006,
      "recall": 0.432,
      "auroc": 0.654928,
      "optimal_threshold": 0.16276440024375916,
      "tpr_at_fpr_0_01": 0.208,
      "fpr95": 0.872,
      "aupr": 0.7089562763497748
    },
    "layer_6": {
      "n_total": 500,
      "n_valid": 500,
      "acc": 0.65,
      "f1": 0.5014245014245015,
      "pre": 0.8712871287128713,
      "recall": 0.352,
      "auroc": 0.675008,
      "optimal_threshold": 0.4168974459171295,
      "tpr_at_fpr_0_01": 0.212,
      "fpr95": 0.872,
      "aupr": 0.7319210651742348
    },
    "layer_7": {
      "n_total": 500,
      "n_valid": 500,
      "acc": 0.694,
      "f1": 0.6106870229007634,
      "pre": 0.8391608391608392,
      "recall": 0.48,
      "auroc": 0.715856,
      "optimal_threshold": 0.5371221303939819,
      "tpr_at_fpr_0_01": 0.212,
      "fpr95": 0.856,
      "aupr": 0.7723659404263706
    },
    "layer_8": {
      "n_total": 500,
      "n_valid": 500,
      "acc": 0.668,
      "f1": 0.5654450261780105,
      "pre": 0.8181818181818182,
      "recall": 0.432,
      "auroc": 0.699072,
      "optimal_threshold": 0.4507944583892822,
      "tpr_at_fpr_0_01": 0.228,
      "fpr95": 0.86,
      "aupr": 0.7520514591492355
    },
    "layer_9": {
      "n_total": 500,
      "n_valid": 500,
      "acc": 0.686,
      "f1": 0.5722070844686649,
      "pre": 0.8974358974358975,
      "recall": 0.42,
      "auroc": 0.712496,
      "optimal_threshold": 0.6674469709396362,
      "tpr_at_fpr_0_01": 0.256,
      "fpr95": 0.848,
      "aupr": 0.7688691794576838
    },
    "layer_10": {
      "n_total": 500,
      "n_valid": 500,
      "acc": 0.634,
      "f1": 0.5196850393700787,
      "pre": 0.7557251908396947,
      "recall": 0.396,
      "auroc": 0.670416,
      "optimal_threshold": 0.1981385201215744,
      "tpr_at_fpr_0_01": 0.224,
      "fpr95": 0.86,
      "aupr": 0.7234256051727821
    },
    "layer_11": {
      "n_total": 500,
      "n_valid": 500,
      "acc": 0.712,
      "f1": 0.625,
      "pre": 0.8955223880597015,
      "recall": 0.48,
      "auroc": 0.7513920000000001,
      "optimal_threshold": 0.5322064161300659,
      "tpr_at_fpr_0_01": 0.332,
      "fpr95": 0.828,
      "aupr": 0.8056024094804694
    },
    "layer_12": {
      "n_total": 500,
      "n_valid": 500,
      "acc": 0.72,
      "f1": 0.6601941747572816,
      "pre": 0.8395061728395061,
      "recall": 0.544,
      "auroc": 0.7467999999999999,
      "optimal_threshold": 0.6084169149398804,
      "tpr_at_fpr_0_01": 0.308,
      "fpr95": 0.824,
      "aupr": 0.7993956502785162
    },
    "layer_13": {
      "n_total": 500,
      "n_valid": 500,
      "acc": 0.736,
      "f1": 0.6811594202898551,
      "pre": 0.8597560975609756,
      "recall": 0.564,
      "auroc": 0.7700639999999999,
      "optimal_threshold": 0.8972919583320618,
      "tpr_at_fpr_0_01": 0.356,
      "fpr95": 0.816,
      "aupr": 0.8195481809904044
    },
    "layer_14": {
      "n_total": 500,
      "n_valid": 500,
      "acc": 0.726,
      "f1": 0.6791569086651054,
      "pre": 0.8192090395480226,
      "recall": 0.58,
      "auroc": 0.7663519999999999,
      "optimal_threshold": 0.618376612663269,
      "tpr_at_fpr_0_01": 0.368,
      "fpr95": 0.832,
      "aupr": 0.8159923758937015
    },
    "layer_15": {
      "n_total": 500,
      "n_valid": 500,
      "acc": 0.734,
      "f1": 0.6683291770573566,
      "pre": 0.8874172185430463,
      "recall": 0.536,
      "auroc": 0.783728,
      "optimal_threshold": 1.08420729637146,
      "tpr_at_fpr_0_01": 0.38,
      "fpr95": 0.828,
      "aupr": 0.8307168315404465
    },
    "layer_16": {
      "n_total": 500,
      "n_valid": 500,
      "acc": 0.724,
      "f1": 0.6600985221674877,
      "pre": 0.8589743589743589,
      "recall": 0.536,
      "auroc": 0.7701440000000002,
      "optimal_threshold": 1.0934882164001465,
      "tpr_at_fpr_0_01": 0.356,
      "fpr95": 0.832,
      "aupr": 0.8186846649008007
    },
    "layer_17": {
      "n_total": 500,
      "n_valid": 500,
      "acc": 0.724,
      "f1": 0.677570093457944,
      "pre": 0.8146067415730337,
      "recall": 0.58,
      "auroc": 0.7780159999999999,
      "optimal_threshold": 1.264280915260315,
      "tpr_at_fpr_0_01": 0.372,
      "fpr95": 0.828,
      "aupr": 0.8216788326245765
    },
    "layer_18": {
      "n_total": 500,
      "n_valid": 500,
      "acc": 0.71,
      "f1": 0.6799116997792495,
      "pre": 0.7586206896551724,
      "recall": 0.616,
      "auroc": 0.757856,
      "optimal_threshold": 1.3456839323043823,
      "tpr_at_fpr_0_01": 0.384,
      "fpr95": 0.844,
      "aupr": 0.8063777957362186
    },
    "layer_19": {
      "n_total": 500,
      "n_valid": 500,
      "acc": 0.678,
      "f1": 0.6211764705882353,
      "pre": 0.7542857142857143,
      "recall": 0.528,
      "auroc": 0.7234560000000001,
      "optimal_threshold": 2.129173755645752,
      "tpr_at_fpr_0_01": 0.24,
      "fpr95": 0.832,
      "aupr": 0.7679684500846304
    },
    "layer_20": {
      "n_total": 500,
      "n_valid": 500,
      "acc": 0.636,
      "f1": 0.558252427184466,
      "pre": 0.7098765432098766,
      "recall": 0.46,
      "auroc": 0.666128,
      "optimal_threshold": 2.897810459136963,
      "tpr_at_fpr_0_01": 0.196,
      "fpr95": 0.868,
      "aupr": 0.7133600001525271
    },
    "layer_21": {
      "n_total": 500,
      "n_valid": 500,
      "acc": 0.632,
      "f1": 0.54,
      "pre": 0.72,
      "recall": 0.432,
      "auroc": 0.659232,
      "optimal_threshold": 3.0155162811279297,
      "tpr_at_fpr_0_01": 0.2,
      "fpr95": 0.868,
      "aupr": 0.7076019276565262
    },
    "layer_22": {
      "n_total": 500,
      "n_valid": 500,
      "acc": 0.618,
      "f1": 0.5649202733485194,
      "pre": 0.656084656084656,
      "recall": 0.496,
      "auroc": 0.635216,
      "optimal_threshold": 2.3974757194519043,
      "tpr_at_fpr_0_01": 0.14,
      "fpr95": 0.864,
      "aupr": 0.6764263405522528
    },
    "layer_23": {
      "n_total": 500,
      "n_valid": 500,
      "acc": 0.598,
      "f1": 0.508557457212714,
      "pre": 0.6540880503144654,
      "recall": 0.416,
      "auroc": 0.604752,