{
  "args": {
    "model": "llama_8b",
    "dataset": "m4_multilingual",
    "mode": "last_token",
    "centering": false,
    "prefix": false,
    "smoke_test": false,
    "ood": false,
    "ood_set": "",
    "manifold": true,
    "pca_components": 5
  },
  "steering_domain": "m4_multilingual",
  "eval_domain": "m4_multilingual",
  "n_samples": 500,
  "n_layers": 33,
  "metrics_per_layer": {
    "layer_1": {
      "n_total": 500,
      "n_valid": 500,
      "acc": 0.574,
      "f1": 0.6282722513089005,
      "pre": 0.5572755417956656,
      "recall": 0.72,
      "auroc": 0.548696,
      "optimal_threshold": 0.025705095380544662,
      "tpr_at_fpr_0_01": 0.0,
      "fpr95": 0.856,
      "aupr": 0.5315257723287469
    },
    "layer_2": {
      "n_total": 500,
      "n_valid": 500,
      "acc": 0.624,
      "f1": 0.437125748502994,
      "pre": 0.8690476190476191,
      "recall": 0.292,
      "auroc": 0.591936,
      "optimal_threshold": 0.1927189826965332,
      "tpr_at_fpr_0_01": 0.14,
      "fpr95": 0.848,
      "aupr": 0.6598078554210706
    },
    "layer_3": {
      "n_total": 500,
      "n_valid": 500,
      "acc": 0.598,
      "f1": 0.3890577507598784,
      "pre": 0.810126582278481,
      "recall": 0.256,
      "auroc": 0.569792,
      "optimal_threshold": 0.40729820728302,
      "tpr_at_fpr_0_01": 0.188,
      "fpr95": 0.892,
      "aupr": 0.6436249272866679
    },
    "layer_4": {
      "n_total": 500,
      "n_valid": 500,
      "acc": 0.62,
      "f1": 0.4171779141104294,
      "pre": 0.8947368421052632,
      "recall": 0.272,
      "auroc": 0.580336,
      "optimal_threshold": 0.697799563407898,
      "tpr_at_fpr_0_01": 0.188,
      "fpr95": 0.86,
      "aupr": 0.6601489033944079
    },
    "layer_5": {
      "n_total": 500,
      "n_valid": 500,
      "acc": 0.63,
      "f1": 0.4444444444444444,
      "pre": 0.891566265060241,
      "recall": 0.296,
      "auroc": 0.60304,
      "optimal_threshold": 0.8160537481307983,
      "tpr_at_fpr_0_01": 0.212,
      "fpr95": 0.816,
      "aupr": 0.6758256218137665
    },
    "layer_6": {
      "n_total": 500,
      "n_valid": 500,
      "acc": 0.636,
      "f1": 0.48,
      "pre": 0.84,
      "recall": 0.336,
      "auroc": 0.627648,
      "optimal_threshold": 0.970068633556366,
      "tpr_at_fpr_0_01": 0.224,
      "fpr95": 0.764,
      "aupr": 0.6884933172425627
    },
    "layer_7": {
      "n_total": 500,
      "n_valid": 500,
      "acc": 0.636,
      "f1": 0.5027322404371585,
      "pre": 0.7931034482758621,
      "recall": 0.368,
      "auroc": 0.640288,
      "optimal_threshold": 1.1237127780914307,
      "tpr_at_fpr_0_01": 0.224,
      "fpr95": 0.76,
      "aupr": 0.6960608067923152
    },
    "layer_8": {
      "n_total": 500,
      "n_valid": 500,
      "acc": 0.63,
      "f1": 0.4903581267217631,
      "pre": 0.7876106194690266,
      "recall": 0.356,
      "auroc": 0.63216,
      "optimal_threshold": 1.165673017501831,
      "tpr_at_fpr_0_01": 0.2,
      "fpr95": 0.792,
      "aupr": 0.6875610914222503
    },
    "layer_9": {
      "n_total": 500,
      "n_valid": 500,
      "acc": 0.624,
      "f1": 0.4835164835164835,
      "pre": 0.7719298245614035,
      "recall": 0.352,
      "auroc": 0.627072,
      "optimal_threshold": 1.434494972229004,
      "tpr_at_fpr_0_01": 0.212,
      "fpr95": 0.768,
      "aupr": 0.6850752876491997
    },
    "layer_10": {
      "n_total": 500,
      "n_valid": 500,
      "acc": 0.626,
      "f1": 0.4702549575070821,
      "pre": 0.8058252427184466,
      "recall": 0.332,
      "auroc": 0.64576,
      "optimal_threshold": 1.7215399742126465,
      "tpr_at_fpr_0_01": 0.188,
      "fpr95": 0.808,
      "aupr": 0.7009482062365735
    },
    "layer_11": {
      "n_total": 500,
      "n_valid": 500,
      "acc": 0.636,
      "f1": 0.47701149425287354,
      "pre": 0.8469387755102041,
      "recall": 0.332,
      "auroc": 0.66472,
      "optimal_threshold": 1.9796743392944336,
      "tpr_at_fpr_0_01": 0.196,
      "fpr95": 0.816,
      "aupr": 0.7137709140149067
    },
    "layer_12": {
      "n_total": 500,
      "n_valid": 500,
      "acc": 0.622,
      "f1": 0.5065274151436031,
      "pre": 0.7293233082706767,
      "recall": 0.388,
      "auroc": 0.619632,
      "optimal_threshold": 1.8741801977157593,
      "tpr_at_fpr_0_01": 0.204,
      "fpr95": 0.824,
      "aupr": 0.6831936689174178
    },
    "layer_13": {
      "n_total": 500,
      "n_valid": 500,
      "acc": 0.618,
      "f1": 0.4495677233429395,
      "pre": 0.8041237113402062,
      "recall": 0.312,
      "auroc": 0.608576,
      "optimal_threshold": 2.2618308067321777,
      "tpr_at_fpr_0_01": 0.192,
      "fpr95": 0.844,
      "aupr": 0.6759506185302631
    },
    "layer_14": {
      "n_total": 500,
      "n_valid": 500,
      "acc": 0.622,
      "f1": 0.4553314121037464,
      "pre": 0.8144329896907216,
      "recall": 0.316,
      "auroc": 0.61208,
      "optimal_threshold": 2.5707223415374756,
      "tpr_at_fpr_0_01": 0.216,
      "fpr95": 0.82,
      "aupr": 0.6791740863316251
    },
    "layer_15": {
      "n_total": 500,
      "n_valid": 500,
      "acc": 0.62,
      "f1": 0.4444444444444444,
      "pre": 0.8260869565217391,
      "recall": 0.304,
      "auroc": 0.624752,
      "optimal_threshold": 2.803053855895996,
      "tpr_at_fpr_0_01": 0.188,
      "fpr95": 0.808,
      "aupr": 0.6832603924484161
    },
    "layer_16": {
      "n_total": 500,
      "n_valid": 500,
      "acc": 0.618,
      "f1": 0.45584045584045585,
      "pre": 0.7920792079207921,
      "recall": 0.32,
      "auroc": 0.632496,
      "optimal_threshold": 3.1625747680664062,
      "tpr_at_fpr_0_01": 0.14,
      "fpr95": 0.772,
      "aupr": 0.6804431729272791
    },
    "layer_17": {
      "n_total": 500,
      "n_valid": 500,
      "acc": 0.63,
      "f1": 0.463768115942029,
      "pre": 0.8421052631578947,
      "recall": 0.32,
      "auroc": 0.595792,
      "optimal_threshold": 3.8488168716430664,
      "tpr_at_fpr_0_01": 0.192,
      "fpr95": 0.864,
      "aupr": 0.6712151107832582
    },
    "layer_18": {
      "n_total": 500,
      "n_valid": 500,
      "acc": 0.632,
      "f1": 0.4588235294117647,
      "pre": 0.8666666666666667,
      "recall": 0.312,
      "auroc": 0.598112,
      "optimal_threshold": 4.324571132659912,
      "tpr_at_fpr_0_01": 0.196,
      "fpr95": 0.832,
      "aupr": 0.6758936257118563
    },
    "layer_19": {
      "n_total": 500,
      "n_valid": 500,
      "acc": 0.638,
      "f1": 0.4753623188405797,
      "pre": 0.8631578947368421,
      "recall": 0.328,
      "auroc": 0.591904,
      "optimal_threshold": 5.098350524902344,
      "tpr_at_fpr_0_01": 0.244,
      "fpr95": 0.904,
      "aupr": 0.6788596680713445
    },
    "layer_20": {
      "n_total": 500,
      "n_valid": 500,
      "acc": 0.632,
      "f1": 0.4556213017751479,
      "pre": 0.875,
      "recall": 0.308,
      "auroc": 0.5816159999999999,
      "optimal_threshold": 6.034446716308594,
      "tpr_at_fpr_0_01": 0.252,
      "fpr95": 0.936,
      "aupr": 0.6770082334607581
    },
    "layer_21": {
      "n_total": 500,
      "n_valid": 500,
      "acc": 0.628,
      "f1": 0.41875,
      "pre": 0.9571428571428572,
      "recall": 0.268,
      "auroc": 0.584368,
      "optimal_threshold": 7.001834869384766,
      "tpr_at_fpr_0_01": 0.24,
      "fpr95": 0.928,
      "aupr": 0.6753432268308681
    },
    "layer_22": {
      "n_total": 500,
      "n_valid": 500,
      "acc": 0.624,
      "f1": 0.4161490683229814,
      "pre": 0.9305555555555556,
      "recall": 0.268,
      "auroc": 0.58928,
      "optimal_threshold": 7.471001148223877,
      "tpr_at_fpr_0_01": 0.244,
      "fpr95": 0.928,
      "aupr": 0.6744831595141716
    },
    "layer_23": {
      "n_total": 500,
      "n_valid": 500,
      "acc": 0.628,
      "f1": 0.43636363636363634,
      "pre": 0.9,
      "recall": 0.288,
      "auroc": 0.585536,
      "optimal_threshold": 7.516993999481201,
      "tpr_at_fpr_0_01": 0.256,
      "fpr95": 0.932,