{
  "args": {
    "model": "llama_8b",
    "dataset": "m4_multilingual",
    "mode": "last_token",
    "centering": false,
    "prefix": false,
    "smoke_test": false,
    "ood": false,
    "ood_set": "",
    "manifold": true,
    "pca_components": 10
  },
  "steering_domain": "m4_multilingual",
  "eval_domain": "m4_multilingual",
  "n_samples": 500,
  "n_layers": 33,
  "metrics_per_layer": {
    "layer_1": {
      "n_total": 500,
      "n_valid": 500,
      "acc": 0.582,
      "f1": 0.6390328151986183,
      "pre": 0.5623100303951368,
      "recall": 0.74,
      "auroc": 0.5792879999999999,
      "optimal_threshold": 0.019365761429071426,
      "tpr_at_fpr_0_01": 0.0,
      "fpr95": 0.852,
      "aupr": 0.5450376141216211
    },
    "layer_2": {
      "n_total": 500,
      "n_valid": 500,
      "acc": 0.608,
      "f1": 0.43023255813953487,
      "pre": 0.7872340425531915,
      "recall": 0.296,
      "auroc": 0.590416,
      "optimal_threshold": 0.18276073038578033,
      "tpr_at_fpr_0_01": 0.144,
      "fpr95": 0.848,
      "aupr": 0.6527476732754754
    },
    "layer_3": {
      "n_total": 500,
      "n_valid": 500,
      "acc": 0.59,
      "f1": 0.36923076923076925,
      "pre": 0.8,
      "recall": 0.24,
      "auroc": 0.5693280000000001,
      "optimal_threshold": 0.40827643871307373,
      "tpr_at_fpr_0_01": 0.172,
      "fpr95": 0.872,
      "aupr": 0.6399017301717289
    },
    "layer_4": {
      "n_total": 500,
      "n_valid": 500,
      "acc": 0.616,
      "f1": 0.41818181818181815,
      "pre": 0.8625,
      "recall": 0.276,
      "auroc": 0.5771040000000001,
      "optimal_threshold": 0.6946967244148254,
      "tpr_at_fpr_0_01": 0.18,
      "fpr95": 0.884,
      "aupr": 0.6560155678072667
    },
    "layer_5": {
      "n_total": 500,
      "n_valid": 500,
      "acc": 0.632,
      "f1": 0.4556213017751479,
      "pre": 0.875,
      "recall": 0.308,
      "auroc": 0.6005440000000001,
      "optimal_threshold": 0.7962419986724854,
      "tpr_at_fpr_0_01": 0.228,
      "fpr95": 0.832,
      "aupr": 0.6766625229185086
    },
    "layer_6": {
      "n_total": 500,
      "n_valid": 500,
      "acc": 0.636,
      "f1": 0.47398843930635837,
      "pre": 0.8541666666666666,
      "recall": 0.328,
      "auroc": 0.63768,
      "optimal_threshold": 0.981505811214447,
      "tpr_at_fpr_0_01": 0.2,
      "fpr95": 0.752,
      "aupr": 0.6938348351959912
    },
    "layer_7": {
      "n_total": 500,
      "n_valid": 500,
      "acc": 0.638,
      "f1": 0.5013774104683195,
      "pre": 0.8053097345132744,
      "recall": 0.364,
      "auroc": 0.633632,
      "optimal_threshold": 1.1243287324905396,
      "tpr_at_fpr_0_01": 0.216,
      "fpr95": 0.784,
      "aupr": 0.6935236800182922
    },
    "layer_8": {
      "n_total": 500,
      "n_valid": 500,
      "acc": 0.638,
      "f1": 0.5068119891008175,
      "pre": 0.7948717948717948,
      "recall": 0.372,
      "auroc": 0.6333759999999999,
      "optimal_threshold": 1.0996110439300537,
      "tpr_at_fpr_0_01": 0.208,
      "fpr95": 0.764,
      "aupr": 0.6897902693530908
    },
    "layer_9": {
      "n_total": 500,
      "n_valid": 500,
      "acc": 0.632,
      "f1": 0.4888888888888889,
      "pre": 0.8,
      "recall": 0.352,
      "auroc": 0.632512,
      "optimal_threshold": 1.4262547492980957,
      "tpr_at_fpr_0_01": 0.22,
      "fpr95": 0.76,
      "aupr": 0.6929928352671795
    },
    "layer_10": {
      "n_total": 500,
      "n_valid": 500,
      "acc": 0.636,
      "f1": 0.5357142857142857,
      "pre": 0.7394366197183099,
      "recall": 0.42,
      "auroc": 0.6577600000000001,
      "optimal_threshold": 1.2925729751586914,
      "tpr_at_fpr_0_01": 0.184,
      "fpr95": 0.788,
      "aupr": 0.7122098647024742
    },
    "layer_11": {
      "n_total": 500,
      "n_valid": 500,
      "acc": 0.644,
      "f1": 0.4764705882352941,
      "pre": 0.9,
      "recall": 0.324,
      "auroc": 0.681184,
      "optimal_threshold": 1.8924639225006104,
      "tpr_at_fpr_0_01": 0.22,
      "fpr95": 0.796,
      "aupr": 0.7302761768549593
    },
    "layer_12": {
      "n_total": 500,
      "n_valid": 500,
      "acc": 0.634,
      "f1": 0.5013623978201635,
      "pre": 0.7863247863247863,
      "recall": 0.368,
      "auroc": 0.632208,
      "optimal_threshold": 1.9316970109939575,
      "tpr_at_fpr_0_01": 0.204,
      "fpr95": 0.824,
      "aupr": 0.6982962131538079
    },
    "layer_13": {
      "n_total": 500,
      "n_valid": 500,
      "acc": 0.624,
      "f1": 0.4835164835164835,
      "pre": 0.7719298245614035,
      "recall": 0.352,
      "auroc": 0.615088,
      "optimal_threshold": 1.9905716180801392,
      "tpr_at_fpr_0_01": 0.192,
      "fpr95": 0.852,
      "aupr": 0.6848274756350112
    },
    "layer_14": {
      "n_total": 500,
      "n_valid": 500,
      "acc": 0.628,
      "f1": 0.45930232558139533,
      "pre": 0.8404255319148937,
      "recall": 0.316,
      "auroc": 0.6210559999999999,
      "optimal_threshold": 2.4607343673706055,
      "tpr_at_fpr_0_01": 0.204,
      "fpr95": 0.824,
      "aupr": 0.6890410835262539
    },
    "layer_15": {
      "n_total": 500,
      "n_valid": 500,
      "acc": 0.632,
      "f1": 0.4619883040935672,
      "pre": 0.8586956521739131,
      "recall": 0.316,
      "auroc": 0.634736,
      "optimal_threshold": 2.6059346199035645,
      "tpr_at_fpr_0_01": 0.192,
      "fpr95": 0.808,
      "aupr": 0.6938730762795489
    },
    "layer_16": {
      "n_total": 500,
      "n_valid": 500,
      "acc": 0.624,
      "f1": 0.43373493975903615,
      "pre": 0.8780487804878049,
      "recall": 0.288,
      "auroc": 0.636656,
      "optimal_threshold": 3.2562942504882812,
      "tpr_at_fpr_0_01": 0.144,
      "fpr95": 0.792,
      "aupr": 0.6866770367867873
    },
    "layer_17": {
      "n_total": 500,
      "n_valid": 500,
      "acc": 0.634,
      "f1": 0.46647230320699706,
      "pre": 0.8602150537634409,
      "recall": 0.32,
      "auroc": 0.6069760000000001,
      "optimal_threshold": 3.5333685874938965,
      "tpr_at_fpr_0_01": 0.22,
      "fpr95": 0.868,
      "aupr": 0.678495169954352
    },
    "layer_18": {
      "n_total": 500,
      "n_valid": 500,
      "acc": 0.634,
      "f1": 0.46956521739130436,
      "pre": 0.8526315789473684,
      "recall": 0.324,
      "auroc": 0.618576,
      "optimal_threshold": 3.9374587535858154,
      "tpr_at_fpr_0_01": 0.228,
      "fpr95": 0.824,
      "aupr": 0.6905162461067281
    },
    "layer_19": {
      "n_total": 500,
      "n_valid": 500,
      "acc": 0.632,
      "f1": 0.480225988700565,
      "pre": 0.8173076923076923,
      "recall": 0.34,
      "auroc": 0.60744,
      "optimal_threshold": 4.368307113647461,
      "tpr_at_fpr_0_01": 0.236,
      "fpr95": 0.888,
      "aupr": 0.6858360687634498
    },
    "layer_20": {
      "n_total": 500,
      "n_valid": 500,
      "acc": 0.634,
      "f1": 0.5145888594164456,
      "pre": 0.7637795275590551,
      "recall": 0.388,
      "auroc": 0.6108159999999999,
      "optimal_threshold": 4.6363525390625,
      "tpr_at_fpr_0_01": 0.268,
      "fpr95": 0.908,
      "aupr": 0.6940809087026947
    },
    "layer_21": {
      "n_total": 500,
      "n_valid": 500,
      "acc": 0.63,
      "f1": 0.4699140401146132,
      "pre": 0.8282828282828283,
      "recall": 0.328,
      "auroc": 0.6107199999999999,
      "optimal_threshold": 5.375481605529785,
      "tpr_at_fpr_0_01": 0.232,
      "fpr95": 0.924,
      "aupr": 0.6905263145002581
    },
    "layer_22": {
      "n_total": 500,
      "n_valid": 500,
      "acc": 0.622,
      "f1": 0.4148606811145511,
      "pre": 0.9178082191780822,
      "recall": 0.268,
      "auroc": 0.6144959999999999,
      "optimal_threshold": 6.513147354125977,
      "tpr_at_fpr_0_01": 0.236,
      "fpr95": 0.892,
      "aupr": 0.6889302459677429
    },
    "layer_23": {
      "n_total": 500,
      "n_valid": 500,
      "acc": 0.63,
      "f1": 0.47592067988668557,
      "pre": 0.8155339805825242,
      "recall": 0.336,