{
  "metrics": {
    "n_total": 500,
    "n_valid": 500,
    "acc": 0.862,
    "f1": 0.8611670020120724,
    "pre": 0.8663967611336032,
    "recall": 0.856,
    "auroc": 0.908752,
    "optimal_threshold": 0.518505871295929,
    "tpr_at_fpr_0_01": 0.168,
    "fpr95": 0.412,
    "aupr": 0.8983949967994858
  },
  "args": {
    "dataset": "multisocial_full",
    "model": "encoder",
    "smoke_test": false,
    "prefix": false,
    "base_model_1": "meta-llama/Meta-Llama-3-8B",
    "base_model_2": "meta-llama/Meta-Llama-3-8B-instruct",
    "n": 500
  }
}