{
  "metrics": {
    "n_total": 500,
    "n_valid": 500,
    "acc": 0.94,
    "f1": 0.9420849420849421,
    "pre": 0.9104477611940298,
    "recall": 0.976,
    "auroc": 0.983968,
    "optimal_threshold": 0.7145818471908569,
    "tpr_at_fpr_0_01": 0.8,
    "fpr95": 0.084,
    "aupr": 0.9856118525093108
  },
  "args": {
    "dataset": "tsm_sums_en_deepseek",
    "model": "encoder",
    "smoke_test": false,
    "prefix": false,
    "base_model_1": "meta-llama/Meta-Llama-3-8B",
    "base_model_2": "meta-llama/Meta-Llama-3-8B-instruct",
    "n": 500
  }
}