{
  "metrics": {
    "n_total": 500,
    "n_valid": 500,
    "acc": 0.754,
    "f1": 0.7021791767554479,
    "pre": 0.8895705521472392,
    "recall": 0.58,
    "auroc": 0.806608,
    "optimal_threshold": 0.8804161548614502,
    "tpr_at_fpr_0_01": 0.204,
    "fpr95": 0.636,
    "aupr": 0.8332672016890721
  },
  "args": {
    "dataset": "m4_multilingual",
    "model": "encoder",
    "smoke_test": false,
    "prefix": false,
    "base_model_1": "meta-llama/Meta-Llama-3-8B",
    "base_model_2": "meta-llama/Meta-Llama-3-8B-instruct",
    "n": 500
  }
}