{
  "metrics": {
    "n_total": 498,
    "n_valid": 498,
    "acc": 0.9016064257028112,
    "f1": 0.8937093275488069,
    "pre": 0.9716981132075472,
    "recall": 0.8273092369477911,
    "auroc": 0.9640650957242625,
    "optimal_threshold": 0.8326370120048523,
    "tpr_at_fpr_0_01": 0.7429718875502008,
    "fpr95": 0.24096385542168675,
    "aupr": 0.9701691141139113
  },
  "args": {
    "dataset": "tsm_paras_en_first_deepseek",
    "model": "encoder",
    "smoke_test": false,
    "prefix": false,
    "base_model_1": "meta-llama/Meta-Llama-3-8B",
    "base_model_2": "meta-llama/Meta-Llama-3-8B-instruct",
    "n": 498
  }
}