{
  "metrics": {
    "n_total": 498,
    "n_valid": 498,
    "acc": 0.5200803212851406,
    "f1": 0.49471458773784355,
    "pre": 0.5223214285714286,
    "recall": 0.46987951807228917,
    "auroc": 0.5150239512265931,
    "optimal_threshold": 2.296875,
    "tpr_at_fpr_0_01": 0.01606425702811245,
    "fpr95": 0.9397590361445783,
    "aupr": 0.5204502180705237
  },
  "args": {
    "dataset": "tsm_paras_en_first_deepseek",
    "model": "entropy",
    "smoke_test": false,
    "prefix": false,
    "base_model_1": "meta-llama/Meta-Llama-3-8B",
    "base_model_2": "meta-llama/Meta-Llama-3-8B-instruct",
    "n": 498
  }
}