{
  "metrics": {
    "n_total": 500,
    "n_valid": 500,
    "acc": 0.64,
    "f1": 0.5588235294117647,
    "pre": 0.7215189873417721,
    "recall": 0.456,
    "auroc": 0.6633199999999999,
    "optimal_threshold": 0.78125,
    "tpr_at_fpr_0_01": 0.024,
    "fpr95": 0.904,
    "aupr": 0.6591479686538408
  },
  "args": {
    "dataset": "m4_multilingual",
    "model": "fastdetectgpt",
    "smoke_test": false,
    "prefix": false,
    "base_model_1": "meta-llama/Meta-Llama-3-8B",
    "base_model_2": "meta-llama/Meta-Llama-3-8B-instruct",
    "n": 500
  }
}