{
  "metrics": {
    "n_total": 500,
    "n_valid": 500,
    "acc": 0.568,
    "f1": 0.6326530612244898,
    "pre": 0.5502958579881657,
    "recall": 0.744,
    "auroc": 0.545344,
    "optimal_threshold": 1.9970680222349118,
    "tpr_at_fpr_0_01": 0.004,
    "fpr95": 0.876,
    "aupr": 0.5173209838406246
  },
  "args": {
    "dataset": "tsm_sums_en_deepseek",
    "model": "llr",
    "smoke_test": false,
    "prefix": false,
    "base_model_1": "meta-llama/Meta-Llama-3-8B",
    "base_model_2": "meta-llama/Meta-Llama-3-8B-instruct",
    "n": 500
  }
}