{
  "metrics": {
    "n_total": 498,
    "n_valid": 498,
    "acc": 0.5040160642570282,
    "f1": 0.01593625498007968,
    "pre": 1.0,
    "recall": 0.008032128514056224,
    "auroc": 0.40500959661940933,
    "optimal_threshold": 2.372803999798467,
    "tpr_at_fpr_0_01": 0.012048192771084338,
    "fpr95": 0.9598393574297188,
    "aupr": 0.44932461198577084
  },
  "args": {
    "dataset": "tsm_paras_en_first_deepseek",
    "model": "llr",
    "smoke_test": false,
    "prefix": false,
    "base_model_1": "meta-llama/Meta-Llama-3-8B",
    "base_model_2": "meta-llama/Meta-Llama-3-8B-instruct",
    "n": 498
  }
}