{
  "metrics": {
    "n_total": 500,
    "n_valid": 500,
    "acc": 0.562,
    "f1": 0.2576271186440678,
    "pre": 0.8444444444444444,
    "recall": 0.152,
    "auroc": 0.30753600000000003,
    "optimal_threshold": 185.64427185058594,
    "tpr_at_fpr_0_01": 0.008,
    "fpr95": 1.0,
    "aupr": 0.4659535231733524
  },
  "args": {
    "dataset": "m4_multilingual",
    "model": "rank",
    "smoke_test": false,
    "prefix": false,
    "base_model_1": "meta-llama/Meta-Llama-3-8B",
    "base_model_2": "meta-llama/Meta-Llama-3-8B-instruct",
    "n": 500
  }
}