{
  "metrics": {
    "n_total": 500,
    "n_valid": 500,
    "acc": 0.508,
    "f1": 0.6544943820224719,
    "pre": 0.5043290043290043,
    "recall": 0.932,
    "auroc": 0.4836,
    "optimal_threshold": 10.726496696472168,
    "tpr_at_fpr_0_01": 0.0,
    "fpr95": 0.952,
    "aupr": 0.483273787535495
  },
  "args": {
    "dataset": "tsm_sums_en_deepseek",
    "model": "rank",
    "smoke_test": false,
    "prefix": false,
    "base_model_1": "meta-llama/Meta-Llama-3-8B",
    "base_model_2": "meta-llama/Meta-Llama-3-8B-instruct",
    "n": 500
  }
}