{
  "metrics": {
    "n_total": 498,
    "n_valid": 498,
    "acc": 0.5823293172690763,
    "f1": 0.6090225563909775,
    "pre": 0.5724381625441696,
    "recall": 0.6506024096385542,
    "auroc": 0.597006499895163,
    "optimal_threshold": 46.171974182128906,
    "tpr_at_fpr_0_01": 0.008032128514056224,
    "fpr95": 0.9116465863453815,
    "aupr": 0.5857415378622777
  },
  "args": {
    "dataset": "tsm_paras_en_first_deepseek",
    "model": "rank",
    "smoke_test": false,
    "prefix": false,
    "base_model_1": "meta-llama/Meta-Llama-3-8B",
    "base_model_2": "meta-llama/Meta-Llama-3-8B-instruct",
    "n": 498
  }
}