{
  "args": {
    "model": "llama_8b",
    "dataset": "tsm_multi",
    "mode": "lda",
    "token_mode": "last_token",
    "prefix": false,
    "smoke_test": false,
    "ood": [],
    "pca_components": 0,
    "normalize_scores": true,
    "ablation_set": "human",
    "manifold": true
  },
  "steering_domain": "tsm_multi",
  "eval_domain": "tsm_multi",
  "n_samples": 500,
  "n_layers": 33,
  "metrics_per_layer": {
    "layer_1": {
      "n_total": 500,
      "n_valid": 500,
      "n_val_total": 500,
      "n_val_valid": 500,
      "acc": 0.536,
      "f1": 0.6732394366197183,
      "pre": 0.5195652173913043,
      "recall": 0.956,
      "auroc": 0.5483359999999999,
      "optimal_threshold": 0.3881041705608368,
      "tpr_at_fpr_0_01": 0.028,
      "fpr95": 0.884,
      "aupr": 0.532427069156568
    },
    "layer_2": {
      "n_total": 500,
      "n_valid": 500,
      "n_val_total": 500,
      "n_val_valid": 500,
      "acc": 0.704,
      "f1": 0.6903765690376569,
      "pre": 0.7236842105263158,
      "recall": 0.66,
      "auroc": 0.7594719999999999,
      "optimal_threshold": 0.49016278982162476,
      "tpr_at_fpr_0_01": 0.1,
      "fpr95": 0.816,
      "aupr": 0.7593816378363097
    },
    "layer_3": {
      "n_total": 500,
      "n_valid": 500,
      "n_val_total": 500,
      "n_val_valid": 500,
      "acc": 0.696,
      "f1": 0.6724137931034483,
      "pre": 0.7289719626168224,
      "recall": 0.624,
      "auroc": 0.757792,
      "optimal_threshold": 0.5495109558105469,
      "tpr_at_fpr_0_01": 0.0,
      "fpr95": 0.78,
      "aupr": 0.7463572498351908
    },
    "layer_4": {
      "n_total": 500,
      "n_valid": 500,
      "n_val_total": 500,
      "n_val_valid": 500,
      "acc": 0.724,
      "f1": 0.6714285714285714,
      "pre": 0.8294117647058824,
      "recall": 0.564,
      "auroc": 0.811184,
      "optimal_threshold": 0.6406922340393066,
      "tpr_at_fpr_0_01": 0.164,
      "fpr95": 0.752,
      "aupr": 0.8131695122402083
    },
    "layer_5": {
      "n_total": 500,
      "n_valid": 500,
      "n_val_total": 500,
      "n_val_valid": 500,
      "acc": 0.772,
      "f1": 0.7466666666666667,
      "pre": 0.84,
      "recall": 0.672,
      "auroc": 0.8668560000000001,
      "optimal_threshold": 0.5919268131256104,
      "tpr_at_fpr_0_01": 0.288,
      "fpr95": 0.54,
      "aupr": 0.8735561921920356
    },
    "layer_6": {
      "n_total": 500,
      "n_valid": 500,
      "n_val_total": 500,
      "n_val_valid": 500,
      "acc": 0.792,
      "f1": 0.7636363636363637,
      "pre": 0.8842105263157894,
      "recall": 0.672,
      "auroc": 0.9160560000000002,
      "optimal_threshold": 0.5569348931312561,
      "tpr_at_fpr_0_01": 0.484,
      "fpr95": 0.384,
      "aupr": 0.9222349096126603
    },
    "layer_7": {
      "n_total": 500,
      "n_valid": 500,
      "n_val_total": 500,
      "n_val_valid": 500,
      "acc": 0.82,
      "f1": 0.8026315789473685,
      "pre": 0.8883495145631068,
      "recall": 0.732,
      "auroc": 0.9009440000000001,
      "optimal_threshold": 0.5525617599487305,
      "tpr_at_fpr_0_01": 0.244,
      "fpr95": 0.464,
      "aupr": 0.9089473413295142
    },
    "layer_8": {
      "n_total": 500,
      "n_valid": 500,
      "n_val_total": 500,
      "n_val_valid": 500,
      "acc": 0.82,
      "f1": 0.8076923076923077,
      "pre": 0.8669724770642202,
      "recall": 0.756,
      "auroc": 0.904864,
      "optimal_threshold": 0.526808500289917,
      "tpr_at_fpr_0_01": 0.38,
      "fpr95": 0.496,
      "aupr": 0.9120458379818295
    },
    "layer_9": {
      "n_total": 500,
      "n_valid": 500,
      "n_val_total": 500,
      "n_val_valid": 500,
      "acc": 0.828,
      "f1": 0.8105726872246696,
      "pre": 0.9019607843137255,
      "recall": 0.736,
      "auroc": 0.8887999999999999,
      "optimal_threshold": 0.5601712465286255,
      "tpr_at_fpr_0_01": 0.268,
      "fpr95": 0.528,
      "aupr": 0.8942861178096602
    },
    "layer_10": {
      "n_total": 500,
      "n_valid": 500,
      "n_val_total": 500,
      "n_val_valid": 500,
      "acc": 0.828,
      "f1": 0.8208333333333333,
      "pre": 0.8565217391304348,
      "recall": 0.788,
      "auroc": 0.9119839999999999,
      "optimal_threshold": 0.5495631694793701,
      "tpr_at_fpr_0_01": 0.292,
      "fpr95": 0.448,
      "aupr": 0.9175123493281487
    },
    "layer_11": {
      "n_total": 500,
      "n_valid": 500,
      "n_val_total": 500,
      "n_val_valid": 500,
      "acc": 0.846,
      "f1": 0.8351177730192719,
      "pre": 0.8986175115207373,
      "recall": 0.78,
      "auroc": 0.927776,
      "optimal_threshold": 0.5791559815406799,
      "tpr_at_fpr_0_01": 0.584,
      "fpr95": 0.488,
      "aupr": 0.9396666202263513
    },
    "layer_12": {
      "n_total": 500,
      "n_valid": 500,
      "n_val_total": 500,
      "n_val_valid": 500,
      "acc": 0.856,
      "f1": 0.8427947598253275,
      "pre": 0.9278846153846154,
      "recall": 0.772,
      "auroc": 0.92752,
      "optimal_threshold": 0.5807756781578064,
      "tpr_at_fpr_0_01": 0.532,
      "fpr95": 0.432,
      "aupr": 0.9378215497482673
    },
    "layer_13": {
      "n_total": 500,
      "n_valid": 500,
      "n_val_total": 500,
      "n_val_valid": 500,
      "acc": 0.82,
      "f1": 0.8068669527896996,
      "pre": 0.8703703703703703,
      "recall": 0.752,
      "auroc": 0.9156960000000001,
      "optimal_threshold": 0.5719187259674072,
      "tpr_at_fpr_0_01": 0.448,
      "fpr95": 0.496,
      "aupr": 0.924053117460985
    },
    "layer_14": {
      "n_total": 500,
      "n_valid": 500,
      "n_val_total": 500,
      "n_val_valid": 500,
      "acc": 0.828,
      "f1": 0.8063063063063063,
      "pre": 0.9226804123711341,
      "recall": 0.716,
      "auroc": 0.9142399999999999,
      "optimal_threshold": 0.597776472568512,
      "tpr_at_fpr_0_01": 0.404,
      "fpr95": 0.512,
      "aupr": 0.9220505461190792
    },
    "layer_15": {
      "n_total": 500,
      "n_valid": 500,
      "n_val_total": 500,
      "n_val_valid": 500,
      "acc": 0.828,
      "f1": 0.8122270742358079,
      "pre": 0.8942307692307693,
      "recall": 0.744,
      "auroc": 0.908144,
      "optimal_threshold": 0.5569006204605103,
      "tpr_at_fpr_0_01": 0.456,
      "fpr95": 0.452,
      "aupr": 0.9168685447761233
    },
    "layer_16": {
      "n_total": 500,
      "n_valid": 500,
      "n_val_total": 500,
      "n_val_valid": 500,
      "acc": 0.804,
      "f1": 0.7802690582959642,
      "pre": 0.8877551020408163,
      "recall": 0.696,
      "auroc": 0.897976,
      "optimal_threshold": 0.5895581245422363,
      "tpr_at_fpr_0_01": 0.336,
      "fpr95": 0.504,
      "aupr": 0.9063612952908188
    },
    "layer_17": {
      "n_total": 500,
      "n_valid": 500,
      "n_val_total": 500,
      "n_val_valid": 500,
      "acc": 0.814,
      "f1": 0.7862068965517242,
      "pre": 0.9243243243243243,
      "recall": 0.684,
      "auroc": 0.911712,
      "optimal_threshold": 0.6165845990180969,
      "tpr_at_fpr_0_01": 0.296,
      "fpr95": 0.508,
      "aupr": 0.9129642639408462
    },
    "layer_18": {
      "n_total": 500,
      "n_valid": 500,
      "n_val_total": 500,
      "n_val_valid": 500,
      "acc": 0.788,
      "f1": 0.7523364485981309,
      "pre": 0.9044943820224719,
      "recall": 0.644,
      "auroc": 0.9028160000000001,
      "optimal_threshold": 0.6495971083641052,
      "tpr_at_fpr_0_01": 0.3,
      "fpr95": 0.412,
      "aupr": 0.8980588058681508
    },
    "layer_19": {
      "n_total": 500,
      "n_valid": 500,
      "n_val_total": 500,
      "n_val_valid": 500,
      "acc": 0.796,
      "f1": 0.7671232876712328,
      "pre": 0.8936170212765957,
      "recall": 0.672,
      "auroc": 0.914048,
      "optimal_threshold": 0.6492793560028076,
      "tpr_at_fpr_0_01": 0.456,
      "fpr95": 0.364,
      "aupr": 0.915570010974947
    },
    "layer_20": {
      "n_total": 500,
      "n_valid": 500,
      "n_val_total": 500,
      "n_val_valid": 500,
      "acc": 0.786,