{
  "args": {
    "model": "llama_8b",
    "dataset": "m4_multi",
    "mode": "lda",
    "token_mode": "last_token",
    "prefix": false,
    "smoke_test": false,
    "ood": [],
    "pca_components": 0,
    "normalize_scores": true,
    "ablation_set": "human",
    "manifold": true
  },
  "steering_domain": "m4_multi",
  "eval_domain": "m4_multi",
  "n_samples": 500,
  "n_layers": 33,
  "metrics_per_layer": {
    "layer_1": {
      "n_total": 500,
      "n_valid": 500,
      "n_val_total": 500,
      "n_val_valid": 500,
      "acc": 0.782,
      "f1": 0.7970204841713222,
      "pre": 0.7456445993031359,
      "recall": 0.856,
      "auroc": 0.8128,
      "optimal_threshold": 0.6793280839920044,
      "tpr_at_fpr_0_01": 0.064,
      "fpr95": 0.428,
      "aupr": 0.7549724991727711
    },
    "layer_2": {
      "n_total": 500,
      "n_valid": 500,
      "n_val_total": 500,
      "n_val_valid": 500,
      "acc": 0.832,
      "f1": 0.8090909090909091,
      "pre": 0.9368421052631579,
      "recall": 0.712,
      "auroc": 0.9168799999999998,
      "optimal_threshold": 0.5853140950202942,
      "tpr_at_fpr_0_01": 0.604,
      "fpr95": 0.42,
      "aupr": 0.9313427775349695
    },
    "layer_3": {
      "n_total": 500,
      "n_valid": 500,
      "n_val_total": 500,
      "n_val_valid": 500,
      "acc": 0.842,
      "f1": 0.8308351177730193,
      "pre": 0.8940092165898618,
      "recall": 0.776,
      "auroc": 0.9330080000000001,
      "optimal_threshold": 0.5467674136161804,
      "tpr_at_fpr_0_01": 0.516,
      "fpr95": 0.344,
      "aupr": 0.9363917028834143
    },
    "layer_4": {
      "n_total": 500,
      "n_valid": 500,
      "n_val_total": 500,
      "n_val_valid": 500,
      "acc": 0.838,
      "f1": 0.8137931034482758,
      "pre": 0.9567567567567568,
      "recall": 0.708,
      "auroc": 0.9478719999999999,
      "optimal_threshold": 0.6566689610481262,
      "tpr_at_fpr_0_01": 0.548,
      "fpr95": 0.252,
      "aupr": 0.9525619813576018
    },
    "layer_5": {
      "n_total": 500,
      "n_valid": 500,
      "n_val_total": 500,
      "n_val_valid": 500,
      "acc": 0.776,
      "f1": 0.7142857142857143,
      "pre": 0.9859154929577465,
      "recall": 0.56,
      "auroc": 0.9665760000000001,
      "optimal_threshold": 0.7588529586791992,
      "tpr_at_fpr_0_01": 0.62,
      "fpr95": 0.16,
      "aupr": 0.9688431172461595
    },
    "layer_6": {
      "n_total": 500,
      "n_valid": 500,
      "n_val_total": 500,
      "n_val_valid": 500,
      "acc": 0.776,
      "f1": 0.711340206185567,
      "pre": 1.0,
      "recall": 0.552,
      "auroc": 0.976096,
      "optimal_threshold": 0.7691345810890198,
      "tpr_at_fpr_0_01": 0.736,
      "fpr95": 0.128,
      "aupr": 0.9778996947231523
    },
    "layer_7": {
      "n_total": 500,
      "n_valid": 500,
      "n_val_total": 500,
      "n_val_valid": 500,
      "acc": 0.756,
      "f1": 0.6772486772486772,
      "pre": 1.0,
      "recall": 0.512,
      "auroc": 0.975728,
      "optimal_threshold": 0.8022882342338562,
      "tpr_at_fpr_0_01": 0.748,
      "fpr95": 0.188,
      "aupr": 0.9774212691964789
    },
    "layer_8": {
      "n_total": 500,
      "n_valid": 500,
      "n_val_total": 500,
      "n_val_valid": 500,
      "acc": 0.756,
      "f1": 0.6772486772486772,
      "pre": 1.0,
      "recall": 0.512,
      "auroc": 0.978752,
      "optimal_threshold": 0.7972654104232788,
      "tpr_at_fpr_0_01": 0.712,
      "fpr95": 0.104,
      "aupr": 0.9797366777987576
    },
    "layer_9": {
      "n_total": 500,
      "n_valid": 500,
      "n_val_total": 500,
      "n_val_valid": 500,
      "acc": 0.734,
      "f1": 0.6395663956639567,
      "pre": 0.9915966386554622,
      "recall": 0.472,
      "auroc": 0.974472,
      "optimal_threshold": 0.8171793222427368,
      "tpr_at_fpr_0_01": 0.752,
      "fpr95": 0.148,
      "aupr": 0.976621552619839
    },
    "layer_10": {
      "n_total": 500,
      "n_valid": 500,
      "n_val_total": 500,
      "n_val_valid": 500,
      "acc": 0.764,
      "f1": 0.6927083333333334,
      "pre": 0.9925373134328358,
      "recall": 0.532,
      "auroc": 0.9750239999999999,
      "optimal_threshold": 0.7913703322410583,
      "tpr_at_fpr_0_01": 0.664,
      "fpr95": 0.112,
      "aupr": 0.9764068069400241
    },
    "layer_11": {
      "n_total": 500,
      "n_valid": 500,
      "n_val_total": 500,
      "n_val_valid": 500,
      "acc": 0.742,
      "f1": 0.6522911051212938,
      "pre": 1.0,
      "recall": 0.484,
      "auroc": 0.980512,
      "optimal_threshold": 0.8181952834129333,
      "tpr_at_fpr_0_01": 0.696,
      "fpr95": 0.06,
      "aupr": 0.9830239041587845
    },
    "layer_12": {
      "n_total": 500,
      "n_valid": 500,
      "n_val_total": 500,
      "n_val_valid": 500,
      "acc": 0.754,
      "f1": 0.6737400530503979,
      "pre": 1.0,
      "recall": 0.508,
      "auroc": 0.98472,
      "optimal_threshold": 0.8284009099006653,
      "tpr_at_fpr_0_01": 0.808,
      "fpr95": 0.052,
      "aupr": 0.9867838593202625
    },
    "layer_13": {
      "n_total": 500,
      "n_valid": 500,
      "n_val_total": 500,
      "n_val_valid": 500,
      "acc": 0.774,
      "f1": 0.7080103359173127,
      "pre": 1.0,
      "recall": 0.548,
      "auroc": 0.980256,
      "optimal_threshold": 0.808199942111969,
      "tpr_at_fpr_0_01": 0.716,
      "fpr95": 0.088,
      "aupr": 0.9829312346794828
    },
    "layer_14": {
      "n_total": 500,
      "n_valid": 500,
      "n_val_total": 500,
      "n_val_valid": 500,
      "acc": 0.776,
      "f1": 0.711340206185567,
      "pre": 1.0,
      "recall": 0.552,
      "auroc": 0.977872,
      "optimal_threshold": 0.837698757648468,
      "tpr_at_fpr_0_01": 0.812,
      "fpr95": 0.112,
      "aupr": 0.9824313515822413
    },
    "layer_15": {
      "n_total": 500,
      "n_valid": 500,
      "n_val_total": 500,
      "n_val_valid": 500,
      "acc": 0.778,
      "f1": 0.7146529562982005,
      "pre": 1.0,
      "recall": 0.556,
      "auroc": 0.9872,
      "optimal_threshold": 0.8220396041870117,
      "tpr_at_fpr_0_01": 0.856,
      "fpr95": 0.072,
      "aupr": 0.9891752547143345
    },
    "layer_16": {
      "n_total": 500,
      "n_valid": 500,
      "n_val_total": 500,
      "n_val_valid": 500,
      "acc": 0.758,
      "f1": 0.6807387862796834,
      "pre": 1.0,
      "recall": 0.516,
      "auroc": 0.98648,
      "optimal_threshold": 0.8267760276794434,
      "tpr_at_fpr_0_01": 0.76,
      "fpr95": 0.068,
      "aupr": 0.9877402034120369
    },
    "layer_17": {
      "n_total": 500,
      "n_valid": 500,
      "n_val_total": 500,
      "n_val_valid": 500,
      "acc": 0.748,
      "f1": 0.6631016042780749,
      "pre": 1.0,
      "recall": 0.496,
      "auroc": 0.989552,
      "optimal_threshold": 0.8341001868247986,
      "tpr_at_fpr_0_01": 0.884,
      "fpr95": 0.072,
      "aupr": 0.9904707015197526
    },
    "layer_18": {
      "n_total": 500,
      "n_valid": 500,
      "n_val_total": 500,
      "n_val_valid": 500,
      "acc": 0.764,
      "f1": 0.6910994764397905,
      "pre": 1.0,
      "recall": 0.528,
      "auroc": 0.990032,
      "optimal_threshold": 0.8523497581481934,
      "tpr_at_fpr_0_01": 0.872,
      "fpr95": 0.052,
      "aupr": 0.9907225186190051
    },
    "layer_19": {
      "n_total": 500,
      "n_valid": 500,
      "n_val_total": 500,
      "n_val_valid": 500,
      "acc": 0.784,
      "f1": 0.7244897959183674,
      "pre": 1.0,
      "recall": 0.568,
      "auroc": 0.990128,
      "optimal_threshold": 0.8640797138214111,
      "tpr_at_fpr_0_01": 0.836,
      "fpr95": 0.036,
      "aupr": 0.9907307313821312
    },
    "layer_20": {
      "n_total": 500,
      "n_valid": 500,
      "n_val_total": 500,
      "n_val_valid": 500,
      "acc": 0.802,
      "f1": 0.7531172069825436,
      "pre": 1.0,
      "recall": 0.604,
      "auroc": 0.98984,
      "optimal_threshold": 0.8344155550003052,
      "tpr_at_fpr_0_01": 0.856,
      "fpr95": 0.056,
      "aupr": 0.990842582717703
    },