{
  "args": {
    "model": "llama_8b",
    "dataset": "editlens",
    "mode": "lda",
    "token_mode": "last_token",
    "prefix": false,
    "smoke_test": false,
    "ood": [],
    "pca_components": 0,
    "normalize_scores": true,
    "ablation_set": "human",
    "manifold": true
  },
  "steering_domain": "editlens",
  "eval_domain": "editlens",
  "n_samples": 500,
  "n_layers": 33,
  "metrics_per_layer": {
    "layer_1": {
      "n_total": 500,
      "n_valid": 500,
      "n_val_total": 500,
      "n_val_valid": 500,
      "acc": 0.614,
      "f1": 0.6861788617886179,
      "pre": 0.5780821917808219,
      "recall": 0.844,
      "auroc": 0.618424,
      "optimal_threshold": 0.5478626489639282,
      "tpr_at_fpr_0_01": 0.012,
      "fpr95": 0.844,
      "aupr": 0.5714212574924803
    },
    "layer_2": {
      "n_total": 500,
      "n_valid": 500,
      "n_val_total": 500,
      "n_val_valid": 500,
      "acc": 0.854,
      "f1": 0.8488612836438924,
      "pre": 0.8798283261802575,
      "recall": 0.82,
      "auroc": 0.919216,
      "optimal_threshold": 0.4437564015388489,
      "tpr_at_fpr_0_01": 0.572,
      "fpr95": 0.448,
      "aupr": 0.9327350722227885
    },
    "layer_3": {
      "n_total": 500,
      "n_valid": 500,
      "n_val_total": 500,
      "n_val_valid": 500,
      "acc": 0.85,
      "f1": 0.8427672955974843,
      "pre": 0.8854625550660793,
      "recall": 0.804,
      "auroc": 0.925648,
      "optimal_threshold": 0.477097749710083,
      "tpr_at_fpr_0_01": 0.564,
      "fpr95": 0.348,
      "aupr": 0.9293992887645226
    },
    "layer_4": {
      "n_total": 500,
      "n_valid": 500,
      "n_val_total": 500,
      "n_val_valid": 500,
      "acc": 0.848,
      "f1": 0.8473895582329317,
      "pre": 0.8508064516129032,
      "recall": 0.844,
      "auroc": 0.924432,
      "optimal_threshold": 0.45394226908683777,
      "tpr_at_fpr_0_01": 0.58,
      "fpr95": 0.46,
      "aupr": 0.9370667236651826
    },
    "layer_5": {
      "n_total": 500,
      "n_valid": 500,
      "n_val_total": 500,
      "n_val_valid": 500,
      "acc": 0.836,
      "f1": 0.8340080971659919,
      "pre": 0.8442622950819673,
      "recall": 0.824,
      "auroc": 0.9308639999999999,
      "optimal_threshold": 0.4632083773612976,
      "tpr_at_fpr_0_01": 0.568,
      "fpr95": 0.332,
      "aupr": 0.9406148539566556
    },
    "layer_6": {
      "n_total": 500,
      "n_valid": 500,
      "n_val_total": 500,
      "n_val_valid": 500,
      "acc": 0.856,
      "f1": 0.8421052631578947,
      "pre": 0.9320388349514563,
      "recall": 0.768,
      "auroc": 0.928304,
      "optimal_threshold": 0.5347393751144409,
      "tpr_at_fpr_0_01": 0.52,
      "fpr95": 0.412,
      "aupr": 0.9360546640271912
    },
    "layer_7": {
      "n_total": 500,
      "n_valid": 500,
      "n_val_total": 500,
      "n_val_valid": 500,
      "acc": 0.842,
      "f1": 0.832271762208068,
      "pre": 0.8868778280542986,
      "recall": 0.784,
      "auroc": 0.9180159999999999,
      "optimal_threshold": 0.4920349717140198,
      "tpr_at_fpr_0_01": 0.604,
      "fpr95": 0.496,
      "aupr": 0.9329366694105394
    },
    "layer_8": {
      "n_total": 500,
      "n_valid": 500,
      "n_val_total": 500,
      "n_val_valid": 500,
      "acc": 0.848,
      "f1": 0.8333333333333334,
      "pre": 0.9223300970873787,
      "recall": 0.76,
      "auroc": 0.91256,
      "optimal_threshold": 0.5298811793327332,
      "tpr_at_fpr_0_01": 0.548,
      "fpr95": 0.532,
      "aupr": 0.9310952187661868
    },
    "layer_9": {
      "n_total": 500,
      "n_valid": 500,
      "n_val_total": 500,
      "n_val_valid": 500,
      "acc": 0.832,
      "f1": 0.8165938864628821,
      "pre": 0.8990384615384616,
      "recall": 0.748,
      "auroc": 0.8901600000000001,
      "optimal_threshold": 0.5122368931770325,
      "tpr_at_fpr_0_01": 0.528,
      "fpr95": 0.676,
      "aupr": 0.9153860234857096
    },
    "layer_10": {
      "n_total": 500,
      "n_valid": 500,
      "n_val_total": 500,
      "n_val_valid": 500,
      "acc": 0.85,
      "f1": 0.838012958963283,
      "pre": 0.9107981220657277,
      "recall": 0.776,
      "auroc": 0.9059360000000002,
      "optimal_threshold": 0.5145745277404785,
      "tpr_at_fpr_0_01": 0.588,
      "fpr95": 0.612,
      "aupr": 0.9266183962809794
    },
    "layer_11": {
      "n_total": 500,
      "n_valid": 500,
      "n_val_total": 500,
      "n_val_valid": 500,
      "acc": 0.866,
      "f1": 0.8559139784946237,
      "pre": 0.9255813953488372,
      "recall": 0.796,
      "auroc": 0.9252480000000001,
      "optimal_threshold": 0.4927823841571808,
      "tpr_at_fpr_0_01": 0.656,
      "fpr95": 0.52,
      "aupr": 0.9440832411706672
    },
    "layer_12": {
      "n_total": 500,
      "n_valid": 500,
      "n_val_total": 500,
      "n_val_valid": 500,
      "acc": 0.884,
      "f1": 0.8776371308016878,
      "pre": 0.9285714285714286,
      "recall": 0.832,
      "auroc": 0.9369759999999999,
      "optimal_threshold": 0.49660834670066833,
      "tpr_at_fpr_0_01": 0.676,
      "fpr95": 0.428,
      "aupr": 0.9500193621863147
    },
    "layer_13": {
      "n_total": 500,
      "n_valid": 500,
      "n_val_total": 500,
      "n_val_valid": 500,
      "acc": 0.844,
      "f1": 0.8347457627118644,
      "pre": 0.8873873873873874,
      "recall": 0.788,
      "auroc": 0.9106079999999999,
      "optimal_threshold": 0.4954785704612732,
      "tpr_at_fpr_0_01": 0.528,
      "fpr95": 0.612,
      "aupr": 0.9297315272497079
    },
    "layer_14": {
      "n_total": 500,
      "n_valid": 500,
      "n_val_total": 500,
      "n_val_valid": 500,
      "acc": 0.862,
      "f1": 0.8522483940042827,
      "pre": 0.9170506912442397,
      "recall": 0.796,
      "auroc": 0.91632,
      "optimal_threshold": 0.5036011338233948,
      "tpr_at_fpr_0_01": 0.612,
      "fpr95": 0.588,
      "aupr": 0.9374212053431529
    },
    "layer_15": {
      "n_total": 500,
      "n_valid": 500,
      "n_val_total": 500,
      "n_val_valid": 500,
      "acc": 0.858,
      "f1": 0.8466522678185745,
      "pre": 0.92018779342723,
      "recall": 0.784,
      "auroc": 0.9222719999999999,
      "optimal_threshold": 0.5107945799827576,
      "tpr_at_fpr_0_01": 0.692,
      "fpr95": 0.544,
      "aupr": 0.941233271702719
    },
    "layer_16": {
      "n_total": 500,
      "n_valid": 500,
      "n_val_total": 500,
      "n_val_valid": 500,
      "acc": 0.834,
      "f1": 0.821505376344086,
      "pre": 0.8883720930232558,
      "recall": 0.764,
      "auroc": 0.911584,
      "optimal_threshold": 0.5157977938652039,
      "tpr_at_fpr_0_01": 0.596,
      "fpr95": 0.472,
      "aupr": 0.9308310613217371
    },
    "layer_17": {
      "n_total": 500,
      "n_valid": 500,
      "n_val_total": 500,
      "n_val_valid": 500,
      "acc": 0.864,
      "f1": 0.8521739130434782,
      "pre": 0.9333333333333333,
      "recall": 0.784,
      "auroc": 0.9224559999999999,
      "optimal_threshold": 0.5297738909721375,
      "tpr_at_fpr_0_01": 0.688,
      "fpr95": 0.532,
      "aupr": 0.9402262048204432
    },
    "layer_18": {
      "n_total": 500,
      "n_valid": 500,
      "n_val_total": 500,
      "n_val_valid": 500,
      "acc": 0.866,
      "f1": 0.859538784067086,
      "pre": 0.9030837004405287,
      "recall": 0.82,
      "auroc": 0.9336880000000001,
      "optimal_threshold": 0.5024729371070862,
      "tpr_at_fpr_0_01": 0.624,
      "fpr95": 0.408,
      "aupr": 0.9460336549550257
    },
    "layer_19": {
      "n_total": 500,
      "n_valid": 500,
      "n_val_total": 500,
      "n_val_valid": 500,
      "acc": 0.882,
      "f1": 0.8768267223382046,
      "pre": 0.9170305676855895,
      "recall": 0.84,
      "auroc": 0.9406079999999999,
      "optimal_threshold": 0.48768067359924316,
      "tpr_at_fpr_0_01": 0.668,
      "fpr95": 0.384,
      "aupr": 0.9526958299926698
    },
    "layer_20": {
      "n_total": 500,
      "n_valid": 500,
      "n_val_total": 500,
      "n_val_valid": 500,