{
  "args": {
    "model": "llama_8b",
    "dataset": "multisocial_full",
    "mode": "lda",
    "token_mode": "last_token",
    "prefix": false,
    "smoke_test": false,
    "ood": [],
    "pca_components": 0,
    "normalize_scores": true,
    "ablation_set": "human",
    "manifold": true
  },
  "steering_domain": "multisocial_full",
  "eval_domain": "multisocial_full",
  "n_samples": 500,
  "n_layers": 33,
  "metrics_per_layer": {
    "layer_1": {
      "n_total": 500,
      "n_valid": 500,
      "n_val_total": 500,
      "n_val_valid": 500,
      "acc": 0.71,
      "f1": 0.6681922196796338,
      "pre": 0.7807486631016043,
      "recall": 0.584,
      "auroc": 0.792232,
      "optimal_threshold": 0.6858172416687012,
      "tpr_at_fpr_0_01": 0.052,
      "fpr95": 0.716,
      "aupr": 0.7785790225018399
    },
    "layer_2": {
      "n_total": 500,
      "n_valid": 500,
      "n_val_total": 500,
      "n_val_valid": 500,
      "acc": 0.748,
      "f1": 0.7014218009478673,
      "pre": 0.8604651162790697,
      "recall": 0.592,
      "auroc": 0.84884,
      "optimal_threshold": 0.6109137535095215,
      "tpr_at_fpr_0_01": 0.256,
      "fpr95": 0.684,
      "aupr": 0.848297750080694
    },
    "layer_3": {
      "n_total": 500,
      "n_valid": 500,
      "n_val_total": 500,
      "n_val_valid": 500,
      "acc": 0.766,
      "f1": 0.7247058823529412,
      "pre": 0.88,
      "recall": 0.616,
      "auroc": 0.8837839999999999,
      "optimal_threshold": 0.6208779215812683,
      "tpr_at_fpr_0_01": 0.216,
      "fpr95": 0.464,
      "aupr": 0.872303064909504
    },
    "layer_4": {
      "n_total": 500,
      "n_valid": 500,
      "n_val_total": 500,
      "n_val_valid": 500,
      "acc": 0.818,
      "f1": 0.8108108108108109,
      "pre": 0.8441558441558441,
      "recall": 0.78,
      "auroc": 0.89288,
      "optimal_threshold": 0.5100157856941223,
      "tpr_at_fpr_0_01": 0.232,
      "fpr95": 0.44,
      "aupr": 0.8835745445303967
    },
    "layer_5": {
      "n_total": 500,
      "n_valid": 500,
      "n_val_total": 500,
      "n_val_valid": 500,
      "acc": 0.828,
      "f1": 0.8259109311740891,
      "pre": 0.8360655737704918,
      "recall": 0.816,
      "auroc": 0.913248,
      "optimal_threshold": 0.5162410140037537,
      "tpr_at_fpr_0_01": 0.404,
      "fpr95": 0.4,
      "aupr": 0.9174044607173768
    },
    "layer_6": {
      "n_total": 500,
      "n_valid": 500,
      "n_val_total": 500,
      "n_val_valid": 500,
      "acc": 0.81,
      "f1": 0.7965738758029979,
      "pre": 0.8571428571428571,
      "recall": 0.744,
      "auroc": 0.903856,
      "optimal_threshold": 0.552543044090271,
      "tpr_at_fpr_0_01": 0.32,
      "fpr95": 0.472,
      "aupr": 0.9075457823271394
    },
    "layer_7": {
      "n_total": 500,
      "n_valid": 500,
      "n_val_total": 500,
      "n_val_valid": 500,
      "acc": 0.832,
      "f1": 0.8141592920353983,
      "pre": 0.9108910891089109,
      "recall": 0.736,
      "auroc": 0.9117839999999999,
      "optimal_threshold": 0.598540723323822,
      "tpr_at_fpr_0_01": 0.396,
      "fpr95": 0.436,
      "aupr": 0.9154531531445942
    },
    "layer_8": {
      "n_total": 500,
      "n_valid": 500,
      "n_val_total": 500,
      "n_val_valid": 500,
      "acc": 0.812,
      "f1": 0.7863636363636364,
      "pre": 0.9105263157894737,
      "recall": 0.692,
      "auroc": 0.920336,
      "optimal_threshold": 0.6470499038696289,
      "tpr_at_fpr_0_01": 0.372,
      "fpr95": 0.368,
      "aupr": 0.9205223821278529
    },
    "layer_9": {
      "n_total": 500,
      "n_valid": 500,
      "n_val_total": 500,
      "n_val_valid": 500,
      "acc": 0.756,
      "f1": 0.6903553299492385,
      "pre": 0.9444444444444444,
      "recall": 0.544,
      "auroc": 0.922992,
      "optimal_threshold": 0.6979682445526123,
      "tpr_at_fpr_0_01": 0.44,
      "fpr95": 0.304,
      "aupr": 0.925610384132899
    },
    "layer_10": {
      "n_total": 500,
      "n_valid": 500,
      "n_val_total": 500,
      "n_val_valid": 500,
      "acc": 0.78,
      "f1": 0.7317073170731707,
      "pre": 0.9375,
      "recall": 0.6,
      "auroc": 0.922304,
      "optimal_threshold": 0.6758818626403809,
      "tpr_at_fpr_0_01": 0.284,
      "fpr95": 0.368,
      "aupr": 0.9152551653916596
    },
    "layer_11": {
      "n_total": 500,
      "n_valid": 500,
      "n_val_total": 500,
      "n_val_valid": 500,
      "acc": 0.758,
      "f1": 0.6921119592875318,
      "pre": 0.951048951048951,
      "recall": 0.544,
      "auroc": 0.9243520000000001,
      "optimal_threshold": 0.7211736440658569,
      "tpr_at_fpr_0_01": 0.392,
      "fpr95": 0.372,
      "aupr": 0.928601113893094
    },
    "layer_12": {
      "n_total": 500,
      "n_valid": 500,
      "n_val_total": 500,
      "n_val_valid": 500,
      "acc": 0.74,
      "f1": 0.6649484536082474,
      "pre": 0.9347826086956522,
      "recall": 0.516,
      "auroc": 0.9216160000000001,
      "optimal_threshold": 0.7292374968528748,
      "tpr_at_fpr_0_01": 0.34,
      "fpr95": 0.348,
      "aupr": 0.9203121713917065
    },
    "layer_13": {
      "n_total": 500,
      "n_valid": 500,
      "n_val_total": 500,
      "n_val_valid": 500,
      "acc": 0.732,
      "f1": 0.6436170212765957,
      "pre": 0.9603174603174603,
      "recall": 0.484,
      "auroc": 0.917208,
      "optimal_threshold": 0.7801203727722168,
      "tpr_at_fpr_0_01": 0.384,
      "fpr95": 0.392,
      "aupr": 0.9208827459437843
    },
    "layer_14": {
      "n_total": 500,
      "n_valid": 500,
      "n_val_total": 500,
      "n_val_valid": 500,
      "acc": 0.73,
      "f1": 0.6419098143236074,
      "pre": 0.952755905511811,
      "recall": 0.484,
      "auroc": 0.914064,
      "optimal_threshold": 0.7768191695213318,
      "tpr_at_fpr_0_01": 0.244,
      "fpr95": 0.44,
      "aupr": 0.9146711395116741
    },
    "layer_15": {
      "n_total": 500,
      "n_valid": 500,
      "n_val_total": 500,
      "n_val_valid": 500,
      "acc": 0.72,
      "f1": 0.6216216216216216,
      "pre": 0.9583333333333334,
      "recall": 0.46,
      "auroc": 0.918144,
      "optimal_threshold": 0.7996786236763,
      "tpr_at_fpr_0_01": 0.392,
      "fpr95": 0.464,
      "aupr": 0.9225580224321942
    },
    "layer_16": {
      "n_total": 500,
      "n_valid": 500,
      "n_val_total": 500,
      "n_val_valid": 500,
      "acc": 0.71,
      "f1": 0.6027397260273972,
      "pre": 0.9565217391304348,
      "recall": 0.44,
      "auroc": 0.914192,
      "optimal_threshold": 0.7824682593345642,
      "tpr_at_fpr_0_01": 0.356,
      "fpr95": 0.468,
      "aupr": 0.9190032669442438
    },
    "layer_17": {
      "n_total": 500,
      "n_valid": 500,
      "n_val_total": 500,
      "n_val_valid": 500,
      "acc": 0.722,
      "f1": 0.6233062330623306,
      "pre": 0.9663865546218487,
      "recall": 0.46,
      "auroc": 0.912896,
      "optimal_threshold": 0.7527679800987244,
      "tpr_at_fpr_0_01": 0.42,
      "fpr95": 0.456,
      "aupr": 0.9219105311722836
    },
    "layer_18": {
      "n_total": 500,
      "n_valid": 500,
      "n_val_total": 500,
      "n_val_valid": 500,
      "acc": 0.734,
      "f1": 0.6453333333333333,
      "pre": 0.968,
      "recall": 0.484,
      "auroc": 0.912,
      "optimal_threshold": 0.7650554180145264,
      "tpr_at_fpr_0_01": 0.456,
      "fpr95": 0.508,
      "aupr": 0.9214722343262688
    },
    "layer_19": {
      "n_total": 500,
      "n_valid": 500,
      "n_val_total": 500,
      "n_val_valid": 500,
      "acc": 0.722,
      "f1": 0.6233062330623306,
      "pre": 0.9663865546218487,
      "recall": 0.46,
      "auroc": 0.918032,
      "optimal_threshold": 0.7554154396057129,
      "tpr_at_fpr_0_01": 0.4,
      "fpr95": 0.416,
      "aupr": 0.9261906509081455
    },
    "layer_20": {
      "n_total": 500,
      "n_valid": 500,
      "n_val_total": 500,
      "n_val_valid": 500,
      "acc": 0.74,
      "f1": 0.656084656084656,
      "pre": 0.96875,
      "recall": 0.496,
      "auroc": 0.922016,