{
  "args": {
    "model": "llama_8b",
    "dataset": "tsm_multi",
    "mode": "clean_topic",
    "token_mode": "last_token",
    "prefix": false,
    "smoke_test": false,
    "ood": [],
    "pca_components": 0,
    "normalize_scores": false,
    "manifold": true
  },
  "steering_domain": "tsm_multi",
  "eval_domain": "tsm_multi",
  "n_samples": 500,
  "n_layers": 33,
  "metrics_per_layer": {
    "layer_1": {
      "n_total": 500,
      "n_valid": 500,
      "n_val_total": 500,
      "n_val_valid": 500,
      "acc": 0.516,
      "f1": 0.672972972972973,
      "pre": 0.5081632653061224,
      "recall": 0.996,
      "auroc": 0.509824,
      "optimal_threshold": 0.0689154714345932,
      "tpr_at_fpr_0_01": 0.012,
      "fpr95": 0.964,
      "aupr": 0.5158427660833615
    },
    "layer_2": {
      "n_total": 500,
      "n_valid": 500,
      "n_val_total": 500,
      "n_val_valid": 500,
      "acc": 0.592,
      "f1": 0.47150259067357514,
      "pre": 0.6691176470588235,
      "recall": 0.364,
      "auroc": 0.642032,
      "optimal_threshold": 0.10990001261234283,
      "tpr_at_fpr_0_01": 0.132,
      "fpr95": 0.9,
      "aupr": 0.6755972078645955
    },
    "layer_3": {
      "n_total": 500,
      "n_valid": 500,
      "n_val_total": 500,
      "n_val_valid": 500,
      "acc": 0.626,
      "f1": 0.6160164271047228,
      "pre": 0.6329113924050633,
      "recall": 0.6,
      "auroc": 0.6690399999999999,
      "optimal_threshold": 0.1219586655497551,
      "tpr_at_fpr_0_01": 0.032,
      "fpr95": 0.82,
      "aupr": 0.6601010264566649
    },
    "layer_4": {
      "n_total": 500,
      "n_valid": 500,
      "n_val_total": 500,
      "n_val_valid": 500,
      "acc": 0.664,
      "f1": 0.6440677966101694,
      "pre": 0.6846846846846847,
      "recall": 0.608,
      "auroc": 0.7151040000000001,
      "optimal_threshold": 0.358441561460495,
      "tpr_at_fpr_0_01": 0.128,
      "fpr95": 0.876,
      "aupr": 0.727939073191626
    },
    "layer_5": {
      "n_total": 500,
      "n_valid": 500,
      "n_val_total": 500,
      "n_val_valid": 500,
      "acc": 0.73,
      "f1": 0.7418738049713193,
      "pre": 0.7106227106227107,
      "recall": 0.776,
      "auroc": 0.8069599999999999,
      "optimal_threshold": 0.3800985813140869,
      "tpr_at_fpr_0_01": 0.184,
      "fpr95": 0.78,
      "aupr": 0.819989416165474
    },
    "layer_6": {
      "n_total": 500,
      "n_valid": 500,
      "n_val_total": 500,
      "n_val_valid": 500,
      "acc": 0.752,
      "f1": 0.7383966244725738,
      "pre": 0.78125,
      "recall": 0.7,
      "auroc": 0.8324,
      "optimal_threshold": 0.542894721031189,
      "tpr_at_fpr_0_01": 0.308,
      "fpr95": 0.704,
      "aupr": 0.8558494398978516
    },
    "layer_7": {
      "n_total": 500,
      "n_valid": 500,
      "n_val_total": 500,
      "n_val_valid": 500,
      "acc": 0.756,
      "f1": 0.7393162393162394,
      "pre": 0.7935779816513762,
      "recall": 0.692,
      "auroc": 0.8414559999999999,
      "optimal_threshold": 0.9408805966377258,
      "tpr_at_fpr_0_01": 0.304,
      "fpr95": 0.58,
      "aupr": 0.8522123628353341
    },
    "layer_8": {
      "n_total": 500,
      "n_valid": 500,
      "n_val_total": 500,
      "n_val_valid": 500,
      "acc": 0.754,
      "f1": 0.7583497053045186,
      "pre": 0.7451737451737451,
      "recall": 0.772,
      "auroc": 0.8404639999999999,
      "optimal_threshold": 0.7813246250152588,
      "tpr_at_fpr_0_01": 0.292,
      "fpr95": 0.656,
      "aupr": 0.8531382087307062
    },
    "layer_9": {
      "n_total": 500,
      "n_valid": 500,
      "n_val_total": 500,
      "n_val_valid": 500,
      "acc": 0.75,
      "f1": 0.749498997995992,
      "pre": 0.751004016064257,
      "recall": 0.748,
      "auroc": 0.823936,
      "optimal_threshold": 0.7301099300384521,
      "tpr_at_fpr_0_01": 0.316,
      "fpr95": 0.776,
      "aupr": 0.8470159921250711
    },
    "layer_10": {
      "n_total": 500,
      "n_valid": 500,
      "n_val_total": 500,
      "n_val_valid": 500,
      "acc": 0.738,
      "f1": 0.7242105263157895,
      "pre": 0.7644444444444445,
      "recall": 0.688,
      "auroc": 0.8252479999999999,
      "optimal_threshold": 0.7737147808074951,
      "tpr_at_fpr_0_01": 0.376,
      "fpr95": 0.788,
      "aupr": 0.8558283684766106
    },
    "layer_11": {
      "n_total": 500,
      "n_valid": 500,
      "n_val_total": 500,
      "n_val_valid": 500,
      "acc": 0.782,
      "f1": 0.7714884696016772,
      "pre": 0.8105726872246696,
      "recall": 0.736,
      "auroc": 0.865216,
      "optimal_threshold": 0.8630689978599548,
      "tpr_at_fpr_0_01": 0.516,
      "fpr95": 0.696,
      "aupr": 0.8909914117468601
    },
    "layer_12": {
      "n_total": 500,
      "n_valid": 500,
      "n_val_total": 500,
      "n_val_valid": 500,
      "acc": 0.792,
      "f1": 0.7805907172995781,
      "pre": 0.8258928571428571,
      "recall": 0.74,
      "auroc": 0.8503679999999999,
      "optimal_threshold": 1.1128125190734863,
      "tpr_at_fpr_0_01": 0.46,
      "fpr95": 0.764,
      "aupr": 0.8828977667007805
    },
    "layer_13": {
      "n_total": 500,
      "n_valid": 500,
      "n_val_total": 500,
      "n_val_valid": 500,
      "acc": 0.762,
      "f1": 0.7451820128479657,
      "pre": 0.8018433179723502,
      "recall": 0.696,
      "auroc": 0.834736,
      "optimal_threshold": 1.0602213144302368,
      "tpr_at_fpr_0_01": 0.436,
      "fpr95": 0.744,
      "aupr": 0.8680111001264008
    },
    "layer_14": {
      "n_total": 500,
      "n_valid": 500,
      "n_val_total": 500,
      "n_val_valid": 500,
      "acc": 0.752,
      "f1": 0.7479674796747967,
      "pre": 0.7603305785123967,
      "recall": 0.736,
      "auroc": 0.8329120000000001,
      "optimal_threshold": 0.8786189556121826,
      "tpr_at_fpr_0_01": 0.468,
      "fpr95": 0.76,
      "aupr": 0.8662908450892621
    },
    "layer_15": {
      "n_total": 500,
      "n_valid": 500,
      "n_val_total": 500,
      "n_val_valid": 500,
      "acc": 0.748,
      "f1": 0.7341772151898734,
      "pre": 0.7767857142857143,
      "recall": 0.696,
      "auroc": 0.8222879999999999,
      "optimal_threshold": 1.0681132078170776,
      "tpr_at_fpr_0_01": 0.448,
      "fpr95": 0.748,
      "aupr": 0.8598935750763389
    },
    "layer_16": {
      "n_total": 500,
      "n_valid": 500,
      "n_val_total": 500,
      "n_val_valid": 500,
      "acc": 0.744,
      "f1": 0.7322175732217573,
      "pre": 0.7675438596491229,
      "recall": 0.7,
      "auroc": 0.8218240000000001,
      "optimal_threshold": 1.2646598815917969,
      "tpr_at_fpr_0_01": 0.44,
      "fpr95": 0.76,
      "aupr": 0.858742732860096
    },
    "layer_17": {
      "n_total": 500,
      "n_valid": 500,
      "n_val_total": 500,
      "n_val_valid": 500,
      "acc": 0.786,
      "f1": 0.7562642369020501,
      "pre": 0.8783068783068783,
      "recall": 0.664,
      "auroc": 0.8498399999999999,
      "optimal_threshold": 1.6986745595932007,
      "tpr_at_fpr_0_01": 0.5,
      "fpr95": 0.764,
      "aupr": 0.8842099520459654
    },
    "layer_18": {
      "n_total": 500,
      "n_valid": 500,
      "n_val_total": 500,
      "n_val_valid": 500,
      "acc": 0.754,
      "f1": 0.7132867132867133,
      "pre": 0.8547486033519553,
      "recall": 0.612,
      "auroc": 0.83152,
      "optimal_threshold": 1.8255565166473389,
      "tpr_at_fpr_0_01": 0.436,
      "fpr95": 0.664,
      "aupr": 0.8651443812598529
    },
    "layer_19": {
      "n_total": 500,
      "n_valid": 500,
      "n_val_total": 500,
      "n_val_valid": 500,
      "acc": 0.754,
      "f1": 0.6917293233082706,
      "pre": 0.9261744966442953,
      "recall": 0.552,
      "auroc": 0.853936,
      "optimal_threshold": 2.42141056060791,
      "tpr_at_fpr_0_01": 0.512,
      "fpr95": 0.712,
      "aupr": 0.8836502180452294
    },
    "layer_20": {
      "n_total": 500,
      "n_valid": 500,
      "n_val_total": 500,
      "n_val_valid": 500,
      "acc": 0.766,
      "f1": 0.7346938775510204,