{
  "args": {
    "model": "llama_8b",
    "dataset": "multisocial_full",
    "mode": "clean_topic",
    "token_mode": "last_token",
    "prefix": false,
    "smoke_test": false,
    "ood": [],
    "pca_components": 0,
    "normalize_scores": true,
    "manifold": true
  },
  "steering_domain": "multisocial_full",
  "eval_domain": "multisocial_full",
  "n_samples": 500,
  "n_layers": 33,
  "metrics_per_layer": {
    "layer_1": {
      "n_total": 500,
      "n_valid": 500,
      "n_val_total": 500,
      "n_val_valid": 500,
      "acc": 0.668,
      "f1": 0.6795366795366795,
      "pre": 0.6567164179104478,
      "recall": 0.704,
      "auroc": 0.6868559999999999,
      "optimal_threshold": 0.6488199830055237,
      "tpr_at_fpr_0_01": 0.068,
      "fpr95": 0.852,
      "aupr": 0.6846956904961117
    },
    "layer_2": {
      "n_total": 500,
      "n_valid": 500,
      "n_val_total": 500,
      "n_val_valid": 500,
      "acc": 0.686,
      "f1": 0.6802443991853361,
      "pre": 0.6929460580912863,
      "recall": 0.668,
      "auroc": 0.753888,
      "optimal_threshold": 0.5616315603256226,
      "tpr_at_fpr_0_01": 0.036,
      "fpr95": 0.808,
      "aupr": 0.719109965076044
    },
    "layer_3": {
      "n_total": 500,
      "n_valid": 500,
      "n_val_total": 500,
      "n_val_valid": 500,
      "acc": 0.694,
      "f1": 0.6482758620689655,
      "pre": 0.7621621621621621,
      "recall": 0.564,
      "auroc": 0.777872,
      "optimal_threshold": 0.6785538792610168,
      "tpr_at_fpr_0_01": 0.196,
      "fpr95": 0.764,
      "aupr": 0.7814216747422937
    },
    "layer_4": {
      "n_total": 500,
      "n_valid": 500,
      "n_val_total": 500,
      "n_val_valid": 500,
      "acc": 0.726,
      "f1": 0.702819956616052,
      "pre": 0.7677725118483413,
      "recall": 0.648,
      "auroc": 0.7875679999999999,
      "optimal_threshold": 0.5781197547912598,
      "tpr_at_fpr_0_01": 0.136,
      "fpr95": 0.712,
      "aupr": 0.8012993141478857
    },
    "layer_5": {
      "n_total": 500,
      "n_valid": 500,
      "n_val_total": 500,
      "n_val_valid": 500,
      "acc": 0.734,
      "f1": 0.7366336633663366,
      "pre": 0.7294117647058823,
      "recall": 0.744,
      "auroc": 0.7998239999999999,
      "optimal_threshold": 0.5144917964935303,
      "tpr_at_fpr_0_01": 0.076,
      "fpr95": 0.62,
      "aupr": 0.7902827589393291
    },
    "layer_6": {
      "n_total": 500,
      "n_valid": 500,
      "n_val_total": 500,
      "n_val_valid": 500,
      "acc": 0.72,
      "f1": 0.6788990825688074,
      "pre": 0.7956989247311828,
      "recall": 0.592,
      "auroc": 0.8138559999999999,
      "optimal_threshold": 0.5326942801475525,
      "tpr_at_fpr_0_01": 0.168,
      "fpr95": 0.74,
      "aupr": 0.8215643689052834
    },
    "layer_7": {
      "n_total": 500,
      "n_valid": 500,
      "n_val_total": 500,
      "n_val_valid": 500,
      "acc": 0.754,
      "f1": 0.757396449704142,
      "pre": 0.7470817120622568,
      "recall": 0.768,
      "auroc": 0.824368,
      "optimal_threshold": 0.5153528451919556,
      "tpr_at_fpr_0_01": 0.204,
      "fpr95": 0.688,
      "aupr": 0.8312043326732516
    },
    "layer_8": {
      "n_total": 500,
      "n_valid": 500,
      "n_val_total": 500,
      "n_val_valid": 500,
      "acc": 0.712,
      "f1": 0.7455830388692579,
      "pre": 0.6677215189873418,
      "recall": 0.844,
      "auroc": 0.7999679999999999,
      "optimal_threshold": 0.4791859984397888,
      "tpr_at_fpr_0_01": 0.232,
      "fpr95": 0.664,
      "aupr": 0.813049032192334
    },
    "layer_9": {
      "n_total": 500,
      "n_valid": 500,
      "n_val_total": 500,
      "n_val_valid": 500,
      "acc": 0.716,
      "f1": 0.75,
      "pre": 0.6698113207547169,
      "recall": 0.852,
      "auroc": 0.758992,
      "optimal_threshold": 0.5354297161102295,
      "tpr_at_fpr_0_01": 0.02,
      "fpr95": 0.588,
      "aupr": 0.6817815064589059
    },
    "layer_10": {
      "n_total": 500,
      "n_valid": 500,
      "n_val_total": 500,
      "n_val_valid": 500,
      "acc": 0.71,
      "f1": 0.720616570327553,
      "pre": 0.6951672862453532,
      "recall": 0.748,
      "auroc": 0.7953279999999999,
      "optimal_threshold": 0.5716560482978821,
      "tpr_at_fpr_0_01": 0.248,
      "fpr95": 0.724,
      "aupr": 0.810057641790808
    },
    "layer_11": {
      "n_total": 500,
      "n_valid": 500,
      "n_val_total": 500,
      "n_val_valid": 500,
      "acc": 0.71,
      "f1": 0.7195357833655706,
      "pre": 0.6966292134831461,
      "recall": 0.744,
      "auroc": 0.7928799999999999,
      "optimal_threshold": 0.5795019865036011,
      "tpr_at_fpr_0_01": 0.24,
      "fpr95": 0.648,
      "aupr": 0.8013472815250062
    },
    "layer_12": {
      "n_total": 500,
      "n_valid": 500,
      "n_val_total": 500,
      "n_val_valid": 500,
      "acc": 0.716,
      "f1": 0.7300380228136882,
      "pre": 0.6956521739130435,
      "recall": 0.768,
      "auroc": 0.7951199999999998,
      "optimal_threshold": 0.5441202521324158,
      "tpr_at_fpr_0_01": 0.256,
      "fpr95": 0.66,
      "aupr": 0.8098347362296072
    },
    "layer_13": {
      "n_total": 500,
      "n_valid": 500,
      "n_val_total": 500,
      "n_val_valid": 500,
      "acc": 0.728,
      "f1": 0.711864406779661,
      "pre": 0.7567567567567568,
      "recall": 0.672,
      "auroc": 0.806448,
      "optimal_threshold": 0.5394452810287476,
      "tpr_at_fpr_0_01": 0.224,
      "fpr95": 0.664,
      "aupr": 0.8198543858668115
    },
    "layer_14": {
      "n_total": 500,
      "n_valid": 500,
      "n_val_total": 500,
      "n_val_valid": 500,
      "acc": 0.726,
      "f1": 0.7600700525394045,
      "pre": 0.67601246105919,
      "recall": 0.868,
      "auroc": 0.8169440000000001,
      "optimal_threshold": 0.5102741718292236,
      "tpr_at_fpr_0_01": 0.268,
      "fpr95": 0.536,
      "aupr": 0.8218207442503452
    },
    "layer_15": {
      "n_total": 500,
      "n_valid": 500,
      "n_val_total": 500,
      "n_val_valid": 500,
      "acc": 0.738,
      "f1": 0.7605118829981719,
      "pre": 0.7003367003367004,
      "recall": 0.832,
      "auroc": 0.8341760000000001,
      "optimal_threshold": 0.5006937384605408,
      "tpr_at_fpr_0_01": 0.376,
      "fpr95": 0.556,
      "aupr": 0.8435575920177538
    },
    "layer_16": {
      "n_total": 500,
      "n_valid": 500,
      "n_val_total": 500,
      "n_val_valid": 500,
      "acc": 0.742,
      "f1": 0.7588785046728972,
      "pre": 0.712280701754386,
      "recall": 0.812,
      "auroc": 0.835312,
      "optimal_threshold": 0.5209981203079224,
      "tpr_at_fpr_0_01": 0.32,
      "fpr95": 0.552,
      "aupr": 0.846209027039935
    },
    "layer_17": {
      "n_total": 500,
      "n_valid": 500,
      "n_val_total": 500,
      "n_val_valid": 500,
      "acc": 0.746,
      "f1": 0.742393509127789,
      "pre": 0.7530864197530864,
      "recall": 0.732,
      "auroc": 0.831952,
      "optimal_threshold": 0.5126102566719055,
      "tpr_at_fpr_0_01": 0.348,
      "fpr95": 0.612,
      "aupr": 0.8483932291379142
    },
    "layer_18": {
      "n_total": 500,
      "n_valid": 500,
      "n_val_total": 500,
      "n_val_valid": 500,
      "acc": 0.758,
      "f1": 0.7317073170731707,
      "pre": 0.8208955223880597,
      "recall": 0.66,
      "auroc": 0.8406879999999999,
      "optimal_threshold": 0.5461246371269226,
      "tpr_at_fpr_0_01": 0.292,
      "fpr95": 0.664,
      "aupr": 0.8544745517465755
    },
    "layer_19": {
      "n_total": 500,
      "n_valid": 500,
      "n_val_total": 500,
      "n_val_valid": 500,
      "acc": 0.77,
      "f1": 0.7766990291262136,
      "pre": 0.7547169811320755,
      "recall": 0.8,
      "auroc": 0.8405119999999999,
      "optimal_threshold": 0.47941890358924866,
      "tpr_at_fpr_0_01": 0.284,
      "fpr95": 0.668,
      "aupr": 0.8544368846401149
    },
    "layer_20": {
      "n_total": 500,
      "n_valid": 500,
      "n_val_total": 500,
      "n_val_valid": 500,
      "acc": 0.774,