{
  "args": {
    "model": "llama_8b",
    "dataset": "multitude_en",
    "mode": "lda",
    "token_mode": "last_token",
    "prefix": false,
    "smoke_test": false,
    "ood": [
      "multitude_de",
      "multitude_nl",
      "multitude_pt",
      "multitude_ro",
      "multitude_uk"
    ],
    "pca_components": 0,
    "normalize_scores": true,
    "ablation_set": "human",
    "manifold": true
  },
  "steering_domain": "multitude_en",
  "eval_domain": "multitude_de",
  "n_samples": 500,
  "n_layers": 33,
  "metrics_per_layer": {
    "layer_1": {
      "n_total": 500,
      "n_valid": 500,
      "n_val_total": 500,
      "n_val_valid": 500,
      "acc": 0.534,
      "f1": 0.6812585499316005,
      "pre": 0.5176715176715176,
      "recall": 0.996,
      "auroc": 0.5114000000000001,
      "optimal_threshold": 0.02070198953151703,
      "tpr_at_fpr_0_01": 0.0,
      "fpr95": 0.928,
      "aupr": 0.5124857525018816
    },
    "layer_2": {
      "n_total": 500,
      "n_valid": 500,
      "n_val_total": 500,
      "n_val_valid": 500,
      "acc": 0.496,
      "f1": 0.0,
      "pre": 0.0,
      "recall": 0.0,
      "auroc": 0.8415199999999999,
      "optimal_threshold": 0.7562198042869568,
      "tpr_at_fpr_0_01": 0.008,
      "fpr95": 0.492,
      "aupr": 0.7991648721700384
    },
    "layer_3": {
      "n_total": 500,
      "n_valid": 500,
      "n_val_total": 500,
      "n_val_valid": 500,
      "acc": 0.496,
      "f1": 0.0,
      "pre": 0.0,
      "recall": 0.0,
      "auroc": 0.9045759999999998,
      "optimal_threshold": 0.8426244854927063,
      "tpr_at_fpr_0_01": 0.008,
      "fpr95": 0.5,
      "aupr": 0.861628747341801
    },
    "layer_4": {
      "n_total": 500,
      "n_valid": 500,
      "n_val_total": 500,
      "n_val_valid": 500,
      "acc": 0.5,
      "f1": 0.0,
      "pre": 0.0,
      "recall": 0.0,
      "auroc": 0.9448479999999999,
      "optimal_threshold": 0.8654270768165588,
      "tpr_at_fpr_0_01": 0.452,
      "fpr95": 0.296,
      "aupr": 0.9424630129768542
    },
    "layer_5": {
      "n_total": 500,
      "n_valid": 500,
      "n_val_total": 500,
      "n_val_valid": 500,
      "acc": 0.504,
      "f1": 0.015873015873015872,
      "pre": 1.0,
      "recall": 0.008,
      "auroc": 0.9777279999999999,
      "optimal_threshold": 0.9115839004516602,
      "tpr_at_fpr_0_01": 0.548,
      "fpr95": 0.068,
      "aupr": 0.9789683584928776
    },
    "layer_6": {
      "n_total": 500,
      "n_valid": 500,
      "n_val_total": 500,
      "n_val_valid": 500,
      "acc": 0.5,
      "f1": 0.0,
      "pre": 0.0,
      "recall": 0.0,
      "auroc": 0.9920960000000001,
      "optimal_threshold": 0.929305374622345,
      "tpr_at_fpr_0_01": 0.94,
      "fpr95": 0.024,
      "aupr": 0.9935905022668118
    },
    "layer_7": {
      "n_total": 500,
      "n_valid": 500,
      "n_val_total": 500,
      "n_val_valid": 500,
      "acc": 0.5,
      "f1": 0.0,
      "pre": 0.0,
      "recall": 0.0,
      "auroc": 0.9908,
      "optimal_threshold": 0.9255600571632385,
      "tpr_at_fpr_0_01": 0.9,
      "fpr95": 0.048,
      "aupr": 0.9916694453315376
    },
    "layer_8": {
      "n_total": 500,
      "n_valid": 500,
      "n_val_total": 500,
      "n_val_valid": 500,
      "acc": 0.5,
      "f1": 0.0,
      "pre": 0.0,
      "recall": 0.0,
      "auroc": 0.994784,
      "optimal_threshold": 0.9213508367538452,
      "tpr_at_fpr_0_01": 0.92,
      "fpr95": 0.036,
      "aupr": 0.9951124746895017
    },
    "layer_9": {
      "n_total": 500,
      "n_valid": 500,
      "n_val_total": 500,
      "n_val_valid": 500,
      "acc": 0.516,
      "f1": 0.06201550387596899,
      "pre": 1.0,
      "recall": 0.032,
      "auroc": 0.994336,
      "optimal_threshold": 0.927449643611908,
      "tpr_at_fpr_0_01": 0.928,
      "fpr95": 0.024,
      "aupr": 0.9949284344902289
    },
    "layer_10": {
      "n_total": 500,
      "n_valid": 500,
      "n_val_total": 500,
      "n_val_valid": 500,
      "acc": 0.504,
      "f1": 0.015873015873015872,
      "pre": 1.0,
      "recall": 0.008,
      "auroc": 0.99696,
      "optimal_threshold": 0.9143100380897522,
      "tpr_at_fpr_0_01": 0.94,
      "fpr95": 0.016,
      "aupr": 0.9970946748104158
    },
    "layer_11": {
      "n_total": 500,
      "n_valid": 500,
      "n_val_total": 500,
      "n_val_valid": 500,
      "acc": 0.506,
      "f1": 0.023715415019762844,
      "pre": 1.0,
      "recall": 0.012,
      "auroc": 0.99808,
      "optimal_threshold": 0.9196645021438599,
      "tpr_at_fpr_0_01": 0.96,
      "fpr95": 0.0,
      "aupr": 0.9981480919983036
    },
    "layer_12": {
      "n_total": 500,
      "n_valid": 500,
      "n_val_total": 500,
      "n_val_valid": 500,
      "acc": 0.526,
      "f1": 0.09885931558935361,
      "pre": 1.0,
      "recall": 0.052,
      "auroc": 0.997568,
      "optimal_threshold": 0.9274447560310364,
      "tpr_at_fpr_0_01": 0.976,
      "fpr95": 0.004,
      "aupr": 0.9977589132279021
    },
    "layer_13": {
      "n_total": 500,
      "n_valid": 500,
      "n_val_total": 500,
      "n_val_valid": 500,
      "acc": 0.542,
      "f1": 0.15498154981549817,
      "pre": 1.0,
      "recall": 0.084,
      "auroc": 0.994368,
      "optimal_threshold": 0.9238663911819458,
      "tpr_at_fpr_0_01": 0.948,
      "fpr95": 0.012,
      "aupr": 0.9951270304346749
    },
    "layer_14": {
      "n_total": 500,
      "n_valid": 500,
      "n_val_total": 500,
      "n_val_valid": 500,
      "acc": 0.558,
      "f1": 0.2078853046594982,
      "pre": 1.0,
      "recall": 0.116,
      "auroc": 0.995664,
      "optimal_threshold": 0.9238370656967163,
      "tpr_at_fpr_0_01": 0.956,
      "fpr95": 0.004,
      "aupr": 0.9962314524167036
    },
    "layer_15": {
      "n_total": 500,
      "n_valid": 500,
      "n_val_total": 500,
      "n_val_valid": 500,
      "acc": 0.51,
      "f1": 0.0392156862745098,
      "pre": 1.0,
      "recall": 0.02,
      "auroc": 0.99776,
      "optimal_threshold": 0.9315647482872009,
      "tpr_at_fpr_0_01": 0.968,
      "fpr95": 0.0,
      "aupr": 0.9979019280251326
    },
    "layer_16": {
      "n_total": 500,
      "n_valid": 500,
      "n_val_total": 500,
      "n_val_valid": 500,
      "acc": 0.504,
      "f1": 0.015873015873015872,
      "pre": 1.0,
      "recall": 0.008,
      "auroc": 0.998176,
      "optimal_threshold": 0.9208559393882751,
      "tpr_at_fpr_0_01": 0.972,
      "fpr95": 0.0,
      "aupr": 0.9983057476541761
    },
    "layer_17": {
      "n_total": 500,
      "n_valid": 500,
      "n_val_total": 500,
      "n_val_valid": 500,
      "acc": 0.502,
      "f1": 0.00796812749003984,
      "pre": 1.0,
      "recall": 0.004,
      "auroc": 0.9991840000000001,
      "optimal_threshold": 0.9148267507553101,
      "tpr_at_fpr_0_01": 0.988,
      "fpr95": 0.0,
      "aupr": 0.9992343989447793
    },
    "layer_18": {
      "n_total": 500,
      "n_valid": 500,
      "n_val_total": 500,
      "n_val_valid": 500,
      "acc": 0.506,
      "f1": 0.023715415019762844,
      "pre": 1.0,
      "recall": 0.012,
      "auroc": 0.999504,
      "optimal_threshold": 0.9083897471427917,
      "tpr_at_fpr_0_01": 0.992,
      "fpr95": 0.004,
      "aupr": 0.9995008194205294
    },
    "layer_19": {
      "n_total": 500,
      "n_valid": 500,
      "n_val_total": 500,
      "n_val_valid": 500,
      "acc": 0.5,
      "f1": 0.0,
      "pre": 0.0,
      "recall": 0.0,
      "auroc": 0.998112,
      "optimal_threshold": 0.9002171754837036,
      "tpr_at_fpr_0_01": 0.964,
      "fpr95": 0.004,
      "aupr": 0.9981824401076936
    },
    "layer_20": {
      "n_total": 500,
      "n_valid": 500,
      "n_val_total": 500,
      "n_val_valid": 500,
      "acc": 0.5,
      "f1": 0.0,
      "pre": 0.0,
      "recall": 0.0,
      "auroc": 0.996256,
      "optimal_threshold": 0.9014877080917358,
      "tpr_at_fpr_0_01": 0.936,
      "fpr95": 0.02,
      "aupr": 0.9965101889127981
    },
    "layer_21": {
      "n_total": 500,
      "n_valid": 500,
      "n_val_total": 500,