{
  "args": {
    "model": "llama_8b",
    "dataset": "multisocial_en",
    "mode": "lda",
    "token_mode": "last_token",
    "prefix": false,
    "smoke_test": false,
    "ood": [
      "multisocial_de",
      "multisocial_nl",
      "multisocial_pt",
      "multisocial_ar"
    ],
    "pca_components": 0,
    "normalize_scores": true,
    "ablation_set": "human",
    "manifold": true
  },
  "steering_domain": "multisocial_en",
  "eval_domain": "multisocial_nl",
  "n_samples": 500,
  "n_layers": 33,
  "metrics_per_layer": {
    "layer_1": {
      "n_total": 500,
      "n_valid": 500,
      "n_val_total": 500,
      "n_val_valid": 500,
      "acc": 0.712,
      "f1": 0.6842105263157895,
      "pre": 0.7572815533980582,
      "recall": 0.624,
      "auroc": 0.750264,
      "optimal_threshold": 0.7775899767875671,
      "tpr_at_fpr_0_01": 0.064,
      "fpr95": 0.82,
      "aupr": 0.7380346506907396
    },
    "layer_2": {
      "n_total": 500,
      "n_valid": 500,
      "n_val_total": 500,
      "n_val_valid": 500,
      "acc": 0.64,
      "f1": 0.4827586206896552,
      "pre": 0.8571428571428571,
      "recall": 0.336,
      "auroc": 0.814624,
      "optimal_threshold": 0.6214106678962708,
      "tpr_at_fpr_0_01": 0.116,
      "fpr95": 0.704,
      "aupr": 0.8122071812562148
    },
    "layer_3": {
      "n_total": 500,
      "n_valid": 500,
      "n_val_total": 500,
      "n_val_valid": 500,
      "acc": 0.716,
      "f1": 0.6414141414141414,
      "pre": 0.8698630136986302,
      "recall": 0.508,
      "auroc": 0.8466879999999999,
      "optimal_threshold": 0.5765706896781921,
      "tpr_at_fpr_0_01": 0.084,
      "fpr95": 0.564,
      "aupr": 0.8353046892643896
    },
    "layer_4": {
      "n_total": 500,
      "n_valid": 500,
      "n_val_total": 500,
      "n_val_valid": 500,
      "acc": 0.704,
      "f1": 0.6205128205128205,
      "pre": 0.8642857142857143,
      "recall": 0.484,
      "auroc": 0.84192,
      "optimal_threshold": 0.6165570020675659,
      "tpr_at_fpr_0_01": 0.184,
      "fpr95": 0.604,
      "aupr": 0.8371485075731252
    },
    "layer_5": {
      "n_total": 500,
      "n_valid": 500,
      "n_val_total": 500,
      "n_val_valid": 500,
      "acc": 0.768,
      "f1": 0.7531914893617021,
      "pre": 0.8045454545454546,
      "recall": 0.708,
      "auroc": 0.8568640000000001,
      "optimal_threshold": 0.4769507944583893,
      "tpr_at_fpr_0_01": 0.144,
      "fpr95": 0.56,
      "aupr": 0.858925937625485
    },
    "layer_6": {
      "n_total": 500,
      "n_valid": 500,
      "n_val_total": 500,
      "n_val_valid": 500,
      "acc": 0.778,
      "f1": 0.7482993197278912,
      "pre": 0.8638743455497382,
      "recall": 0.66,
      "auroc": 0.87316,
      "optimal_threshold": 0.5214415788650513,
      "tpr_at_fpr_0_01": 0.276,
      "fpr95": 0.532,
      "aupr": 0.8733614909341174
    },
    "layer_7": {
      "n_total": 500,
      "n_valid": 500,
      "n_val_total": 500,
      "n_val_valid": 500,
      "acc": 0.796,
      "f1": 0.7883817427385892,
      "pre": 0.8189655172413793,
      "recall": 0.76,
      "auroc": 0.881312,
      "optimal_threshold": 0.4911154508590698,
      "tpr_at_fpr_0_01": 0.208,
      "fpr95": 0.472,
      "aupr": 0.8774632082173227
    },
    "layer_8": {
      "n_total": 500,
      "n_valid": 500,
      "n_val_total": 500,
      "n_val_valid": 500,
      "acc": 0.796,
      "f1": 0.7857142857142857,
      "pre": 0.827433628318584,
      "recall": 0.748,
      "auroc": 0.871648,
      "optimal_threshold": 0.4849196672439575,
      "tpr_at_fpr_0_01": 0.224,
      "fpr95": 0.568,
      "aupr": 0.8713742986973678
    },
    "layer_9": {
      "n_total": 500,
      "n_valid": 500,
      "n_val_total": 500,
      "n_val_valid": 500,
      "acc": 0.766,
      "f1": 0.7405764966740577,
      "pre": 0.8308457711442786,
      "recall": 0.668,
      "auroc": 0.868624,
      "optimal_threshold": 0.5162015557289124,
      "tpr_at_fpr_0_01": 0.36,
      "fpr95": 0.596,
      "aupr": 0.8784010939855547
    },
    "layer_10": {
      "n_total": 500,
      "n_valid": 500,
      "n_val_total": 500,
      "n_val_valid": 500,
      "acc": 0.724,
      "f1": 0.6424870466321243,
      "pre": 0.9117647058823529,
      "recall": 0.496,
      "auroc": 0.875632,
      "optimal_threshold": 0.5999384522438049,
      "tpr_at_fpr_0_01": 0.352,
      "fpr95": 0.516,
      "aupr": 0.8860808452725449
    },
    "layer_11": {
      "n_total": 500,
      "n_valid": 500,
      "n_val_total": 500,
      "n_val_valid": 500,
      "acc": 0.676,
      "f1": 0.5263157894736842,
      "pre": 0.9782608695652174,
      "recall": 0.36,
      "auroc": 0.8839359999999999,
      "optimal_threshold": 0.6840657591819763,
      "tpr_at_fpr_0_01": 0.424,
      "fpr95": 0.568,
      "aupr": 0.8952565021684714
    },
    "layer_12": {
      "n_total": 500,
      "n_valid": 500,
      "n_val_total": 500,
      "n_val_valid": 500,
      "acc": 0.598,
      "f1": 0.3277591973244147,
      "pre": 1.0,
      "recall": 0.196,
      "auroc": 0.8844559999999999,
      "optimal_threshold": 0.7782321572303772,
      "tpr_at_fpr_0_01": 0.412,
      "fpr95": 0.536,
      "aupr": 0.8987298492528561
    },
    "layer_13": {
      "n_total": 500,
      "n_valid": 500,
      "n_val_total": 500,
      "n_val_valid": 500,
      "acc": 0.626,
      "f1": 0.40634920634920635,
      "pre": 0.9846153846153847,
      "recall": 0.256,
      "auroc": 0.879328,
      "optimal_threshold": 0.7364996671676636,
      "tpr_at_fpr_0_01": 0.424,
      "fpr95": 0.628,
      "aupr": 0.8947465899286938
    },
    "layer_14": {
      "n_total": 500,
      "n_valid": 500,
      "n_val_total": 500,
      "n_val_valid": 500,
      "acc": 0.628,
      "f1": 0.40764331210191085,
      "pre": 1.0,
      "recall": 0.256,
      "auroc": 0.872768,
      "optimal_threshold": 0.7729830741882324,
      "tpr_at_fpr_0_01": 0.436,
      "fpr95": 0.576,
      "aupr": 0.8888715365520011
    },
    "layer_15": {
      "n_total": 500,
      "n_valid": 500,
      "n_val_total": 500,
      "n_val_valid": 500,
      "acc": 0.622,
      "f1": 0.39228295819935693,
      "pre": 1.0,
      "recall": 0.244,
      "auroc": 0.9003359999999999,
      "optimal_threshold": 0.7966139912605286,
      "tpr_at_fpr_0_01": 0.476,
      "fpr95": 0.504,
      "aupr": 0.916341527752401
    },
    "layer_16": {
      "n_total": 500,
      "n_valid": 500,
      "n_val_total": 500,
      "n_val_valid": 500,
      "acc": 0.604,
      "f1": 0.3443708609271523,
      "pre": 1.0,
      "recall": 0.208,
      "auroc": 0.874576,
      "optimal_threshold": 0.8001981973648071,
      "tpr_at_fpr_0_01": 0.436,
      "fpr95": 0.54,
      "aupr": 0.8900633512490435
    },
    "layer_17": {
      "n_total": 500,
      "n_valid": 500,
      "n_val_total": 500,
      "n_val_valid": 500,
      "acc": 0.578,
      "f1": 0.2698961937716263,
      "pre": 1.0,
      "recall": 0.156,
      "auroc": 0.8752,
      "optimal_threshold": 0.7944970726966858,
      "tpr_at_fpr_0_01": 0.312,
      "fpr95": 0.548,
      "aupr": 0.8821800651538705
    },
    "layer_18": {
      "n_total": 500,
      "n_valid": 500,
      "n_val_total": 500,
      "n_val_valid": 500,
      "acc": 0.586,
      "f1": 0.2935153583617747,
      "pre": 1.0,
      "recall": 0.172,
      "auroc": 0.8795679999999999,
      "optimal_threshold": 0.7914880514144897,
      "tpr_at_fpr_0_01": 0.332,
      "fpr95": 0.544,
      "aupr": 0.8876741862173148
    },
    "layer_19": {
      "n_total": 500,
      "n_valid": 500,
      "n_val_total": 500,
      "n_val_valid": 500,
      "acc": 0.61,
      "f1": 0.36482084690553745,
      "pre": 0.9824561403508771,
      "recall": 0.224,
      "auroc": 0.876896,
      "optimal_threshold": 0.781796932220459,
      "tpr_at_fpr_0_01": 0.264,
      "fpr95": 0.576,
      "aupr": 0.8883190437395329
    },
    "layer_20": {
      "n_total": 500,
      "n_valid": 500,
      "n_val_total": 500,
      "n_val_valid": 500,
      "acc": 0.658,