{
  "args": {
    "model": "llama_8b",
    "dataset": "multisocial_en",
    "mode": "lda",
    "token_mode": "last_token",
    "prefix": false,
    "smoke_test": false,
    "ood": [
      "multisocial_de",
      "multisocial_nl",
      "multisocial_pt",
      "multisocial_ar"
    ],
    "pca_components": 0,
    "normalize_scores": true,
    "ablation_set": "human",
    "manifold": true
  },
  "steering_domain": "multisocial_en",
  "eval_domain": "multisocial_en",
  "n_samples": 500,
  "n_layers": 33,
  "metrics_per_layer": {
    "layer_1": {
      "n_total": 500,
      "n_valid": 500,
      "n_val_total": 500,
      "n_val_valid": 500,
      "acc": 0.734,
      "f1": 0.7114967462039046,
      "pre": 0.7772511848341233,
      "recall": 0.656,
      "auroc": 0.779264,
      "optimal_threshold": 0.7775899767875671,
      "tpr_at_fpr_0_01": 0.048,
      "fpr95": 0.812,
      "aupr": 0.7665716338376176
    },
    "layer_2": {
      "n_total": 500,
      "n_valid": 500,
      "n_val_total": 500,
      "n_val_valid": 500,
      "acc": 0.782,
      "f1": 0.7435294117647059,
      "pre": 0.9028571428571428,
      "recall": 0.632,
      "auroc": 0.855928,
      "optimal_threshold": 0.6214106678962708,
      "tpr_at_fpr_0_01": 0.288,
      "fpr95": 0.736,
      "aupr": 0.8719528078367055
    },
    "layer_3": {
      "n_total": 500,
      "n_valid": 500,
      "n_val_total": 500,
      "n_val_valid": 500,
      "acc": 0.798,
      "f1": 0.7750556792873051,
      "pre": 0.8743718592964824,
      "recall": 0.696,
      "auroc": 0.87744,
      "optimal_threshold": 0.5765706896781921,
      "tpr_at_fpr_0_01": 0.36,
      "fpr95": 0.612,
      "aupr": 0.892928239772251
    },
    "layer_4": {
      "n_total": 500,
      "n_valid": 500,
      "n_val_total": 500,
      "n_val_valid": 500,
      "acc": 0.816,
      "f1": 0.7899543378995434,
      "pre": 0.9202127659574468,
      "recall": 0.692,
      "auroc": 0.896,
      "optimal_threshold": 0.6165570020675659,
      "tpr_at_fpr_0_01": 0.456,
      "fpr95": 0.608,
      "aupr": 0.9103260043772112
    },
    "layer_5": {
      "n_total": 500,
      "n_valid": 500,
      "n_val_total": 500,
      "n_val_valid": 500,
      "acc": 0.854,
      "f1": 0.8548707753479126,
      "pre": 0.849802371541502,
      "recall": 0.86,
      "auroc": 0.906976,
      "optimal_threshold": 0.4769507944583893,
      "tpr_at_fpr_0_01": 0.396,
      "fpr95": 0.568,
      "aupr": 0.921006550466697
    },
    "layer_6": {
      "n_total": 500,
      "n_valid": 500,
      "n_val_total": 500,
      "n_val_valid": 500,
      "acc": 0.838,
      "f1": 0.8336755646817249,
      "pre": 0.8565400843881856,
      "recall": 0.812,
      "auroc": 0.9119040000000002,
      "optimal_threshold": 0.5214415788650513,
      "tpr_at_fpr_0_01": 0.284,
      "fpr95": 0.504,
      "aupr": 0.9193511104909016
    },
    "layer_7": {
      "n_total": 500,
      "n_valid": 500,
      "n_val_total": 500,
      "n_val_valid": 500,
      "acc": 0.85,
      "f1": 0.8484848484848485,
      "pre": 0.8571428571428571,
      "recall": 0.84,
      "auroc": 0.9228000000000001,
      "optimal_threshold": 0.4911154508590698,
      "tpr_at_fpr_0_01": 0.332,
      "fpr95": 0.38,
      "aupr": 0.9287886527380049
    },
    "layer_8": {
      "n_total": 500,
      "n_valid": 500,
      "n_val_total": 500,
      "n_val_valid": 500,
      "acc": 0.84,
      "f1": 0.84,
      "pre": 0.84,
      "recall": 0.84,
      "auroc": 0.92552,
      "optimal_threshold": 0.4849196672439575,
      "tpr_at_fpr_0_01": 0.496,
      "fpr95": 0.4,
      "aupr": 0.9337586458825646
    },
    "layer_9": {
      "n_total": 500,
      "n_valid": 500,
      "n_val_total": 500,
      "n_val_valid": 500,
      "acc": 0.846,
      "f1": 0.8412371134020619,
      "pre": 0.8680851063829788,
      "recall": 0.816,
      "auroc": 0.923024,
      "optimal_threshold": 0.5162015557289124,
      "tpr_at_fpr_0_01": 0.564,
      "fpr95": 0.384,
      "aupr": 0.9293944464465322
    },
    "layer_10": {
      "n_total": 500,
      "n_valid": 500,
      "n_val_total": 500,
      "n_val_valid": 500,
      "acc": 0.848,
      "f1": 0.8311111111111111,
      "pre": 0.935,
      "recall": 0.748,
      "auroc": 0.933232,
      "optimal_threshold": 0.5999384522438049,
      "tpr_at_fpr_0_01": 0.456,
      "fpr95": 0.368,
      "aupr": 0.937566879720207
    },
    "layer_11": {
      "n_total": 500,
      "n_valid": 500,
      "n_val_total": 500,
      "n_val_valid": 500,
      "acc": 0.796,
      "f1": 0.7475247524752475,
      "pre": 0.9805194805194806,
      "recall": 0.604,
      "auroc": 0.9386559999999999,
      "optimal_threshold": 0.6840657591819763,
      "tpr_at_fpr_0_01": 0.536,
      "fpr95": 0.364,
      "aupr": 0.9465164608307146
    },
    "layer_12": {
      "n_total": 500,
      "n_valid": 500,
      "n_val_total": 500,
      "n_val_valid": 500,
      "acc": 0.74,
      "f1": 0.6505376344086021,
      "pre": 0.9918032786885246,
      "recall": 0.484,
      "auroc": 0.93968,
      "optimal_threshold": 0.7782321572303772,
      "tpr_at_fpr_0_01": 0.492,
      "fpr95": 0.328,
      "aupr": 0.9468678196660358
    },
    "layer_13": {
      "n_total": 500,
      "n_valid": 500,
      "n_val_total": 500,
      "n_val_valid": 500,
      "acc": 0.756,
      "f1": 0.680628272251309,
      "pre": 0.9848484848484849,
      "recall": 0.52,
      "auroc": 0.934,
      "optimal_threshold": 0.7364996671676636,
      "tpr_at_fpr_0_01": 0.556,
      "fpr95": 0.404,
      "aupr": 0.9428925410012079
    },
    "layer_14": {
      "n_total": 500,
      "n_valid": 500,
      "n_val_total": 500,
      "n_val_valid": 500,
      "acc": 0.742,
      "f1": 0.6522911051212938,
      "pre": 1.0,
      "recall": 0.484,
      "auroc": 0.9387679999999999,
      "optimal_threshold": 0.7729830741882324,
      "tpr_at_fpr_0_01": 0.58,
      "fpr95": 0.316,
      "aupr": 0.9484291992627054
    },
    "layer_15": {
      "n_total": 500,
      "n_valid": 500,
      "n_val_total": 500,
      "n_val_valid": 500,
      "acc": 0.726,
      "f1": 0.6225895316804407,
      "pre": 1.0,
      "recall": 0.452,
      "auroc": 0.9418,
      "optimal_threshold": 0.7966139912605286,
      "tpr_at_fpr_0_01": 0.52,
      "fpr95": 0.312,
      "aupr": 0.9498065959407213
    },
    "layer_16": {
      "n_total": 500,
      "n_valid": 500,
      "n_val_total": 500,
      "n_val_valid": 500,
      "acc": 0.724,
      "f1": 0.6229508196721312,
      "pre": 0.9827586206896551,
      "recall": 0.456,
      "auroc": 0.9338080000000001,
      "optimal_threshold": 0.8001981973648071,
      "tpr_at_fpr_0_01": 0.504,
      "fpr95": 0.34,
      "aupr": 0.9391765670179135
    },
    "layer_17": {
      "n_total": 500,
      "n_valid": 500,
      "n_val_total": 500,
      "n_val_valid": 500,
      "acc": 0.734,
      "f1": 0.6472148541114059,
      "pre": 0.9606299212598425,
      "recall": 0.488,
      "auroc": 0.9328799999999999,
      "optimal_threshold": 0.7944970726966858,
      "tpr_at_fpr_0_01": 0.476,
      "fpr95": 0.34,
      "aupr": 0.9380964277205317
    },
    "layer_18": {
      "n_total": 500,
      "n_valid": 500,
      "n_val_total": 500,
      "n_val_valid": 500,
      "acc": 0.742,
      "f1": 0.656,
      "pre": 0.984,
      "recall": 0.492,
      "auroc": 0.932032,
      "optimal_threshold": 0.7914880514144897,
      "tpr_at_fpr_0_01": 0.496,
      "fpr95": 0.304,
      "aupr": 0.9367655591192866
    },
    "layer_19": {
      "n_total": 500,
      "n_valid": 500,
      "n_val_total": 500,
      "n_val_valid": 500,
      "acc": 0.734,
      "f1": 0.6415094339622641,
      "pre": 0.9834710743801653,
      "recall": 0.476,
      "auroc": 0.93604,
      "optimal_threshold": 0.781796932220459,
      "tpr_at_fpr_0_01": 0.492,
      "fpr95": 0.312,
      "aupr": 0.9395607687417596
    },
    "layer_20": {
      "n_total": 500,
      "n_valid": 500,
      "n_val_total": 500,
      "n_val_valid": 500,
      "acc": 0.728,
      "f1": 0.6324324324324324,