{
  "args": {
    "model": "llama_8b",
    "dataset": "tsm_paras_en_first_gpt4o",
    "mode": "lda",
    "token_mode": "last_token",
    "prefix": false,
    "smoke_test": false,
    "ood": [
      "tsm_paras_en_first_gemini",
      "tsm_paras_en_first_deepseek",
      "tsm_paras_pt_first_gpt4o",
      "tsm_paras_pt_first_gemini",
      "tsm_paras_pt_first_deepseek",
      "tsm_paras_vi_first_gpt4o",
      "tsm_paras_vi_first_gemini",
      "tsm_paras_vi_first_deepseek"
    ],
    "pca_components": 0,
    "normalize_scores": true,
    "ablation_set": "human",
    "manifold": true
  },
  "steering_domain": "tsm_paras_en_first_gpt4o",
  "eval_domain": "tsm_paras_en_first_gemini",
  "n_samples": 500,
  "n_layers": 33,
  "metrics_per_layer": {
    "layer_1": {
      "n_total": 500,
      "n_valid": 500,
      "n_val_total": 500,
      "n_val_valid": 500,
      "acc": 0.536,
      "f1": 0.6685714285714286,
      "pre": 0.52,
      "recall": 0.936,
      "auroc": 0.5392,
      "optimal_threshold": 0.500338077545166,
      "tpr_at_fpr_0_01": 0.008,
      "fpr95": 0.916,
      "aupr": 0.5230562778269269
    },
    "layer_2": {
      "n_total": 500,
      "n_valid": 500,
      "n_val_total": 500,
      "n_val_valid": 500,
      "acc": 0.67,
      "f1": 0.6189376443418014,
      "pre": 0.73224043715847,
      "recall": 0.536,
      "auroc": 0.714632,
      "optimal_threshold": 0.4642447531223297,
      "tpr_at_fpr_0_01": 0.12,
      "fpr95": 0.828,
      "aupr": 0.7201441665337426
    },
    "layer_3": {
      "n_total": 500,
      "n_valid": 500,
      "n_val_total": 500,
      "n_val_valid": 500,
      "acc": 0.604,
      "f1": 0.42105263157894735,
      "pre": 0.782608695652174,
      "recall": 0.288,
      "auroc": 0.723888,
      "optimal_threshold": 0.6052260994911194,
      "tpr_at_fpr_0_01": 0.072,
      "fpr95": 0.816,
      "aupr": 0.7258104539196826
    },
    "layer_4": {
      "n_total": 500,
      "n_valid": 500,
      "n_val_total": 500,
      "n_val_valid": 500,
      "acc": 0.584,
      "f1": 0.3202614379084967,
      "pre": 0.875,
      "recall": 0.196,
      "auroc": 0.7445919999999999,
      "optimal_threshold": 0.665938675403595,
      "tpr_at_fpr_0_01": 0.076,
      "fpr95": 0.816,
      "aupr": 0.7380534359057562
    },
    "layer_5": {
      "n_total": 500,
      "n_valid": 500,
      "n_val_total": 500,
      "n_val_valid": 500,
      "acc": 0.572,
      "f1": 0.2671232876712329,
      "pre": 0.9285714285714286,
      "recall": 0.156,
      "auroc": 0.859904,
      "optimal_threshold": 0.72397780418396,
      "tpr_at_fpr_0_01": 0.152,
      "fpr95": 0.584,
      "aupr": 0.8645771028787015
    },
    "layer_6": {
      "n_total": 500,
      "n_valid": 500,
      "n_val_total": 500,
      "n_val_valid": 500,
      "acc": 0.614,
      "f1": 0.37540453074433655,
      "pre": 0.9830508474576272,
      "recall": 0.232,
      "auroc": 0.8905120000000001,
      "optimal_threshold": 0.6973735690116882,
      "tpr_at_fpr_0_01": 0.416,
      "fpr95": 0.416,
      "aupr": 0.8948115102031713
    },
    "layer_7": {
      "n_total": 500,
      "n_valid": 500,
      "n_val_total": 500,
      "n_val_valid": 500,
      "acc": 0.594,
      "f1": 0.32558139534883723,
      "pre": 0.9607843137254902,
      "recall": 0.196,
      "auroc": 0.8914240000000001,
      "optimal_threshold": 0.7266028523445129,
      "tpr_at_fpr_0_01": 0.22,
      "fpr95": 0.436,
      "aupr": 0.8852100743892595
    },
    "layer_8": {
      "n_total": 500,
      "n_valid": 500,
      "n_val_total": 500,
      "n_val_valid": 500,
      "acc": 0.582,
      "f1": 0.281786941580756,
      "pre": 1.0,
      "recall": 0.164,
      "auroc": 0.867216,
      "optimal_threshold": 0.716486394405365,
      "tpr_at_fpr_0_01": 0.296,
      "fpr95": 0.548,
      "aupr": 0.8694078514000005
    },
    "layer_9": {
      "n_total": 500,
      "n_valid": 500,
      "n_val_total": 500,
      "n_val_valid": 500,
      "acc": 0.588,
      "f1": 0.3087248322147651,
      "pre": 0.9583333333333334,
      "recall": 0.184,
      "auroc": 0.8630479999999999,
      "optimal_threshold": 0.7316362261772156,
      "tpr_at_fpr_0_01": 0.312,
      "fpr95": 0.556,
      "aupr": 0.8606725257992186
    },
    "layer_10": {
      "n_total": 500,
      "n_valid": 500,
      "n_val_total": 500,
      "n_val_valid": 500,
      "acc": 0.608,
      "f1": 0.35947712418300654,
      "pre": 0.9821428571428571,
      "recall": 0.22,
      "auroc": 0.870096,
      "optimal_threshold": 0.7094846963882446,
      "tpr_at_fpr_0_01": 0.228,
      "fpr95": 0.488,
      "aupr": 0.8706845806066024
    },
    "layer_11": {
      "n_total": 500,
      "n_valid": 500,
      "n_val_total": 500,
      "n_val_valid": 500,
      "acc": 0.598,
      "f1": 0.3277591973244147,
      "pre": 1.0,
      "recall": 0.196,
      "auroc": 0.9020720000000001,
      "optimal_threshold": 0.7029589414596558,
      "tpr_at_fpr_0_01": 0.384,
      "fpr95": 0.392,
      "aupr": 0.9041731681595089
    },
    "layer_12": {
      "n_total": 500,
      "n_valid": 500,
      "n_val_total": 500,
      "n_val_valid": 500,
      "acc": 0.588,
      "f1": 0.29931972789115646,
      "pre": 1.0,
      "recall": 0.176,
      "auroc": 0.902176,
      "optimal_threshold": 0.7146629095077515,
      "tpr_at_fpr_0_01": 0.272,
      "fpr95": 0.392,
      "aupr": 0.900756983498698
    },
    "layer_13": {
      "n_total": 500,
      "n_valid": 500,
      "n_val_total": 500,
      "n_val_valid": 500,
      "acc": 0.606,
      "f1": 0.3540983606557377,
      "pre": 0.9818181818181818,
      "recall": 0.216,
      "auroc": 0.901616,
      "optimal_threshold": 0.7185736298561096,
      "tpr_at_fpr_0_01": 0.396,
      "fpr95": 0.36,
      "aupr": 0.9048576918225878
    },
    "layer_14": {
      "n_total": 500,
      "n_valid": 500,
      "n_val_total": 500,
      "n_val_valid": 500,
      "acc": 0.614,
      "f1": 0.38338658146964855,
      "pre": 0.9523809523809523,
      "recall": 0.24,
      "auroc": 0.898496,
      "optimal_threshold": 0.703340470790863,
      "tpr_at_fpr_0_01": 0.184,
      "fpr95": 0.336,
      "aupr": 0.8941931706363273
    },
    "layer_15": {
      "n_total": 500,
      "n_valid": 500,
      "n_val_total": 500,
      "n_val_valid": 500,
      "acc": 0.602,
      "f1": 0.3388704318936877,
      "pre": 1.0,
      "recall": 0.204,
      "auroc": 0.903408,
      "optimal_threshold": 0.7644022703170776,
      "tpr_at_fpr_0_01": 0.224,
      "fpr95": 0.4,
      "aupr": 0.9045647597532018
    },
    "layer_16": {
      "n_total": 500,
      "n_valid": 500,
      "n_val_total": 500,
      "n_val_valid": 500,
      "acc": 0.596,
      "f1": 0.32666666666666666,
      "pre": 0.98,
      "recall": 0.196,
      "auroc": 0.913928,
      "optimal_threshold": 0.7360678315162659,
      "tpr_at_fpr_0_01": 0.376,
      "fpr95": 0.348,
      "aupr": 0.9114012192452339
    },
    "layer_17": {
      "n_total": 500,
      "n_valid": 500,
      "n_val_total": 500,
      "n_val_valid": 500,
      "acc": 0.622,
      "f1": 0.3961661341853035,
      "pre": 0.9841269841269841,
      "recall": 0.248,
      "auroc": 0.9070400000000001,
      "optimal_threshold": 0.7400768995285034,
      "tpr_at_fpr_0_01": 0.292,
      "fpr95": 0.372,
      "aupr": 0.9077600237544581
    },
    "layer_18": {
      "n_total": 500,
      "n_valid": 500,
      "n_val_total": 500,
      "n_val_valid": 500,
      "acc": 0.618,
      "f1": 0.39365079365079364,
      "pre": 0.9538461538461539,
      "recall": 0.248,
      "auroc": 0.8980480000000001,
      "optimal_threshold": 0.7348279356956482,
      "tpr_at_fpr_0_01": 0.244,
      "fpr95": 0.46,
      "aupr": 0.8923827020923678
    },
    "layer_19": {
      "n_total": 500,
      "n_valid": 500,
      "n_val_total": 500,
      "n_val_valid": 500,
      "acc": 0.632,
      "f1": 0.425,
      "pre": 0.9714285714285714,
      "recall": 0.272,
      "auroc": 0.9031200000000001,
      "optimal_threshold": 0.7196914553642273,