{
  "args": {
    "model": "llama_8b",
    "dataset": "tsm_paras_en_first_gpt4o",
    "mode": "lda",
    "token_mode": "last_token",
    "prefix": false,
    "smoke_test": false,
    "ood": [
      "tsm_sums_en_gemini",
      "tsm_sums_en_deepseek",
      "tsm_sums_pt_gpt4o",
      "tsm_sums_pt_gemini",
      "tsm_sums_pt_deepseek",
      "tsm_sums_vi_gpt4o",
      "tsm_sums_vi_gemini",
      "tsm_sums_vi_deepseek"
    ],
    "pca_components": 0,
    "normalize_scores": true,
    "ablation_set": "human",
    "manifold": true
  },
  "steering_domain": "tsm_paras_en_first_gpt4o",
  "eval_domain": "tsm_sums_pt_gemini",
  "n_samples": 500,
  "n_layers": 33,
  "metrics_per_layer": {
    "layer_1": {
      "n_total": 500,
      "n_valid": 500,
      "n_val_total": 500,
      "n_val_valid": 500,
      "acc": 0.512,
      "f1": 0.6639118457300276,
      "pre": 0.5063025210084033,
      "recall": 0.964,
      "auroc": 0.519256,
      "optimal_threshold": 0.500338077545166,
      "tpr_at_fpr_0_01": 0.016,
      "fpr95": 0.94,
      "aupr": 0.5140121644571272
    },
    "layer_2": {
      "n_total": 500,
      "n_valid": 500,
      "n_val_total": 500,
      "n_val_valid": 500,
      "acc": 0.5,
      "f1": 0.3872549019607843,
      "pre": 0.5,
      "recall": 0.316,
      "auroc": 0.509608,
      "optimal_threshold": 0.4642447531223297,
      "tpr_at_fpr_0_01": 0.008,
      "fpr95": 0.956,
      "aupr": 0.5099812050147282
    },
    "layer_3": {
      "n_total": 500,
      "n_valid": 500,
      "n_val_total": 500,
      "n_val_valid": 500,
      "acc": 0.508,
      "f1": 0.10869565217391304,
      "pre": 0.5769230769230769,
      "recall": 0.06,
      "auroc": 0.508984,
      "optimal_threshold": 0.6052260994911194,
      "tpr_at_fpr_0_01": 0.016,
      "fpr95": 1.0,
      "aupr": 0.5305678111596599
    },
    "layer_4": {
      "n_total": 500,
      "n_valid": 500,
      "n_val_total": 500,
      "n_val_valid": 500,
      "acc": 0.514,
      "f1": 0.13523131672597866,
      "pre": 0.6129032258064516,
      "recall": 0.076,
      "auroc": 0.553416,
      "optimal_threshold": 0.665938675403595,
      "tpr_at_fpr_0_01": 0.012,
      "fpr95": 1.0,
      "aupr": 0.5556591741074715
    },
    "layer_5": {
      "n_total": 500,
      "n_valid": 500,
      "n_val_total": 500,
      "n_val_valid": 500,
      "acc": 0.512,
      "f1": 0.046875,
      "pre": 1.0,
      "recall": 0.024,
      "auroc": 0.5838159999999999,
      "optimal_threshold": 0.72397780418396,
      "tpr_at_fpr_0_01": 0.032,
      "fpr95": 1.0,
      "aupr": 0.567412029608704
    },
    "layer_6": {
      "n_total": 500,
      "n_valid": 500,
      "n_val_total": 500,
      "n_val_valid": 500,
      "acc": 0.51,
      "f1": 0.04669260700389105,
      "pre": 0.8571428571428571,
      "recall": 0.024,
      "auroc": 0.636208,
      "optimal_threshold": 0.6973735690116882,
      "tpr_at_fpr_0_01": 0.036,
      "fpr95": 0.864,
      "aupr": 0.61274484935616
    },
    "layer_7": {
      "n_total": 500,
      "n_valid": 500,
      "n_val_total": 500,
      "n_val_valid": 500,
      "acc": 0.518,
      "f1": 0.08365019011406843,
      "pre": 0.8461538461538461,
      "recall": 0.044,
      "auroc": 0.631968,
      "optimal_threshold": 0.7266028523445129,
      "tpr_at_fpr_0_01": 0.044,
      "fpr95": 1.0,
      "aupr": 0.6239786032645063
    },
    "layer_8": {
      "n_total": 500,
      "n_valid": 500,
      "n_val_total": 500,
      "n_val_valid": 500,
      "acc": 0.516,
      "f1": 0.09701492537313433,
      "pre": 0.7222222222222222,
      "recall": 0.052,
      "auroc": 0.6679679999999999,
      "optimal_threshold": 0.716486394405365,
      "tpr_at_fpr_0_01": 0.044,
      "fpr95": 1.0,
      "aupr": 0.6447265444231645
    },
    "layer_9": {
      "n_total": 500,
      "n_valid": 500,
      "n_val_total": 500,
      "n_val_valid": 500,
      "acc": 0.496,
      "f1": 0.07352941176470588,
      "pre": 0.45454545454545453,
      "recall": 0.04,
      "auroc": 0.6417999999999999,
      "optimal_threshold": 0.7316362261772156,
      "tpr_at_fpr_0_01": 0.008,
      "fpr95": 0.832,
      "aupr": 0.5994377130205181
    },
    "layer_10": {
      "n_total": 500,
      "n_valid": 500,
      "n_val_total": 500,
      "n_val_valid": 500,
      "acc": 0.528,
      "f1": 0.11278195488721804,
      "pre": 0.9375,
      "recall": 0.06,
      "auroc": 0.709832,
      "optimal_threshold": 0.7094846963882446,
      "tpr_at_fpr_0_01": 0.072,
      "fpr95": 0.772,
      "aupr": 0.6976109336418232
    },
    "layer_11": {
      "n_total": 500,
      "n_valid": 500,
      "n_val_total": 500,
      "n_val_valid": 500,
      "acc": 0.504,
      "f1": 0.015873015873015872,
      "pre": 1.0,
      "recall": 0.008,
      "auroc": 0.7416,
      "optimal_threshold": 0.7029589414596558,
      "tpr_at_fpr_0_01": 0.132,
      "fpr95": 0.7,
      "aupr": 0.7324864673105925
    },
    "layer_12": {
      "n_total": 500,
      "n_valid": 500,
      "n_val_total": 500,
      "n_val_valid": 500,
      "acc": 0.504,
      "f1": 0.015873015873015872,
      "pre": 1.0,
      "recall": 0.008,
      "auroc": 0.750576,
      "optimal_threshold": 0.7146629095077515,
      "tpr_at_fpr_0_01": 0.076,
      "fpr95": 0.752,
      "aupr": 0.7368718234060624
    },
    "layer_13": {
      "n_total": 500,
      "n_valid": 500,
      "n_val_total": 500,
      "n_val_valid": 500,
      "acc": 0.51,
      "f1": 0.0392156862745098,
      "pre": 1.0,
      "recall": 0.02,
      "auroc": 0.72104,
      "optimal_threshold": 0.7185736298561096,
      "tpr_at_fpr_0_01": 0.128,
      "fpr95": 0.736,
      "aupr": 0.7143185730347849
    },
    "layer_14": {
      "n_total": 500,
      "n_valid": 500,
      "n_val_total": 500,
      "n_val_valid": 500,
      "acc": 0.522,
      "f1": 0.11808118081180811,
      "pre": 0.7619047619047619,
      "recall": 0.064,
      "auroc": 0.645968,
      "optimal_threshold": 0.703340470790863,
      "tpr_at_fpr_0_01": 0.032,
      "fpr95": 0.84,
      "aupr": 0.6269438620209182
    },
    "layer_15": {
      "n_total": 500,
      "n_valid": 500,
      "n_val_total": 500,
      "n_val_valid": 500,
      "acc": 0.518,
      "f1": 0.10408921933085502,
      "pre": 0.7368421052631579,
      "recall": 0.056,
      "auroc": 0.621904,
      "optimal_threshold": 0.7644022703170776,
      "tpr_at_fpr_0_01": 0.032,
      "fpr95": 0.852,
      "aupr": 0.5929022560054421
    },
    "layer_16": {
      "n_total": 500,
      "n_valid": 500,
      "n_val_total": 500,
      "n_val_valid": 500,
      "acc": 0.502,
      "f1": 0.015810276679841896,
      "pre": 0.6666666666666666,
      "recall": 0.008,
      "auroc": 0.6563119999999999,
      "optimal_threshold": 0.7360678315162659,
      "tpr_at_fpr_0_01": 0.028,
      "fpr95": 1.0,
      "aupr": 0.6426103932255792
    },
    "layer_17": {
      "n_total": 500,
      "n_valid": 500,
      "n_val_total": 500,
      "n_val_valid": 500,
      "acc": 0.506,
      "f1": 0.04633204633204633,
      "pre": 0.6666666666666666,
      "recall": 0.024,
      "auroc": 0.655712,
      "optimal_threshold": 0.7400768995285034,
      "tpr_at_fpr_0_01": 0.016,
      "fpr95": 0.832,
      "aupr": 0.633343522797602
    },
    "layer_18": {
      "n_total": 500,
      "n_valid": 500,
      "n_val_total": 500,
      "n_val_valid": 500,
      "acc": 0.518,
      "f1": 0.10408921933085502,
      "pre": 0.7368421052631579,
      "recall": 0.056,
      "auroc": 0.630992,
      "optimal_threshold": 0.7348279356956482,
      "tpr_at_fpr_0_01": 0.004,
      "fpr95": 0.816,
      "aupr": 0.6095183512719917
    },
    "layer_19": {
      "n_total": 500,
      "n_valid": 500,
      "n_val_total": 500,
      "n_val_valid": 500,
      "acc": 0.502,
      "f1": 0.03861003861003861,
      "pre": 0.5555555555555556,
      "recall": 0.02,
      "auroc": 0.62784,
      "optimal_threshold": 0.7196914553642273,
      "tpr_at_fpr_0_01": 0.02,
      "fpr95": 0.8,
      "aupr": 0.5948336465126263
    },