{
  "args": {
    "model": "llama_8b",
    "dataset": "tsm_paras_en_first_gpt4o",
    "mode": "lda",
    "token_mode": "last_token",
    "prefix": false,
    "smoke_test": false,
    "ood": [
      "tsm_sums_en_gemini",
      "tsm_sums_en_deepseek",
      "tsm_sums_pt_gpt4o",
      "tsm_sums_pt_gemini",
      "tsm_sums_pt_deepseek",
      "tsm_sums_vi_gpt4o",
      "tsm_sums_vi_gemini",
      "tsm_sums_vi_deepseek"
    ],
    "pca_components": 0,
    "normalize_scores": true,
    "ablation_set": "human",
    "manifold": true
  },
  "steering_domain": "tsm_paras_en_first_gpt4o",
  "eval_domain": "tsm_sums_vi_gemini",
  "n_samples": 500,
  "n_layers": 33,
  "metrics_per_layer": {
    "layer_1": {
      "n_total": 500,
      "n_valid": 500,
      "n_val_total": 500,
      "n_val_valid": 500,
      "acc": 0.496,
      "f1": 0.6509695290858726,
      "pre": 0.4978813559322034,
      "recall": 0.94,
      "auroc": 0.49712000000000006,
      "optimal_threshold": 0.500338077545166,
      "tpr_at_fpr_0_01": 0.004,
      "fpr95": 0.992,
      "aupr": 0.4998569931455997
    },
    "layer_2": {
      "n_total": 500,
      "n_valid": 500,
      "n_val_total": 500,
      "n_val_valid": 500,
      "acc": 0.554,
      "f1": 0.5120350109409191,
      "pre": 0.5652173913043478,
      "recall": 0.468,
      "auroc": 0.553648,
      "optimal_threshold": 0.4642447531223297,
      "tpr_at_fpr_0_01": 0.0,
      "fpr95": 1.0,
      "aupr": 0.5581552911189613
    },
    "layer_3": {
      "n_total": 500,
      "n_valid": 500,
      "n_val_total": 500,
      "n_val_valid": 500,
      "acc": 0.494,
      "f1": 0.03065134099616858,
      "pre": 0.36363636363636365,
      "recall": 0.016,
      "auroc": 0.5966159999999999,
      "optimal_threshold": 0.6052260994911194,
      "tpr_at_fpr_0_01": 0.004,
      "fpr95": 1.0,
      "aupr": 0.5618039750897428
    },
    "layer_4": {
      "n_total": 500,
      "n_valid": 500,
      "n_val_total": 500,
      "n_val_valid": 500,
      "acc": 0.502,
      "f1": 0.07434944237918216,
      "pre": 0.5263157894736842,
      "recall": 0.04,
      "auroc": 0.57876,
      "optimal_threshold": 0.665938675403595,
      "tpr_at_fpr_0_01": 0.008,
      "fpr95": 1.0,
      "aupr": 0.5404044305474596
    },
    "layer_5": {
      "n_total": 500,
      "n_valid": 500,
      "n_val_total": 500,
      "n_val_valid": 500,
      "acc": 0.512,
      "f1": 0.08955223880597014,
      "pre": 0.6666666666666666,
      "recall": 0.048,
      "auroc": 0.591432,
      "optimal_threshold": 0.72397780418396,
      "tpr_at_fpr_0_01": 0.02,
      "fpr95": 1.0,
      "aupr": 0.576267539374065
    },
    "layer_6": {
      "n_total": 500,
      "n_valid": 500,
      "n_val_total": 500,
      "n_val_valid": 500,
      "acc": 0.504,
      "f1": 0.03125,
      "pre": 0.6666666666666666,
      "recall": 0.016,
      "auroc": 0.674848,
      "optimal_threshold": 0.6973735690116882,
      "tpr_at_fpr_0_01": 0.016,
      "fpr95": 0.856,
      "aupr": 0.6503617863959286
    },
    "layer_7": {
      "n_total": 500,
      "n_valid": 500,
      "n_val_total": 500,
      "n_val_valid": 500,
      "acc": 0.498,
      "f1": 0.01568627450980392,
      "pre": 0.4,
      "recall": 0.008,
      "auroc": 0.64784,
      "optimal_threshold": 0.7266028523445129,
      "tpr_at_fpr_0_01": 0.004,
      "fpr95": 1.0,
      "aupr": 0.6333228098257014
    },
    "layer_8": {
      "n_total": 500,
      "n_valid": 500,
      "n_val_total": 500,
      "n_val_valid": 500,
      "acc": 0.506,
      "f1": 0.023715415019762844,
      "pre": 1.0,
      "recall": 0.012,
      "auroc": 0.688216,
      "optimal_threshold": 0.716486394405365,
      "tpr_at_fpr_0_01": 0.024,
      "fpr95": 1.0,
      "aupr": 0.6573515242143555
    },
    "layer_9": {
      "n_total": 500,
      "n_valid": 500,
      "n_val_total": 500,
      "n_val_valid": 500,
      "acc": 0.502,
      "f1": 0.03861003861003861,
      "pre": 0.5555555555555556,
      "recall": 0.02,
      "auroc": 0.6189199999999999,
      "optimal_threshold": 0.7316362261772156,
      "tpr_at_fpr_0_01": 0.012,
      "fpr95": 0.86,
      "aupr": 0.5768404214085678
    },
    "layer_10": {
      "n_total": 500,
      "n_valid": 500,
      "n_val_total": 500,
      "n_val_valid": 500,
      "acc": 0.504,
      "f1": 0.03125,
      "pre": 0.6666666666666666,
      "recall": 0.016,
      "auroc": 0.6826639999999999,
      "optimal_threshold": 0.7094846963882446,
      "tpr_at_fpr_0_01": 0.016,
      "fpr95": 0.816,
      "aupr": 0.6343457902016625
    },
    "layer_11": {
      "n_total": 500,
      "n_valid": 500,
      "n_val_total": 500,
      "n_val_valid": 500,
      "acc": 0.5,
      "f1": 0.0,
      "pre": 0.0,
      "recall": 0.0,
      "auroc": 0.698288,
      "optimal_threshold": 0.7029589414596558,
      "tpr_at_fpr_0_01": 0.016,
      "fpr95": 0.816,
      "aupr": 0.6616789188187373
    },
    "layer_12": {
      "n_total": 500,
      "n_valid": 500,
      "n_val_total": 500,
      "n_val_valid": 500,
      "acc": 0.498,
      "f1": 0.0,
      "pre": 0.0,
      "recall": 0.0,
      "auroc": 0.695704,
      "optimal_threshold": 0.7146629095077515,
      "tpr_at_fpr_0_01": 0.008,
      "fpr95": 0.78,
      "aupr": 0.6528225760821775
    },
    "layer_13": {
      "n_total": 500,
      "n_valid": 500,
      "n_val_total": 500,
      "n_val_valid": 500,
      "acc": 0.5,
      "f1": 0.007936507936507936,
      "pre": 0.5,
      "recall": 0.004,
      "auroc": 0.6807040000000001,
      "optimal_threshold": 0.7185736298561096,
      "tpr_at_fpr_0_01": 0.032,
      "fpr95": 0.788,
      "aupr": 0.6588129665768128
    },
    "layer_14": {
      "n_total": 500,
      "n_valid": 500,
      "n_val_total": 500,
      "n_val_valid": 500,
      "acc": 0.516,
      "f1": 0.11029411764705882,
      "pre": 0.6818181818181818,
      "recall": 0.06,
      "auroc": 0.62252,
      "optimal_threshold": 0.703340470790863,
      "tpr_at_fpr_0_01": 0.004,
      "fpr95": 0.82,
      "aupr": 0.583481688494002
    },
    "layer_15": {
      "n_total": 500,
      "n_valid": 500,
      "n_val_total": 500,
      "n_val_valid": 500,
      "acc": 0.504,
      "f1": 0.06060606060606061,
      "pre": 0.5714285714285714,
      "recall": 0.032,
      "auroc": 0.6122639999999999,
      "optimal_threshold": 0.7644022703170776,
      "tpr_at_fpr_0_01": 0.008,
      "fpr95": 0.856,
      "aupr": 0.5676674293165423
    },
    "layer_16": {
      "n_total": 500,
      "n_valid": 500,
      "n_val_total": 500,
      "n_val_valid": 500,
      "acc": 0.504,
      "f1": 0.05343511450381679,
      "pre": 0.5833333333333334,
      "recall": 0.028,
      "auroc": 0.62644,
      "optimal_threshold": 0.7360678315162659,
      "tpr_at_fpr_0_01": 0.008,
      "fpr95": 1.0,
      "aupr": 0.5892409311552922
    },
    "layer_17": {
      "n_total": 500,
      "n_valid": 500,
      "n_val_total": 500,
      "n_val_valid": 500,
      "acc": 0.5,
      "f1": 0.05303030303030303,
      "pre": 0.5,
      "recall": 0.028,
      "auroc": 0.659408,
      "optimal_threshold": 0.7400768995285034,
      "tpr_at_fpr_0_01": 0.012,
      "fpr95": 0.816,
      "aupr": 0.6128927045139927
    },
    "layer_18": {
      "n_total": 500,
      "n_valid": 500,
      "n_val_total": 500,
      "n_val_valid": 500,
      "acc": 0.508,
      "f1": 0.09558823529411764,
      "pre": 0.5909090909090909,
      "recall": 0.052,
      "auroc": 0.645,
      "optimal_threshold": 0.7348279356956482,
      "tpr_at_fpr_0_01": 0.012,
      "fpr95": 0.848,
      "aupr": 0.6117882620840378
    },
    "layer_19": {
      "n_total": 500,
      "n_valid": 500,
      "n_val_total": 500,
      "n_val_valid": 500,
      "acc": 0.512,
      "f1": 0.12857142857142856,
      "pre": 0.6,
      "recall": 0.072,
      "auroc": 0.6483359999999999,
      "optimal_threshold": 0.7196914553642273,
      "tpr_at_fpr_0_01": 0.012,
      "fpr95": 0.828,
      "aupr": 0.6015668665127899
    },
    "layer_20": {
      "n_total": 500,
      "n_valid": 500,