{
  "args": {
    "model": "llama_8b",
    "dataset": "multitude_en",
    "mode": "lda",
    "token_mode": "last_token",
    "prefix": false,
    "smoke_test": false,
    "ood": [
      "multitude_de",
      "multitude_nl",
      "multitude_pt",
      "multitude_ro",
      "multitude_uk"
    ],
    "pca_components": 0,
    "normalize_scores": true,
    "ablation_set": "human",
    "manifold": true
  },
  "steering_domain": "multitude_en",
  "eval_domain": "multitude_uk",
  "n_samples": 500,
  "n_layers": 33,
  "metrics_per_layer": {
    "layer_1": {
      "n_total": 500,
      "n_valid": 500,
      "n_val_total": 500,
      "n_val_valid": 500,
      "acc": 0.576,
      "f1": 0.702247191011236,
      "pre": 0.5411255411255411,
      "recall": 1.0,
      "auroc": 0.490096,
      "optimal_threshold": 0.02070198953151703,
      "tpr_at_fpr_0_01": 0.008,
      "fpr95": 0.848,
      "aupr": 0.5421298701298701
    },
    "layer_2": {
      "n_total": 500,
      "n_valid": 500,
      "n_val_total": 500,
      "n_val_valid": 500,
      "acc": 0.5,
      "f1": 0.0,
      "pre": 0.0,
      "recall": 0.0,
      "auroc": 0.684976,
      "optimal_threshold": 0.7562198042869568,
      "tpr_at_fpr_0_01": 0.0,
      "fpr95": 1.0,
      "aupr": 0.6381579717179617
    },
    "layer_3": {
      "n_total": 500,
      "n_valid": 500,
      "n_val_total": 500,
      "n_val_valid": 500,
      "acc": 0.5,
      "f1": 0.0,
      "pre": 0.0,
      "recall": 0.0,
      "auroc": 0.924848,
      "optimal_threshold": 0.8426244854927063,
      "tpr_at_fpr_0_01": 0.0,
      "fpr95": 0.292,
      "aupr": 0.8806503249804645
    },
    "layer_4": {
      "n_total": 500,
      "n_valid": 500,
      "n_val_total": 500,
      "n_val_valid": 500,
      "acc": 0.5,
      "f1": 0.0,
      "pre": 0.0,
      "recall": 0.0,
      "auroc": 0.9597119999999999,
      "optimal_threshold": 0.8654270768165588,
      "tpr_at_fpr_0_01": 0.536,
      "fpr95": 0.188,
      "aupr": 0.9542797369120694
    },
    "layer_5": {
      "n_total": 500,
      "n_valid": 500,
      "n_val_total": 500,
      "n_val_valid": 500,
      "acc": 0.5,
      "f1": 0.0,
      "pre": 0.0,
      "recall": 0.0,
      "auroc": 0.985616,
      "optimal_threshold": 0.9115839004516602,
      "tpr_at_fpr_0_01": 0.56,
      "fpr95": 0.056,
      "aupr": 0.983889864679439
    },
    "layer_6": {
      "n_total": 500,
      "n_valid": 500,
      "n_val_total": 500,
      "n_val_valid": 500,
      "acc": 0.5,
      "f1": 0.0,
      "pre": 0.0,
      "recall": 0.0,
      "auroc": 0.9887360000000001,
      "optimal_threshold": 0.929305374622345,
      "tpr_at_fpr_0_01": 0.684,
      "fpr95": 0.04,
      "aupr": 0.987941549260688
    },
    "layer_7": {
      "n_total": 500,
      "n_valid": 500,
      "n_val_total": 500,
      "n_val_valid": 500,
      "acc": 0.5,
      "f1": 0.0,
      "pre": 0.0,
      "recall": 0.0,
      "auroc": 0.9885120000000001,
      "optimal_threshold": 0.9255600571632385,
      "tpr_at_fpr_0_01": 0.844,
      "fpr95": 0.084,
      "aupr": 0.9890899701005518
    },
    "layer_8": {
      "n_total": 500,
      "n_valid": 500,
      "n_val_total": 500,
      "n_val_valid": 500,
      "acc": 0.5,
      "f1": 0.0,
      "pre": 0.0,
      "recall": 0.0,
      "auroc": 0.99056,
      "optimal_threshold": 0.9213508367538452,
      "tpr_at_fpr_0_01": 0.776,
      "fpr95": 0.036,
      "aupr": 0.9912465906212277
    },
    "layer_9": {
      "n_total": 500,
      "n_valid": 500,
      "n_val_total": 500,
      "n_val_valid": 500,
      "acc": 0.5,
      "f1": 0.0,
      "pre": 0.0,
      "recall": 0.0,
      "auroc": 0.9943839999999999,
      "optimal_threshold": 0.927449643611908,
      "tpr_at_fpr_0_01": 0.924,
      "fpr95": 0.04,
      "aupr": 0.9947746542130811
    },
    "layer_10": {
      "n_total": 500,
      "n_valid": 500,
      "n_val_total": 500,
      "n_val_valid": 500,
      "acc": 0.5,
      "f1": 0.0,
      "pre": 0.0,
      "recall": 0.0,
      "auroc": 0.9964160000000001,
      "optimal_threshold": 0.9143100380897522,
      "tpr_at_fpr_0_01": 0.932,
      "fpr95": 0.012,
      "aupr": 0.9967957339791749
    },
    "layer_11": {
      "n_total": 500,
      "n_valid": 500,
      "n_val_total": 500,
      "n_val_valid": 500,
      "acc": 0.502,
      "f1": 0.00796812749003984,
      "pre": 1.0,
      "recall": 0.004,
      "auroc": 0.99712,
      "optimal_threshold": 0.9196645021438599,
      "tpr_at_fpr_0_01": 0.928,
      "fpr95": 0.016,
      "aupr": 0.9972716098708483
    },
    "layer_12": {
      "n_total": 500,
      "n_valid": 500,
      "n_val_total": 500,
      "n_val_valid": 500,
      "acc": 0.506,
      "f1": 0.023715415019762844,
      "pre": 1.0,
      "recall": 0.012,
      "auroc": 0.996032,
      "optimal_threshold": 0.9274447560310364,
      "tpr_at_fpr_0_01": 0.916,
      "fpr95": 0.024,
      "aupr": 0.9962302042580058
    },
    "layer_13": {
      "n_total": 500,
      "n_valid": 500,
      "n_val_total": 500,
      "n_val_valid": 500,
      "acc": 0.508,
      "f1": 0.031496062992125984,
      "pre": 1.0,
      "recall": 0.016,
      "auroc": 0.9965600000000001,
      "optimal_threshold": 0.9238663911819458,
      "tpr_at_fpr_0_01": 0.92,
      "fpr95": 0.02,
      "aupr": 0.9967303259592426
    },
    "layer_14": {
      "n_total": 500,
      "n_valid": 500,
      "n_val_total": 500,
      "n_val_valid": 500,
      "acc": 0.516,
      "f1": 0.06201550387596899,
      "pre": 1.0,
      "recall": 0.032,
      "auroc": 0.99552,
      "optimal_threshold": 0.9238370656967163,
      "tpr_at_fpr_0_01": 0.912,
      "fpr95": 0.016,
      "aupr": 0.9960672710306304
    },
    "layer_15": {
      "n_total": 500,
      "n_valid": 500,
      "n_val_total": 500,
      "n_val_valid": 500,
      "acc": 0.5,
      "f1": 0.0,
      "pre": 0.0,
      "recall": 0.0,
      "auroc": 0.9945759999999999,
      "optimal_threshold": 0.9315647482872009,
      "tpr_at_fpr_0_01": 0.9,
      "fpr95": 0.028,
      "aupr": 0.9950577714172044
    },
    "layer_16": {
      "n_total": 500,
      "n_valid": 500,
      "n_val_total": 500,
      "n_val_valid": 500,
      "acc": 0.5,
      "f1": 0.0,
      "pre": 0.0,
      "recall": 0.0,
      "auroc": 0.994928,
      "optimal_threshold": 0.9208559393882751,
      "tpr_at_fpr_0_01": 0.908,
      "fpr95": 0.036,
      "aupr": 0.9952706100744383
    },
    "layer_17": {
      "n_total": 500,
      "n_valid": 500,
      "n_val_total": 500,
      "n_val_valid": 500,
      "acc": 0.5,
      "f1": 0.0,
      "pre": 0.0,
      "recall": 0.0,
      "auroc": 0.9952159999999999,
      "optimal_threshold": 0.9148267507553101,
      "tpr_at_fpr_0_01": 0.928,
      "fpr95": 0.024,
      "aupr": 0.9956293211386904
    },
    "layer_18": {
      "n_total": 500,
      "n_valid": 500,
      "n_val_total": 500,
      "n_val_valid": 500,
      "acc": 0.5,
      "f1": 0.0,
      "pre": 0.0,
      "recall": 0.0,
      "auroc": 0.995456,
      "optimal_threshold": 0.9083897471427917,
      "tpr_at_fpr_0_01": 0.916,
      "fpr95": 0.024,
      "aupr": 0.9959282004174161
    },
    "layer_19": {
      "n_total": 500,
      "n_valid": 500,
      "n_val_total": 500,
      "n_val_valid": 500,
      "acc": 0.5,
      "f1": 0.0,
      "pre": 0.0,
      "recall": 0.0,
      "auroc": 0.993008,
      "optimal_threshold": 0.9002171754837036,
      "tpr_at_fpr_0_01": 0.908,
      "fpr95": 0.044,
      "aupr": 0.9936093957718681
    },
    "layer_20": {
      "n_total": 500,
      "n_valid": 500,
      "n_val_total": 500,
      "n_val_valid": 500,
      "acc": 0.5,
      "f1": 0.0,
      "pre": 0.0,
      "recall": 0.0,
      "auroc": 0.992384,
      "optimal_threshold": 0.9014877080917358,
      "tpr_at_fpr_0_01": 0.896,
      "fpr95": 0.06,
      "aupr": 0.9928684854704931
    },
    "layer_21": {
      "n_total": 500,
      "n_valid": 500,
      "n_val_total": 500,
      "n_val_valid": 500,
      "acc": 0.5,
      "f1": 0.0,
      "pre": 0.0,
      "recall": 0.0,