{
  "args": {
    "model": "llama_8b",
    "dataset": "tsm_paras_en_first_gpt4o",
    "mode": "lda",
    "token_mode": "last_token",
    "prefix": false,
    "smoke_test": false,
    "ood": [
      "tsm_sums_en_gemini",
      "tsm_sums_en_deepseek",
      "tsm_sums_pt_gpt4o",
      "tsm_sums_pt_gemini",
      "tsm_sums_pt_deepseek",
      "tsm_sums_vi_gpt4o",
      "tsm_sums_vi_gemini",
      "tsm_sums_vi_deepseek"
    ],
    "pca_components": 0,
    "normalize_scores": true,
    "ablation_set": "human",
    "manifold": true
  },
  "steering_domain": "tsm_paras_en_first_gpt4o",
  "eval_domain": "tsm_sums_en_deepseek",
  "n_samples": 500,
  "n_layers": 33,
  "metrics_per_layer": {
    "layer_1": {
      "n_total": 500,
      "n_valid": 500,
      "n_val_total": 500,
      "n_val_valid": 500,
      "acc": 0.51,
      "f1": 0.6563814866760168,
      "pre": 0.5053995680345572,
      "recall": 0.936,
      "auroc": 0.525,
      "optimal_threshold": 0.500338077545166,
      "tpr_at_fpr_0_01": 0.032,
      "fpr95": 0.94,
      "aupr": 0.5212685822711493
    },
    "layer_2": {
      "n_total": 500,
      "n_valid": 500,
      "n_val_total": 500,
      "n_val_valid": 500,
      "acc": 0.69,
      "f1": 0.7024952015355086,
      "pre": 0.6752767527675276,
      "recall": 0.732,
      "auroc": 0.731816,
      "optimal_threshold": 0.4642447531223297,
      "tpr_at_fpr_0_01": 0.0,
      "fpr95": 0.748,
      "aupr": 0.6903042659817828
    },
    "layer_3": {
      "n_total": 500,
      "n_valid": 500,
      "n_val_total": 500,
      "n_val_valid": 500,
      "acc": 0.656,
      "f1": 0.5943396226415094,
      "pre": 0.7241379310344828,
      "recall": 0.504,
      "auroc": 0.745816,
      "optimal_threshold": 0.6052260994911194,
      "tpr_at_fpr_0_01": 0.0,
      "fpr95": 0.696,
      "aupr": 0.7286226934677152
    },
    "layer_4": {
      "n_total": 500,
      "n_valid": 500,
      "n_val_total": 500,
      "n_val_valid": 500,
      "acc": 0.72,
      "f1": 0.6428571428571429,
      "pre": 0.8873239436619719,
      "recall": 0.504,
      "auroc": 0.83744,
      "optimal_threshold": 0.665938675403595,
      "tpr_at_fpr_0_01": 0.264,
      "fpr95": 0.688,
      "aupr": 0.845348115360756
    },
    "layer_5": {
      "n_total": 500,
      "n_valid": 500,
      "n_val_total": 500,
      "n_val_valid": 500,
      "acc": 0.694,
      "f1": 0.5941644562334217,
      "pre": 0.8818897637795275,
      "recall": 0.448,
      "auroc": 0.8733519999999999,
      "optimal_threshold": 0.72397780418396,
      "tpr_at_fpr_0_01": 0.22,
      "fpr95": 0.48,
      "aupr": 0.8632318163656009
    },
    "layer_6": {
      "n_total": 500,
      "n_valid": 500,
      "n_val_total": 500,
      "n_val_valid": 500,
      "acc": 0.794,
      "f1": 0.7576470588235295,
      "pre": 0.92,
      "recall": 0.644,
      "auroc": 0.929184,
      "optimal_threshold": 0.6973735690116882,
      "tpr_at_fpr_0_01": 0.28,
      "fpr95": 0.304,
      "aupr": 0.9264213559637954
    },
    "layer_7": {
      "n_total": 500,
      "n_valid": 500,
      "n_val_total": 500,
      "n_val_valid": 500,
      "acc": 0.762,
      "f1": 0.7017543859649122,
      "pre": 0.9395973154362416,
      "recall": 0.56,
      "auroc": 0.928928,
      "optimal_threshold": 0.7266028523445129,
      "tpr_at_fpr_0_01": 0.372,
      "fpr95": 0.3,
      "aupr": 0.9255010565666358
    },
    "layer_8": {
      "n_total": 500,
      "n_valid": 500,
      "n_val_total": 500,
      "n_val_valid": 500,
      "acc": 0.776,
      "f1": 0.7395348837209302,
      "pre": 0.8833333333333333,
      "recall": 0.636,
      "auroc": 0.90784,
      "optimal_threshold": 0.716486394405365,
      "tpr_at_fpr_0_01": 0.312,
      "fpr95": 0.352,
      "aupr": 0.9054366418773196
    },
    "layer_9": {
      "n_total": 500,
      "n_valid": 500,
      "n_val_total": 500,
      "n_val_valid": 500,
      "acc": 0.796,
      "f1": 0.7649769585253456,
      "pre": 0.9021739130434783,
      "recall": 0.664,
      "auroc": 0.9120560000000001,
      "optimal_threshold": 0.7316362261772156,
      "tpr_at_fpr_0_01": 0.38,
      "fpr95": 0.356,
      "aupr": 0.9125266203525357
    },
    "layer_10": {
      "n_total": 500,
      "n_valid": 500,
      "n_val_total": 500,
      "n_val_valid": 500,
      "acc": 0.792,
      "f1": 0.755868544600939,
      "pre": 0.9147727272727273,
      "recall": 0.644,
      "auroc": 0.929216,
      "optimal_threshold": 0.7094846963882446,
      "tpr_at_fpr_0_01": 0.332,
      "fpr95": 0.28,
      "aupr": 0.9234649435091032
    },
    "layer_11": {
      "n_total": 500,
      "n_valid": 500,
      "n_val_total": 500,
      "n_val_valid": 500,
      "acc": 0.808,
      "f1": 0.7669902912621359,
      "pre": 0.9753086419753086,
      "recall": 0.632,
      "auroc": 0.951872,
      "optimal_threshold": 0.7029589414596558,
      "tpr_at_fpr_0_01": 0.504,
      "fpr95": 0.224,
      "aupr": 0.9532856054204488
    },
    "layer_12": {
      "n_total": 500,
      "n_valid": 500,
      "n_val_total": 500,
      "n_val_valid": 500,
      "acc": 0.792,
      "f1": 0.7438423645320197,
      "pre": 0.967948717948718,
      "recall": 0.604,
      "auroc": 0.952832,
      "optimal_threshold": 0.7146629095077515,
      "tpr_at_fpr_0_01": 0.5,
      "fpr95": 0.228,
      "aupr": 0.9542831013555677
    },
    "layer_13": {
      "n_total": 500,
      "n_valid": 500,
      "n_val_total": 500,
      "n_val_valid": 500,
      "acc": 0.826,
      "f1": 0.7962529274004684,
      "pre": 0.96045197740113,
      "recall": 0.68,
      "auroc": 0.9537760000000001,
      "optimal_threshold": 0.7185736298561096,
      "tpr_at_fpr_0_01": 0.476,
      "fpr95": 0.244,
      "aupr": 0.9539850745751615
    },
    "layer_14": {
      "n_total": 500,
      "n_valid": 500,
      "n_val_total": 500,
      "n_val_valid": 500,
      "acc": 0.824,
      "f1": 0.8111587982832618,
      "pre": 0.875,
      "recall": 0.756,
      "auroc": 0.9289120000000001,
      "optimal_threshold": 0.703340470790863,
      "tpr_at_fpr_0_01": 0.312,
      "fpr95": 0.26,
      "aupr": 0.9144559253903284
    },
    "layer_15": {
      "n_total": 500,
      "n_valid": 500,
      "n_val_total": 500,
      "n_val_valid": 500,
      "acc": 0.818,
      "f1": 0.8,
      "pre": 0.8878048780487805,
      "recall": 0.728,
      "auroc": 0.928296,
      "optimal_threshold": 0.7644022703170776,
      "tpr_at_fpr_0_01": 0.0,
      "fpr95": 0.28,
      "aupr": 0.9125249809299932
    },
    "layer_16": {
      "n_total": 500,
      "n_valid": 500,
      "n_val_total": 500,
      "n_val_valid": 500,
      "acc": 0.816,
      "f1": 0.7946428571428571,
      "pre": 0.898989898989899,
      "recall": 0.712,
      "auroc": 0.9286159999999999,
      "optimal_threshold": 0.7360678315162659,
      "tpr_at_fpr_0_01": 0.372,
      "fpr95": 0.252,
      "aupr": 0.9201859103309612
    },
    "layer_17": {
      "n_total": 500,
      "n_valid": 500,
      "n_val_total": 500,
      "n_val_valid": 500,
      "acc": 0.856,
      "f1": 0.8461538461538461,
      "pre": 0.908256880733945,
      "recall": 0.792,
      "auroc": 0.945392,
      "optimal_threshold": 0.7400768995285034,
      "tpr_at_fpr_0_01": 0.464,
      "fpr95": 0.26,
      "aupr": 0.9452352122735377
    },
    "layer_18": {
      "n_total": 500,
      "n_valid": 500,
      "n_val_total": 500,
      "n_val_valid": 500,
      "acc": 0.86,
      "f1": 0.8504273504273504,
      "pre": 0.9128440366972477,
      "recall": 0.796,
      "auroc": 0.944312,
      "optimal_threshold": 0.7348279356956482,
      "tpr_at_fpr_0_01": 0.532,
      "fpr95": 0.224,
      "aupr": 0.9391142021234334
    },
    "layer_19": {
      "n_total": 500,
      "n_valid": 500,
      "n_val_total": 500,
      "n_val_valid": 500,
      "acc": 0.852,
      "f1": 0.8432203389830508,
      "pre": 0.8963963963963963,
      "recall": 0.796,
      "auroc": 0.940248,
      "optimal_threshold": 0.7196914553642273,
      "tpr_at_fpr_0_01": 0.48,
      "fpr95": 0.236,