{
  "args": {
    "model": "llama_8b",
    "dataset": "multitude_en",
    "mode": "lda",
    "token_mode": "last_token",
    "prefix": false,
    "smoke_test": false,
    "ood": [
      "multitude_de",
      "multitude_nl",
      "multitude_pt",
      "multitude_ro",
      "multitude_uk"
    ],
    "pca_components": 0,
    "normalize_scores": true,
    "ablation_set": "human",
    "manifold": true
  },
  "steering_domain": "multitude_en",
  "eval_domain": "multitude_pt",
  "n_samples": 500,
  "n_layers": 33,
  "metrics_per_layer": {
    "layer_1": {
      "n_total": 500,
      "n_valid": 500,
      "n_val_total": 500,
      "n_val_valid": 500,
      "acc": 0.574,
      "f1": 0.7012622720897616,
      "pre": 0.5399568034557235,
      "recall": 1.0,
      "auroc": 0.48041600000000007,
      "optimal_threshold": 0.02070198953151703,
      "tpr_at_fpr_0_01": 0.016,
      "fpr95": 0.852,
      "aupr": 0.5441174946004319
    },
    "layer_2": {
      "n_total": 500,
      "n_valid": 500,
      "n_val_total": 500,
      "n_val_valid": 500,
      "acc": 0.5,
      "f1": 0.0,
      "pre": 0.0,
      "recall": 0.0,
      "auroc": 0.851568,
      "optimal_threshold": 0.7562198042869568,
      "tpr_at_fpr_0_01": 0.028,
      "fpr95": 0.528,
      "aupr": 0.8049131347397376
    },
    "layer_3": {
      "n_total": 500,
      "n_valid": 500,
      "n_val_total": 500,
      "n_val_valid": 500,
      "acc": 0.5,
      "f1": 0.0,
      "pre": 0.0,
      "recall": 0.0,
      "auroc": 0.97592,
      "optimal_threshold": 0.8426244854927063,
      "tpr_at_fpr_0_01": 0.656,
      "fpr95": 0.124,
      "aupr": 0.9769271814271739
    },
    "layer_4": {
      "n_total": 500,
      "n_valid": 500,
      "n_val_total": 500,
      "n_val_valid": 500,
      "acc": 0.5,
      "f1": 0.0,
      "pre": 0.0,
      "recall": 0.0,
      "auroc": 0.979248,
      "optimal_threshold": 0.8654270768165588,
      "tpr_at_fpr_0_01": 0.78,
      "fpr95": 0.124,
      "aupr": 0.9820132740495374
    },
    "layer_5": {
      "n_total": 500,
      "n_valid": 500,
      "n_val_total": 500,
      "n_val_valid": 500,
      "acc": 0.51,
      "f1": 0.0392156862745098,
      "pre": 1.0,
      "recall": 0.02,
      "auroc": 0.994544,
      "optimal_threshold": 0.9115839004516602,
      "tpr_at_fpr_0_01": 0.924,
      "fpr95": 0.02,
      "aupr": 0.995038234390788
    },
    "layer_6": {
      "n_total": 500,
      "n_valid": 500,
      "n_val_total": 500,
      "n_val_valid": 500,
      "acc": 0.502,
      "f1": 0.00796812749003984,
      "pre": 1.0,
      "recall": 0.004,
      "auroc": 0.997312,
      "optimal_threshold": 0.929305374622345,
      "tpr_at_fpr_0_01": 0.952,
      "fpr95": 0.008,
      "aupr": 0.9976417523706674
    },
    "layer_7": {
      "n_total": 500,
      "n_valid": 500,
      "n_val_total": 500,
      "n_val_valid": 500,
      "acc": 0.502,
      "f1": 0.00796812749003984,
      "pre": 1.0,
      "recall": 0.004,
      "auroc": 0.996032,
      "optimal_threshold": 0.9255600571632385,
      "tpr_at_fpr_0_01": 0.964,
      "fpr95": 0.004,
      "aupr": 0.9965219797826368
    },
    "layer_8": {
      "n_total": 500,
      "n_valid": 500,
      "n_val_total": 500,
      "n_val_valid": 500,
      "acc": 0.522,
      "f1": 0.0842911877394636,
      "pre": 1.0,
      "recall": 0.044,
      "auroc": 0.997312,
      "optimal_threshold": 0.9213508367538452,
      "tpr_at_fpr_0_01": 0.956,
      "fpr95": 0.008,
      "aupr": 0.9974329265596469
    },
    "layer_9": {
      "n_total": 500,
      "n_valid": 500,
      "n_val_total": 500,
      "n_val_valid": 500,
      "acc": 0.54,
      "f1": 0.14814814814814814,
      "pre": 1.0,
      "recall": 0.08,
      "auroc": 0.99688,
      "optimal_threshold": 0.927449643611908,
      "tpr_at_fpr_0_01": 0.952,
      "fpr95": 0.008,
      "aupr": 0.9971167696990931
    },
    "layer_10": {
      "n_total": 500,
      "n_valid": 500,
      "n_val_total": 500,
      "n_val_valid": 500,
      "acc": 0.564,
      "f1": 0.22695035460992907,
      "pre": 1.0,
      "recall": 0.128,
      "auroc": 0.998496,
      "optimal_threshold": 0.9143100380897522,
      "tpr_at_fpr_0_01": 0.948,
      "fpr95": 0.012,
      "aupr": 0.9985418872600731
    },
    "layer_11": {
      "n_total": 500,
      "n_valid": 500,
      "n_val_total": 500,
      "n_val_valid": 500,
      "acc": 0.514,
      "f1": 0.054474708171206226,
      "pre": 1.0,
      "recall": 0.028,
      "auroc": 0.998976,
      "optimal_threshold": 0.9196645021438599,
      "tpr_at_fpr_0_01": 0.976,
      "fpr95": 0.0,
      "aupr": 0.9990219952589915
    },
    "layer_12": {
      "n_total": 500,
      "n_valid": 500,
      "n_val_total": 500,
      "n_val_valid": 500,
      "acc": 0.554,
      "f1": 0.19494584837545126,
      "pre": 1.0,
      "recall": 0.108,
      "auroc": 0.9988319999999999,
      "optimal_threshold": 0.9274447560310364,
      "tpr_at_fpr_0_01": 0.976,
      "fpr95": 0.0,
      "aupr": 0.9989272944915205
    },
    "layer_13": {
      "n_total": 500,
      "n_valid": 500,
      "n_val_total": 500,
      "n_val_valid": 500,
      "acc": 0.558,
      "f1": 0.2078853046594982,
      "pre": 1.0,
      "recall": 0.116,
      "auroc": 0.9980959999999999,
      "optimal_threshold": 0.9238663911819458,
      "tpr_at_fpr_0_01": 0.972,
      "fpr95": 0.004,
      "aupr": 0.9984134814868161
    },
    "layer_14": {
      "n_total": 500,
      "n_valid": 500,
      "n_val_total": 500,
      "n_val_valid": 500,
      "acc": 0.594,
      "f1": 0.3164983164983165,
      "pre": 1.0,
      "recall": 0.188,
      "auroc": 0.99856,
      "optimal_threshold": 0.9238370656967163,
      "tpr_at_fpr_0_01": 0.968,
      "fpr95": 0.004,
      "aupr": 0.998662202069554
    },
    "layer_15": {
      "n_total": 500,
      "n_valid": 500,
      "n_val_total": 500,
      "n_val_valid": 500,
      "acc": 0.542,
      "f1": 0.15498154981549817,
      "pre": 1.0,
      "recall": 0.084,
      "auroc": 0.998704,
      "optimal_threshold": 0.9315647482872009,
      "tpr_at_fpr_0_01": 0.98,
      "fpr95": 0.0,
      "aupr": 0.9988068497350999
    },
    "layer_16": {
      "n_total": 500,
      "n_valid": 500,
      "n_val_total": 500,
      "n_val_valid": 500,
      "acc": 0.504,
      "f1": 0.015873015873015872,
      "pre": 1.0,
      "recall": 0.008,
      "auroc": 0.998816,
      "optimal_threshold": 0.9208559393882751,
      "tpr_at_fpr_0_01": 0.964,
      "fpr95": 0.004,
      "aupr": 0.9988443209081187
    },
    "layer_17": {
      "n_total": 500,
      "n_valid": 500,
      "n_val_total": 500,
      "n_val_valid": 500,
      "acc": 0.502,
      "f1": 0.00796812749003984,
      "pre": 1.0,
      "recall": 0.004,
      "auroc": 0.9991519999999999,
      "optimal_threshold": 0.9148267507553101,
      "tpr_at_fpr_0_01": 0.984,
      "fpr95": 0.004,
      "aupr": 0.9991349195410144
    },
    "layer_18": {
      "n_total": 500,
      "n_valid": 500,
      "n_val_total": 500,
      "n_val_valid": 500,
      "acc": 0.5,
      "f1": 0.0,
      "pre": 0.0,
      "recall": 0.0,
      "auroc": 0.999168,
      "optimal_threshold": 0.9083897471427917,
      "tpr_at_fpr_0_01": 0.988,
      "fpr95": 0.004,
      "aupr": 0.9991401992090224
    },
    "layer_19": {
      "n_total": 500,
      "n_valid": 500,
      "n_val_total": 500,
      "n_val_valid": 500,
      "acc": 0.5,
      "f1": 0.0,
      "pre": 0.0,
      "recall": 0.0,
      "auroc": 0.999312,
      "optimal_threshold": 0.9002171754837036,
      "tpr_at_fpr_0_01": 0.988,
      "fpr95": 0.004,
      "aupr": 0.9993016129374774
    },
    "layer_20": {
      "n_total": 500,
      "n_valid": 500,
      "n_val_total": 500,
      "n_val_valid": 500,
      "acc": 0.5,
      "f1": 0.0,
      "pre": 0.0,
      "recall": 0.0,
      "auroc": 0.99912,
      "optimal_threshold": 0.9014877080917358,
      "tpr_at_fpr_0_01": 0.984,
      "fpr95": 0.004,
      "aupr": 0.9991106296397819
    },
    "layer_21": {
      "n_total": 500,
      "n_valid": 500,