{
  "args": {
    "model": "llama_8b",
    "dataset": "multisocial_en",
    "mode": "lda",
    "token_mode": "last_token",
    "prefix": false,
    "smoke_test": false,
    "ood": [
      "multisocial_de",
      "multisocial_nl",
      "multisocial_pt",
      "multisocial_ar"
    ],
    "pca_components": 0,
    "normalize_scores": true,
    "ablation_set": "human",
    "manifold": true
  },
  "steering_domain": "multisocial_en",
  "eval_domain": "multisocial_ar",
  "n_samples": 500,
  "n_layers": 33,
  "metrics_per_layer": {
    "layer_1": {
      "n_total": 500,
      "n_valid": 500,
      "n_val_total": 500,
      "n_val_valid": 500,
      "acc": 0.628,
      "f1": 0.4945652173913043,
      "pre": 0.7711864406779662,
      "recall": 0.364,
      "auroc": 0.710232,
      "optimal_threshold": 0.7775899767875671,
      "tpr_at_fpr_0_01": 0.04,
      "fpr95": 0.804,
      "aupr": 0.7107340259371684
    },
    "layer_2": {
      "n_total": 500,
      "n_valid": 500,
      "n_val_total": 500,
      "n_val_valid": 500,
      "acc": 0.552,
      "f1": 0.2631578947368421,
      "pre": 0.7407407407407407,
      "recall": 0.16,
      "auroc": 0.6802799999999999,
      "optimal_threshold": 0.6214106678962708,
      "tpr_at_fpr_0_01": 0.04,
      "fpr95": 0.976,
      "aupr": 0.6876763974901776
    },
    "layer_3": {
      "n_total": 500,
      "n_valid": 500,
      "n_val_total": 500,
      "n_val_valid": 500,
      "acc": 0.618,
      "f1": 0.4398826979472141,
      "pre": 0.8241758241758241,
      "recall": 0.3,
      "auroc": 0.78528,
      "optimal_threshold": 0.5765706896781921,
      "tpr_at_fpr_0_01": 0.028,
      "fpr95": 0.772,
      "aupr": 0.7563462194300141
    },
    "layer_4": {
      "n_total": 500,
      "n_valid": 500,
      "n_val_total": 500,
      "n_val_valid": 500,
      "acc": 0.61,
      "f1": 0.3925233644859813,
      "pre": 0.8873239436619719,
      "recall": 0.252,
      "auroc": 0.830368,
      "optimal_threshold": 0.6165570020675659,
      "tpr_at_fpr_0_01": 0.144,
      "fpr95": 0.616,
      "aupr": 0.820482827399921
    },
    "layer_5": {
      "n_total": 500,
      "n_valid": 500,
      "n_val_total": 500,
      "n_val_valid": 500,
      "acc": 0.716,
      "f1": 0.6536585365853659,
      "pre": 0.8375,
      "recall": 0.536,
      "auroc": 0.8220639999999999,
      "optimal_threshold": 0.4769507944583893,
      "tpr_at_fpr_0_01": 0.12,
      "fpr95": 0.632,
      "aupr": 0.8189154694525465
    },
    "layer_6": {
      "n_total": 500,
      "n_valid": 500,
      "n_val_total": 500,
      "n_val_valid": 500,
      "acc": 0.7,
      "f1": 0.6192893401015228,
      "pre": 0.8472222222222222,
      "recall": 0.488,
      "auroc": 0.834992,
      "optimal_threshold": 0.5214415788650513,
      "tpr_at_fpr_0_01": 0.204,
      "fpr95": 0.644,
      "aupr": 0.8364097504858846
    },
    "layer_7": {
      "n_total": 500,
      "n_valid": 500,
      "n_val_total": 500,
      "n_val_valid": 500,
      "acc": 0.762,
      "f1": 0.734966592427617,
      "pre": 0.8291457286432161,
      "recall": 0.66,
      "auroc": 0.8390159999999999,
      "optimal_threshold": 0.4911154508590698,
      "tpr_at_fpr_0_01": 0.304,
      "fpr95": 0.64,
      "aupr": 0.8489409544498132
    },
    "layer_8": {
      "n_total": 500,
      "n_valid": 500,
      "n_val_total": 500,
      "n_val_valid": 500,
      "acc": 0.732,
      "f1": 0.6839622641509434,
      "pre": 0.8333333333333334,
      "recall": 0.58,
      "auroc": 0.830832,
      "optimal_threshold": 0.4849196672439575,
      "tpr_at_fpr_0_01": 0.168,
      "fpr95": 0.688,
      "aupr": 0.8304329009381448
    },
    "layer_9": {
      "n_total": 500,
      "n_valid": 500,
      "n_val_total": 500,
      "n_val_valid": 500,
      "acc": 0.736,
      "f1": 0.6780487804878049,
      "pre": 0.86875,
      "recall": 0.556,
      "auroc": 0.8105440000000002,
      "optimal_threshold": 0.5162015557289124,
      "tpr_at_fpr_0_01": 0.188,
      "fpr95": 0.748,
      "aupr": 0.8320419597906943
    },
    "layer_10": {
      "n_total": 500,
      "n_valid": 500,
      "n_val_total": 500,
      "n_val_valid": 500,
      "acc": 0.626,
      "f1": 0.41379310344827586,
      "pre": 0.9565217391304348,
      "recall": 0.264,
      "auroc": 0.7602400000000001,
      "optimal_threshold": 0.5999384522438049,
      "tpr_at_fpr_0_01": 0.196,
      "fpr95": 0.772,
      "aupr": 0.7946777599122449
    },
    "layer_11": {
      "n_total": 500,
      "n_valid": 500,
      "n_val_total": 500,
      "n_val_valid": 500,
      "acc": 0.614,
      "f1": 0.38338658146964855,
      "pre": 0.9523809523809523,
      "recall": 0.24,
      "auroc": 0.794512,
      "optimal_threshold": 0.6840657591819763,
      "tpr_at_fpr_0_01": 0.216,
      "fpr95": 0.756,
      "aupr": 0.8217872059894744
    },
    "layer_12": {
      "n_total": 500,
      "n_valid": 500,
      "n_val_total": 500,
      "n_val_valid": 500,
      "acc": 0.55,
      "f1": 0.18181818181818182,
      "pre": 1.0,
      "recall": 0.1,
      "auroc": 0.784128,
      "optimal_threshold": 0.7782321572303772,
      "tpr_at_fpr_0_01": 0.252,
      "fpr95": 0.796,
      "aupr": 0.8204724691742743
    },
    "layer_13": {
      "n_total": 500,
      "n_valid": 500,
      "n_val_total": 500,
      "n_val_valid": 500,
      "acc": 0.558,
      "f1": 0.2078853046594982,
      "pre": 1.0,
      "recall": 0.116,
      "auroc": 0.81168,
      "optimal_threshold": 0.7364996671676636,
      "tpr_at_fpr_0_01": 0.228,
      "fpr95": 0.74,
      "aupr": 0.8364639733376101
    },
    "layer_14": {
      "n_total": 500,
      "n_valid": 500,
      "n_val_total": 500,
      "n_val_valid": 500,
      "acc": 0.572,
      "f1": 0.2517482517482518,
      "pre": 1.0,
      "recall": 0.144,
      "auroc": 0.823008,
      "optimal_threshold": 0.7729830741882324,
      "tpr_at_fpr_0_01": 0.312,
      "fpr95": 0.716,
      "aupr": 0.8509524001597737
    },
    "layer_15": {
      "n_total": 500,
      "n_valid": 500,
      "n_val_total": 500,
      "n_val_valid": 500,
      "acc": 0.568,
      "f1": 0.24475524475524477,
      "pre": 0.9722222222222222,
      "recall": 0.14,
      "auroc": 0.8452639999999999,
      "optimal_threshold": 0.7966139912605286,
      "tpr_at_fpr_0_01": 0.188,
      "fpr95": 0.692,
      "aupr": 0.863877938031595
    },
    "layer_16": {
      "n_total": 500,
      "n_valid": 500,
      "n_val_total": 500,
      "n_val_valid": 500,
      "acc": 0.548,
      "f1": 0.17518248175182483,
      "pre": 1.0,
      "recall": 0.096,
      "auroc": 0.804656,
      "optimal_threshold": 0.8001981973648071,
      "tpr_at_fpr_0_01": 0.12,
      "fpr95": 0.788,
      "aupr": 0.8228045909349946
    },
    "layer_17": {
      "n_total": 500,
      "n_valid": 500,
      "n_val_total": 500,
      "n_val_valid": 500,
      "acc": 0.516,
      "f1": 0.07633587786259542,
      "pre": 0.8333333333333334,
      "recall": 0.04,
      "auroc": 0.8216159999999999,
      "optimal_threshold": 0.7944970726966858,
      "tpr_at_fpr_0_01": 0.152,
      "fpr95": 0.748,
      "aupr": 0.8281320027457821
    },
    "layer_18": {
      "n_total": 500,
      "n_valid": 500,
      "n_val_total": 500,
      "n_val_valid": 500,
      "acc": 0.532,
      "f1": 0.13333333333333333,
      "pre": 0.9,
      "recall": 0.072,
      "auroc": 0.8349759999999999,
      "optimal_threshold": 0.7914880514144897,
      "tpr_at_fpr_0_01": 0.132,
      "fpr95": 0.724,
      "aupr": 0.8348729900895606
    },
    "layer_19": {
      "n_total": 500,
      "n_valid": 500,
      "n_val_total": 500,
      "n_val_valid": 500,
      "acc": 0.522,
      "f1": 0.09125475285171103,
      "pre": 0.9230769230769231,
      "recall": 0.048,
      "auroc": 0.813952,
      "optimal_threshold": 0.781796932220459,
      "tpr_at_fpr_0_01": 0.128,
      "fpr95": 0.692,
      "aupr": 0.8163558465037406
    },
    "layer_20": {
      "n_total": 500,
      "n_valid": 500,
      "n_val_total": 500,
      "n_val_valid": 500,
      "acc": 0.536,