{
  "args": {
    "model": "llama_8b",
    "dataset": "tsm_paras_en_first_gpt4o",
    "mode": "lda",
    "token_mode": "last_token",
    "prefix": false,
    "smoke_test": false,
    "ood": [
      "tsm_sums_en_gemini",
      "tsm_sums_en_deepseek",
      "tsm_sums_pt_gpt4o",
      "tsm_sums_pt_gemini",
      "tsm_sums_pt_deepseek",
      "tsm_sums_vi_gpt4o",
      "tsm_sums_vi_gemini",
      "tsm_sums_vi_deepseek"
    ],
    "pca_components": 0,
    "normalize_scores": true,
    "ablation_set": "human",
    "manifold": true
  },
  "steering_domain": "tsm_paras_en_first_gpt4o",
  "eval_domain": "tsm_sums_vi_deepseek",
  "n_samples": 500,
  "n_layers": 33,
  "metrics_per_layer": {
    "layer_1": {
      "n_total": 500,
      "n_valid": 500,
      "n_val_total": 500,
      "n_val_valid": 500,
      "acc": 0.52,
      "f1": 0.667590027700831,
      "pre": 0.510593220338983,
      "recall": 0.964,
      "auroc": 0.5288479999999999,
      "optimal_threshold": 0.500338077545166,
      "tpr_at_fpr_0_01": 0.02,
      "fpr95": 0.924,
      "aupr": 0.5200321931589537
    },
    "layer_2": {
      "n_total": 500,
      "n_valid": 500,
      "n_val_total": 500,
      "n_val_valid": 500,
      "acc": 0.572,
      "f1": 0.5504201680672269,
      "pre": 0.5796460176991151,
      "recall": 0.524,
      "auroc": 0.620432,
      "optimal_threshold": 0.4642447531223297,
      "tpr_at_fpr_0_01": 0.016,
      "fpr95": 0.836,
      "aupr": 0.5885307096402262
    },
    "layer_3": {
      "n_total": 500,
      "n_valid": 500,
      "n_val_total": 500,
      "n_val_valid": 500,
      "acc": 0.51,
      "f1": 0.08239700374531835,
      "pre": 0.6470588235294118,
      "recall": 0.044,
      "auroc": 0.688784,
      "optimal_threshold": 0.6052260994911194,
      "tpr_at_fpr_0_01": 0.02,
      "fpr95": 1.0,
      "aupr": 0.6513557224414488
    },
    "layer_4": {
      "n_total": 500,
      "n_valid": 500,
      "n_val_total": 500,
      "n_val_valid": 500,
      "acc": 0.512,
      "f1": 0.07575757575757576,
      "pre": 0.7142857142857143,
      "recall": 0.04,
      "auroc": 0.757552,
      "optimal_threshold": 0.665938675403595,
      "tpr_at_fpr_0_01": 0.024,
      "fpr95": 1.0,
      "aupr": 0.7173140380506655
    },
    "layer_5": {
      "n_total": 500,
      "n_valid": 500,
      "n_val_total": 500,
      "n_val_valid": 500,
      "acc": 0.534,
      "f1": 0.14652014652014653,
      "pre": 0.8695652173913043,
      "recall": 0.08,
      "auroc": 0.8254239999999999,
      "optimal_threshold": 0.72397780418396,
      "tpr_at_fpr_0_01": 0.032,
      "fpr95": 0.504,
      "aupr": 0.7846245209018943
    },
    "layer_6": {
      "n_total": 500,
      "n_valid": 500,
      "n_val_total": 500,
      "n_val_valid": 500,
      "acc": 0.604,
      "f1": 0.34868421052631576,
      "pre": 0.9814814814814815,
      "recall": 0.212,
      "auroc": 0.9132640000000001,
      "optimal_threshold": 0.6973735690116882,
      "tpr_at_fpr_0_01": 0.264,
      "fpr95": 0.328,
      "aupr": 0.9034760220736231
    },
    "layer_7": {
      "n_total": 500,
      "n_valid": 500,
      "n_val_total": 500,
      "n_val_valid": 500,
      "acc": 0.56,
      "f1": 0.21428571428571427,
      "pre": 1.0,
      "recall": 0.12,
      "auroc": 0.894464,
      "optimal_threshold": 0.7266028523445129,
      "tpr_at_fpr_0_01": 0.352,
      "fpr95": 0.464,
      "aupr": 0.9015586837671818
    },
    "layer_8": {
      "n_total": 500,
      "n_valid": 500,
      "n_val_total": 500,
      "n_val_valid": 500,
      "acc": 0.52,
      "f1": 0.07692307692307693,
      "pre": 1.0,
      "recall": 0.04,
      "auroc": 0.9017440000000001,
      "optimal_threshold": 0.716486394405365,
      "tpr_at_fpr_0_01": 0.228,
      "fpr95": 0.336,
      "aupr": 0.8894161883559317
    },
    "layer_9": {
      "n_total": 500,
      "n_valid": 500,
      "n_val_total": 500,
      "n_val_valid": 500,
      "acc": 0.536,
      "f1": 0.15328467153284672,
      "pre": 0.875,
      "recall": 0.084,
      "auroc": 0.864232,
      "optimal_threshold": 0.7316362261772156,
      "tpr_at_fpr_0_01": 0.08,
      "fpr95": 0.384,
      "aupr": 0.8399023624328377
    },
    "layer_10": {
      "n_total": 500,
      "n_valid": 500,
      "n_val_total": 500,
      "n_val_valid": 500,
      "acc": 0.526,
      "f1": 0.10566037735849057,
      "pre": 0.9333333333333333,
      "recall": 0.056,
      "auroc": 0.894016,
      "optimal_threshold": 0.7094846963882446,
      "tpr_at_fpr_0_01": 0.268,
      "fpr95": 0.436,
      "aupr": 0.8846866502200688
    },
    "layer_11": {
      "n_total": 500,
      "n_valid": 500,
      "n_val_total": 500,
      "n_val_valid": 500,
      "acc": 0.508,
      "f1": 0.031496062992125984,
      "pre": 1.0,
      "recall": 0.016,
      "auroc": 0.9076960000000001,
      "optimal_threshold": 0.7029589414596558,
      "tpr_at_fpr_0_01": 0.412,
      "fpr95": 0.472,
      "aupr": 0.9140118364884565
    },
    "layer_12": {
      "n_total": 500,
      "n_valid": 500,
      "n_val_total": 500,
      "n_val_valid": 500,
      "acc": 0.532,
      "f1": 0.12030075187969924,
      "pre": 1.0,
      "recall": 0.064,
      "auroc": 0.926864,
      "optimal_threshold": 0.7146629095077515,
      "tpr_at_fpr_0_01": 0.472,
      "fpr95": 0.36,
      "aupr": 0.928754260295635
    },
    "layer_13": {
      "n_total": 500,
      "n_valid": 500,
      "n_val_total": 500,
      "n_val_valid": 500,
      "acc": 0.536,
      "f1": 0.13432835820895522,
      "pre": 1.0,
      "recall": 0.072,
      "auroc": 0.926016,
      "optimal_threshold": 0.7185736298561096,
      "tpr_at_fpr_0_01": 0.496,
      "fpr95": 0.384,
      "aupr": 0.9271523959688021
    },
    "layer_14": {
      "n_total": 500,
      "n_valid": 500,
      "n_val_total": 500,
      "n_val_valid": 500,
      "acc": 0.554,
      "f1": 0.21201413427561838,
      "pre": 0.9090909090909091,
      "recall": 0.12,
      "auroc": 0.864768,
      "optimal_threshold": 0.703340470790863,
      "tpr_at_fpr_0_01": 0.088,
      "fpr95": 0.496,
      "aupr": 0.8475045387072606
    },
    "layer_15": {
      "n_total": 500,
      "n_valid": 500,
      "n_val_total": 500,
      "n_val_valid": 500,
      "acc": 0.524,
      "f1": 0.09848484848484848,
      "pre": 0.9285714285714286,
      "recall": 0.052,
      "auroc": 0.847728,
      "optimal_threshold": 0.7644022703170776,
      "tpr_at_fpr_0_01": 0.16,
      "fpr95": 0.408,
      "aupr": 0.8192968030667481
    },
    "layer_16": {
      "n_total": 500,
      "n_valid": 500,
      "n_val_total": 500,
      "n_val_valid": 500,
      "acc": 0.514,
      "f1": 0.06177606177606178,
      "pre": 0.8888888888888888,
      "recall": 0.032,
      "auroc": 0.8693440000000001,
      "optimal_threshold": 0.7360678315162659,
      "tpr_at_fpr_0_01": 0.092,
      "fpr95": 0.488,
      "aupr": 0.852847465899295
    },
    "layer_17": {
      "n_total": 500,
      "n_valid": 500,
      "n_val_total": 500,
      "n_val_valid": 500,
      "acc": 0.534,
      "f1": 0.14022140221402213,
      "pre": 0.9047619047619048,
      "recall": 0.076,
      "auroc": 0.906736,
      "optimal_threshold": 0.7400768995285034,
      "tpr_at_fpr_0_01": 0.132,
      "fpr95": 0.376,
      "aupr": 0.8851618165211772
    },
    "layer_18": {
      "n_total": 500,
      "n_valid": 500,
      "n_val_total": 500,
      "n_val_valid": 500,
      "acc": 0.584,
      "f1": 0.2972972972972973,
      "pre": 0.9565217391304348,
      "recall": 0.176,
      "auroc": 0.918512,
      "optimal_threshold": 0.7348279356956482,
      "tpr_at_fpr_0_01": 0.192,
      "fpr95": 0.296,
      "aupr": 0.9053340922842322
    },
    "layer_19": {
      "n_total": 500,
      "n_valid": 500,
      "n_val_total": 500,
      "n_val_valid": 500,
      "acc": 0.626,
      "f1": 0.4174454828660436,
      "pre": 0.9436619718309859,
      "recall": 0.268,
      "auroc": 0.926512,
      "optimal_threshold": 0.7196914553642273,
      "tpr_at_fpr_0_01": 0.152,
      "fpr95": 0.248,