{
  "args": {
    "model": "llama_8b",
    "dataset": "tsm_paras_en_first_gpt4o",
    "mode": "lda",
    "token_mode": "last_token",
    "prefix": false,
    "smoke_test": false,
    "ood": [
      "tsm_paras_en_first_gemini",
      "tsm_paras_en_first_deepseek",
      "tsm_paras_pt_first_gpt4o",
      "tsm_paras_pt_first_gemini",
      "tsm_paras_pt_first_deepseek",
      "tsm_paras_vi_first_gpt4o",
      "tsm_paras_vi_first_gemini",
      "tsm_paras_vi_first_deepseek"
    ],
    "pca_components": 0,
    "normalize_scores": true,
    "ablation_set": "human",
    "manifold": true
  },
  "steering_domain": "tsm_paras_en_first_gpt4o",
  "eval_domain": "tsm_paras_pt_first_deepseek",
  "n_samples": 500,
  "n_layers": 33,
  "metrics_per_layer": {
    "layer_1": {
      "n_total": 500,
      "n_valid": 500,
      "n_val_total": 500,
      "n_val_valid": 500,
      "acc": 0.516,
      "f1": 0.6451612903225806,
      "pre": 0.5092592592592593,
      "recall": 0.88,
      "auroc": 0.524888,
      "optimal_threshold": 0.500338077545166,
      "tpr_at_fpr_0_01": 0.012,
      "fpr95": 0.884,
      "aupr": 0.515796807183897
    },
    "layer_2": {
      "n_total": 500,
      "n_valid": 500,
      "n_val_total": 500,
      "n_val_valid": 500,
      "acc": 0.682,
      "f1": 0.6410835214446953,
      "pre": 0.7357512953367875,
      "recall": 0.568,
      "auroc": 0.7447199999999999,
      "optimal_threshold": 0.4642447531223297,
      "tpr_at_fpr_0_01": 0.092,
      "fpr95": 0.796,
      "aupr": 0.7446621280940857
    },
    "layer_3": {
      "n_total": 500,
      "n_valid": 500,
      "n_val_total": 500,
      "n_val_valid": 500,
      "acc": 0.572,
      "f1": 0.2866666666666667,
      "pre": 0.86,
      "recall": 0.172,
      "auroc": 0.757952,
      "optimal_threshold": 0.6052260994911194,
      "tpr_at_fpr_0_01": 0.048,
      "fpr95": 1.0,
      "aupr": 0.7581531547820617
    },
    "layer_4": {
      "n_total": 500,
      "n_valid": 500,
      "n_val_total": 500,
      "n_val_valid": 500,
      "acc": 0.57,
      "f1": 0.2711864406779661,
      "pre": 0.8888888888888888,
      "recall": 0.16,
      "auroc": 0.839608,
      "optimal_threshold": 0.665938675403595,
      "tpr_at_fpr_0_01": 0.12,
      "fpr95": 0.568,
      "aupr": 0.8202561615988271
    },
    "layer_5": {
      "n_total": 500,
      "n_valid": 500,
      "n_val_total": 500,
      "n_val_valid": 500,
      "acc": 0.532,
      "f1": 0.12030075187969924,
      "pre": 1.0,
      "recall": 0.064,
      "auroc": 0.92336,
      "optimal_threshold": 0.72397780418396,
      "tpr_at_fpr_0_01": 0.476,
      "fpr95": 0.364,
      "aupr": 0.9277375786273157
    },
    "layer_6": {
      "n_total": 500,
      "n_valid": 500,
      "n_val_total": 500,
      "n_val_valid": 500,
      "acc": 0.63,
      "f1": 0.4126984126984127,
      "pre": 1.0,
      "recall": 0.26,
      "auroc": 0.9512480000000001,
      "optimal_threshold": 0.6973735690116882,
      "tpr_at_fpr_0_01": 0.544,
      "fpr95": 0.224,
      "aupr": 0.9557776896606016
    },
    "layer_7": {
      "n_total": 500,
      "n_valid": 500,
      "n_val_total": 500,
      "n_val_valid": 500,
      "acc": 0.632,
      "f1": 0.425,
      "pre": 0.9714285714285714,
      "recall": 0.272,
      "auroc": 0.9057999999999999,
      "optimal_threshold": 0.7266028523445129,
      "tpr_at_fpr_0_01": 0.372,
      "fpr95": 0.412,
      "aupr": 0.9115881467251358
    },
    "layer_8": {
      "n_total": 500,
      "n_valid": 500,
      "n_val_total": 500,
      "n_val_valid": 500,
      "acc": 0.64,
      "f1": 0.4375,
      "pre": 1.0,
      "recall": 0.28,
      "auroc": 0.923368,
      "optimal_threshold": 0.716486394405365,
      "tpr_at_fpr_0_01": 0.36,
      "fpr95": 0.436,
      "aupr": 0.9268734268692953
    },
    "layer_9": {
      "n_total": 500,
      "n_valid": 500,
      "n_val_total": 500,
      "n_val_valid": 500,
      "acc": 0.624,
      "f1": 0.4012738853503185,
      "pre": 0.984375,
      "recall": 0.252,
      "auroc": 0.9384959999999999,
      "optimal_threshold": 0.7316362261772156,
      "tpr_at_fpr_0_01": 0.296,
      "fpr95": 0.292,
      "aupr": 0.9369367831259067
    },
    "layer_10": {
      "n_total": 500,
      "n_valid": 500,
      "n_val_total": 500,
      "n_val_valid": 500,
      "acc": 0.676,
      "f1": 0.5207100591715976,
      "pre": 1.0,
      "recall": 0.352,
      "auroc": 0.942704,
      "optimal_threshold": 0.7094846963882446,
      "tpr_at_fpr_0_01": 0.548,
      "fpr95": 0.324,
      "aupr": 0.9493848838439478
    },
    "layer_11": {
      "n_total": 500,
      "n_valid": 500,
      "n_val_total": 500,
      "n_val_valid": 500,
      "acc": 0.612,
      "f1": 0.3660130718954248,
      "pre": 1.0,
      "recall": 0.224,
      "auroc": 0.95648,
      "optimal_threshold": 0.7029589414596558,
      "tpr_at_fpr_0_01": 0.612,
      "fpr95": 0.24,
      "aupr": 0.9618459525268872
    },
    "layer_12": {
      "n_total": 500,
      "n_valid": 500,
      "n_val_total": 500,
      "n_val_valid": 500,
      "acc": 0.622,
      "f1": 0.39228295819935693,
      "pre": 1.0,
      "recall": 0.244,
      "auroc": 0.9537439999999999,
      "optimal_threshold": 0.7146629095077515,
      "tpr_at_fpr_0_01": 0.672,
      "fpr95": 0.336,
      "aupr": 0.960519207649522
    },
    "layer_13": {
      "n_total": 500,
      "n_valid": 500,
      "n_val_total": 500,
      "n_val_valid": 500,
      "acc": 0.636,
      "f1": 0.4276729559748428,
      "pre": 1.0,
      "recall": 0.272,
      "auroc": 0.9547840000000001,
      "optimal_threshold": 0.7185736298561096,
      "tpr_at_fpr_0_01": 0.528,
      "fpr95": 0.28,
      "aupr": 0.9611096730226121
    },
    "layer_14": {
      "n_total": 500,
      "n_valid": 500,
      "n_val_total": 500,
      "n_val_valid": 500,
      "acc": 0.648,
      "f1": 0.4567901234567901,
      "pre": 1.0,
      "recall": 0.296,
      "auroc": 0.964528,
      "optimal_threshold": 0.703340470790863,
      "tpr_at_fpr_0_01": 0.672,
      "fpr95": 0.156,
      "aupr": 0.9685077580279243
    },
    "layer_15": {
      "n_total": 500,
      "n_valid": 500,
      "n_val_total": 500,
      "n_val_valid": 500,
      "acc": 0.594,
      "f1": 0.3164983164983165,
      "pre": 1.0,
      "recall": 0.188,
      "auroc": 0.960912,
      "optimal_threshold": 0.7644022703170776,
      "tpr_at_fpr_0_01": 0.564,
      "fpr95": 0.196,
      "aupr": 0.9632123099425148
    },
    "layer_16": {
      "n_total": 500,
      "n_valid": 500,
      "n_val_total": 500,
      "n_val_valid": 500,
      "acc": 0.532,
      "f1": 0.12030075187969924,
      "pre": 1.0,
      "recall": 0.064,
      "auroc": 0.953544,
      "optimal_threshold": 0.7360678315162659,
      "tpr_at_fpr_0_01": 0.58,
      "fpr95": 0.224,
      "aupr": 0.9571208972953313
    },
    "layer_17": {
      "n_total": 500,
      "n_valid": 500,
      "n_val_total": 500,
      "n_val_valid": 500,
      "acc": 0.608,
      "f1": 0.35526315789473684,
      "pre": 1.0,
      "recall": 0.216,
      "auroc": 0.9672320000000001,
      "optimal_threshold": 0.7400768995285034,
      "tpr_at_fpr_0_01": 0.644,
      "fpr95": 0.144,
      "aupr": 0.9675693039877599
    },
    "layer_18": {
      "n_total": 500,
      "n_valid": 500,
      "n_val_total": 500,
      "n_val_valid": 500,
      "acc": 0.674,
      "f1": 0.5191740412979351,
      "pre": 0.9887640449438202,
      "recall": 0.352,
      "auroc": 0.9695039999999999,
      "optimal_threshold": 0.7348279356956482,
      "tpr_at_fpr_0_01": 0.616,
      "fpr95": 0.164,
      "aupr": 0.9690864899609521
    },
    "layer_19": {
      "n_total": 500,
      "n_valid": 500,
      "n_val_total": 500,
      "n_val_valid": 500,
      "acc": 0.608,
      "f1": 0.35526315789473684,
      "pre": 1.0,
      "recall": 0.216,
      "auroc": 0.972512,
      "optimal_threshold": 0.7196914553642273,
      "tpr_at_fpr_0_01": 0.572,
      "fpr95": 0.096,
      "aupr": 0.9716714787770472
    },
    "layer_20": {
      "n_total": 500,