{
  "args": {
    "model": "llama_8b",
    "dataset": "multitude_en",
    "mode": "lda",
    "token_mode": "last_token",
    "prefix": false,
    "smoke_test": false,
    "ood": [
      "multitude_de",
      "multitude_nl",
      "multitude_pt",
      "multitude_ro",
      "multitude_uk"
    ],
    "pca_components": 0,
    "normalize_scores": true,
    "ablation_set": "human",
    "manifold": true
  },
  "steering_domain": "multitude_en",
  "eval_domain": "multitude_en",
  "n_samples": 500,
  "n_layers": 33,
  "metrics_per_layer": {
    "layer_1": {
      "n_total": 500,
      "n_valid": 500,
      "n_val_total": 500,
      "n_val_valid": 500,
      "acc": 0.62,
      "f1": 0.7246376811594203,
      "pre": 0.5681818181818182,
      "recall": 1.0,
      "auroc": 0.599496,
      "optimal_threshold": 0.02070198953151703,
      "tpr_at_fpr_0_01": 0.0,
      "fpr95": 0.76,
      "aupr": 0.5664090909090909
    },
    "layer_2": {
      "n_total": 500,
      "n_valid": 500,
      "n_val_total": 500,
      "n_val_valid": 500,
      "acc": 0.908,
      "f1": 0.8986784140969163,
      "pre": 1.0,
      "recall": 0.816,
      "auroc": 0.999536,
      "optimal_threshold": 0.7562198042869568,
      "tpr_at_fpr_0_01": 0.992,
      "fpr95": 0.0,
      "aupr": 0.9995597094976891
    },
    "layer_3": {
      "n_total": 500,
      "n_valid": 500,
      "n_val_total": 500,
      "n_val_valid": 500,
      "acc": 0.852,
      "f1": 0.8262910798122066,
      "pre": 1.0,
      "recall": 0.704,
      "auroc": 0.99936,
      "optimal_threshold": 0.8426244854927063,
      "tpr_at_fpr_0_01": 0.996,
      "fpr95": 0.0,
      "aupr": 0.9994321158752335
    },
    "layer_4": {
      "n_total": 500,
      "n_valid": 500,
      "n_val_total": 500,
      "n_val_valid": 500,
      "acc": 0.854,
      "f1": 0.8290398126463701,
      "pre": 1.0,
      "recall": 0.708,
      "auroc": 0.999872,
      "optimal_threshold": 0.8654270768165588,
      "tpr_at_fpr_0_01": 0.992,
      "fpr95": 0.0,
      "aupr": 0.9998737667672963
    },
    "layer_5": {
      "n_total": 500,
      "n_valid": 500,
      "n_val_total": 500,
      "n_val_valid": 500,
      "acc": 0.836,
      "f1": 0.8038277511961722,
      "pre": 1.0,
      "recall": 0.672,
      "auroc": 1.0,
      "optimal_threshold": 0.9115839004516602,
      "tpr_at_fpr_0_01": 1.0,
      "fpr95": 0.0,
      "aupr": 1.0
    },
    "layer_6": {
      "n_total": 500,
      "n_valid": 500,
      "n_val_total": 500,
      "n_val_valid": 500,
      "acc": 0.836,
      "f1": 0.8038277511961722,
      "pre": 1.0,
      "recall": 0.672,
      "auroc": 1.0,
      "optimal_threshold": 0.929305374622345,
      "tpr_at_fpr_0_01": 1.0,
      "fpr95": 0.0,
      "aupr": 1.0
    },
    "layer_7": {
      "n_total": 500,
      "n_valid": 500,
      "n_val_total": 500,
      "n_val_valid": 500,
      "acc": 0.84,
      "f1": 0.8095238095238095,
      "pre": 1.0,
      "recall": 0.68,
      "auroc": 1.0,
      "optimal_threshold": 0.9255600571632385,
      "tpr_at_fpr_0_01": 1.0,
      "fpr95": 0.0,
      "aupr": 1.0
    },
    "layer_8": {
      "n_total": 500,
      "n_valid": 500,
      "n_val_total": 500,
      "n_val_valid": 500,
      "acc": 0.86,
      "f1": 0.8372093023255814,
      "pre": 1.0,
      "recall": 0.72,
      "auroc": 1.0,
      "optimal_threshold": 0.9213508367538452,
      "tpr_at_fpr_0_01": 1.0,
      "fpr95": 0.0,
      "aupr": 1.0
    },
    "layer_9": {
      "n_total": 500,
      "n_valid": 500,
      "n_val_total": 500,
      "n_val_valid": 500,
      "acc": 0.836,
      "f1": 0.8038277511961722,
      "pre": 1.0,
      "recall": 0.672,
      "auroc": 1.0,
      "optimal_threshold": 0.927449643611908,
      "tpr_at_fpr_0_01": 1.0,
      "fpr95": 0.0,
      "aupr": 1.0
    },
    "layer_10": {
      "n_total": 500,
      "n_valid": 500,
      "n_val_total": 500,
      "n_val_valid": 500,
      "acc": 0.882,
      "f1": 0.8662131519274376,
      "pre": 1.0,
      "recall": 0.764,
      "auroc": 1.0,
      "optimal_threshold": 0.9143100380897522,
      "tpr_at_fpr_0_01": 1.0,
      "fpr95": 0.0,
      "aupr": 1.0
    },
    "layer_11": {
      "n_total": 500,
      "n_valid": 500,
      "n_val_total": 500,
      "n_val_valid": 500,
      "acc": 0.866,
      "f1": 0.8452655889145496,
      "pre": 1.0,
      "recall": 0.732,
      "auroc": 1.0,
      "optimal_threshold": 0.9196645021438599,
      "tpr_at_fpr_0_01": 1.0,
      "fpr95": 0.0,
      "aupr": 1.0
    },
    "layer_12": {
      "n_total": 500,
      "n_valid": 500,
      "n_val_total": 500,
      "n_val_valid": 500,
      "acc": 0.87,
      "f1": 0.8505747126436781,
      "pre": 1.0,
      "recall": 0.74,
      "auroc": 1.0,
      "optimal_threshold": 0.9274447560310364,
      "tpr_at_fpr_0_01": 1.0,
      "fpr95": 0.0,
      "aupr": 1.0
    },
    "layer_13": {
      "n_total": 500,
      "n_valid": 500,
      "n_val_total": 500,
      "n_val_valid": 500,
      "acc": 0.886,
      "f1": 0.871331828442438,
      "pre": 1.0,
      "recall": 0.772,
      "auroc": 1.0,
      "optimal_threshold": 0.9238663911819458,
      "tpr_at_fpr_0_01": 1.0,
      "fpr95": 0.0,
      "aupr": 1.0
    },
    "layer_14": {
      "n_total": 500,
      "n_valid": 500,
      "n_val_total": 500,
      "n_val_valid": 500,
      "acc": 0.862,
      "f1": 0.839907192575406,
      "pre": 1.0,
      "recall": 0.724,
      "auroc": 0.999984,
      "optimal_threshold": 0.9238370656967163,
      "tpr_at_fpr_0_01": 1.0,
      "fpr95": 0.0,
      "aupr": 0.9999840637450199
    },
    "layer_15": {
      "n_total": 500,
      "n_valid": 500,
      "n_val_total": 500,
      "n_val_valid": 500,
      "acc": 0.872,
      "f1": 0.8532110091743119,
      "pre": 1.0,
      "recall": 0.744,
      "auroc": 1.0,
      "optimal_threshold": 0.9315647482872009,
      "tpr_at_fpr_0_01": 1.0,
      "fpr95": 0.0,
      "aupr": 1.0
    },
    "layer_16": {
      "n_total": 500,
      "n_valid": 500,
      "n_val_total": 500,
      "n_val_valid": 500,
      "acc": 0.87,
      "f1": 0.8505747126436781,
      "pre": 1.0,
      "recall": 0.74,
      "auroc": 1.0,
      "optimal_threshold": 0.9208559393882751,
      "tpr_at_fpr_0_01": 1.0,
      "fpr95": 0.0,
      "aupr": 1.0
    },
    "layer_17": {
      "n_total": 500,
      "n_valid": 500,
      "n_val_total": 500,
      "n_val_valid": 500,
      "acc": 0.87,
      "f1": 0.8505747126436781,
      "pre": 1.0,
      "recall": 0.74,
      "auroc": 1.0,
      "optimal_threshold": 0.9148267507553101,
      "tpr_at_fpr_0_01": 1.0,
      "fpr95": 0.0,
      "aupr": 1.0
    },
    "layer_18": {
      "n_total": 500,
      "n_valid": 500,
      "n_val_total": 500,
      "n_val_valid": 500,
      "acc": 0.884,
      "f1": 0.8687782805429864,
      "pre": 1.0,
      "recall": 0.768,
      "auroc": 1.0,
      "optimal_threshold": 0.9083897471427917,
      "tpr_at_fpr_0_01": 1.0,
      "fpr95": 0.0,
      "aupr": 1.0
    },
    "layer_19": {
      "n_total": 500,
      "n_valid": 500,
      "n_val_total": 500,
      "n_val_valid": 500,
      "acc": 0.896,
      "f1": 0.8839285714285714,
      "pre": 1.0,
      "recall": 0.792,
      "auroc": 0.999984,
      "optimal_threshold": 0.9002171754837036,
      "tpr_at_fpr_0_01": 1.0,
      "fpr95": 0.0,
      "aupr": 0.9999840637450199
    },
    "layer_20": {
      "n_total": 500,
      "n_valid": 500,
      "n_val_total": 500,
      "n_val_valid": 500,
      "acc": 0.9,
      "f1": 0.8888888888888888,
      "pre": 1.0,
      "recall": 0.8,
      "auroc": 0.9999359999999999,
      "optimal_threshold": 0.9014877080917358,
      "tpr_at_fpr_0_01": 0.996,
      "fpr95": 0.0,
      "aupr": 0.9999365691699604
    },
    "layer_21": {
      "n_total": 500,
      "n_valid": 500,
      "n_val_total": 500,
      "n_val_valid": 500,
      "acc": 0.894,
      "f1": 0.8814317673378076,
      "pre": 1.0,
      "recall": 0.788,
      "auroc": 0.9999359999999999,
      "optimal_threshold": 0.9063183069229126,
      "tpr_at_fpr_0_01": 0.996,