{
  "args": {
    "model": "llama_8b",
    "dataset": "multisocial_en",
    "mode": "lda",
    "token_mode": "last_token",
    "prefix": false,
    "smoke_test": false,
    "ood": [
      "multisocial_de",
      "multisocial_nl",
      "multisocial_pt",
      "multisocial_ar"
    ],
    "pca_components": 0,
    "normalize_scores": true,
    "ablation_set": "human",
    "manifold": true
  },
  "steering_domain": "multisocial_en",
  "eval_domain": "multisocial_pt",
  "n_samples": 500,
  "n_layers": 33,
  "metrics_per_layer": {
    "layer_1": {
      "n_total": 500,
      "n_valid": 500,
      "n_val_total": 500,
      "n_val_valid": 500,
      "acc": 0.718,
      "f1": 0.6887417218543046,
      "pre": 0.7684729064039408,
      "recall": 0.624,
      "auroc": 0.762256,
      "optimal_threshold": 0.7775899767875671,
      "tpr_at_fpr_0_01": 0.028,
      "fpr95": 0.792,
      "aupr": 0.7384815604614499
    },
    "layer_2": {
      "n_total": 500,
      "n_valid": 500,
      "n_val_total": 500,
      "n_val_valid": 500,
      "acc": 0.65,
      "f1": 0.498567335243553,
      "pre": 0.8787878787878788,
      "recall": 0.348,
      "auroc": 0.831472,
      "optimal_threshold": 0.6214106678962708,
      "tpr_at_fpr_0_01": 0.08,
      "fpr95": 0.608,
      "aupr": 0.8170227392291909
    },
    "layer_3": {
      "n_total": 500,
      "n_valid": 500,
      "n_val_total": 500,
      "n_val_valid": 500,
      "acc": 0.722,
      "f1": 0.6533665835411472,
      "pre": 0.8675496688741722,
      "recall": 0.524,
      "auroc": 0.853576,
      "optimal_threshold": 0.5765706896781921,
      "tpr_at_fpr_0_01": 0.156,
      "fpr95": 0.576,
      "aupr": 0.8402059523056533
    },
    "layer_4": {
      "n_total": 500,
      "n_valid": 500,
      "n_val_total": 500,
      "n_val_valid": 500,
      "acc": 0.752,
      "f1": 0.6915422885572139,
      "pre": 0.9144736842105263,
      "recall": 0.556,
      "auroc": 0.879856,
      "optimal_threshold": 0.6165570020675659,
      "tpr_at_fpr_0_01": 0.156,
      "fpr95": 0.496,
      "aupr": 0.8731495552094665
    },
    "layer_5": {
      "n_total": 500,
      "n_valid": 500,
      "n_val_total": 500,
      "n_val_valid": 500,
      "acc": 0.814,
      "f1": 0.8050314465408805,
      "pre": 0.8458149779735683,
      "recall": 0.768,
      "auroc": 0.88172,
      "optimal_threshold": 0.4769507944583893,
      "tpr_at_fpr_0_01": 0.236,
      "fpr95": 0.504,
      "aupr": 0.8852060243914028
    },
    "layer_6": {
      "n_total": 500,
      "n_valid": 500,
      "n_val_total": 500,
      "n_val_valid": 500,
      "acc": 0.78,
      "f1": 0.751131221719457,
      "pre": 0.8645833333333334,
      "recall": 0.664,
      "auroc": 0.8857119999999999,
      "optimal_threshold": 0.5214415788650513,
      "tpr_at_fpr_0_01": 0.324,
      "fpr95": 0.528,
      "aupr": 0.890222181076519
    },
    "layer_7": {
      "n_total": 500,
      "n_valid": 500,
      "n_val_total": 500,
      "n_val_valid": 500,
      "acc": 0.806,
      "f1": 0.8,
      "pre": 0.825531914893617,
      "recall": 0.776,
      "auroc": 0.8841919999999999,
      "optimal_threshold": 0.4911154508590698,
      "tpr_at_fpr_0_01": 0.244,
      "fpr95": 0.568,
      "aupr": 0.8886199128482701
    },
    "layer_8": {
      "n_total": 500,
      "n_valid": 500,
      "n_val_total": 500,
      "n_val_valid": 500,
      "acc": 0.796,
      "f1": 0.7875,
      "pre": 0.8217391304347826,
      "recall": 0.756,
      "auroc": 0.890744,
      "optimal_threshold": 0.4849196672439575,
      "tpr_at_fpr_0_01": 0.288,
      "fpr95": 0.432,
      "aupr": 0.8881954741083761
    },
    "layer_9": {
      "n_total": 500,
      "n_valid": 500,
      "n_val_total": 500,
      "n_val_valid": 500,
      "acc": 0.796,
      "f1": 0.7733333333333333,
      "pre": 0.87,
      "recall": 0.696,
      "auroc": 0.895008,
      "optimal_threshold": 0.5162015557289124,
      "tpr_at_fpr_0_01": 0.144,
      "fpr95": 0.46,
      "aupr": 0.8913612749868912
    },
    "layer_10": {
      "n_total": 500,
      "n_valid": 500,
      "n_val_total": 500,
      "n_val_valid": 500,
      "acc": 0.732,
      "f1": 0.6473684210526316,
      "pre": 0.9461538461538461,
      "recall": 0.492,
      "auroc": 0.8976160000000001,
      "optimal_threshold": 0.5999384522438049,
      "tpr_at_fpr_0_01": 0.296,
      "fpr95": 0.472,
      "aupr": 0.8985894963758566
    },
    "layer_11": {
      "n_total": 500,
      "n_valid": 500,
      "n_val_total": 500,
      "n_val_valid": 500,
      "acc": 0.67,
      "f1": 0.5161290322580645,
      "pre": 0.967032967032967,
      "recall": 0.352,
      "auroc": 0.90456,
      "optimal_threshold": 0.6840657591819763,
      "tpr_at_fpr_0_01": 0.168,
      "fpr95": 0.488,
      "aupr": 0.9049923102145838
    },
    "layer_12": {
      "n_total": 500,
      "n_valid": 500,
      "n_val_total": 500,
      "n_val_valid": 500,
      "acc": 0.61,
      "f1": 0.36893203883495146,
      "pre": 0.9661016949152542,
      "recall": 0.228,
      "auroc": 0.8941920000000001,
      "optimal_threshold": 0.7782321572303772,
      "tpr_at_fpr_0_01": 0.312,
      "fpr95": 0.48,
      "aupr": 0.8973867436610358
    },
    "layer_13": {
      "n_total": 500,
      "n_valid": 500,
      "n_val_total": 500,
      "n_val_valid": 500,
      "acc": 0.642,
      "f1": 0.45592705167173253,
      "pre": 0.9493670886075949,
      "recall": 0.3,
      "auroc": 0.90476,
      "optimal_threshold": 0.7364996671676636,
      "tpr_at_fpr_0_01": 0.224,
      "fpr95": 0.464,
      "aupr": 0.9062406899258154
    },
    "layer_14": {
      "n_total": 500,
      "n_valid": 500,
      "n_val_total": 500,
      "n_val_valid": 500,
      "acc": 0.624,
      "f1": 0.4125,
      "pre": 0.9428571428571428,
      "recall": 0.264,
      "auroc": 0.9076,
      "optimal_threshold": 0.7729830741882324,
      "tpr_at_fpr_0_01": 0.188,
      "fpr95": 0.36,
      "aupr": 0.9047660935789645
    },
    "layer_15": {
      "n_total": 500,
      "n_valid": 500,
      "n_val_total": 500,
      "n_val_valid": 500,
      "acc": 0.618,
      "f1": 0.39365079365079364,
      "pre": 0.9538461538461539,
      "recall": 0.248,
      "auroc": 0.900224,
      "optimal_threshold": 0.7966139912605286,
      "tpr_at_fpr_0_01": 0.124,
      "fpr95": 0.504,
      "aupr": 0.8980864581693285
    },
    "layer_16": {
      "n_total": 500,
      "n_valid": 500,
      "n_val_total": 500,
      "n_val_valid": 500,
      "acc": 0.59,
      "f1": 0.30976430976430974,
      "pre": 0.9787234042553191,
      "recall": 0.184,
      "auroc": 0.8936160000000001,
      "optimal_threshold": 0.8001981973648071,
      "tpr_at_fpr_0_01": 0.268,
      "fpr95": 0.508,
      "aupr": 0.8984146779452977
    },
    "layer_17": {
      "n_total": 500,
      "n_valid": 500,
      "n_val_total": 500,
      "n_val_valid": 500,
      "acc": 0.572,
      "f1": 0.2517482517482518,
      "pre": 1.0,
      "recall": 0.144,
      "auroc": 0.898984,
      "optimal_threshold": 0.7944970726966858,
      "tpr_at_fpr_0_01": 0.288,
      "fpr95": 0.512,
      "aupr": 0.9070009639338483
    },
    "layer_18": {
      "n_total": 500,
      "n_valid": 500,
      "n_val_total": 500,
      "n_val_valid": 500,
      "acc": 0.604,
      "f1": 0.35294117647058826,
      "pre": 0.9642857142857143,
      "recall": 0.216,
      "auroc": 0.8879679999999999,
      "optimal_threshold": 0.7914880514144897,
      "tpr_at_fpr_0_01": 0.228,
      "fpr95": 0.564,
      "aupr": 0.8946037135187539
    },
    "layer_19": {
      "n_total": 500,
      "n_valid": 500,
      "n_val_total": 500,
      "n_val_valid": 500,
      "acc": 0.588,
      "f1": 0.29931972789115646,
      "pre": 1.0,
      "recall": 0.176,
      "auroc": 0.900824,
      "optimal_threshold": 0.781796932220459,
      "tpr_at_fpr_0_01": 0.236,
      "fpr95": 0.488,
      "aupr": 0.9049156496810501
    },
    "layer_20": {
      "n_total": 500,
      "n_valid": 500,
      "n_val_total": 500,
      "n_val_valid": 500,
      "acc": 0.604,