{
  "args": {
    "model": "llama_8b",
    "dataset": "tsm_paras_en_first_gpt4o",
    "mode": "lda",
    "token_mode": "last_token",
    "prefix": false,
    "smoke_test": false,
    "ood": [
      "tsm_paras_en_first_gemini",
      "tsm_paras_en_first_deepseek",
      "tsm_paras_pt_first_gpt4o",
      "tsm_paras_pt_first_gemini",
      "tsm_paras_pt_first_deepseek",
      "tsm_paras_vi_first_gpt4o",
      "tsm_paras_vi_first_gemini",
      "tsm_paras_vi_first_deepseek"
    ],
    "pca_components": 0,
    "normalize_scores": true,
    "ablation_set": "human",
    "manifold": true
  },
  "steering_domain": "tsm_paras_en_first_gpt4o",
  "eval_domain": "tsm_paras_vi_first_gpt4o",
  "n_samples": 500,
  "n_layers": 33,
  "metrics_per_layer": {
    "layer_1": {
      "n_total": 500,
      "n_valid": 500,
      "n_val_total": 500,
      "n_val_valid": 500,
      "acc": 0.558,
      "f1": 0.688293370944993,
      "pre": 0.5315904139433552,
      "recall": 0.976,
      "auroc": 0.560752,
      "optimal_threshold": 0.500338077545166,
      "tpr_at_fpr_0_01": 0.008,
      "fpr95": 0.86,
      "aupr": 0.5347642352292545
    },
    "layer_2": {
      "n_total": 500,
      "n_valid": 500,
      "n_val_total": 500,
      "n_val_valid": 500,
      "acc": 0.648,
      "f1": 0.6408163265306123,
      "pre": 0.6541666666666667,
      "recall": 0.628,
      "auroc": 0.72428,
      "optimal_threshold": 0.4642447531223297,
      "tpr_at_fpr_0_01": 0.024,
      "fpr95": 0.86,
      "aupr": 0.7140337069695214
    },
    "layer_3": {
      "n_total": 500,
      "n_valid": 500,
      "n_val_total": 500,
      "n_val_valid": 500,
      "acc": 0.516,
      "f1": 0.06201550387596899,
      "pre": 1.0,
      "recall": 0.032,
      "auroc": 0.72308,
      "optimal_threshold": 0.6052260994911194,
      "tpr_at_fpr_0_01": 0.072,
      "fpr95": 1.0,
      "aupr": 0.7154168261345424
    },
    "layer_4": {
      "n_total": 500,
      "n_valid": 500,
      "n_val_total": 500,
      "n_val_valid": 500,
      "acc": 0.512,
      "f1": 0.05426356589147287,
      "pre": 0.875,
      "recall": 0.028,
      "auroc": 0.772688,
      "optimal_threshold": 0.665938675403595,
      "tpr_at_fpr_0_01": 0.052,
      "fpr95": 1.0,
      "aupr": 0.7444913110109651
    },
    "layer_5": {
      "n_total": 500,
      "n_valid": 500,
      "n_val_total": 500,
      "n_val_valid": 500,
      "acc": 0.506,
      "f1": 0.023715415019762844,
      "pre": 1.0,
      "recall": 0.012,
      "auroc": 0.824176,
      "optimal_threshold": 0.72397780418396,
      "tpr_at_fpr_0_01": 0.108,
      "fpr95": 0.624,
      "aupr": 0.8222022139817801
    },
    "layer_6": {
      "n_total": 500,
      "n_valid": 500,
      "n_val_total": 500,
      "n_val_valid": 500,
      "acc": 0.512,
      "f1": 0.046875,
      "pre": 1.0,
      "recall": 0.024,
      "auroc": 0.8716160000000001,
      "optimal_threshold": 0.6973735690116882,
      "tpr_at_fpr_0_01": 0.204,
      "fpr95": 0.54,
      "aupr": 0.86815345750036
    },
    "layer_7": {
      "n_total": 500,
      "n_valid": 500,
      "n_val_total": 500,
      "n_val_valid": 500,
      "acc": 0.506,
      "f1": 0.023715415019762844,
      "pre": 1.0,
      "recall": 0.012,
      "auroc": 0.859712,
      "optimal_threshold": 0.7266028523445129,
      "tpr_at_fpr_0_01": 0.272,
      "fpr95": 0.592,
      "aupr": 0.8666858836863771
    },
    "layer_8": {
      "n_total": 500,
      "n_valid": 500,
      "n_val_total": 500,
      "n_val_valid": 500,
      "acc": 0.504,
      "f1": 0.015873015873015872,
      "pre": 1.0,
      "recall": 0.008,
      "auroc": 0.860288,
      "optimal_threshold": 0.716486394405365,
      "tpr_at_fpr_0_01": 0.328,
      "fpr95": 0.64,
      "aupr": 0.8747308043371729
    },
    "layer_9": {
      "n_total": 500,
      "n_valid": 500,
      "n_val_total": 500,
      "n_val_valid": 500,
      "acc": 0.51,
      "f1": 0.0392156862745098,
      "pre": 1.0,
      "recall": 0.02,
      "auroc": 0.8782800000000001,
      "optimal_threshold": 0.7316362261772156,
      "tpr_at_fpr_0_01": 0.436,
      "fpr95": 0.544,
      "aupr": 0.8950207889226921
    },
    "layer_10": {
      "n_total": 500,
      "n_valid": 500,
      "n_val_total": 500,
      "n_val_valid": 500,
      "acc": 0.522,
      "f1": 0.0842911877394636,
      "pre": 1.0,
      "recall": 0.044,
      "auroc": 0.8979839999999999,
      "optimal_threshold": 0.7094846963882446,
      "tpr_at_fpr_0_01": 0.444,
      "fpr95": 0.552,
      "aupr": 0.9122537370619015
    },
    "layer_11": {
      "n_total": 500,
      "n_valid": 500,
      "n_val_total": 500,
      "n_val_valid": 500,
      "acc": 0.508,
      "f1": 0.031496062992125984,
      "pre": 1.0,
      "recall": 0.016,
      "auroc": 0.8999520000000001,
      "optimal_threshold": 0.7029589414596558,
      "tpr_at_fpr_0_01": 0.432,
      "fpr95": 0.484,
      "aupr": 0.911822134873693
    },
    "layer_12": {
      "n_total": 500,
      "n_valid": 500,
      "n_val_total": 500,
      "n_val_valid": 500,
      "acc": 0.514,
      "f1": 0.054474708171206226,
      "pre": 1.0,
      "recall": 0.028,
      "auroc": 0.91488,
      "optimal_threshold": 0.7146629095077515,
      "tpr_at_fpr_0_01": 0.216,
      "fpr95": 0.46,
      "aupr": 0.9113339677177211
    },
    "layer_13": {
      "n_total": 500,
      "n_valid": 500,
      "n_val_total": 500,
      "n_val_valid": 500,
      "acc": 0.524,
      "f1": 0.0916030534351145,
      "pre": 1.0,
      "recall": 0.048,
      "auroc": 0.899944,
      "optimal_threshold": 0.7185736298561096,
      "tpr_at_fpr_0_01": 0.24,
      "fpr95": 0.476,
      "aupr": 0.8985552084148416
    },
    "layer_14": {
      "n_total": 500,
      "n_valid": 500,
      "n_val_total": 500,
      "n_val_valid": 500,
      "acc": 0.542,
      "f1": 0.16117216117216118,
      "pre": 0.9565217391304348,
      "recall": 0.088,
      "auroc": 0.894408,
      "optimal_threshold": 0.703340470790863,
      "tpr_at_fpr_0_01": 0.396,
      "fpr95": 0.512,
      "aupr": 0.8976445891833094
    },
    "layer_15": {
      "n_total": 500,
      "n_valid": 500,
      "n_val_total": 500,
      "n_val_valid": 500,
      "acc": 0.522,
      "f1": 0.0842911877394636,
      "pre": 1.0,
      "recall": 0.044,
      "auroc": 0.869696,
      "optimal_threshold": 0.7644022703170776,
      "tpr_at_fpr_0_01": 0.244,
      "fpr95": 0.6,
      "aupr": 0.8760222974101378
    },
    "layer_16": {
      "n_total": 500,
      "n_valid": 500,
      "n_val_total": 500,
      "n_val_valid": 500,
      "acc": 0.504,
      "f1": 0.015873015873015872,
      "pre": 1.0,
      "recall": 0.008,
      "auroc": 0.865568,
      "optimal_threshold": 0.7360678315162659,
      "tpr_at_fpr_0_01": 0.204,
      "fpr95": 0.564,
      "aupr": 0.8673269290057546
    },
    "layer_17": {
      "n_total": 500,
      "n_valid": 500,
      "n_val_total": 500,
      "n_val_valid": 500,
      "acc": 0.51,
      "f1": 0.04669260700389105,
      "pre": 0.8571428571428571,
      "recall": 0.024,
      "auroc": 0.9009440000000001,
      "optimal_threshold": 0.7400768995285034,
      "tpr_at_fpr_0_01": 0.38,
      "fpr95": 0.5,
      "aupr": 0.8951216585178418
    },
    "layer_18": {
      "n_total": 500,
      "n_valid": 500,
      "n_val_total": 500,
      "n_val_valid": 500,
      "acc": 0.538,
      "f1": 0.15384615384615385,
      "pre": 0.9130434782608695,
      "recall": 0.084,
      "auroc": 0.907632,
      "optimal_threshold": 0.7348279356956482,
      "tpr_at_fpr_0_01": 0.388,
      "fpr95": 0.376,
      "aupr": 0.8977513893668483
    },
    "layer_19": {
      "n_total": 500,
      "n_valid": 500,
      "n_val_total": 500,
      "n_val_valid": 500,
      "acc": 0.52,
      "f1": 0.07692307692307693,
      "pre": 1.0,
      "recall": 0.04,
      "auroc": 0.9108959999999999,
      "optimal_threshold": 0.7196914553642273,
      "tpr_at_fpr_0_01": 0.068,
      "fpr95": 0.372,
      "aupr": 0.896528165395381
    },
    "layer_20": {
      "n_total": 500,
      "n_valid": 500,