{
  "args": {
    "model": "llama_8b",
    "dataset": "tsm_paras_en_first_gpt4o",
    "mode": "lda",
    "token_mode": "last_token",
    "prefix": false,
    "smoke_test": false,
    "ood": [
      "tsm_paras_en_first_gemini",
      "tsm_paras_en_first_deepseek",
      "tsm_paras_pt_first_gpt4o",
      "tsm_paras_pt_first_gemini",
      "tsm_paras_pt_first_deepseek",
      "tsm_paras_vi_first_gpt4o",
      "tsm_paras_vi_first_gemini",
      "tsm_paras_vi_first_deepseek"
    ],
    "pca_components": 0,
    "normalize_scores": true,
    "ablation_set": "human",
    "manifold": true
  },
  "steering_domain": "tsm_paras_en_first_gpt4o",
  "eval_domain": "tsm_paras_en_first_deepseek",
  "n_samples": 498,
  "n_layers": 33,
  "metrics_per_layer": {
    "layer_1": {
      "n_total": 498,
      "n_valid": 498,
      "n_val_total": 500,
      "n_val_valid": 500,
      "acc": 0.4397590361445783,
      "f1": 0.5727411944869831,
      "pre": 0.4628712871287129,
      "recall": 0.751004016064257,
      "auroc": 0.45176690698537125,
      "optimal_threshold": 0.500338077545166,
      "tpr_at_fpr_0_01": 0.004016064257028112,
      "fpr95": 0.8875502008032129,
      "aupr": 0.4756755813701835
    },
    "layer_2": {
      "n_total": 498,
      "n_valid": 498,
      "n_val_total": 500,
      "n_val_valid": 500,
      "acc": 0.7349397590361446,
      "f1": 0.7226890756302521,
      "pre": 0.7577092511013216,
      "recall": 0.6907630522088354,
      "auroc": 0.7937936484895405,
      "optimal_threshold": 0.4642447531223297,
      "tpr_at_fpr_0_01": 0.1686746987951807,
      "fpr95": 1.0,
      "aupr": 0.8129987908643672
    },
    "layer_3": {
      "n_total": 498,
      "n_valid": 498,
      "n_val_total": 500,
      "n_val_valid": 500,
      "acc": 0.7068273092369478,
      "f1": 0.6217616580310881,
      "pre": 0.8759124087591241,
      "recall": 0.4819277108433735,
      "auroc": 0.7328914049773392,
      "optimal_threshold": 0.6052260994911194,
      "tpr_at_fpr_0_01": 0.3293172690763052,
      "fpr95": 1.0,
      "aupr": 0.8058579817372014
    },
    "layer_4": {
      "n_total": 498,
      "n_valid": 498,
      "n_val_total": 500,
      "n_val_valid": 500,
      "acc": 0.7369477911646586,
      "f1": 0.6525198938992043,
      "pre": 0.9609375,
      "recall": 0.4939759036144578,
      "auroc": 0.8997112949791132,
      "optimal_threshold": 0.665938675403595,
      "tpr_at_fpr_0_01": 0.3132530120481928,
      "fpr95": 0.5582329317269076,
      "aupr": 0.8990068218961269
    },
    "layer_5": {
      "n_total": 498,
      "n_valid": 498,
      "n_val_total": 500,
      "n_val_valid": 500,
      "acc": 0.714859437751004,
      "f1": 0.601123595505618,
      "pre": 1.0,
      "recall": 0.42971887550200805,
      "auroc": 0.9545652489475976,
      "optimal_threshold": 0.72397780418396,
      "tpr_at_fpr_0_01": 0.570281124497992,
      "fpr95": 0.24497991967871485,
      "aupr": 0.9585400201083084
    },
    "layer_6": {
      "n_total": 498,
      "n_valid": 498,
      "n_val_total": 500,
      "n_val_valid": 500,
      "acc": 0.7811244979919679,
      "f1": 0.7197943444730077,
      "pre": 1.0,
      "recall": 0.5622489959839357,
      "auroc": 0.9719359365171529,
      "optimal_threshold": 0.6973735690116882,
      "tpr_at_fpr_0_01": 0.6385542168674698,
      "fpr95": 0.10441767068273092,
      "aupr": 0.9729770367054593
    },
    "layer_7": {
      "n_total": 498,
      "n_valid": 498,
      "n_val_total": 500,
      "n_val_valid": 500,
      "acc": 0.7469879518072289,
      "f1": 0.6612903225806451,
      "pre": 1.0,
      "recall": 0.4939759036144578,
      "auroc": 0.8852357220044837,
      "optimal_threshold": 0.7266028523445129,
      "tpr_at_fpr_0_01": 0.606425702811245,
      "fpr95": 0.7349397590361446,
      "aupr": 0.9177325427946371
    },
    "layer_8": {
      "n_total": 498,
      "n_valid": 498,
      "n_val_total": 500,
      "n_val_valid": 500,
      "acc": 0.751004016064257,
      "f1": 0.6684491978609626,
      "pre": 1.0,
      "recall": 0.5020080321285141,
      "auroc": 0.9170577893904936,
      "optimal_threshold": 0.716486394405365,
      "tpr_at_fpr_0_01": 0.570281124497992,
      "fpr95": 0.5783132530120482,
      "aupr": 0.9349410121304004
    },
    "layer_9": {
      "n_total": 498,
      "n_valid": 498,
      "n_val_total": 500,
      "n_val_valid": 500,
      "acc": 0.751004016064257,
      "f1": 0.6684491978609626,
      "pre": 1.0,
      "recall": 0.5020080321285141,
      "auroc": 0.9370655312011097,
      "optimal_threshold": 0.7316362261772156,
      "tpr_at_fpr_0_01": 0.6305220883534136,
      "fpr95": 0.3373493975903614,
      "aupr": 0.9454523489034138
    },
    "layer_10": {
      "n_total": 498,
      "n_valid": 498,
      "n_val_total": 500,
      "n_val_valid": 500,
      "acc": 0.7751004016064257,
      "f1": 0.7098445595854922,
      "pre": 1.0,
      "recall": 0.5502008032128514,
      "auroc": 0.9260899017757779,
      "optimal_threshold": 0.7094846963882446,
      "tpr_at_fpr_0_01": 0.642570281124498,
      "fpr95": 0.4578313253012048,
      "aupr": 0.9407021093745751
    },
    "layer_11": {
      "n_total": 498,
      "n_valid": 498,
      "n_val_total": 500,
      "n_val_valid": 500,
      "acc": 0.785140562248996,
      "f1": 0.727735368956743,
      "pre": 0.9930555555555556,
      "recall": 0.5742971887550201,
      "auroc": 0.9770326285059919,
      "optimal_threshold": 0.7029589414596558,
      "tpr_at_fpr_0_01": 0.7831325301204819,
      "fpr95": 0.15261044176706828,
      "aupr": 0.9780110399571361
    },
    "layer_12": {
      "n_total": 498,
      "n_valid": 498,
      "n_val_total": 500,
      "n_val_valid": 500,
      "acc": 0.7751004016064257,
      "f1": 0.711340206185567,
      "pre": 0.9928057553956835,
      "recall": 0.5542168674698795,
      "auroc": 0.9700649989516299,
      "optimal_threshold": 0.7146629095077515,
      "tpr_at_fpr_0_01": 0.6626506024096386,
      "fpr95": 0.18875502008032127,
      "aupr": 0.9709008225724524
    },
    "layer_13": {
      "n_total": 498,
      "n_valid": 498,
      "n_val_total": 500,
      "n_val_valid": 500,
      "acc": 0.8112449799196787,
      "f1": 0.7684729064039408,
      "pre": 0.9936305732484076,
      "recall": 0.6265060240963856,
      "auroc": 0.9727423751229818,
      "optimal_threshold": 0.7185736298561096,
      "tpr_at_fpr_0_01": 0.6867469879518072,
      "fpr95": 0.12449799196787148,
      "aupr": 0.9718226537277217
    },
    "layer_14": {
      "n_total": 498,
      "n_valid": 498,
      "n_val_total": 500,
      "n_val_valid": 500,
      "acc": 0.7991967871485943,
      "f1": 0.75,
      "pre": 0.9933774834437086,
      "recall": 0.6024096385542169,
      "auroc": 0.9845808938565508,
      "optimal_threshold": 0.703340470790863,
      "tpr_at_fpr_0_01": 0.6827309236947792,
      "fpr95": 0.07630522088353414,
      "aupr": 0.9816810175296563
    },
    "layer_15": {
      "n_total": 498,
      "n_valid": 498,
      "n_val_total": 500,
      "n_val_valid": 500,
      "acc": 0.7690763052208835,
      "f1": 0.7012987012987013,
      "pre": 0.9926470588235294,
      "recall": 0.5421686746987951,
      "auroc": 0.9806616022322221,
      "optimal_threshold": 0.7644022703170776,
      "tpr_at_fpr_0_01": 0.7389558232931727,
      "fpr95": 0.08433734939759036,
      "aupr": 0.9798854404315716
    },
    "layer_16": {
      "n_total": 498,
      "n_valid": 498,
      "n_val_total": 500,
      "n_val_valid": 500,
      "acc": 0.7871485943775101,
      "f1": 0.7309644670050761,
      "pre": 0.993103448275862,
      "recall": 0.5783132530120482,
      "auroc": 0.9842583184142192,
      "optimal_threshold": 0.7360678315162659,
      "tpr_at_fpr_0_01": 0.7389558232931727,
      "fpr95": 0.08433734939759036,
      "aupr": 0.9839357017758475
    },
    "layer_17": {
      "n_total": 498,
      "n_valid": 498,
      "n_val_total": 500,
      "n_val_valid": 500,
      "acc": 0.8253012048192772,
      "f1": 0.7893462469733656,