{
  "args": {
    "model": "llama_8b",
    "dataset": "tsm_paras_en_first_gpt4o",
    "mode": "lda",
    "token_mode": "last_token",
    "prefix": false,
    "smoke_test": false,
    "ood": [
      "tsm_sums_en_gemini",
      "tsm_sums_en_deepseek",
      "tsm_sums_pt_gpt4o",
      "tsm_sums_pt_gemini",
      "tsm_sums_pt_deepseek",
      "tsm_sums_vi_gpt4o",
      "tsm_sums_vi_gemini",
      "tsm_sums_vi_deepseek"
    ],
    "pca_components": 0,
    "normalize_scores": true,
    "ablation_set": "human",
    "manifold": true
  },
  "steering_domain": "tsm_paras_en_first_gpt4o",
  "eval_domain": "tsm_sums_vi_gpt4o",
  "n_samples": 500,
  "n_layers": 33,
  "metrics_per_layer": {
    "layer_1": {
      "n_total": 500,
      "n_valid": 500,
      "n_val_total": 500,
      "n_val_valid": 500,
      "acc": 0.548,
      "f1": 0.6816901408450704,
      "pre": 0.5260869565217391,
      "recall": 0.968,
      "auroc": 0.552816,
      "optimal_threshold": 0.500338077545166,
      "tpr_at_fpr_0_01": 0.012,
      "fpr95": 0.872,
      "aupr": 0.5310613300274506
    },
    "layer_2": {
      "n_total": 500,
      "n_valid": 500,
      "n_val_total": 500,
      "n_val_valid": 500,
      "acc": 0.59,
      "f1": 0.594059405940594,
      "pre": 0.5882352941176471,
      "recall": 0.6,
      "auroc": 0.6586879999999999,
      "optimal_threshold": 0.4642447531223297,
      "tpr_at_fpr_0_01": 0.008,
      "fpr95": 0.78,
      "aupr": 0.6303229438456877
    },
    "layer_3": {
      "n_total": 500,
      "n_valid": 500,
      "n_val_total": 500,
      "n_val_valid": 500,
      "acc": 0.514,
      "f1": 0.0830188679245283,
      "pre": 0.7333333333333333,
      "recall": 0.044,
      "auroc": 0.65584,
      "optimal_threshold": 0.6052260994911194,
      "tpr_at_fpr_0_01": 0.02,
      "fpr95": 1.0,
      "aupr": 0.6452578530081791
    },
    "layer_4": {
      "n_total": 500,
      "n_valid": 500,
      "n_val_total": 500,
      "n_val_valid": 500,
      "acc": 0.504,
      "f1": 0.08148148148148149,
      "pre": 0.55,
      "recall": 0.044,
      "auroc": 0.720544,
      "optimal_threshold": 0.665938675403595,
      "tpr_at_fpr_0_01": 0.008,
      "fpr95": 1.0,
      "aupr": 0.6513832155959616
    },
    "layer_5": {
      "n_total": 500,
      "n_valid": 500,
      "n_val_total": 500,
      "n_val_valid": 500,
      "acc": 0.52,
      "f1": 0.14285714285714285,
      "pre": 0.6666666666666666,
      "recall": 0.08,
      "auroc": 0.7506,
      "optimal_threshold": 0.72397780418396,
      "tpr_at_fpr_0_01": 0.012,
      "fpr95": 0.72,
      "aupr": 0.6916742612935922
    },
    "layer_6": {
      "n_total": 500,
      "n_valid": 500,
      "n_val_total": 500,
      "n_val_valid": 500,
      "acc": 0.518,
      "f1": 0.09056603773584905,
      "pre": 0.8,
      "recall": 0.048,
      "auroc": 0.8248319999999999,
      "optimal_threshold": 0.6973735690116882,
      "tpr_at_fpr_0_01": 0.04,
      "fpr95": 0.56,
      "aupr": 0.7900881002127509
    },
    "layer_7": {
      "n_total": 500,
      "n_valid": 500,
      "n_val_total": 500,
      "n_val_valid": 500,
      "acc": 0.518,
      "f1": 0.07662835249042145,
      "pre": 0.9090909090909091,
      "recall": 0.04,
      "auroc": 0.8475199999999999,
      "optimal_threshold": 0.7266028523445129,
      "tpr_at_fpr_0_01": 0.06,
      "fpr95": 0.548,
      "aupr": 0.8135884516839843
    },
    "layer_8": {
      "n_total": 500,
      "n_valid": 500,
      "n_val_total": 500,
      "n_val_valid": 500,
      "acc": 0.502,
      "f1": 0.015810276679841896,
      "pre": 0.6666666666666666,
      "recall": 0.008,
      "auroc": 0.8290160000000001,
      "optimal_threshold": 0.716486394405365,
      "tpr_at_fpr_0_01": 0.028,
      "fpr95": 0.58,
      "aupr": 0.78071752518249
    },
    "layer_9": {
      "n_total": 500,
      "n_valid": 500,
      "n_val_total": 500,
      "n_val_valid": 500,
      "acc": 0.51,
      "f1": 0.07547169811320754,
      "pre": 0.6666666666666666,
      "recall": 0.04,
      "auroc": 0.797088,
      "optimal_threshold": 0.7316362261772156,
      "tpr_at_fpr_0_01": 0.036,
      "fpr95": 0.524,
      "aupr": 0.7274742245903266
    },
    "layer_10": {
      "n_total": 500,
      "n_valid": 500,
      "n_val_total": 500,
      "n_val_valid": 500,
      "acc": 0.524,
      "f1": 0.09848484848484848,
      "pre": 0.9285714285714286,
      "recall": 0.052,
      "auroc": 0.862512,
      "optimal_threshold": 0.7094846963882446,
      "tpr_at_fpr_0_01": 0.152,
      "fpr95": 0.5,
      "aupr": 0.8381420904745381
    },
    "layer_11": {
      "n_total": 500,
      "n_valid": 500,
      "n_val_total": 500,
      "n_val_valid": 500,
      "acc": 0.502,
      "f1": 0.00796812749003984,
      "pre": 1.0,
      "recall": 0.004,
      "auroc": 0.895648,
      "optimal_threshold": 0.7029589414596558,
      "tpr_at_fpr_0_01": 0.188,
      "fpr95": 0.428,
      "aupr": 0.8867836974240342
    },
    "layer_12": {
      "n_total": 500,
      "n_valid": 500,
      "n_val_total": 500,
      "n_val_valid": 500,
      "acc": 0.514,
      "f1": 0.054474708171206226,
      "pre": 1.0,
      "recall": 0.028,
      "auroc": 0.9018079999999999,
      "optimal_threshold": 0.7146629095077515,
      "tpr_at_fpr_0_01": 0.204,
      "fpr95": 0.32,
      "aupr": 0.8812141188474651
    },
    "layer_13": {
      "n_total": 500,
      "n_valid": 500,
      "n_val_total": 500,
      "n_val_valid": 500,
      "acc": 0.522,
      "f1": 0.09125475285171103,
      "pre": 0.9230769230769231,
      "recall": 0.048,
      "auroc": 0.88124,
      "optimal_threshold": 0.7185736298561096,
      "tpr_at_fpr_0_01": 0.06,
      "fpr95": 0.38,
      "aupr": 0.8539522926292384
    },
    "layer_14": {
      "n_total": 500,
      "n_valid": 500,
      "n_val_total": 500,
      "n_val_valid": 500,
      "acc": 0.554,
      "f1": 0.22837370242214533,
      "pre": 0.8461538461538461,
      "recall": 0.132,
      "auroc": 0.825392,
      "optimal_threshold": 0.703340470790863,
      "tpr_at_fpr_0_01": 0.016,
      "fpr95": 0.48,
      "aupr": 0.783252645731585
    },
    "layer_15": {
      "n_total": 500,
      "n_valid": 500,
      "n_val_total": 500,
      "n_val_valid": 500,
      "acc": 0.506,
      "f1": 0.06792452830188679,
      "pre": 0.6,
      "recall": 0.036,
      "auroc": 0.792312,
      "optimal_threshold": 0.7644022703170776,
      "tpr_at_fpr_0_01": 0.016,
      "fpr95": 0.528,
      "aupr": 0.7172707737822737
    },
    "layer_16": {
      "n_total": 500,
      "n_valid": 500,
      "n_val_total": 500,
      "n_val_valid": 500,
      "acc": 0.502,
      "f1": 0.0311284046692607,
      "pre": 0.5714285714285714,
      "recall": 0.016,
      "auroc": 0.809568,
      "optimal_threshold": 0.7360678315162659,
      "tpr_at_fpr_0_01": 0.012,
      "fpr95": 0.568,
      "aupr": 0.7546464976876511
    },
    "layer_17": {
      "n_total": 500,
      "n_valid": 500,
      "n_val_total": 500,
      "n_val_valid": 500,
      "acc": 0.524,
      "f1": 0.11194029850746269,
      "pre": 0.8333333333333334,
      "recall": 0.06,
      "auroc": 0.8564,
      "optimal_threshold": 0.7400768995285034,
      "tpr_at_fpr_0_01": 0.02,
      "fpr95": 0.536,
      "aupr": 0.8023427805356013
    },
    "layer_18": {
      "n_total": 500,
      "n_valid": 500,
      "n_val_total": 500,
      "n_val_valid": 500,
      "acc": 0.536,
      "f1": 0.18309859154929578,
      "pre": 0.7647058823529411,
      "recall": 0.104,
      "auroc": 0.867904,
      "optimal_threshold": 0.7348279356956482,
      "tpr_at_fpr_0_01": 0.036,
      "fpr95": 0.488,
      "aupr": 0.8104480962238898
    },
    "layer_19": {
      "n_total": 500,
      "n_valid": 500,
      "n_val_total": 500,
      "n_val_valid": 500,
      "acc": 0.54,
      "f1": 0.21232876712328766,
      "pre": 0.7380952380952381,
      "recall": 0.124,
      "auroc": 0.835056,
      "optimal_threshold": 0.7196914553642273,
      "tpr_at_fpr_0_01": 0.024,
      "fpr95": 0.48,
      "aupr": 0.7659269454851458
    },