{
  "args": {
    "model": "llama_8b",
    "dataset": "tsm_multi",
    "mode": "m_lda",
    "token_mode": "last_token",
    "prefix": false,
    "smoke_test": false,
    "ood": [],
    "pca_components": 100,
    "normalize_scores": true,
    "ablation_set": "human",
    "manifold": true
  },
  "steering_domain": "tsm_multi",
  "eval_domain": "tsm_multi",
  "n_samples": 500,
  "n_layers": 33,
  "metrics_per_layer": {
    "layer_1": {
      "n_total": 500,
      "n_valid": 500,
      "n_val_total": 500,
      "n_val_valid": 500,
      "acc": 0.522,
      "f1": 0.6739427012278308,
      "pre": 0.5113871635610766,
      "recall": 0.988,
      "auroc": 0.521664,
      "optimal_threshold": 0.3957541882991791,
      "tpr_at_fpr_0_01": 0.028,
      "fpr95": 0.944,
      "aupr": 0.524660991473051
    },
    "layer_2": {
      "n_total": 500,
      "n_valid": 500,
      "n_val_total": 500,
      "n_val_valid": 500,
      "acc": 0.67,
      "f1": 0.6927374301675978,
      "pre": 0.6480836236933798,
      "recall": 0.744,
      "auroc": 0.752656,
      "optimal_threshold": 0.38773438334465027,
      "tpr_at_fpr_0_01": 0.244,
      "fpr95": 0.804,
      "aupr": 0.7813433577219862
    },
    "layer_3": {
      "n_total": 500,
      "n_valid": 500,
      "n_val_total": 500,
      "n_val_valid": 500,
      "acc": 0.728,
      "f1": 0.7030567685589519,
      "pre": 0.7740384615384616,
      "recall": 0.644,
      "auroc": 0.7684799999999998,
      "optimal_threshold": 0.4593276083469391,
      "tpr_at_fpr_0_01": 0.124,
      "fpr95": 0.788,
      "aupr": 0.7784638076556657
    },
    "layer_4": {
      "n_total": 500,
      "n_valid": 500,
      "n_val_total": 500,
      "n_val_valid": 500,
      "acc": 0.76,
      "f1": 0.7478991596638656,
      "pre": 0.7876106194690266,
      "recall": 0.712,
      "auroc": 0.8355519999999999,
      "optimal_threshold": 0.5037944316864014,
      "tpr_at_fpr_0_01": 0.28,
      "fpr95": 0.72,
      "aupr": 0.847322455089001
    },
    "layer_5": {
      "n_total": 500,
      "n_valid": 500,
      "n_val_total": 500,
      "n_val_valid": 500,
      "acc": 0.814,
      "f1": 0.8050314465408805,
      "pre": 0.8458149779735683,
      "recall": 0.768,
      "auroc": 0.9003840000000001,
      "optimal_threshold": 0.5352175235748291,
      "tpr_at_fpr_0_01": 0.324,
      "fpr95": 0.476,
      "aupr": 0.9075340657834277
    },
    "layer_6": {
      "n_total": 500,
      "n_valid": 500,
      "n_val_total": 500,
      "n_val_valid": 500,
      "acc": 0.816,
      "f1": 0.8042553191489362,
      "pre": 0.8590909090909091,
      "recall": 0.756,
      "auroc": 0.906528,
      "optimal_threshold": 0.48522043228149414,
      "tpr_at_fpr_0_01": 0.424,
      "fpr95": 0.408,
      "aupr": 0.9148560234101093
    },
    "layer_7": {
      "n_total": 500,
      "n_valid": 500,
      "n_val_total": 500,
      "n_val_valid": 500,
      "acc": 0.838,
      "f1": 0.8356997971602435,
      "pre": 0.8477366255144033,
      "recall": 0.824,
      "auroc": 0.915104,
      "optimal_threshold": 0.4702286720275879,
      "tpr_at_fpr_0_01": 0.444,
      "fpr95": 0.38,
      "aupr": 0.9238806724543642
    },
    "layer_8": {
      "n_total": 500,
      "n_valid": 500,
      "n_val_total": 500,
      "n_val_valid": 500,
      "acc": 0.832,
      "f1": 0.8257261410788381,
      "pre": 0.8577586206896551,
      "recall": 0.796,
      "auroc": 0.911984,
      "optimal_threshold": 0.4882640242576599,
      "tpr_at_fpr_0_01": 0.392,
      "fpr95": 0.424,
      "aupr": 0.9175355205951329
    },
    "layer_9": {
      "n_total": 500,
      "n_valid": 500,
      "n_val_total": 500,
      "n_val_valid": 500,
      "acc": 0.808,
      "f1": 0.799163179916318,
      "pre": 0.8377192982456141,
      "recall": 0.764,
      "auroc": 0.8984480000000001,
      "optimal_threshold": 0.4579663574695587,
      "tpr_at_fpr_0_01": 0.436,
      "fpr95": 0.424,
      "aupr": 0.9065252223417437
    },
    "layer_10": {
      "n_total": 500,
      "n_valid": 500,
      "n_val_total": 500,
      "n_val_valid": 500,
      "acc": 0.816,
      "f1": 0.8,
      "pre": 0.8761904761904762,
      "recall": 0.736,
      "auroc": 0.910832,
      "optimal_threshold": 0.46343371272087097,
      "tpr_at_fpr_0_01": 0.496,
      "fpr95": 0.464,
      "aupr": 0.9245841933609388
    },
    "layer_11": {
      "n_total": 500,
      "n_valid": 500,
      "n_val_total": 500,
      "n_val_valid": 500,
      "acc": 0.846,
      "f1": 0.8392484342379958,
      "pre": 0.8777292576419214,
      "recall": 0.804,
      "auroc": 0.927088,
      "optimal_threshold": 0.46751734614372253,
      "tpr_at_fpr_0_01": 0.464,
      "fpr95": 0.388,
      "aupr": 0.9362685761144882
    },
    "layer_12": {
      "n_total": 500,
      "n_valid": 500,
      "n_val_total": 500,
      "n_val_valid": 500,
      "acc": 0.852,
      "f1": 0.8425531914893617,
      "pre": 0.9,
      "recall": 0.792,
      "auroc": 0.9248959999999999,
      "optimal_threshold": 0.48524758219718933,
      "tpr_at_fpr_0_01": 0.5,
      "fpr95": 0.484,
      "aupr": 0.9361183519172347
    },
    "layer_13": {
      "n_total": 500,
      "n_valid": 500,
      "n_val_total": 500,
      "n_val_valid": 500,
      "acc": 0.846,
      "f1": 0.8418891170431212,
      "pre": 0.8649789029535865,
      "recall": 0.82,
      "auroc": 0.9195519999999999,
      "optimal_threshold": 0.4404703974723816,
      "tpr_at_fpr_0_01": 0.564,
      "fpr95": 0.468,
      "aupr": 0.9313556651846899
    },
    "layer_14": {
      "n_total": 500,
      "n_valid": 500,
      "n_val_total": 500,
      "n_val_valid": 500,
      "acc": 0.84,
      "f1": 0.8360655737704918,
      "pre": 0.8571428571428571,
      "recall": 0.816,
      "auroc": 0.91824,
      "optimal_threshold": 0.4787730574607849,
      "tpr_at_fpr_0_01": 0.52,
      "fpr95": 0.472,
      "aupr": 0.9306797753293488
    },
    "layer_15": {
      "n_total": 500,
      "n_valid": 500,
      "n_val_total": 500,
      "n_val_valid": 500,
      "acc": 0.808,
      "f1": 0.808,
      "pre": 0.808,
      "recall": 0.808,
      "auroc": 0.9076,
      "optimal_threshold": 0.4504264295101166,
      "tpr_at_fpr_0_01": 0.536,
      "fpr95": 0.42,
      "aupr": 0.9237388252642748
    },
    "layer_16": {
      "n_total": 500,
      "n_valid": 500,
      "n_val_total": 500,
      "n_val_valid": 500,
      "acc": 0.824,
      "f1": 0.8143459915611815,
      "pre": 0.8616071428571429,
      "recall": 0.772,
      "auroc": 0.908688,
      "optimal_threshold": 0.4269879162311554,
      "tpr_at_fpr_0_01": 0.52,
      "fpr95": 0.54,
      "aupr": 0.926114532244044
    },
    "layer_17": {
      "n_total": 500,
      "n_valid": 500,
      "n_val_total": 500,
      "n_val_valid": 500,
      "acc": 0.832,
      "f1": 0.8212765957446808,
      "pre": 0.8772727272727273,
      "recall": 0.772,
      "auroc": 0.9124319999999999,
      "optimal_threshold": 0.44535520672798157,
      "tpr_at_fpr_0_01": 0.592,
      "fpr95": 0.556,
      "aupr": 0.9303841610194521
    },
    "layer_18": {
      "n_total": 500,
      "n_valid": 500,
      "n_val_total": 500,
      "n_val_valid": 500,
      "acc": 0.844,
      "f1": 0.8421052631578947,
      "pre": 0.8524590163934426,
      "recall": 0.832,
      "auroc": 0.916592,
      "optimal_threshold": 0.46533462405204773,
      "tpr_at_fpr_0_01": 0.58,
      "fpr95": 0.476,
      "aupr": 0.9318939124651725
    },
    "layer_19": {
      "n_total": 500,
      "n_valid": 500,
      "n_val_total": 500,
      "n_val_valid": 500,
      "acc": 0.848,
      "f1": 0.8423236514522822,
      "pre": 0.875,
      "recall": 0.812,
      "auroc": 0.925264,
      "optimal_threshold": 0.5110272169113159,
      "tpr_at_fpr_0_01": 0.52,
      "fpr95": 0.4,
      "aupr": 0.9359509411005708
    },
    "layer_20": {
      "n_total": 500,
      "n_valid": 500,
      "n_val_total": 500,
      "n_val_valid": 500,
      "acc": 0.822,
      "f1": 0.8,
      "pre": 0.9128205128205128,
      "recall": 0.712,
      "auroc": 0.915696,