{
  "args": {
    "model": "llama_8b",
    "dataset": "tsm_multi",
    "mode": "m_lda",
    "token_mode": "last_token",
    "prefix": false,
    "smoke_test": false,
    "ood": [],
    "pca_components": 50,
    "normalize_scores": true,
    "ablation_set": "human",
    "manifold": true
  },
  "steering_domain": "tsm_multi",
  "eval_domain": "tsm_multi",
  "n_samples": 500,
  "n_layers": 33,
  "metrics_per_layer": {
    "layer_1": {
      "n_total": 500,
      "n_valid": 500,
      "n_val_total": 500,
      "n_val_valid": 500,
      "acc": 0.512,
      "f1": 0.046875,
      "pre": 1.0,
      "recall": 0.024,
      "auroc": 0.5448719999999999,
      "optimal_threshold": 0.4513587951660156,
      "tpr_at_fpr_0_01": 0.024,
      "fpr95": 0.884,
      "aupr": 0.5295402493606877
    },
    "layer_2": {
      "n_total": 500,
      "n_valid": 500,
      "n_val_total": 500,
      "n_val_valid": 500,
      "acc": 0.654,
      "f1": 0.6373165618448637,
      "pre": 0.6696035242290749,
      "recall": 0.608,
      "auroc": 0.7112959999999999,
      "optimal_threshold": 0.45525819063186646,
      "tpr_at_fpr_0_01": 0.212,
      "fpr95": 0.832,
      "aupr": 0.7422019002191961
    },
    "layer_3": {
      "n_total": 500,
      "n_valid": 500,
      "n_val_total": 500,
      "n_val_valid": 500,
      "acc": 0.63,
      "f1": 0.5842696629213483,
      "pre": 0.6666666666666666,
      "recall": 0.52,
      "auroc": 0.6999519999999999,
      "optimal_threshold": 0.5419675707817078,
      "tpr_at_fpr_0_01": 0.092,
      "fpr95": 0.76,
      "aupr": 0.7056159696389497
    },
    "layer_4": {
      "n_total": 500,
      "n_valid": 500,
      "n_val_total": 500,
      "n_val_valid": 500,
      "acc": 0.75,
      "f1": 0.7591522157996147,
      "pre": 0.7323420074349443,
      "recall": 0.788,
      "auroc": 0.82888,
      "optimal_threshold": 0.5625928044319153,
      "tpr_at_fpr_0_01": 0.204,
      "fpr95": 0.712,
      "aupr": 0.8358559701820638
    },
    "layer_5": {
      "n_total": 500,
      "n_valid": 500,
      "n_val_total": 500,
      "n_val_valid": 500,
      "acc": 0.816,
      "f1": 0.8203125,
      "pre": 0.8015267175572519,
      "recall": 0.84,
      "auroc": 0.89528,
      "optimal_threshold": 0.47690218687057495,
      "tpr_at_fpr_0_01": 0.332,
      "fpr95": 0.484,
      "aupr": 0.9031732381654364
    },
    "layer_6": {
      "n_total": 500,
      "n_valid": 500,
      "n_val_total": 500,
      "n_val_valid": 500,
      "acc": 0.8,
      "f1": 0.7706422018348624,
      "pre": 0.9032258064516129,
      "recall": 0.672,
      "auroc": 0.8922559999999999,
      "optimal_threshold": 0.5443227291107178,
      "tpr_at_fpr_0_01": 0.404,
      "fpr95": 0.496,
      "aupr": 0.9031874923946707
    },
    "layer_7": {
      "n_total": 500,
      "n_valid": 500,
      "n_val_total": 500,
      "n_val_valid": 500,
      "acc": 0.82,
      "f1": 0.8132780082987552,
      "pre": 0.8448275862068966,
      "recall": 0.784,
      "auroc": 0.894976,
      "optimal_threshold": 0.5158493518829346,
      "tpr_at_fpr_0_01": 0.416,
      "fpr95": 0.524,
      "aupr": 0.9052519398283971
    },
    "layer_8": {
      "n_total": 500,
      "n_valid": 500,
      "n_val_total": 500,
      "n_val_valid": 500,
      "acc": 0.83,
      "f1": 0.8240165631469979,
      "pre": 0.8540772532188842,
      "recall": 0.796,
      "auroc": 0.90392,
      "optimal_threshold": 0.4406309127807617,
      "tpr_at_fpr_0_01": 0.404,
      "fpr95": 0.464,
      "aupr": 0.9114520727216691
    },
    "layer_9": {
      "n_total": 500,
      "n_valid": 500,
      "n_val_total": 500,
      "n_val_valid": 500,
      "acc": 0.798,
      "f1": 0.7975951903807615,
      "pre": 0.7991967871485943,
      "recall": 0.796,
      "auroc": 0.890048,
      "optimal_threshold": 0.4514542818069458,
      "tpr_at_fpr_0_01": 0.388,
      "fpr95": 0.48,
      "aupr": 0.9023726593982899
    },
    "layer_10": {
      "n_total": 500,
      "n_valid": 500,
      "n_val_total": 500,
      "n_val_valid": 500,
      "acc": 0.814,
      "f1": 0.8098159509202454,
      "pre": 0.8284518828451883,
      "recall": 0.792,
      "auroc": 0.9026240000000001,
      "optimal_threshold": 0.4387959837913513,
      "tpr_at_fpr_0_01": 0.516,
      "fpr95": 0.552,
      "aupr": 0.9189250159210491
    },
    "layer_11": {
      "n_total": 500,
      "n_valid": 500,
      "n_val_total": 500,
      "n_val_valid": 500,
      "acc": 0.842,
      "f1": 0.8315565031982942,
      "pre": 0.8904109589041096,
      "recall": 0.78,
      "auroc": 0.9200320000000001,
      "optimal_threshold": 0.41025710105895996,
      "tpr_at_fpr_0_01": 0.476,
      "fpr95": 0.372,
      "aupr": 0.9310110108928351
    },
    "layer_12": {
      "n_total": 500,
      "n_valid": 500,
      "n_val_total": 500,
      "n_val_valid": 500,
      "acc": 0.842,
      "f1": 0.8364389233954451,
      "pre": 0.8669527896995708,
      "recall": 0.808,
      "auroc": 0.9153919999999999,
      "optimal_threshold": 0.4693027138710022,
      "tpr_at_fpr_0_01": 0.468,
      "fpr95": 0.528,
      "aupr": 0.9298714182019707
    },
    "layer_13": {
      "n_total": 500,
      "n_valid": 500,
      "n_val_total": 500,
      "n_val_valid": 500,
      "acc": 0.814,
      "f1": 0.8058455114822547,
      "pre": 0.8427947598253275,
      "recall": 0.772,
      "auroc": 0.903952,
      "optimal_threshold": 0.4540034830570221,
      "tpr_at_fpr_0_01": 0.476,
      "fpr95": 0.596,
      "aupr": 0.9203038872487102
    },
    "layer_14": {
      "n_total": 500,
      "n_valid": 500,
      "n_val_total": 500,
      "n_val_valid": 500,
      "acc": 0.828,
      "f1": 0.8162393162393162,
      "pre": 0.8761467889908257,
      "recall": 0.764,
      "auroc": 0.9120159999999999,
      "optimal_threshold": 0.4893002212047577,
      "tpr_at_fpr_0_01": 0.5,
      "fpr95": 0.508,
      "aupr": 0.9260156255943073
    },
    "layer_15": {
      "n_total": 500,
      "n_valid": 500,
      "n_val_total": 500,
      "n_val_valid": 500,
      "acc": 0.812,
      "f1": 0.7991452991452992,
      "pre": 0.8577981651376146,
      "recall": 0.748,
      "auroc": 0.9002399999999999,
      "optimal_threshold": 0.46502673625946045,
      "tpr_at_fpr_0_01": 0.576,
      "fpr95": 0.484,
      "aupr": 0.9179245336402746
    },
    "layer_16": {
      "n_total": 500,
      "n_valid": 500,
      "n_val_total": 500,
      "n_val_valid": 500,
      "acc": 0.816,
      "f1": 0.7973568281938326,
      "pre": 0.8872549019607843,
      "recall": 0.724,
      "auroc": 0.901696,
      "optimal_threshold": 0.4727390706539154,
      "tpr_at_fpr_0_01": 0.56,
      "fpr95": 0.536,
      "aupr": 0.92119051897297
    },
    "layer_17": {
      "n_total": 500,
      "n_valid": 500,
      "n_val_total": 500,
      "n_val_valid": 500,
      "acc": 0.836,
      "f1": 0.8277310924369747,
      "pre": 0.8716814159292036,
      "recall": 0.788,
      "auroc": 0.9102239999999999,
      "optimal_threshold": 0.4880444407463074,
      "tpr_at_fpr_0_01": 0.592,
      "fpr95": 0.632,
      "aupr": 0.9279313945938061
    },
    "layer_18": {
      "n_total": 500,
      "n_valid": 500,
      "n_val_total": 500,
      "n_val_valid": 500,
      "acc": 0.846,
      "f1": 0.8431771894093686,
      "pre": 0.8589211618257261,
      "recall": 0.828,
      "auroc": 0.9161440000000001,
      "optimal_threshold": 0.4928233325481415,
      "tpr_at_fpr_0_01": 0.572,
      "fpr95": 0.5,
      "aupr": 0.9309362395442738
    },
    "layer_19": {
      "n_total": 500,
      "n_valid": 500,
      "n_val_total": 500,
      "n_val_valid": 500,
      "acc": 0.84,
      "f1": 0.8253275109170306,
      "pre": 0.9086538461538461,
      "recall": 0.756,
      "auroc": 0.92592,
      "optimal_threshold": 0.5297017693519592,
      "tpr_at_fpr_0_01": 0.56,
      "fpr95": 0.468,
      "aupr": 0.9379971166876171
    },
    "layer_20": {
      "n_total": 500,
      "n_valid": 500,
      "n_val_total": 500,
      "n_val_valid": 500,
      "acc": 0.842,