{
  "args": {
    "model": "llama_8b",
    "dataset": "multisocial_full",
    "mode": "m_lda",
    "token_mode": "last_token",
    "prefix": false,
    "smoke_test": false,
    "ood": [],
    "pca_components": 50,
    "normalize_scores": true,
    "ablation_set": "human",
    "manifold": true
  },
  "steering_domain": "multisocial_full",
  "eval_domain": "multisocial_full",
  "n_samples": 500,
  "n_layers": 33,
  "metrics_per_layer": {
    "layer_1": {
      "n_total": 500,
      "n_valid": 500,
      "n_val_total": 500,
      "n_val_valid": 500,
      "acc": 0.718,
      "f1": 0.6773455377574371,
      "pre": 0.7914438502673797,
      "recall": 0.592,
      "auroc": 0.789528,
      "optimal_threshold": 0.5442110300064087,
      "tpr_at_fpr_0_01": 0.008,
      "fpr95": 0.744,
      "aupr": 0.7885806687481287
    },
    "layer_2": {
      "n_total": 500,
      "n_valid": 500,
      "n_val_total": 500,
      "n_val_valid": 500,
      "acc": 0.778,
      "f1": 0.7581699346405228,
      "pre": 0.8325358851674641,
      "recall": 0.696,
      "auroc": 0.840336,
      "optimal_threshold": 0.5890190601348877,
      "tpr_at_fpr_0_01": 0.128,
      "fpr95": 0.62,
      "aupr": 0.8421649834023845
    },
    "layer_3": {
      "n_total": 500,
      "n_valid": 500,
      "n_val_total": 500,
      "n_val_valid": 500,
      "acc": 0.79,
      "f1": 0.7770700636942676,
      "pre": 0.8280542986425339,
      "recall": 0.732,
      "auroc": 0.8765919999999999,
      "optimal_threshold": 0.5375701785087585,
      "tpr_at_fpr_0_01": 0.168,
      "fpr95": 0.488,
      "aupr": 0.8760251530728168
    },
    "layer_4": {
      "n_total": 500,
      "n_valid": 500,
      "n_val_total": 500,
      "n_val_valid": 500,
      "acc": 0.824,
      "f1": 0.8247011952191236,
      "pre": 0.8214285714285714,
      "recall": 0.828,
      "auroc": 0.89576,
      "optimal_threshold": 0.5004120469093323,
      "tpr_at_fpr_0_01": 0.324,
      "fpr95": 0.472,
      "aupr": 0.8959821936616492
    },
    "layer_5": {
      "n_total": 500,
      "n_valid": 500,
      "n_val_total": 500,
      "n_val_valid": 500,
      "acc": 0.816,
      "f1": 0.8083333333333333,
      "pre": 0.8434782608695652,
      "recall": 0.776,
      "auroc": 0.9017119999999998,
      "optimal_threshold": 0.5000486969947815,
      "tpr_at_fpr_0_01": 0.4,
      "fpr95": 0.368,
      "aupr": 0.9079304874202148
    },
    "layer_6": {
      "n_total": 500,
      "n_valid": 500,
      "n_val_total": 500,
      "n_val_valid": 500,
      "acc": 0.82,
      "f1": 0.8076923076923077,
      "pre": 0.8669724770642202,
      "recall": 0.756,
      "auroc": 0.9069759999999999,
      "optimal_threshold": 0.5118095874786377,
      "tpr_at_fpr_0_01": 0.396,
      "fpr95": 0.404,
      "aupr": 0.9113109270868742
    },
    "layer_7": {
      "n_total": 500,
      "n_valid": 500,
      "n_val_total": 500,
      "n_val_valid": 500,
      "acc": 0.832,
      "f1": 0.8242677824267782,
      "pre": 0.8640350877192983,
      "recall": 0.788,
      "auroc": 0.912864,
      "optimal_threshold": 0.49798351526260376,
      "tpr_at_fpr_0_01": 0.26,
      "fpr95": 0.356,
      "aupr": 0.9129636834898575
    },
    "layer_8": {
      "n_total": 500,
      "n_valid": 500,
      "n_val_total": 500,
      "n_val_valid": 500,
      "acc": 0.834,
      "f1": 0.8245243128964059,
      "pre": 0.874439461883408,
      "recall": 0.78,
      "auroc": 0.914144,
      "optimal_threshold": 0.5474215149879456,
      "tpr_at_fpr_0_01": 0.34,
      "fpr95": 0.416,
      "aupr": 0.9161476445106576
    },
    "layer_9": {
      "n_total": 500,
      "n_valid": 500,
      "n_val_total": 500,
      "n_val_valid": 500,
      "acc": 0.82,
      "f1": 0.809322033898305,
      "pre": 0.8603603603603603,
      "recall": 0.764,
      "auroc": 0.9066719999999999,
      "optimal_threshold": 0.5176436901092529,
      "tpr_at_fpr_0_01": 0.336,
      "fpr95": 0.46,
      "aupr": 0.9156145930720947
    },
    "layer_10": {
      "n_total": 500,
      "n_valid": 500,
      "n_val_total": 500,
      "n_val_valid": 500,
      "acc": 0.838,
      "f1": 0.8329896907216495,
      "pre": 0.8595744680851064,
      "recall": 0.808,
      "auroc": 0.9139360000000001,
      "optimal_threshold": 0.5356529951095581,
      "tpr_at_fpr_0_01": 0.368,
      "fpr95": 0.436,
      "aupr": 0.9225459299122679
    },
    "layer_11": {
      "n_total": 500,
      "n_valid": 500,
      "n_val_total": 500,
      "n_val_valid": 500,
      "acc": 0.842,
      "f1": 0.8384458077709611,
      "pre": 0.8577405857740585,
      "recall": 0.82,
      "auroc": 0.914688,
      "optimal_threshold": 0.5122754573822021,
      "tpr_at_fpr_0_01": 0.368,
      "fpr95": 0.436,
      "aupr": 0.9238715509499666
    },
    "layer_12": {
      "n_total": 500,
      "n_valid": 500,
      "n_val_total": 500,
      "n_val_valid": 500,
      "acc": 0.84,
      "f1": 0.8312236286919831,
      "pre": 0.8794642857142857,
      "recall": 0.788,
      "auroc": 0.9153760000000001,
      "optimal_threshold": 0.5322936773300171,
      "tpr_at_fpr_0_01": 0.432,
      "fpr95": 0.488,
      "aupr": 0.9256611026623265
    },
    "layer_13": {
      "n_total": 500,
      "n_valid": 500,
      "n_val_total": 500,
      "n_val_valid": 500,
      "acc": 0.834,
      "f1": 0.8329979879275654,
      "pre": 0.8380566801619433,
      "recall": 0.828,
      "auroc": 0.910624,
      "optimal_threshold": 0.5045918822288513,
      "tpr_at_fpr_0_01": 0.396,
      "fpr95": 0.432,
      "aupr": 0.9229226211954955
    },
    "layer_14": {
      "n_total": 500,
      "n_valid": 500,
      "n_val_total": 500,
      "n_val_valid": 500,
      "acc": 0.816,
      "f1": 0.8050847457627118,
      "pre": 0.8558558558558559,
      "recall": 0.76,
      "auroc": 0.9091359999999999,
      "optimal_threshold": 0.5485866665840149,
      "tpr_at_fpr_0_01": 0.46,
      "fpr95": 0.428,
      "aupr": 0.9213997759789566
    },
    "layer_15": {
      "n_total": 500,
      "n_valid": 500,
      "n_val_total": 500,
      "n_val_valid": 500,
      "acc": 0.842,
      "f1": 0.8391038696537678,
      "pre": 0.8547717842323651,
      "recall": 0.824,
      "auroc": 0.9161920000000001,
      "optimal_threshold": 0.4923366904258728,
      "tpr_at_fpr_0_01": 0.468,
      "fpr95": 0.404,
      "aupr": 0.9285325179433755
    },
    "layer_16": {
      "n_total": 500,
      "n_valid": 500,
      "n_val_total": 500,
      "n_val_valid": 500,
      "acc": 0.824,
      "f1": 0.8151260504201681,
      "pre": 0.8584070796460177,
      "recall": 0.776,
      "auroc": 0.909568,
      "optimal_threshold": 0.512890636920929,
      "tpr_at_fpr_0_01": 0.452,
      "fpr95": 0.46,
      "aupr": 0.9225185556164636
    },
    "layer_17": {
      "n_total": 500,
      "n_valid": 500,
      "n_val_total": 500,
      "n_val_valid": 500,
      "acc": 0.832,
      "f1": 0.8227848101265823,
      "pre": 0.8705357142857143,
      "recall": 0.78,
      "auroc": 0.911936,
      "optimal_threshold": 0.5020403265953064,
      "tpr_at_fpr_0_01": 0.476,
      "fpr95": 0.404,
      "aupr": 0.9238004651039466
    },
    "layer_18": {
      "n_total": 500,
      "n_valid": 500,
      "n_val_total": 500,
      "n_val_valid": 500,
      "acc": 0.828,
      "f1": 0.8266129032258065,
      "pre": 0.8333333333333334,
      "recall": 0.82,
      "auroc": 0.9152,
      "optimal_threshold": 0.48686379194259644,
      "tpr_at_fpr_0_01": 0.52,
      "fpr95": 0.412,
      "aupr": 0.9270390494765579
    },
    "layer_19": {
      "n_total": 500,
      "n_valid": 500,
      "n_val_total": 500,
      "n_val_valid": 500,
      "acc": 0.834,
      "f1": 0.8400770712909441,
      "pre": 0.8104089219330854,
      "recall": 0.872,
      "auroc": 0.9202720000000001,
      "optimal_threshold": 0.4734708368778229,
      "tpr_at_fpr_0_01": 0.512,
      "fpr95": 0.356,
      "aupr": 0.9309452517964005
    },
    "layer_20": {
      "n_total": 500,
      "n_valid": 500,
      "n_val_total": 500,
      "n_val_valid": 500,