{
  "args": {
    "model": "llama_8b",
    "dataset": "multisocial_full",
    "mode": "m_lda",
    "token_mode": "last_token",
    "prefix": false,
    "smoke_test": false,
    "ood": [],
    "pca_components": 100,
    "normalize_scores": true,
    "ablation_set": "human",
    "manifold": true
  },
  "steering_domain": "multisocial_full",
  "eval_domain": "multisocial_full",
  "n_samples": 500,
  "n_layers": 33,
  "metrics_per_layer": {
    "layer_1": {
      "n_total": 500,
      "n_valid": 500,
      "n_val_total": 500,
      "n_val_valid": 500,
      "acc": 0.698,
      "f1": 0.7327433628318584,
      "pre": 0.6571428571428571,
      "recall": 0.828,
      "auroc": 0.7965679999999999,
      "optimal_threshold": 0.41886308789253235,
      "tpr_at_fpr_0_01": 0.036,
      "fpr95": 0.764,
      "aupr": 0.7983048503334147
    },
    "layer_2": {
      "n_total": 500,
      "n_valid": 500,
      "n_val_total": 500,
      "n_val_valid": 500,
      "acc": 0.758,
      "f1": 0.7594433399602386,
      "pre": 0.7549407114624506,
      "recall": 0.764,
      "auroc": 0.8494240000000001,
      "optimal_threshold": 0.46772855520248413,
      "tpr_at_fpr_0_01": 0.132,
      "fpr95": 0.656,
      "aupr": 0.8508761420725386
    },
    "layer_3": {
      "n_total": 500,
      "n_valid": 500,
      "n_val_total": 500,
      "n_val_valid": 500,
      "acc": 0.79,
      "f1": 0.7780126849894292,
      "pre": 0.8251121076233184,
      "recall": 0.736,
      "auroc": 0.88432,
      "optimal_threshold": 0.5457555055618286,
      "tpr_at_fpr_0_01": 0.308,
      "fpr95": 0.504,
      "aupr": 0.8813287274903507
    },
    "layer_4": {
      "n_total": 500,
      "n_valid": 500,
      "n_val_total": 500,
      "n_val_valid": 500,
      "acc": 0.784,
      "f1": 0.75,
      "pre": 0.8901098901098901,
      "recall": 0.648,
      "auroc": 0.904672,
      "optimal_threshold": 0.5830384492874146,
      "tpr_at_fpr_0_01": 0.36,
      "fpr95": 0.376,
      "aupr": 0.9026203723836912
    },
    "layer_5": {
      "n_total": 500,
      "n_valid": 500,
      "n_val_total": 500,
      "n_val_valid": 500,
      "acc": 0.808,
      "f1": 0.7983193277310925,
      "pre": 0.8407079646017699,
      "recall": 0.76,
      "auroc": 0.908576,
      "optimal_threshold": 0.5245490670204163,
      "tpr_at_fpr_0_01": 0.436,
      "fpr95": 0.304,
      "aupr": 0.9127460621665875
    },
    "layer_6": {
      "n_total": 500,
      "n_valid": 500,
      "n_val_total": 500,
      "n_val_valid": 500,
      "acc": 0.8,
      "f1": 0.7747747747747747,
      "pre": 0.8865979381443299,
      "recall": 0.688,
      "auroc": 0.9150240000000001,
      "optimal_threshold": 0.5557848215103149,
      "tpr_at_fpr_0_01": 0.48,
      "fpr95": 0.308,
      "aupr": 0.9149841304311219
    },
    "layer_7": {
      "n_total": 500,
      "n_valid": 500,
      "n_val_total": 500,
      "n_val_valid": 500,
      "acc": 0.84,
      "f1": 0.8406374501992032,
      "pre": 0.8373015873015873,
      "recall": 0.844,
      "auroc": 0.922528,
      "optimal_threshold": 0.47155657410621643,
      "tpr_at_fpr_0_01": 0.264,
      "fpr95": 0.312,
      "aupr": 0.9198003320325794
    },
    "layer_8": {
      "n_total": 500,
      "n_valid": 500,
      "n_val_total": 500,
      "n_val_valid": 500,
      "acc": 0.826,
      "f1": 0.8112798264642083,
      "pre": 0.8862559241706162,
      "recall": 0.748,
      "auroc": 0.9202559999999999,
      "optimal_threshold": 0.5455082654953003,
      "tpr_at_fpr_0_01": 0.376,
      "fpr95": 0.424,
      "aupr": 0.9241348943178893
    },
    "layer_9": {
      "n_total": 500,
      "n_valid": 500,
      "n_val_total": 500,
      "n_val_valid": 500,
      "acc": 0.83,
      "f1": 0.8380952380952381,
      "pre": 0.8,
      "recall": 0.88,
      "auroc": 0.9156639999999999,
      "optimal_threshold": 0.44266560673713684,
      "tpr_at_fpr_0_01": 0.328,
      "fpr95": 0.424,
      "aupr": 0.9211379632342387
    },
    "layer_10": {
      "n_total": 500,
      "n_valid": 500,
      "n_val_total": 500,
      "n_val_valid": 500,
      "acc": 0.836,
      "f1": 0.8326530612244898,
      "pre": 0.85,
      "recall": 0.816,
      "auroc": 0.917888,
      "optimal_threshold": 0.5081490874290466,
      "tpr_at_fpr_0_01": 0.396,
      "fpr95": 0.364,
      "aupr": 0.9241957728263497
    },
    "layer_11": {
      "n_total": 500,
      "n_valid": 500,
      "n_val_total": 500,
      "n_val_valid": 500,
      "acc": 0.86,
      "f1": 0.86,
      "pre": 0.86,
      "recall": 0.86,
      "auroc": 0.9232159999999999,
      "optimal_threshold": 0.44478335976600647,
      "tpr_at_fpr_0_01": 0.376,
      "fpr95": 0.428,
      "aupr": 0.931334670477243
    },
    "layer_12": {
      "n_total": 500,
      "n_valid": 500,
      "n_val_total": 500,
      "n_val_valid": 500,
      "acc": 0.844,
      "f1": 0.8333333333333334,
      "pre": 0.8944954128440367,
      "recall": 0.78,
      "auroc": 0.926288,
      "optimal_threshold": 0.5081955790519714,
      "tpr_at_fpr_0_01": 0.488,
      "fpr95": 0.388,
      "aupr": 0.9350601067599451
    },
    "layer_13": {
      "n_total": 500,
      "n_valid": 500,
      "n_val_total": 500,
      "n_val_valid": 500,
      "acc": 0.844,
      "f1": 0.8354430379746836,
      "pre": 0.8839285714285714,
      "recall": 0.792,
      "auroc": 0.927168,
      "optimal_threshold": 0.49315452575683594,
      "tpr_at_fpr_0_01": 0.5,
      "fpr95": 0.424,
      "aupr": 0.9364558286079953
    },
    "layer_14": {
      "n_total": 500,
      "n_valid": 500,
      "n_val_total": 500,
      "n_val_valid": 500,
      "acc": 0.854,
      "f1": 0.8513238289205702,
      "pre": 0.8672199170124482,
      "recall": 0.836,
      "auroc": 0.9298879999999998,
      "optimal_threshold": 0.4919116795063019,
      "tpr_at_fpr_0_01": 0.512,
      "fpr95": 0.348,
      "aupr": 0.9368487846738448
    },
    "layer_15": {
      "n_total": 500,
      "n_valid": 500,
      "n_val_total": 500,
      "n_val_valid": 500,
      "acc": 0.85,
      "f1": 0.847870182555781,
      "pre": 0.8600823045267489,
      "recall": 0.836,
      "auroc": 0.932032,
      "optimal_threshold": 0.4282977879047394,
      "tpr_at_fpr_0_01": 0.516,
      "fpr95": 0.388,
      "aupr": 0.9404036112689999
    },
    "layer_16": {
      "n_total": 500,
      "n_valid": 500,
      "n_val_total": 500,
      "n_val_valid": 500,
      "acc": 0.846,
      "f1": 0.846307385229541,
      "pre": 0.8446215139442231,
      "recall": 0.848,
      "auroc": 0.928048,
      "optimal_threshold": 0.4759323298931122,
      "tpr_at_fpr_0_01": 0.508,
      "fpr95": 0.36,
      "aupr": 0.9369719573271418
    },
    "layer_17": {
      "n_total": 500,
      "n_valid": 500,
      "n_val_total": 500,
      "n_val_valid": 500,
      "acc": 0.826,
      "f1": 0.8129032258064516,
      "pre": 0.8790697674418605,
      "recall": 0.756,
      "auroc": 0.922512,
      "optimal_threshold": 0.5289744734764099,
      "tpr_at_fpr_0_01": 0.528,
      "fpr95": 0.352,
      "aupr": 0.9316870022431598
    },
    "layer_18": {
      "n_total": 500,
      "n_valid": 500,
      "n_val_total": 500,
      "n_val_valid": 500,
      "acc": 0.838,
      "f1": 0.8336755646817249,
      "pre": 0.8565400843881856,
      "recall": 0.812,
      "auroc": 0.9266399999999999,
      "optimal_threshold": 0.47607672214508057,
      "tpr_at_fpr_0_01": 0.54,
      "fpr95": 0.324,
      "aupr": 0.935357308931549
    },
    "layer_19": {
      "n_total": 500,
      "n_valid": 500,
      "n_val_total": 500,
      "n_val_valid": 500,
      "acc": 0.848,
      "f1": 0.8410041841004184,
      "pre": 0.881578947368421,
      "recall": 0.804,
      "auroc": 0.933088,
      "optimal_threshold": 0.48694729804992676,
      "tpr_at_fpr_0_01": 0.56,
      "fpr95": 0.28,
      "aupr": 0.9419761155852142
    },
    "layer_20": {
      "n_total": 500,
      "n_valid": 500,
      "n_val_total": 500,
      "n_val_valid": 500,
      "acc": 0.854,
      "f1": 0.8463157894736842,
      "pre": 0.8933333333333333,