{
  "args": {
    "model": "llama_8b",
    "dataset": "tsm_multi",
    "mode": "m_lda",
    "token_mode": "last_token",
    "prefix": false,
    "smoke_test": false,
    "ood": [],
    "pca_components": 25,
    "normalize_scores": true,
    "ablation_set": "human",
    "manifold": true
  },
  "steering_domain": "tsm_multi",
  "eval_domain": "tsm_multi",
  "n_samples": 500,
  "n_layers": 33,
  "metrics_per_layer": {
    "layer_1": {
      "n_total": 500,
      "n_valid": 500,
      "n_val_total": 500,
      "n_val_valid": 500,
      "acc": 0.524,
      "f1": 0.6638418079096046,
      "pre": 0.5131004366812227,
      "recall": 0.94,
      "auroc": 0.5249199999999999,
      "optimal_threshold": 0.6018186211585999,
      "tpr_at_fpr_0_01": 0.012,
      "fpr95": 0.92,
      "aupr": 0.5134605518165338
    },
    "layer_2": {
      "n_total": 500,
      "n_valid": 500,
      "n_val_total": 500,
      "n_val_valid": 500,
      "acc": 0.63,
      "f1": 0.6169772256728778,
      "pre": 0.6394849785407726,
      "recall": 0.596,
      "auroc": 0.6836,
      "optimal_threshold": 0.47548171877861023,
      "tpr_at_fpr_0_01": 0.128,
      "fpr95": 0.812,
      "aupr": 0.7132848757307764
    },
    "layer_3": {
      "n_total": 500,
      "n_valid": 500,
      "n_val_total": 500,
      "n_val_valid": 500,
      "acc": 0.624,
      "f1": 0.637065637065637,
      "pre": 0.6156716417910447,
      "recall": 0.66,
      "auroc": 0.65352,
      "optimal_threshold": 0.6207713484764099,
      "tpr_at_fpr_0_01": 0.04,
      "fpr95": 0.864,
      "aupr": 0.6362032872372206
    },
    "layer_4": {
      "n_total": 500,
      "n_valid": 500,
      "n_val_total": 500,
      "n_val_valid": 500,
      "acc": 0.724,
      "f1": 0.6973684210526315,
      "pre": 0.7718446601941747,
      "recall": 0.636,
      "auroc": 0.775456,
      "optimal_threshold": 0.5907400250434875,
      "tpr_at_fpr_0_01": 0.064,
      "fpr95": 0.812,
      "aupr": 0.7700525140301441
    },
    "layer_5": {
      "n_total": 500,
      "n_valid": 500,
      "n_val_total": 500,
      "n_val_valid": 500,
      "acc": 0.758,
      "f1": 0.7452631578947368,
      "pre": 0.7866666666666666,
      "recall": 0.708,
      "auroc": 0.8182559999999999,
      "optimal_threshold": 0.5352388620376587,
      "tpr_at_fpr_0_01": 0.312,
      "fpr95": 0.748,
      "aupr": 0.8445625288875072
    },
    "layer_6": {
      "n_total": 500,
      "n_valid": 500,
      "n_val_total": 500,
      "n_val_valid": 500,
      "acc": 0.784,
      "f1": 0.775,
      "pre": 0.808695652173913,
      "recall": 0.744,
      "auroc": 0.848384,
      "optimal_threshold": 0.5102229118347168,
      "tpr_at_fpr_0_01": 0.36,
      "fpr95": 0.696,
      "aupr": 0.8701947436604411
    },
    "layer_7": {
      "n_total": 500,
      "n_valid": 500,
      "n_val_total": 500,
      "n_val_valid": 500,
      "acc": 0.788,
      "f1": 0.7665198237885462,
      "pre": 0.8529411764705882,
      "recall": 0.696,
      "auroc": 0.8758879999999999,
      "optimal_threshold": 0.4916500151157379,
      "tpr_at_fpr_0_01": 0.364,
      "fpr95": 0.576,
      "aupr": 0.8867426558316791
    },
    "layer_8": {
      "n_total": 500,
      "n_valid": 500,
      "n_val_total": 500,
      "n_val_valid": 500,
      "acc": 0.754,
      "f1": 0.7132867132867133,
      "pre": 0.8547486033519553,
      "recall": 0.612,
      "auroc": 0.8701280000000001,
      "optimal_threshold": 0.48574915528297424,
      "tpr_at_fpr_0_01": 0.352,
      "fpr95": 0.592,
      "aupr": 0.87971764716712
    },
    "layer_9": {
      "n_total": 500,
      "n_valid": 500,
      "n_val_total": 500,
      "n_val_valid": 500,
      "acc": 0.772,
      "f1": 0.7432432432432432,
      "pre": 0.8505154639175257,
      "recall": 0.66,
      "auroc": 0.868096,
      "optimal_threshold": 0.49812549352645874,
      "tpr_at_fpr_0_01": 0.424,
      "fpr95": 0.644,
      "aupr": 0.8846748235743062
    },
    "layer_10": {
      "n_total": 500,
      "n_valid": 500,
      "n_val_total": 500,
      "n_val_valid": 500,
      "acc": 0.78,
      "f1": 0.7708333333333334,
      "pre": 0.8043478260869565,
      "recall": 0.74,
      "auroc": 0.854912,
      "optimal_threshold": 0.5016005635261536,
      "tpr_at_fpr_0_01": 0.372,
      "fpr95": 0.68,
      "aupr": 0.8765396905517403
    },
    "layer_11": {
      "n_total": 500,
      "n_valid": 500,
      "n_val_total": 500,
      "n_val_valid": 500,
      "acc": 0.826,
      "f1": 0.814498933901919,
      "pre": 0.8721461187214612,
      "recall": 0.764,
      "auroc": 0.9098079999999998,
      "optimal_threshold": 0.4639224708080292,
      "tpr_at_fpr_0_01": 0.52,
      "fpr95": 0.468,
      "aupr": 0.9237097417470552
    },
    "layer_12": {
      "n_total": 500,
      "n_valid": 500,
      "n_val_total": 500,
      "n_val_valid": 500,
      "acc": 0.822,
      "f1": 0.8035320088300221,
      "pre": 0.896551724137931,
      "recall": 0.728,
      "auroc": 0.9088960000000001,
      "optimal_threshold": 0.48915156722068787,
      "tpr_at_fpr_0_01": 0.536,
      "fpr95": 0.504,
      "aupr": 0.9263251780957538
    },
    "layer_13": {
      "n_total": 500,
      "n_valid": 500,
      "n_val_total": 500,
      "n_val_valid": 500,
      "acc": 0.812,
      "f1": 0.7956521739130434,
      "pre": 0.8714285714285714,
      "recall": 0.732,
      "auroc": 0.890816,
      "optimal_threshold": 0.43792489171028137,
      "tpr_at_fpr_0_01": 0.516,
      "fpr95": 0.56,
      "aupr": 0.909734102403414
    },
    "layer_14": {
      "n_total": 500,
      "n_valid": 500,
      "n_val_total": 500,
      "n_val_valid": 500,
      "acc": 0.802,
      "f1": 0.7880085653104925,
      "pre": 0.847926267281106,
      "recall": 0.736,
      "auroc": 0.890528,
      "optimal_threshold": 0.43923744559288025,
      "tpr_at_fpr_0_01": 0.504,
      "fpr95": 0.6,
      "aupr": 0.9115286803243297
    },
    "layer_15": {
      "n_total": 500,
      "n_valid": 500,
      "n_val_total": 500,
      "n_val_valid": 500,
      "acc": 0.8,
      "f1": 0.7695852534562212,
      "pre": 0.907608695652174,
      "recall": 0.668,
      "auroc": 0.8827200000000001,
      "optimal_threshold": 0.4725608825683594,
      "tpr_at_fpr_0_01": 0.532,
      "fpr95": 0.568,
      "aupr": 0.9066243912774564
    },
    "layer_16": {
      "n_total": 500,
      "n_valid": 500,
      "n_val_total": 500,
      "n_val_valid": 500,
      "acc": 0.778,
      "f1": 0.7592190889370932,
      "pre": 0.8293838862559242,
      "recall": 0.7,
      "auroc": 0.8567039999999999,
      "optimal_threshold": 0.4317611753940582,
      "tpr_at_fpr_0_01": 0.472,
      "fpr95": 0.648,
      "aupr": 0.8826186357196578
    },
    "layer_17": {
      "n_total": 500,
      "n_valid": 500,
      "n_val_total": 500,
      "n_val_valid": 500,
      "acc": 0.824,
      "f1": 0.8211382113821138,
      "pre": 0.8347107438016529,
      "recall": 0.808,
      "auroc": 0.9051999999999999,
      "optimal_threshold": 0.4395701587200165,
      "tpr_at_fpr_0_01": 0.58,
      "fpr95": 0.56,
      "aupr": 0.9256589653375209
    },
    "layer_18": {
      "n_total": 500,
      "n_valid": 500,
      "n_val_total": 500,
      "n_val_valid": 500,
      "acc": 0.83,
      "f1": 0.8140043763676149,
      "pre": 0.8985507246376812,
      "recall": 0.744,
      "auroc": 0.904032,
      "optimal_threshold": 0.503536581993103,
      "tpr_at_fpr_0_01": 0.624,
      "fpr95": 0.528,
      "aupr": 0.9250198785042049
    },
    "layer_19": {
      "n_total": 500,
      "n_valid": 500,
      "n_val_total": 500,
      "n_val_valid": 500,
      "acc": 0.838,
      "f1": 0.8203991130820399,
      "pre": 0.9203980099502488,
      "recall": 0.74,
      "auroc": 0.912192,
      "optimal_threshold": 0.515863299369812,
      "tpr_at_fpr_0_01": 0.604,
      "fpr95": 0.552,
      "aupr": 0.9306428889634284
    },
    "layer_20": {
      "n_total": 500,
      "n_valid": 500,
      "n_val_total": 500,
      "n_val_valid": 500,
      "acc": 0.814,
      "f1": 0.8008565310492506,