{
  "args": {
    "model": "llama_8b",
    "dataset": "editlens",
    "mode": "default",
    "token_mode": "last_token",
    "prefix": false,
    "smoke_test": false,
    "ood": [],
    "pca_components": 0,
    "normalize_scores": true,
    "ablation_set": "human",
    "manifold": false
  },
  "steering_domain": "editlens",
  "eval_domain": "editlens",
  "n_samples": 500,
  "n_layers": 33,
  "metrics_per_layer": {
    "layer_1": {
      "n_total": 500,
      "n_valid": 500,
      "n_val_total": 500,
      "n_val_valid": 500,
      "acc": 0.602,
      "f1": 0.6856240126382307,
      "pre": 0.566579634464752,
      "recall": 0.868,
      "auroc": 0.617608,
      "optimal_threshold": 0.4232769310474396,
      "tpr_at_fpr_0_01": 0.0,
      "fpr95": 0.936,
      "aupr": 0.5734137047585263
    },
    "layer_2": {
      "n_total": 500,
      "n_valid": 500,
      "n_val_total": 500,
      "n_val_valid": 500,
      "acc": 0.714,
      "f1": 0.6924731182795699,
      "pre": 0.7488372093023256,
      "recall": 0.644,
      "auroc": 0.7660959999999999,
      "optimal_threshold": 0.6365060806274414,
      "tpr_at_fpr_0_01": 0.18,
      "fpr95": 0.788,
      "aupr": 0.7936861944746343
    },
    "layer_3": {
      "n_total": 500,
      "n_valid": 500,
      "n_val_total": 500,
      "n_val_valid": 500,
      "acc": 0.714,
      "f1": 0.6950959488272921,
      "pre": 0.7442922374429224,
      "recall": 0.652,
      "auroc": 0.777472,
      "optimal_threshold": 0.5758091807365417,
      "tpr_at_fpr_0_01": 0.152,
      "fpr95": 0.76,
      "aupr": 0.7930650915409094
    },
    "layer_4": {
      "n_total": 500,
      "n_valid": 500,
      "n_val_total": 500,
      "n_val_valid": 500,
      "acc": 0.738,
      "f1": 0.7331975560081466,
      "pre": 0.7468879668049793,
      "recall": 0.72,
      "auroc": 0.8071519999999999,
      "optimal_threshold": 0.5189588069915771,
      "tpr_at_fpr_0_01": 0.188,
      "fpr95": 0.716,
      "aupr": 0.8277455691168764
    },
    "layer_5": {
      "n_total": 500,
      "n_valid": 500,
      "n_val_total": 500,
      "n_val_valid": 500,
      "acc": 0.768,
      "f1": 0.7489177489177489,
      "pre": 0.8160377358490566,
      "recall": 0.692,
      "auroc": 0.852832,
      "optimal_threshold": 0.4434989094734192,
      "tpr_at_fpr_0_01": 0.28,
      "fpr95": 0.632,
      "aupr": 0.87014685500714
    },
    "layer_6": {
      "n_total": 500,
      "n_valid": 500,
      "n_val_total": 500,
      "n_val_valid": 500,
      "acc": 0.778,
      "f1": 0.750561797752809,
      "pre": 0.8564102564102564,
      "recall": 0.668,
      "auroc": 0.8727199999999999,
      "optimal_threshold": 0.45295482873916626,
      "tpr_at_fpr_0_01": 0.396,
      "fpr95": 0.532,
      "aupr": 0.8903666716953805
    },
    "layer_7": {
      "n_total": 500,
      "n_valid": 500,
      "n_val_total": 500,
      "n_val_valid": 500,
      "acc": 0.776,
      "f1": 0.7565217391304347,
      "pre": 0.8285714285714286,
      "recall": 0.696,
      "auroc": 0.859632,
      "optimal_threshold": 0.3855319619178772,
      "tpr_at_fpr_0_01": 0.452,
      "fpr95": 0.612,
      "aupr": 0.8824983360261446
    },
    "layer_8": {
      "n_total": 500,
      "n_valid": 500,
      "n_val_total": 500,
      "n_val_valid": 500,
      "acc": 0.78,
      "f1": 0.7679324894514767,
      "pre": 0.8125,
      "recall": 0.728,
      "auroc": 0.8628159999999999,
      "optimal_threshold": 0.3821035921573639,
      "tpr_at_fpr_0_01": 0.4,
      "fpr95": 0.648,
      "aupr": 0.8833189063147844
    },
    "layer_9": {
      "n_total": 500,
      "n_valid": 500,
      "n_val_total": 500,
      "n_val_valid": 500,
      "acc": 0.776,
      "f1": 0.7627118644067796,
      "pre": 0.8108108108108109,
      "recall": 0.72,
      "auroc": 0.853376,
      "optimal_threshold": 0.3625328242778778,
      "tpr_at_fpr_0_01": 0.408,
      "fpr95": 0.66,
      "aupr": 0.8776764877008135
    },
    "layer_10": {
      "n_total": 500,
      "n_valid": 500,
      "n_val_total": 500,
      "n_val_valid": 500,
      "acc": 0.788,
      "f1": 0.7633928571428571,
      "pre": 0.8636363636363636,
      "recall": 0.684,
      "auroc": 0.86192,
      "optimal_threshold": 0.3867827355861664,
      "tpr_at_fpr_0_01": 0.5,
      "fpr95": 0.624,
      "aupr": 0.8887073487569974
    },
    "layer_11": {
      "n_total": 500,
      "n_valid": 500,
      "n_val_total": 500,
      "n_val_valid": 500,
      "acc": 0.796,
      "f1": 0.7627906976744186,
      "pre": 0.9111111111111111,
      "recall": 0.656,
      "auroc": 0.894528,
      "optimal_threshold": 0.3933345377445221,
      "tpr_at_fpr_0_01": 0.54,
      "fpr95": 0.532,
      "aupr": 0.9126595969289552
    },
    "layer_12": {
      "n_total": 500,
      "n_valid": 500,
      "n_val_total": 500,
      "n_val_valid": 500,
      "acc": 0.78,
      "f1": 0.7355769230769231,
      "pre": 0.9216867469879518,
      "recall": 0.612,
      "auroc": 0.8806240000000001,
      "optimal_threshold": 0.45055529475212097,
      "tpr_at_fpr_0_01": 0.524,
      "fpr95": 0.604,
      "aupr": 0.9024599456351827
    },
    "layer_13": {
      "n_total": 500,
      "n_valid": 500,
      "n_val_total": 500,
      "n_val_valid": 500,
      "acc": 0.8,
      "f1": 0.7737556561085973,
      "pre": 0.890625,
      "recall": 0.684,
      "auroc": 0.880352,
      "optimal_threshold": 0.41001096367836,
      "tpr_at_fpr_0_01": 0.508,
      "fpr95": 0.58,
      "aupr": 0.9015192491697457
    },
    "layer_14": {
      "n_total": 500,
      "n_valid": 500,
      "n_val_total": 500,
      "n_val_valid": 500,
      "acc": 0.774,
      "f1": 0.7621052631578947,
      "pre": 0.8044444444444444,
      "recall": 0.724,
      "auroc": 0.8623839999999998,
      "optimal_threshold": 0.3825196623802185,
      "tpr_at_fpr_0_01": 0.488,
      "fpr95": 0.604,
      "aupr": 0.8880044809911114
    },
    "layer_15": {
      "n_total": 500,
      "n_valid": 500,
      "n_val_total": 500,
      "n_val_valid": 500,
      "acc": 0.78,
      "f1": 0.7619047619047619,
      "pre": 0.8301886792452831,
      "recall": 0.704,
      "auroc": 0.873472,
      "optimal_threshold": 0.41895097494125366,
      "tpr_at_fpr_0_01": 0.54,
      "fpr95": 0.572,
      "aupr": 0.8968150236872479
    },
    "layer_16": {
      "n_total": 500,
      "n_valid": 500,
      "n_val_total": 500,
      "n_val_valid": 500,
      "acc": 0.782,
      "f1": 0.7572383073496659,
      "pre": 0.8542713567839196,
      "recall": 0.68,
      "auroc": 0.8650239999999999,
      "optimal_threshold": 0.4512454569339752,
      "tpr_at_fpr_0_01": 0.536,
      "fpr95": 0.632,
      "aupr": 0.8913395883276094
    },
    "layer_17": {
      "n_total": 500,
      "n_valid": 500,
      "n_val_total": 500,
      "n_val_valid": 500,
      "acc": 0.78,
      "f1": 0.7639484978540773,
      "pre": 0.8240740740740741,
      "recall": 0.712,
      "auroc": 0.8753920000000001,
      "optimal_threshold": 0.41510772705078125,
      "tpr_at_fpr_0_01": 0.504,
      "fpr95": 0.664,
      "aupr": 0.8994666532590384
    },
    "layer_18": {
      "n_total": 500,
      "n_valid": 500,
      "n_val_total": 500,
      "n_val_valid": 500,
      "acc": 0.786,
      "f1": 0.773784355179704,
      "pre": 0.820627802690583,
      "recall": 0.732,
      "auroc": 0.8721760000000001,
      "optimal_threshold": 0.4263381063938141,
      "tpr_at_fpr_0_01": 0.488,
      "fpr95": 0.644,
      "aupr": 0.8970450572391482
    },
    "layer_19": {
      "n_total": 500,
      "n_valid": 500,
      "n_val_total": 500,
      "n_val_valid": 500,
      "acc": 0.806,
      "f1": 0.789587852494577,
      "pre": 0.8625592417061612,
      "recall": 0.728,
      "auroc": 0.8911840000000001,
      "optimal_threshold": 0.43123340606689453,
      "tpr_at_fpr_0_01": 0.44,
      "fpr95": 0.596,
      "aupr": 0.9080089214566747
    },
    "layer_20": {
      "n_total": 500,
      "n_valid": 500,
      "n_val_total": 500,
      "n_val_valid": 500,
      "acc": 0.816,
      "f1": 0.8042553191489362,