{
  "args": {
    "model": "llama_8b",
    "dataset": "drl_t1_paraphrase",
    "mode": "default",
    "token_mode": "last_token",
    "prefix": false,
    "smoke_test": false,
    "ood": [],
    "pca_components": 0,
    "normalize_scores": true,
    "ablation_set": "human",
    "manifold": false
  },
  "steering_domain": "drl_t1_paraphrase",
  "eval_domain": "drl_t1_paraphrase",
  "n_samples": 500,
  "n_layers": 33,
  "metrics_per_layer": {
    "layer_1": {
      "n_total": 500,
      "n_valid": 500,
      "n_val_total": 500,
      "n_val_valid": 500,
      "acc": 0.628,
      "f1": 0.7232142857142857,
      "pre": 0.5758293838862559,
      "recall": 0.972,
      "auroc": 0.627432,
      "optimal_threshold": 1.0,
      "tpr_at_fpr_0_01": 0.0,
      "fpr95": 0.716,
      "aupr": 0.5744123394991965
    },
    "layer_2": {
      "n_total": 500,
      "n_valid": 500,
      "n_val_total": 500,
      "n_val_valid": 500,
      "acc": 0.782,
      "f1": 0.7915869980879541,
      "pre": 0.7582417582417582,
      "recall": 0.828,
      "auroc": 0.868576,
      "optimal_threshold": 0.7671704292297363,
      "tpr_at_fpr_0_01": 0.116,
      "fpr95": 0.604,
      "aupr": 0.8694314968862905
    },
    "layer_3": {
      "n_total": 500,
      "n_valid": 500,
      "n_val_total": 500,
      "n_val_valid": 500,
      "acc": 0.828,
      "f1": 0.8223140495867769,
      "pre": 0.8504273504273504,
      "recall": 0.796,
      "auroc": 0.8993119999999999,
      "optimal_threshold": 0.6764922142028809,
      "tpr_at_fpr_0_01": 0.424,
      "fpr95": 0.6,
      "aupr": 0.9154020547504428
    },
    "layer_4": {
      "n_total": 500,
      "n_valid": 500,
      "n_val_total": 500,
      "n_val_valid": 500,
      "acc": 0.848,
      "f1": 0.8442622950819673,
      "pre": 0.865546218487395,
      "recall": 0.824,
      "auroc": 0.9305920000000001,
      "optimal_threshold": 0.6671673655509949,
      "tpr_at_fpr_0_01": 0.608,
      "fpr95": 0.432,
      "aupr": 0.9433027398158468
    },
    "layer_5": {
      "n_total": 500,
      "n_valid": 500,
      "n_val_total": 500,
      "n_val_valid": 500,
      "acc": 0.92,
      "f1": 0.9180327868852459,
      "pre": 0.9411764705882353,
      "recall": 0.896,
      "auroc": 0.9631840000000002,
      "optimal_threshold": 0.5611631274223328,
      "tpr_at_fpr_0_01": 0.796,
      "fpr95": 0.32,
      "aupr": 0.9718416938497163
    },
    "layer_6": {
      "n_total": 500,
      "n_valid": 500,
      "n_val_total": 500,
      "n_val_valid": 500,
      "acc": 0.918,
      "f1": 0.9164969450101833,
      "pre": 0.9336099585062241,
      "recall": 0.9,
      "auroc": 0.971648,
      "optimal_threshold": 0.5617973208427429,
      "tpr_at_fpr_0_01": 0.76,
      "fpr95": 0.128,
      "aupr": 0.9766770219819035
    },
    "layer_7": {
      "n_total": 500,
      "n_valid": 500,
      "n_val_total": 500,
      "n_val_valid": 500,
      "acc": 0.906,
      "f1": 0.9030927835051547,
      "pre": 0.9319148936170213,
      "recall": 0.876,
      "auroc": 0.965216,
      "optimal_threshold": 0.516957700252533,
      "tpr_at_fpr_0_01": 0.748,
      "fpr95": 0.264,
      "aupr": 0.9714138410483781
    },
    "layer_8": {
      "n_total": 500,
      "n_valid": 500,
      "n_val_total": 500,
      "n_val_valid": 500,
      "acc": 0.884,
      "f1": 0.8816326530612245,
      "pre": 0.9,
      "recall": 0.864,
      "auroc": 0.9552160000000001,
      "optimal_threshold": 0.4855041801929474,
      "tpr_at_fpr_0_01": 0.648,
      "fpr95": 0.26,
      "aupr": 0.960441179224481
    },
    "layer_9": {
      "n_total": 500,
      "n_valid": 500,
      "n_val_total": 500,
      "n_val_valid": 500,
      "acc": 0.876,
      "f1": 0.875,
      "pre": 0.8821138211382114,
      "recall": 0.868,
      "auroc": 0.949056,
      "optimal_threshold": 0.45748743414878845,
      "tpr_at_fpr_0_01": 0.644,
      "fpr95": 0.316,
      "aupr": 0.9547788759540896
    },
    "layer_10": {
      "n_total": 500,
      "n_valid": 500,
      "n_val_total": 500,
      "n_val_valid": 500,
      "acc": 0.868,
      "f1": 0.8690476190476191,
      "pre": 0.8622047244094488,
      "recall": 0.876,
      "auroc": 0.9533119999999999,
      "optimal_threshold": 0.40817660093307495,
      "tpr_at_fpr_0_01": 0.648,
      "fpr95": 0.304,
      "aupr": 0.9584932306423046
    },
    "layer_11": {
      "n_total": 500,
      "n_valid": 500,
      "n_val_total": 500,
      "n_val_valid": 500,
      "acc": 0.888,
      "f1": 0.8870967741935484,
      "pre": 0.8943089430894309,
      "recall": 0.88,
      "auroc": 0.96768,
      "optimal_threshold": 0.41366252303123474,
      "tpr_at_fpr_0_01": 0.772,
      "fpr95": 0.212,
      "aupr": 0.9713333147263585
    },
    "layer_12": {
      "n_total": 500,
      "n_valid": 500,
      "n_val_total": 500,
      "n_val_valid": 500,
      "acc": 0.868,
      "f1": 0.8571428571428571,
      "pre": 0.9339622641509434,
      "recall": 0.792,
      "auroc": 0.951296,
      "optimal_threshold": 0.5017246007919312,
      "tpr_at_fpr_0_01": 0.712,
      "fpr95": 0.264,
      "aupr": 0.9589475268984051
    },
    "layer_13": {
      "n_total": 500,
      "n_valid": 500,
      "n_val_total": 500,
      "n_val_valid": 500,
      "acc": 0.866,
      "f1": 0.8571428571428571,
      "pre": 0.9178082191780822,
      "recall": 0.804,
      "auroc": 0.9579039999999999,
      "optimal_threshold": 0.5190442204475403,
      "tpr_at_fpr_0_01": 0.744,
      "fpr95": 0.22,
      "aupr": 0.9645125377686264
    },
    "layer_14": {
      "n_total": 500,
      "n_valid": 500,
      "n_val_total": 500,
      "n_val_valid": 500,
      "acc": 0.868,
      "f1": 0.8619246861924686,
      "pre": 0.9035087719298246,
      "recall": 0.824,
      "auroc": 0.948112,
      "optimal_threshold": 0.514244794845581,
      "tpr_at_fpr_0_01": 0.684,
      "fpr95": 0.316,
      "aupr": 0.955930676932581
    },
    "layer_15": {
      "n_total": 500,
      "n_valid": 500,
      "n_val_total": 500,
      "n_val_valid": 500,
      "acc": 0.888,
      "f1": 0.8842975206611571,
      "pre": 0.9145299145299145,
      "recall": 0.856,
      "auroc": 0.9579200000000001,
      "optimal_threshold": 0.5240917205810547,
      "tpr_at_fpr_0_01": 0.748,
      "fpr95": 0.328,
      "aupr": 0.9652751376402676
    },
    "layer_16": {
      "n_total": 500,
      "n_valid": 500,
      "n_val_total": 500,
      "n_val_valid": 500,
      "acc": 0.892,
      "f1": 0.8820960698689956,
      "pre": 0.9711538461538461,
      "recall": 0.808,
      "auroc": 0.9558880000000001,
      "optimal_threshold": 0.5631347894668579,
      "tpr_at_fpr_0_01": 0.756,
      "fpr95": 0.344,
      "aupr": 0.9649926245776655
    },
    "layer_17": {
      "n_total": 500,
      "n_valid": 500,
      "n_val_total": 500,
      "n_val_valid": 500,
      "acc": 0.922,
      "f1": 0.9175475687103594,
      "pre": 0.9730941704035875,
      "recall": 0.868,
      "auroc": 0.965696,
      "optimal_threshold": 0.5773981809616089,
      "tpr_at_fpr_0_01": 0.824,
      "fpr95": 0.292,
      "aupr": 0.9735517926555426
    },
    "layer_18": {
      "n_total": 500,
      "n_valid": 500,
      "n_val_total": 500,
      "n_val_valid": 500,
      "acc": 0.918,
      "f1": 0.9125799573560768,
      "pre": 0.9771689497716894,
      "recall": 0.856,
      "auroc": 0.964528,
      "optimal_threshold": 0.5901755094528198,
      "tpr_at_fpr_0_01": 0.768,
      "fpr95": 0.28,
      "aupr": 0.972321606501564
    },
    "layer_19": {
      "n_total": 500,
      "n_valid": 500,
      "n_val_total": 500,
      "n_val_valid": 500,
      "acc": 0.934,
      "f1": 0.931958762886598,
      "pre": 0.9617021276595744,
      "recall": 0.904,
      "auroc": 0.970464,
      "optimal_threshold": 0.5647377371788025,
      "tpr_at_fpr_0_01": 0.816,
      "fpr95": 0.192,
      "aupr": 0.9783276996860485
    },
    "layer_20": {
      "n_total": 500,
      "n_valid": 500,
      "n_val_total": 500,
      "n_val_valid": 500,
      "acc": 0.912,
      "f1": 0.907563025210084,