{
  "args": {
    "model": "qwen_06b",
    "dataset": "m4_wikipedia_chatgpt",
    "mode": "default",
    "token_mode": "last_token",
    "prefix": false,
    "smoke_test": true,
    "ood": [],
    "pca_components": 0,
    "normalize_scores": true,
    "manifold": false
  },
  "steering_domain": "m4_wikipedia_chatgpt",
  "eval_domain": "m4_wikipedia_chatgpt",
  "n_samples": 30,
  "n_layers": 29,
  "metrics_per_layer": {
    "layer_1": {
      "n_total": 30,
      "n_valid": 30,
      "n_val_total": 30,
      "n_val_valid": 30,
      "acc": 1.0,
      "f1": 1.0,
      "pre": 1.0,
      "recall": 1.0,
      "auroc": 1.0,
      "optimal_threshold": 1.0,
      "tpr_at_fpr_0_01": 1.0,
      "fpr95": 0.0,
      "aupr": 1.0
    },
    "layer_2": {
      "n_total": 30,
      "n_valid": 30,
      "n_val_total": 30,
      "n_val_valid": 30,
      "acc": 0.9666666666666667,
      "f1": 0.96,
      "pre": 1.0,
      "recall": 0.9230769230769231,
      "auroc": 1.0,
      "optimal_threshold": 0.8968703150749207,
      "tpr_at_fpr_0_01": 1.0,
      "fpr95": 0.0,
      "aupr": 0.9999999999999998
    },
    "layer_3": {
      "n_total": 30,
      "n_valid": 30,
      "n_val_total": 30,
      "n_val_valid": 30,
      "acc": 0.9666666666666667,
      "f1": 0.96,
      "pre": 1.0,
      "recall": 0.9230769230769231,
      "auroc": 1.0,
      "optimal_threshold": 0.8718836307525635,
      "tpr_at_fpr_0_01": 1.0,
      "fpr95": 0.0,
      "aupr": 0.9999999999999998
    },
    "layer_4": {
      "n_total": 30,
      "n_valid": 30,
      "n_val_total": 30,
      "n_val_valid": 30,
      "acc": 0.9666666666666667,
      "f1": 0.96,
      "pre": 1.0,
      "recall": 0.9230769230769231,
      "auroc": 1.0,
      "optimal_threshold": 0.8875394463539124,
      "tpr_at_fpr_0_01": 1.0,
      "fpr95": 0.0,
      "aupr": 0.9999999999999998
    },
    "layer_5": {
      "n_total": 30,
      "n_valid": 30,
      "n_val_total": 30,
      "n_val_valid": 30,
      "acc": 0.9666666666666667,
      "f1": 0.96,
      "pre": 1.0,
      "recall": 0.9230769230769231,
      "auroc": 1.0,
      "optimal_threshold": 0.8239974975585938,
      "tpr_at_fpr_0_01": 1.0,
      "fpr95": 0.0,
      "aupr": 0.9999999999999998
    },
    "layer_6": {
      "n_total": 30,
      "n_valid": 30,
      "n_val_total": 30,
      "n_val_valid": 30,
      "acc": 0.9666666666666667,
      "f1": 0.96,
      "pre": 1.0,
      "recall": 0.9230769230769231,
      "auroc": 1.0,
      "optimal_threshold": 0.8921046257019043,
      "tpr_at_fpr_0_01": 1.0,
      "fpr95": 0.0,
      "aupr": 0.9999999999999998
    },
    "layer_7": {
      "n_total": 30,
      "n_valid": 30,
      "n_val_total": 30,
      "n_val_valid": 30,
      "acc": 0.9666666666666667,
      "f1": 0.96,
      "pre": 1.0,
      "recall": 0.9230769230769231,
      "auroc": 1.0,
      "optimal_threshold": 0.8749550580978394,
      "tpr_at_fpr_0_01": 1.0,
      "fpr95": 0.0,
      "aupr": 0.9999999999999998
    },
    "layer_8": {
      "n_total": 30,
      "n_valid": 30,
      "n_val_total": 30,
      "n_val_valid": 30,
      "acc": 0.9333333333333333,
      "f1": 0.9166666666666666,
      "pre": 1.0,
      "recall": 0.8461538461538461,
      "auroc": 1.0,
      "optimal_threshold": 0.8426466584205627,
      "tpr_at_fpr_0_01": 1.0,
      "fpr95": 0.0,
      "aupr": 0.9999999999999998
    },
    "layer_9": {
      "n_total": 30,
      "n_valid": 30,
      "n_val_total": 30,
      "n_val_valid": 30,
      "acc": 0.9333333333333333,
      "f1": 0.9166666666666666,
      "pre": 1.0,
      "recall": 0.8461538461538461,
      "auroc": 1.0,
      "optimal_threshold": 0.8559824824333191,
      "tpr_at_fpr_0_01": 1.0,
      "fpr95": 0.0,
      "aupr": 0.9999999999999998
    },
    "layer_10": {
      "n_total": 30,
      "n_valid": 30,
      "n_val_total": 30,
      "n_val_valid": 30,
      "acc": 0.9333333333333333,
      "f1": 0.9166666666666666,
      "pre": 1.0,
      "recall": 0.8461538461538461,
      "auroc": 1.0,
      "optimal_threshold": 0.8409969806671143,
      "tpr_at_fpr_0_01": 1.0,
      "fpr95": 0.0,
      "aupr": 0.9999999999999998
    },
    "layer_11": {
      "n_total": 30,
      "n_valid": 30,
      "n_val_total": 30,
      "n_val_valid": 30,
      "acc": 0.9333333333333333,
      "f1": 0.9166666666666666,
      "pre": 1.0,
      "recall": 0.8461538461538461,
      "auroc": 1.0,
      "optimal_threshold": 0.789972186088562,
      "tpr_at_fpr_0_01": 1.0,
      "fpr95": 0.0,
      "aupr": 0.9999999999999998
    },
    "layer_12": {
      "n_total": 30,
      "n_valid": 30,
      "n_val_total": 30,
      "n_val_valid": 30,
      "acc": 0.9333333333333333,
      "f1": 0.9166666666666666,
      "pre": 1.0,
      "recall": 0.8461538461538461,
      "auroc": 1.0,
      "optimal_threshold": 0.8093701601028442,
      "tpr_at_fpr_0_01": 1.0,
      "fpr95": 0.0,
      "aupr": 0.9999999999999998
    },
    "layer_13": {
      "n_total": 30,
      "n_valid": 30,
      "n_val_total": 30,
      "n_val_valid": 30,
      "acc": 0.9333333333333333,
      "f1": 0.9166666666666666,
      "pre": 1.0,
      "recall": 0.8461538461538461,
      "auroc": 1.0,
      "optimal_threshold": 0.8116405010223389,
      "tpr_at_fpr_0_01": 1.0,
      "fpr95": 0.0,
      "aupr": 0.9999999999999999
    },
    "layer_14": {
      "n_total": 30,
      "n_valid": 30,
      "n_val_total": 30,
      "n_val_valid": 30,
      "acc": 0.9333333333333333,
      "f1": 0.9166666666666666,
      "pre": 1.0,
      "recall": 0.8461538461538461,
      "auroc": 1.0,
      "optimal_threshold": 0.8491806387901306,
      "tpr_at_fpr_0_01": 1.0,
      "fpr95": 0.0,
      "aupr": 0.9999999999999998
    },
    "layer_15": {
      "n_total": 30,
      "n_valid": 30,
      "n_val_total": 30,
      "n_val_valid": 30,
      "acc": 0.9333333333333333,
      "f1": 0.9166666666666666,
      "pre": 1.0,
      "recall": 0.8461538461538461,
      "auroc": 1.0,
      "optimal_threshold": 0.8310370445251465,
      "tpr_at_fpr_0_01": 1.0,
      "fpr95": 0.0,
      "aupr": 0.9999999999999998
    },
    "layer_16": {
      "n_total": 30,
      "n_valid": 30,
      "n_val_total": 30,
      "n_val_valid": 30,
      "acc": 0.9333333333333333,
      "f1": 0.9166666666666666,
      "pre": 1.0,
      "recall": 0.8461538461538461,
      "auroc": 1.0,
      "optimal_threshold": 0.8620669841766357,
      "tpr_at_fpr_0_01": 1.0,
      "fpr95": 0.0,
      "aupr": 0.9999999999999998
    },
    "layer_17": {
      "n_total": 30,
      "n_valid": 30,
      "n_val_total": 30,
      "n_val_valid": 30,
      "acc": 0.9333333333333333,
      "f1": 0.9166666666666666,
      "pre": 1.0,
      "recall": 0.8461538461538461,
      "auroc": 1.0,
      "optimal_threshold": 0.8513036370277405,
      "tpr_at_fpr_0_01": 1.0,
      "fpr95": 0.0,
      "aupr": 0.9999999999999998
    },
    "layer_18": {
      "n_total": 30,
      "n_valid": 30,
      "n_val_total": 30,
      "n_val_valid": 30,
      "acc": 0.9333333333333333,
      "f1": 0.9166666666666666,
      "pre": 1.0,
      "recall": 0.8461538461538461,
      "auroc": 1.0,
      "optimal_threshold": 0.8690493702888489,
      "tpr_at_fpr_0_01": 1.0,
      "fpr95": 0.0,
      "aupr": 0.9999999999999998
    },
    "layer_19": {
      "n_total": 30,
      "n_valid": 30,
      "n_val_total": 30,
      "n_val_valid": 30,
      "acc": 0.9333333333333333,
      "f1": 0.9166666666666666,
      "pre": 1.0,
      "recall": 0.8461538461538461,
      "auroc": 1.0,
      "optimal_threshold": 0.8313486576080322,
      "tpr_at_fpr_0_01": 1.0,
      "fpr95": 0.0,
      "aupr": 0.9999999999999998
    },
    "layer_20": {
      "n_total": 30,
      "n_valid": 30,
      "n_val_total": 30,
      "n_val_valid": 30,
      "acc": 0.9333333333333333,
      "f1": 0.9166666666666666,
      "pre": 1.0,
      "recall": 0.8461538461538461,
      "auroc": 1.0,
      "optimal_threshold": 0.830456018447876,
      "tpr_at_fpr_0_01": 1.0,
      "fpr95": 0.0,
      "aupr": 0.9999999999999998
    },