{
  "args": {
    "model": "llama_8b",
    "dataset": "multisocial_full",
    "mode": "default",
    "token_mode": "last_token",
    "prefix": false,
    "smoke_test": false,
    "ood": [],
    "pca_components": 0,
    "normalize_scores": true,
    "ablation_set": "human",
    "manifold": false
  },
  "steering_domain": "multisocial_full",
  "eval_domain": "multisocial_full",
  "n_samples": 500,
  "n_layers": 33,
  "metrics_per_layer": {
    "layer_1": {
      "n_total": 500,
      "n_valid": 500,
      "n_val_total": 500,
      "n_val_valid": 500,
      "acc": 0.648,
      "f1": 0.6955017301038062,
      "pre": 0.6128048780487805,
      "recall": 0.804,
      "auroc": 0.7509839999999999,
      "optimal_threshold": 0.14330343902111053,
      "tpr_at_fpr_0_01": 0.0,
      "fpr95": 0.836,
      "aupr": 0.7620429331430782
    },
    "layer_2": {
      "n_total": 500,
      "n_valid": 500,
      "n_val_total": 500,
      "n_val_valid": 500,
      "acc": 0.706,
      "f1": 0.6892177589852009,
      "pre": 0.7309417040358744,
      "recall": 0.652,
      "auroc": 0.782,
      "optimal_threshold": 0.3565588593482971,
      "tpr_at_fpr_0_01": 0.056,
      "fpr95": 0.788,
      "aupr": 0.7881133777336341
    },
    "layer_3": {
      "n_total": 500,
      "n_valid": 500,
      "n_val_total": 500,
      "n_val_valid": 500,
      "acc": 0.72,
      "f1": 0.7265625,
      "pre": 0.7099236641221374,
      "recall": 0.744,
      "auroc": 0.7988480000000001,
      "optimal_threshold": 0.33643418550491333,
      "tpr_at_fpr_0_01": 0.212,
      "fpr95": 0.648,
      "aupr": 0.8104401653428699
    },
    "layer_4": {
      "n_total": 500,
      "n_valid": 500,
      "n_val_total": 500,
      "n_val_valid": 500,
      "acc": 0.726,
      "f1": 0.7339805825242719,
      "pre": 0.7132075471698113,
      "recall": 0.756,
      "auroc": 0.8085600000000002,
      "optimal_threshold": 0.31514084339141846,
      "tpr_at_fpr_0_01": 0.244,
      "fpr95": 0.64,
      "aupr": 0.8265091117810601
    },
    "layer_5": {
      "n_total": 500,
      "n_valid": 500,
      "n_val_total": 500,
      "n_val_valid": 500,
      "acc": 0.738,
      "f1": 0.7395626242544732,
      "pre": 0.7351778656126482,
      "recall": 0.744,
      "auroc": 0.829392,
      "optimal_threshold": 0.2947177588939667,
      "tpr_at_fpr_0_01": 0.244,
      "fpr95": 0.508,
      "aupr": 0.8390710737536073
    },
    "layer_6": {
      "n_total": 500,
      "n_valid": 500,
      "n_val_total": 500,
      "n_val_valid": 500,
      "acc": 0.748,
      "f1": 0.75,
      "pre": 0.7440944881889764,
      "recall": 0.756,
      "auroc": 0.835872,
      "optimal_threshold": 0.35582485795021057,
      "tpr_at_fpr_0_01": 0.24,
      "fpr95": 0.544,
      "aupr": 0.8438806939523895
    },
    "layer_7": {
      "n_total": 500,
      "n_valid": 500,
      "n_val_total": 500,
      "n_val_valid": 500,
      "acc": 0.752,
      "f1": 0.7633587786259542,
      "pre": 0.7299270072992701,
      "recall": 0.8,
      "auroc": 0.839888,
      "optimal_threshold": 0.3276396095752716,
      "tpr_at_fpr_0_01": 0.156,
      "fpr95": 0.512,
      "aupr": 0.8412695005875777
    },
    "layer_8": {
      "n_total": 500,
      "n_valid": 500,
      "n_val_total": 500,
      "n_val_valid": 500,
      "acc": 0.766,
      "f1": 0.7736943907156673,
      "pre": 0.7490636704119851,
      "recall": 0.8,
      "auroc": 0.8526720000000001,
      "optimal_threshold": 0.3826444149017334,
      "tpr_at_fpr_0_01": 0.248,
      "fpr95": 0.512,
      "aupr": 0.8583633632322979
    },
    "layer_9": {
      "n_total": 500,
      "n_valid": 500,
      "n_val_total": 500,
      "n_val_valid": 500,
      "acc": 0.768,
      "f1": 0.7642276422764228,
      "pre": 0.7768595041322314,
      "recall": 0.752,
      "auroc": 0.854752,
      "optimal_threshold": 0.4303128123283386,
      "tpr_at_fpr_0_01": 0.248,
      "fpr95": 0.536,
      "aupr": 0.8618750311218771
    },
    "layer_10": {
      "n_total": 500,
      "n_valid": 500,
      "n_val_total": 500,
      "n_val_valid": 500,
      "acc": 0.758,
      "f1": 0.7659574468085106,
      "pre": 0.7415730337078652,
      "recall": 0.792,
      "auroc": 0.8571039999999999,
      "optimal_threshold": 0.4005712568759918,
      "tpr_at_fpr_0_01": 0.272,
      "fpr95": 0.544,
      "aupr": 0.8623144605360444
    },
    "layer_11": {
      "n_total": 500,
      "n_valid": 500,
      "n_val_total": 500,
      "n_val_valid": 500,
      "acc": 0.766,
      "f1": 0.7868852459016393,
      "pre": 0.7224080267558528,
      "recall": 0.864,
      "auroc": 0.861648,
      "optimal_threshold": 0.34666532278060913,
      "tpr_at_fpr_0_01": 0.228,
      "fpr95": 0.56,
      "aupr": 0.8684271511232643
    },
    "layer_12": {
      "n_total": 500,
      "n_valid": 500,
      "n_val_total": 500,
      "n_val_valid": 500,
      "acc": 0.778,
      "f1": 0.7793240556660039,
      "pre": 0.7747035573122529,
      "recall": 0.784,
      "auroc": 0.860832,
      "optimal_threshold": 0.38377949595451355,
      "tpr_at_fpr_0_01": 0.248,
      "fpr95": 0.532,
      "aupr": 0.8674167439366883
    },
    "layer_13": {
      "n_total": 500,
      "n_valid": 500,
      "n_val_total": 500,
      "n_val_valid": 500,
      "acc": 0.78,
      "f1": 0.78,
      "pre": 0.78,
      "recall": 0.78,
      "auroc": 0.85976,
      "optimal_threshold": 0.3920283913612366,
      "tpr_at_fpr_0_01": 0.284,
      "fpr95": 0.536,
      "aupr": 0.8682169172106724
    },
    "layer_14": {
      "n_total": 500,
      "n_valid": 500,
      "n_val_total": 500,
      "n_val_valid": 500,
      "acc": 0.774,
      "f1": 0.769857433808554,
      "pre": 0.7842323651452282,
      "recall": 0.756,
      "auroc": 0.8485440000000001,
      "optimal_threshold": 0.42468610405921936,
      "tpr_at_fpr_0_01": 0.276,
      "fpr95": 0.576,
      "aupr": 0.8570647209014536
    },
    "layer_15": {
      "n_total": 500,
      "n_valid": 500,
      "n_val_total": 500,
      "n_val_valid": 500,
      "acc": 0.794,
      "f1": 0.7952286282306164,
      "pre": 0.7905138339920948,
      "recall": 0.8,
      "auroc": 0.8673599999999999,
      "optimal_threshold": 0.3809473514556885,
      "tpr_at_fpr_0_01": 0.284,
      "fpr95": 0.54,
      "aupr": 0.8735137432753267
    },
    "layer_16": {
      "n_total": 500,
      "n_valid": 500,
      "n_val_total": 500,
      "n_val_valid": 500,
      "acc": 0.78,
      "f1": 0.7764227642276422,
      "pre": 0.7892561983471075,
      "recall": 0.764,
      "auroc": 0.8625759999999998,
      "optimal_threshold": 0.40380579233169556,
      "tpr_at_fpr_0_01": 0.292,
      "fpr95": 0.58,
      "aupr": 0.8692155544021749
    },
    "layer_17": {
      "n_total": 500,
      "n_valid": 500,
      "n_val_total": 500,
      "n_val_valid": 500,
      "acc": 0.788,
      "f1": 0.79296875,
      "pre": 0.7748091603053435,
      "recall": 0.812,
      "auroc": 0.864352,
      "optimal_threshold": 0.3571380376815796,
      "tpr_at_fpr_0_01": 0.308,
      "fpr95": 0.548,
      "aupr": 0.8698348915802042
    },
    "layer_18": {
      "n_total": 500,
      "n_valid": 500,
      "n_val_total": 500,
      "n_val_valid": 500,
      "acc": 0.784,
      "f1": 0.7795918367346939,
      "pre": 0.7958333333333333,
      "recall": 0.764,
      "auroc": 0.864752,
      "optimal_threshold": 0.3668067455291748,
      "tpr_at_fpr_0_01": 0.284,
      "fpr95": 0.536,
      "aupr": 0.8690228180013808
    },
    "layer_19": {
      "n_total": 500,
      "n_valid": 500,
      "n_val_total": 500,
      "n_val_valid": 500,
      "acc": 0.788,
      "f1": 0.7854251012145749,
      "pre": 0.7950819672131147,
      "recall": 0.776,
      "auroc": 0.8698560000000001,
      "optimal_threshold": 0.3447956442832947,
      "tpr_at_fpr_0_01": 0.316,
      "fpr95": 0.552,
      "aupr": 0.8729675186253368
    },
    "layer_20": {
      "n_total": 500,
      "n_valid": 500,
      "n_val_total": 500,
      "n_val_valid": 500,
      "acc": 0.782,
      "f1": 0.7850098619329389,