{
  "args": {
    "model": "llama_8b",
    "dataset": "drl_t1_perturbation",
    "mode": "default",
    "token_mode": "last_token",
    "prefix": false,
    "smoke_test": false,
    "ood": [],
    "pca_components": 0,
    "normalize_scores": true,
    "ablation_set": "human",
    "manifold": false
  },
  "steering_domain": "drl_t1_perturbation",
  "eval_domain": "drl_t1_perturbation",
  "n_samples": 500,
  "n_layers": 33,
  "metrics_per_layer": {
    "layer_1": {
      "n_total": 500,
      "n_valid": 500,
      "n_val_total": 500,
      "n_val_valid": 500,
      "acc": 0.62,
      "f1": 0.7155688622754491,
      "pre": 0.5717703349282297,
      "recall": 0.956,
      "auroc": 0.621632,
      "optimal_threshold": 1.0,
      "tpr_at_fpr_0_01": 0.0,
      "fpr95": 0.716,
      "aupr": 0.5704822984122453
    },
    "layer_2": {
      "n_total": 500,
      "n_valid": 500,
      "n_val_total": 500,
      "n_val_valid": 500,
      "acc": 0.776,
      "f1": 0.7821011673151751,
      "pre": 0.7613636363636364,
      "recall": 0.804,
      "auroc": 0.855056,
      "optimal_threshold": 0.760442316532135,
      "tpr_at_fpr_0_01": 0.216,
      "fpr95": 0.596,
      "aupr": 0.8561046084478147
    },
    "layer_3": {
      "n_total": 500,
      "n_valid": 500,
      "n_val_total": 500,
      "n_val_valid": 500,
      "acc": 0.786,
      "f1": 0.7678958785249458,
      "pre": 0.8388625592417062,
      "recall": 0.708,
      "auroc": 0.866656,
      "optimal_threshold": 0.7498611807823181,
      "tpr_at_fpr_0_01": 0.288,
      "fpr95": 0.596,
      "aupr": 0.880987479557326
    },
    "layer_4": {
      "n_total": 500,
      "n_valid": 500,
      "n_val_total": 500,
      "n_val_valid": 500,
      "acc": 0.826,
      "f1": 0.7990762124711316,
      "pre": 0.9453551912568307,
      "recall": 0.692,
      "auroc": 0.910048,
      "optimal_threshold": 0.7736322283744812,
      "tpr_at_fpr_0_01": 0.436,
      "fpr95": 0.444,
      "aupr": 0.9238868411444802
    },
    "layer_5": {
      "n_total": 500,
      "n_valid": 500,
      "n_val_total": 500,
      "n_val_valid": 500,
      "acc": 0.9,
      "f1": 0.895397489539749,
      "pre": 0.9385964912280702,
      "recall": 0.856,
      "auroc": 0.956448,
      "optimal_threshold": 0.5773731470108032,
      "tpr_at_fpr_0_01": 0.812,
      "fpr95": 0.32,
      "aupr": 0.9666190619864924
    },
    "layer_6": {
      "n_total": 500,
      "n_valid": 500,
      "n_val_total": 500,
      "n_val_valid": 500,
      "acc": 0.908,
      "f1": 0.9065040650406504,
      "pre": 0.9214876033057852,
      "recall": 0.892,
      "auroc": 0.970336,
      "optimal_threshold": 0.5207717418670654,
      "tpr_at_fpr_0_01": 0.832,
      "fpr95": 0.192,
      "aupr": 0.9762656094149934
    },
    "layer_7": {
      "n_total": 500,
      "n_valid": 500,
      "n_val_total": 500,
      "n_val_valid": 500,
      "acc": 0.906,
      "f1": 0.9038854805725971,
      "pre": 0.9246861924686193,
      "recall": 0.884,
      "auroc": 0.969104,
      "optimal_threshold": 0.4912184476852417,
      "tpr_at_fpr_0_01": 0.828,
      "fpr95": 0.272,
      "aupr": 0.9751656927828312
    },
    "layer_8": {
      "n_total": 500,
      "n_valid": 500,
      "n_val_total": 500,
      "n_val_valid": 500,
      "acc": 0.894,
      "f1": 0.8920570264765784,
      "pre": 0.9087136929460581,
      "recall": 0.876,
      "auroc": 0.961216,
      "optimal_threshold": 0.4956839978694916,
      "tpr_at_fpr_0_01": 0.76,
      "fpr95": 0.292,
      "aupr": 0.9678287739623954
    },
    "layer_9": {
      "n_total": 500,
      "n_valid": 500,
      "n_val_total": 500,
      "n_val_valid": 500,
      "acc": 0.89,
      "f1": 0.8870636550308009,
      "pre": 0.9113924050632911,
      "recall": 0.864,
      "auroc": 0.9615199999999999,
      "optimal_threshold": 0.47485703229904175,
      "tpr_at_fpr_0_01": 0.78,
      "fpr95": 0.248,
      "aupr": 0.9683493661633732
    },
    "layer_10": {
      "n_total": 500,
      "n_valid": 500,
      "n_val_total": 500,
      "n_val_valid": 500,
      "acc": 0.904,
      "f1": 0.9008264462809917,
      "pre": 0.9316239316239316,
      "recall": 0.872,
      "auroc": 0.96816,
      "optimal_threshold": 0.4549190402030945,
      "tpr_at_fpr_0_01": 0.748,
      "fpr95": 0.188,
      "aupr": 0.9735702697592518
    },
    "layer_11": {
      "n_total": 500,
      "n_valid": 500,
      "n_val_total": 500,
      "n_val_valid": 500,
      "acc": 0.922,
      "f1": 0.9212121212121213,
      "pre": 0.9306122448979591,
      "recall": 0.912,
      "auroc": 0.9827359999999999,
      "optimal_threshold": 0.4200320839881897,
      "tpr_at_fpr_0_01": 0.872,
      "fpr95": 0.1,
      "aupr": 0.9855555115766059
    },
    "layer_12": {
      "n_total": 500,
      "n_valid": 500,
      "n_val_total": 500,
      "n_val_valid": 500,
      "acc": 0.91,
      "f1": 0.9094567404426559,
      "pre": 0.9149797570850202,
      "recall": 0.904,
      "auroc": 0.9764,
      "optimal_threshold": 0.4575805366039276,
      "tpr_at_fpr_0_01": 0.836,
      "fpr95": 0.172,
      "aupr": 0.9800969312164223
    },
    "layer_13": {
      "n_total": 500,
      "n_valid": 500,
      "n_val_total": 500,
      "n_val_valid": 500,
      "acc": 0.91,
      "f1": 0.9083503054989817,
      "pre": 0.9253112033195021,
      "recall": 0.892,
      "auroc": 0.9773919999999999,
      "optimal_threshold": 0.49290257692337036,
      "tpr_at_fpr_0_01": 0.836,
      "fpr95": 0.152,
      "aupr": 0.9807364604999708
    },
    "layer_14": {
      "n_total": 500,
      "n_valid": 500,
      "n_val_total": 500,
      "n_val_valid": 500,
      "acc": 0.892,
      "f1": 0.8820960698689956,
      "pre": 0.9711538461538461,
      "recall": 0.808,
      "auroc": 0.967232,
      "optimal_threshold": 0.5590157508850098,
      "tpr_at_fpr_0_01": 0.788,
      "fpr95": 0.216,
      "aupr": 0.9717633333800846
    },
    "layer_15": {
      "n_total": 500,
      "n_valid": 500,
      "n_val_total": 500,
      "n_val_valid": 500,
      "acc": 0.9,
      "f1": 0.8949579831932774,
      "pre": 0.9424778761061947,
      "recall": 0.852,
      "auroc": 0.969456,
      "optimal_threshold": 0.5117648839950562,
      "tpr_at_fpr_0_01": 0.812,
      "fpr95": 0.204,
      "aupr": 0.9741838315964966
    },
    "layer_16": {
      "n_total": 500,
      "n_valid": 500,
      "n_val_total": 500,
      "n_val_valid": 500,
      "acc": 0.896,
      "f1": 0.8938775510204081,
      "pre": 0.9125,
      "recall": 0.876,
      "auroc": 0.965696,
      "optimal_threshold": 0.4891820549964905,
      "tpr_at_fpr_0_01": 0.816,
      "fpr95": 0.272,
      "aupr": 0.9724924887913551
    },
    "layer_17": {
      "n_total": 500,
      "n_valid": 500,
      "n_val_total": 500,
      "n_val_valid": 500,
      "acc": 0.926,
      "f1": 0.9224318658280922,
      "pre": 0.9691629955947136,
      "recall": 0.88,
      "auroc": 0.9728640000000001,
      "optimal_threshold": 0.5231419801712036,
      "tpr_at_fpr_0_01": 0.832,
      "fpr95": 0.2,
      "aupr": 0.9787376171612734
    },
    "layer_18": {
      "n_total": 500,
      "n_valid": 500,
      "n_val_total": 500,
      "n_val_valid": 500,
      "acc": 0.91,
      "f1": 0.9087221095334685,
      "pre": 0.9218106995884774,
      "recall": 0.896,
      "auroc": 0.964656,
      "optimal_threshold": 0.5082715749740601,
      "tpr_at_fpr_0_01": 0.808,
      "fpr95": 0.292,
      "aupr": 0.9722506654756073
    },
    "layer_19": {
      "n_total": 500,
      "n_valid": 500,
      "n_val_total": 500,
      "n_val_valid": 500,
      "acc": 0.938,
      "f1": 0.9360824742268041,
      "pre": 0.9659574468085106,
      "recall": 0.908,
      "auroc": 0.9749120000000001,
      "optimal_threshold": 0.534837543964386,
      "tpr_at_fpr_0_01": 0.868,
      "fpr95": 0.208,
      "aupr": 0.9804944692733306
    },
    "layer_20": {
      "n_total": 500,
      "n_valid": 500,
      "n_val_total": 500,
      "n_val_valid": 500,
      "acc": 0.92,
      "f1": 0.9176954732510288,