{
  "args": {
    "model": "qwen_06b",
    "dataset": "m4_wikipedia_chatgpt",
    "mode": "default",
    "token_mode": "last_token",
    "prefix": false,
    "smoke_test": true,
    "ood": [],
    "pca_components": 0,
    "manifold": false
  },
  "steering_domain": "m4_wikipedia_chatgpt",
  "eval_domain": "m4_wikipedia_chatgpt",
  "n_samples": 30,
  "n_layers": 29,
  "metrics_per_layer": {
    "layer_1": {
      "n_total": 30,
      "n_valid": 30,
      "n_val_total": 30,
      "n_val_valid": 30,
      "acc": 1.0,
      "f1": 1.0,
      "pre": 1.0,
      "recall": 1.0,
      "auroc": 1.0,
      "optimal_threshold": 0.7905224561691284,
      "tpr_at_fpr_0_01": 1.0,
      "fpr95": 0.0,
      "aupr": 1.0
    },
    "layer_2": {
      "n_total": 30,
      "n_valid": 30,
      "n_val_total": 30,
      "n_val_valid": 30,
      "acc": 0.9666666666666667,
      "f1": 0.96,
      "pre": 1.0,
      "recall": 0.9230769230769231,
      "auroc": 1.0,
      "optimal_threshold": 4.033811569213867,
      "tpr_at_fpr_0_01": 1.0,
      "fpr95": 0.0,
      "aupr": 0.9999999999999998
    },
    "layer_3": {
      "n_total": 30,
      "n_valid": 30,
      "n_val_total": 30,
      "n_val_valid": 30,
      "acc": 0.9666666666666667,
      "f1": 0.96,
      "pre": 1.0,
      "recall": 0.9230769230769231,
      "auroc": 1.0,
      "optimal_threshold": 4.058558464050293,
      "tpr_at_fpr_0_01": 1.0,
      "fpr95": 0.0,
      "aupr": 0.9999999999999998
    },
    "layer_4": {
      "n_total": 30,
      "n_valid": 30,
      "n_val_total": 30,
      "n_val_valid": 30,
      "acc": 0.9666666666666667,
      "f1": 0.96,
      "pre": 1.0,
      "recall": 0.9230769230769231,
      "auroc": 1.0,
      "optimal_threshold": 3.7944700717926025,
      "tpr_at_fpr_0_01": 1.0,
      "fpr95": 0.0,
      "aupr": 0.9999999999999998
    },
    "layer_5": {
      "n_total": 30,
      "n_valid": 30,
      "n_val_total": 30,
      "n_val_valid": 30,
      "acc": 0.9666666666666667,
      "f1": 0.96,
      "pre": 1.0,
      "recall": 0.9230769230769231,
      "auroc": 1.0,
      "optimal_threshold": 5.481337547302246,
      "tpr_at_fpr_0_01": 1.0,
      "fpr95": 0.0,
      "aupr": 0.9999999999999998
    },
    "layer_6": {
      "n_total": 30,
      "n_valid": 30,
      "n_val_total": 30,
      "n_val_valid": 30,
      "acc": 0.9666666666666667,
      "f1": 0.96,
      "pre": 1.0,
      "recall": 0.9230769230769231,
      "auroc": 1.0,
      "optimal_threshold": 6.343197345733643,
      "tpr_at_fpr_0_01": 1.0,
      "fpr95": 0.0,
      "aupr": 0.9999999999999998
    },
    "layer_7": {
      "n_total": 30,
      "n_valid": 30,
      "n_val_total": 30,
      "n_val_valid": 30,
      "acc": 0.9666666666666667,
      "f1": 0.96,
      "pre": 1.0,
      "recall": 0.9230769230769231,
      "auroc": 1.0,
      "optimal_threshold": 7.8692216873168945,
      "tpr_at_fpr_0_01": 1.0,
      "fpr95": 0.0,
      "aupr": 0.9999999999999998
    },
    "layer_8": {
      "n_total": 30,
      "n_valid": 30,
      "n_val_total": 30,
      "n_val_valid": 30,
      "acc": 0.9333333333333333,
      "f1": 0.9166666666666666,
      "pre": 1.0,
      "recall": 0.8461538461538461,
      "auroc": 1.0,
      "optimal_threshold": 6.259489059448242,
      "tpr_at_fpr_0_01": 1.0,
      "fpr95": 0.0,
      "aupr": 0.9999999999999998
    },
    "layer_9": {
      "n_total": 30,
      "n_valid": 30,
      "n_val_total": 30,
      "n_val_valid": 30,
      "acc": 0.9333333333333333,
      "f1": 0.9166666666666666,
      "pre": 1.0,
      "recall": 0.8461538461538461,
      "auroc": 1.0,
      "optimal_threshold": 6.212328910827637,
      "tpr_at_fpr_0_01": 1.0,
      "fpr95": 0.0,
      "aupr": 0.9999999999999998
    },
    "layer_10": {
      "n_total": 30,
      "n_valid": 30,
      "n_val_total": 30,
      "n_val_valid": 30,
      "acc": 0.9333333333333333,
      "f1": 0.9166666666666666,
      "pre": 1.0,
      "recall": 0.8461538461538461,
      "auroc": 1.0,
      "optimal_threshold": 5.607508182525635,
      "tpr_at_fpr_0_01": 1.0,
      "fpr95": 0.0,
      "aupr": 0.9999999999999998
    },
    "layer_11": {
      "n_total": 30,
      "n_valid": 30,
      "n_val_total": 30,
      "n_val_valid": 30,
      "acc": 0.9333333333333333,
      "f1": 0.9166666666666666,
      "pre": 1.0,
      "recall": 0.8461538461538461,
      "auroc": 1.0,
      "optimal_threshold": 10.765898704528809,
      "tpr_at_fpr_0_01": 1.0,
      "fpr95": 0.0,
      "aupr": 0.9999999999999998
    },
    "layer_12": {
      "n_total": 30,
      "n_valid": 30,
      "n_val_total": 30,
      "n_val_valid": 30,
      "acc": 0.9333333333333333,
      "f1": 0.9166666666666666,
      "pre": 1.0,
      "recall": 0.8461538461538461,
      "auroc": 1.0,
      "optimal_threshold": 14.103840827941895,
      "tpr_at_fpr_0_01": 1.0,
      "fpr95": 0.0,
      "aupr": 0.9999999999999998
    },
    "layer_13": {
      "n_total": 30,
      "n_valid": 30,
      "n_val_total": 30,
      "n_val_valid": 30,
      "acc": 0.9333333333333333,
      "f1": 0.9166666666666666,
      "pre": 1.0,
      "recall": 0.8461538461538461,
      "auroc": 1.0,
      "optimal_threshold": 13.8427152633667,
      "tpr_at_fpr_0_01": 1.0,
      "fpr95": 0.0,
      "aupr": 0.9999999999999998
    },
    "layer_14": {
      "n_total": 30,
      "n_valid": 30,
      "n_val_total": 30,
      "n_val_valid": 30,
      "acc": 0.9333333333333333,
      "f1": 0.9166666666666666,
      "pre": 1.0,
      "recall": 0.8461538461538461,
      "auroc": 1.0,
      "optimal_threshold": 17.983421325683594,
      "tpr_at_fpr_0_01": 1.0,
      "fpr95": 0.0,
      "aupr": 0.9999999999999998
    },
    "layer_15": {
      "n_total": 30,
      "n_valid": 30,
      "n_val_total": 30,
      "n_val_valid": 30,
      "acc": 0.9333333333333333,
      "f1": 0.9166666666666666,
      "pre": 1.0,
      "recall": 0.8461538461538461,
      "auroc": 1.0,
      "optimal_threshold": 12.77486801147461,
      "tpr_at_fpr_0_01": 1.0,
      "fpr95": 0.0,
      "aupr": 0.9999999999999998
    },
    "layer_16": {
      "n_total": 30,
      "n_valid": 30,
      "n_val_total": 30,
      "n_val_valid": 30,
      "acc": 0.9333333333333333,
      "f1": 0.9166666666666666,
      "pre": 1.0,
      "recall": 0.8461538461538461,
      "auroc": 1.0,
      "optimal_threshold": 9.932489395141602,
      "tpr_at_fpr_0_01": 1.0,
      "fpr95": 0.0,
      "aupr": 0.9999999999999998
    },
    "layer_17": {
      "n_total": 30,
      "n_valid": 30,
      "n_val_total": 30,
      "n_val_valid": 30,
      "acc": 0.9333333333333333,
      "f1": 0.9166666666666666,
      "pre": 1.0,
      "recall": 0.8461538461538461,
      "auroc": 1.0,
      "optimal_threshold": 18.134782791137695,
      "tpr_at_fpr_0_01": 1.0,
      "fpr95": 0.0,
      "aupr": 0.9999999999999998
    },
    "layer_18": {
      "n_total": 30,
      "n_valid": 30,
      "n_val_total": 30,
      "n_val_valid": 30,
      "acc": 0.9333333333333333,
      "f1": 0.9166666666666666,
      "pre": 1.0,
      "recall": 0.8461538461538461,
      "auroc": 1.0,
      "optimal_threshold": 18.16267967224121,
      "tpr_at_fpr_0_01": 1.0,
      "fpr95": 0.0,
      "aupr": 0.9999999999999998
    },
    "layer_19": {
      "n_total": 30,
      "n_valid": 30,
      "n_val_total": 30,
      "n_val_valid": 30,
      "acc": 0.9333333333333333,
      "f1": 0.9166666666666666,
      "pre": 1.0,
      "recall": 0.8461538461538461,
      "auroc": 1.0,
      "optimal_threshold": 31.507478713989258,
      "tpr_at_fpr_0_01": 1.0,
      "fpr95": 0.0,
      "aupr": 0.9999999999999998
    },
    "layer_20": {
      "n_total": 30,
      "n_valid": 30,
      "n_val_total": 30,
      "n_val_valid": 30,
      "acc": 0.9333333333333333,
      "f1": 0.9166666666666666,
      "pre": 1.0,
      "recall": 0.8461538461538461,
      "auroc": 1.0,
      "optimal_threshold": 56.470726013183594,
      "tpr_at_fpr_0_01": 1.0,
      "fpr95": 0.0,
      "aupr": 0.9999999999999998
    },
    "layer_21": {
      "n_total": 30,