{
  "args": {
    "model": "llama_8b",
    "dataset": "multisocial_en",
    "mode": "denoise_layer",
    "token_mode": "last_token",
    "prefix": false,
    "smoke_test": false,
    "ood": [
      "multisocial_ar"
    ],
    "pca_components": 50,
    "normalize_scores": true,
    "ablation_set": "human",
    "manifold": true
  },
  "steering_domain": "multisocial_en",
  "eval_domain": "multisocial_en",
  "n_samples": 500,
  "n_layers": 33,
  "metrics_per_layer": {
    "layer_1": {
      "n_total": 500,
      "n_valid": 500,
      "n_val_total": 500,
      "n_val_valid": 500,
      "acc": 0.726,
      "f1": 0.6948775055679287,
      "pre": 0.7839195979899497,
      "recall": 0.624,
      "auroc": 0.780184,
      "optimal_threshold": 0.49988800287246704,
      "tpr_at_fpr_0_01": 0.0,
      "fpr95": 0.776,
      "aupr": 0.7870886881684013
    },
    "layer_2": {
      "n_total": 500,
      "n_valid": 500,
      "n_val_total": 500,
      "n_val_valid": 500,
      "acc": 0.736,
      "f1": 0.7306122448979592,
      "pre": 0.7458333333333333,
      "recall": 0.716,
      "auroc": 0.802608,
      "optimal_threshold": 0.47439175844192505,
      "tpr_at_fpr_0_01": 0.376,
      "fpr95": 0.84,
      "aupr": 0.8402453743537761
    },
    "layer_3": {
      "n_total": 500,
      "n_valid": 500,
      "n_val_total": 500,
      "n_val_valid": 500,
      "acc": 0.746,
      "f1": 0.7303609341825902,
      "pre": 0.7782805429864253,
      "recall": 0.688,
      "auroc": 0.827024,
      "optimal_threshold": 0.4784182012081146,
      "tpr_at_fpr_0_01": 0.328,
      "fpr95": 0.732,
      "aupr": 0.8495887095505412
    },
    "layer_4": {
      "n_total": 500,
      "n_valid": 500,
      "n_val_total": 500,
      "n_val_valid": 500,
      "acc": 0.744,
      "f1": 0.7155555555555555,
      "pre": 0.805,
      "recall": 0.644,
      "auroc": 0.839248,
      "optimal_threshold": 0.5827432870864868,
      "tpr_at_fpr_0_01": 0.444,
      "fpr95": 0.692,
      "aupr": 0.8640909788643915
    },
    "layer_5": {
      "n_total": 500,
      "n_valid": 500,
      "n_val_total": 500,
      "n_val_valid": 500,
      "acc": 0.768,
      "f1": 0.7661290322580645,
      "pre": 0.7723577235772358,
      "recall": 0.76,
      "auroc": 0.854096,
      "optimal_threshold": 0.3889535069465637,
      "tpr_at_fpr_0_01": 0.416,
      "fpr95": 0.644,
      "aupr": 0.8725738811735714
    },
    "layer_6": {
      "n_total": 500,
      "n_valid": 500,
      "n_val_total": 500,
      "n_val_valid": 500,
      "acc": 0.774,
      "f1": 0.7744510978043913,
      "pre": 0.7729083665338645,
      "recall": 0.776,
      "auroc": 0.857216,
      "optimal_threshold": 0.3547156751155853,
      "tpr_at_fpr_0_01": 0.42,
      "fpr95": 0.624,
      "aupr": 0.87769430739863
    },
    "layer_7": {
      "n_total": 500,
      "n_valid": 500,
      "n_val_total": 500,
      "n_val_valid": 500,
      "acc": 0.764,
      "f1": 0.7551867219917012,
      "pre": 0.7844827586206896,
      "recall": 0.728,
      "auroc": 0.86296,
      "optimal_threshold": 0.3902260363101959,
      "tpr_at_fpr_0_01": 0.404,
      "fpr95": 0.56,
      "aupr": 0.8796164396949874
    },
    "layer_8": {
      "n_total": 500,
      "n_valid": 500,
      "n_val_total": 500,
      "n_val_valid": 500,
      "acc": 0.78,
      "f1": 0.7727272727272727,
      "pre": 0.7991452991452992,
      "recall": 0.748,
      "auroc": 0.869568,
      "optimal_threshold": 0.4111133813858032,
      "tpr_at_fpr_0_01": 0.412,
      "fpr95": 0.604,
      "aupr": 0.8871933368681586
    },
    "layer_9": {
      "n_total": 500,
      "n_valid": 500,
      "n_val_total": 500,
      "n_val_valid": 500,
      "acc": 0.768,
      "f1": 0.7314814814814815,
      "pre": 0.8681318681318682,
      "recall": 0.632,
      "auroc": 0.868144,
      "optimal_threshold": 0.4950334131717682,
      "tpr_at_fpr_0_01": 0.368,
      "fpr95": 0.624,
      "aupr": 0.883504775915764
    },
    "layer_10": {
      "n_total": 500,
      "n_valid": 500,
      "n_val_total": 500,
      "n_val_valid": 500,
      "acc": 0.778,
      "f1": 0.74364896073903,
      "pre": 0.8797814207650273,
      "recall": 0.644,
      "auroc": 0.8779039999999998,
      "optimal_threshold": 0.4959854781627655,
      "tpr_at_fpr_0_01": 0.372,
      "fpr95": 0.592,
      "aupr": 0.8910884350504632
    },
    "layer_11": {
      "n_total": 500,
      "n_valid": 500,
      "n_val_total": 500,
      "n_val_valid": 500,
      "acc": 0.812,
      "f1": 0.8,
      "pre": 0.8545454545454545,
      "recall": 0.752,
      "auroc": 0.8870399999999999,
      "optimal_threshold": 0.3957298994064331,
      "tpr_at_fpr_0_01": 0.4,
      "fpr95": 0.516,
      "aupr": 0.9011838503412567
    },
    "layer_12": {
      "n_total": 500,
      "n_valid": 500,
      "n_val_total": 500,
      "n_val_valid": 500,
      "acc": 0.8,
      "f1": 0.782608695652174,
      "pre": 0.8571428571428571,
      "recall": 0.72,
      "auroc": 0.881312,
      "optimal_threshold": 0.42965415120124817,
      "tpr_at_fpr_0_01": 0.396,
      "fpr95": 0.536,
      "aupr": 0.8963714011241897
    },
    "layer_13": {
      "n_total": 500,
      "n_valid": 500,
      "n_val_total": 500,
      "n_val_valid": 500,
      "acc": 0.776,
      "f1": 0.7358490566037735,
      "pre": 0.896551724137931,
      "recall": 0.624,
      "auroc": 0.880048,
      "optimal_threshold": 0.5165860056877136,
      "tpr_at_fpr_0_01": 0.428,
      "fpr95": 0.54,
      "aupr": 0.8970139014700906
    },
    "layer_14": {
      "n_total": 500,
      "n_valid": 500,
      "n_val_total": 500,
      "n_val_valid": 500,
      "acc": 0.798,
      "f1": 0.7900207900207901,
      "pre": 0.8225108225108225,
      "recall": 0.76,
      "auroc": 0.8762719999999999,
      "optimal_threshold": 0.3742896318435669,
      "tpr_at_fpr_0_01": 0.38,
      "fpr95": 0.588,
      "aupr": 0.8935644282881177
    },
    "layer_15": {
      "n_total": 500,
      "n_valid": 500,
      "n_val_total": 500,
      "n_val_valid": 500,
      "acc": 0.794,
      "f1": 0.7876288659793814,
      "pre": 0.8127659574468085,
      "recall": 0.764,
      "auroc": 0.8855040000000001,
      "optimal_threshold": 0.3609698712825775,
      "tpr_at_fpr_0_01": 0.336,
      "fpr95": 0.552,
      "aupr": 0.8982263932097669
    },
    "layer_16": {
      "n_total": 500,
      "n_valid": 500,
      "n_val_total": 500,
      "n_val_valid": 500,
      "acc": 0.794,
      "f1": 0.7803837953091685,
      "pre": 0.8356164383561644,
      "recall": 0.732,
      "auroc": 0.8687199999999999,
      "optimal_threshold": 0.4048207402229309,
      "tpr_at_fpr_0_01": 0.364,
      "fpr95": 0.652,
      "aupr": 0.8851882742832604
    },
    "layer_17": {
      "n_total": 500,
      "n_valid": 500,
      "n_val_total": 500,
      "n_val_valid": 500,
      "acc": 0.8,
      "f1": 0.7950819672131147,
      "pre": 0.8151260504201681,
      "recall": 0.776,
      "auroc": 0.86,
      "optimal_threshold": 0.34003791213035583,
      "tpr_at_fpr_0_01": 0.308,
      "fpr95": 0.664,
      "aupr": 0.8767868558731514
    },
    "layer_18": {
      "n_total": 500,
      "n_valid": 500,
      "n_val_total": 500,
      "n_val_valid": 500,
      "acc": 0.8,
      "f1": 0.7950819672131147,
      "pre": 0.8151260504201681,
      "recall": 0.776,
      "auroc": 0.850096,
      "optimal_threshold": 0.35387346148490906,
      "tpr_at_fpr_0_01": 0.264,
      "fpr95": 0.676,
      "aupr": 0.8688961935030237
    },
    "layer_19": {
      "n_total": 500,
      "n_valid": 500,
      "n_val_total": 500,
      "n_val_valid": 500,
      "acc": 0.804,
      "f1": 0.8008130081300813,
      "pre": 0.8140495867768595,
      "recall": 0.788,
      "auroc": 0.85152,
      "optimal_threshold": 0.32862547039985657,
      "tpr_at_fpr_0_01": 0.304,
      "fpr95": 0.708,
      "aupr": 0.8719248955710925
    },
    "layer_20": {
      "n_total": 500,
      "n_valid": 500,
      "n_val_total": 500,
      "n_val_valid": 500,
      "acc": 0.788,
      "f1": 0.7827868852459017,