{
  "args": {
    "model": "llama_8b",
    "dataset": "multisocial_en",
    "mode": "denoise_layer",
    "token_mode": "last_token",
    "prefix": false,
    "smoke_test": false,
    "ood": [
      "multisocial_ar"
    ],
    "pca_components": 100,
    "normalize_scores": true,
    "ablation_set": "human",
    "manifold": true
  },
  "steering_domain": "multisocial_en",
  "eval_domain": "multisocial_ar",
  "n_samples": 500,
  "n_layers": 33,
  "metrics_per_layer": {
    "layer_1": {
      "n_total": 500,
      "n_valid": 500,
      "n_val_total": 500,
      "n_val_valid": 500,
      "acc": 0.644,
      "f1": 0.5163043478260869,
      "pre": 0.8050847457627118,
      "recall": 0.38,
      "auroc": 0.6794,
      "optimal_threshold": 0.5004932284355164,
      "tpr_at_fpr_0_01": 0.0,
      "fpr95": 0.864,
      "aupr": 0.7075669097330934
    },
    "layer_2": {
      "n_total": 500,
      "n_valid": 500,
      "n_val_total": 500,
      "n_val_valid": 500,
      "acc": 0.662,
      "f1": 0.5633074935400517,
      "pre": 0.7956204379562044,
      "recall": 0.436,
      "auroc": 0.6728639999999999,
      "optimal_threshold": 0.47421008348464966,
      "tpr_at_fpr_0_01": 0.156,
      "fpr95": 0.864,
      "aupr": 0.7219280401740951
    },
    "layer_3": {
      "n_total": 500,
      "n_valid": 500,
      "n_val_total": 500,
      "n_val_valid": 500,
      "acc": 0.662,
      "f1": 0.5587467362924282,
      "pre": 0.8045112781954887,
      "recall": 0.428,
      "auroc": 0.750848,
      "optimal_threshold": 0.43911972641944885,
      "tpr_at_fpr_0_01": 0.136,
      "fpr95": 0.724,
      "aupr": 0.7624374849699813
    },
    "layer_4": {
      "n_total": 500,
      "n_valid": 500,
      "n_val_total": 500,
      "n_val_valid": 500,
      "acc": 0.656,
      "f1": 0.5401069518716578,
      "pre": 0.8145161290322581,
      "recall": 0.404,
      "auroc": 0.742048,
      "optimal_threshold": 0.5361157059669495,
      "tpr_at_fpr_0_01": 0.144,
      "fpr95": 0.888,
      "aupr": 0.7692038432288113
    },
    "layer_5": {
      "n_total": 500,
      "n_valid": 500,
      "n_val_total": 500,
      "n_val_valid": 500,
      "acc": 0.67,
      "f1": 0.578005115089514,
      "pre": 0.8014184397163121,
      "recall": 0.452,
      "auroc": 0.782192,
      "optimal_threshold": 0.39759066700935364,
      "tpr_at_fpr_0_01": 0.124,
      "fpr95": 0.804,
      "aupr": 0.785148994424451
    },
    "layer_6": {
      "n_total": 500,
      "n_valid": 500,
      "n_val_total": 500,
      "n_val_valid": 500,
      "acc": 0.672,
      "f1": 0.583756345177665,
      "pre": 0.7986111111111112,
      "recall": 0.46,
      "auroc": 0.799824,
      "optimal_threshold": 0.3742426931858063,
      "tpr_at_fpr_0_01": 0.184,
      "fpr95": 0.828,
      "aupr": 0.8020979806435509
    },
    "layer_7": {
      "n_total": 500,
      "n_valid": 500,
      "n_val_total": 500,
      "n_val_valid": 500,
      "acc": 0.67,
      "f1": 0.5758354755784062,
      "pre": 0.8057553956834532,
      "recall": 0.448,
      "auroc": 0.774224,
      "optimal_threshold": 0.4026504158973694,
      "tpr_at_fpr_0_01": 0.168,
      "fpr95": 0.888,
      "aupr": 0.7876357104497274
    },
    "layer_8": {
      "n_total": 500,
      "n_valid": 500,
      "n_val_total": 500,
      "n_val_valid": 500,
      "acc": 0.674,
      "f1": 0.5852417302798982,
      "pre": 0.8041958041958042,
      "recall": 0.46,
      "auroc": 0.7933119999999999,
      "optimal_threshold": 0.4027026295661926,
      "tpr_at_fpr_0_01": 0.1,
      "fpr95": 0.756,
      "aupr": 0.792220788120461
    },
    "layer_9": {
      "n_total": 500,
      "n_valid": 500,
      "n_val_total": 500,
      "n_val_valid": 500,
      "acc": 0.672,
      "f1": 0.5816326530612245,
      "pre": 0.8028169014084507,
      "recall": 0.456,
      "auroc": 0.782272,
      "optimal_threshold": 0.3975127935409546,
      "tpr_at_fpr_0_01": 0.124,
      "fpr95": 0.8,
      "aupr": 0.7873761556263472
    },
    "layer_10": {
      "n_total": 500,
      "n_valid": 500,
      "n_val_total": 500,
      "n_val_valid": 500,
      "acc": 0.64,
      "f1": 0.4943820224719101,
      "pre": 0.8301886792452831,
      "recall": 0.352,
      "auroc": 0.7680480000000001,
      "optimal_threshold": 0.4990772604942322,
      "tpr_at_fpr_0_01": 0.144,
      "fpr95": 0.9,
      "aupr": 0.7836548717933759
    },
    "layer_11": {
      "n_total": 500,
      "n_valid": 500,
      "n_val_total": 500,
      "n_val_valid": 500,
      "acc": 0.676,
      "f1": 0.5736842105263158,
      "pre": 0.8384615384615385,
      "recall": 0.436,
      "auroc": 0.796416,
      "optimal_threshold": 0.40706995129585266,
      "tpr_at_fpr_0_01": 0.124,
      "fpr95": 0.792,
      "aupr": 0.8003917846533424
    },
    "layer_12": {
      "n_total": 500,
      "n_valid": 500,
      "n_val_total": 500,
      "n_val_valid": 500,
      "acc": 0.658,
      "f1": 0.5390835579514824,
      "pre": 0.8264462809917356,
      "recall": 0.4,
      "auroc": 0.789728,
      "optimal_threshold": 0.43782839179039,
      "tpr_at_fpr_0_01": 0.12,
      "fpr95": 0.828,
      "aupr": 0.7941566877573186
    },
    "layer_13": {
      "n_total": 500,
      "n_valid": 500,
      "n_val_total": 500,
      "n_val_valid": 500,
      "acc": 0.656,
      "f1": 0.5351351351351351,
      "pre": 0.825,
      "recall": 0.396,
      "auroc": 0.7605919999999999,
      "optimal_threshold": 0.43758368492126465,
      "tpr_at_fpr_0_01": 0.132,
      "fpr95": 0.816,
      "aupr": 0.7770511253673524
    },
    "layer_14": {
      "n_total": 500,
      "n_valid": 500,
      "n_val_total": 500,
      "n_val_valid": 500,
      "acc": 0.674,
      "f1": 0.5766233766233766,
      "pre": 0.8222222222222222,
      "recall": 0.444,
      "auroc": 0.7518559999999999,
      "optimal_threshold": 0.37148699164390564,
      "tpr_at_fpr_0_01": 0.144,
      "fpr95": 0.856,
      "aupr": 0.7732914532168602
    },
    "layer_15": {
      "n_total": 500,
      "n_valid": 500,
      "n_val_total": 500,
      "n_val_valid": 500,
      "acc": 0.63,
      "f1": 0.4444444444444444,
      "pre": 0.891566265060241,
      "recall": 0.296,
      "auroc": 0.8081280000000001,
      "optimal_threshold": 0.4894731938838959,
      "tpr_at_fpr_0_01": 0.172,
      "fpr95": 0.776,
      "aupr": 0.8115671833539028
    },
    "layer_16": {
      "n_total": 500,
      "n_valid": 500,
      "n_val_total": 500,
      "n_val_valid": 500,
      "acc": 0.642,
      "f1": 0.49577464788732395,
      "pre": 0.8380952380952381,
      "recall": 0.352,
      "auroc": 0.8101920000000001,
      "optimal_threshold": 0.4233196973800659,
      "tpr_at_fpr_0_01": 0.168,
      "fpr95": 0.768,
      "aupr": 0.812891800699419
    },
    "layer_17": {
      "n_total": 500,
      "n_valid": 500,
      "n_val_total": 500,
      "n_val_valid": 500,
      "acc": 0.654,
      "f1": 0.5336927223719676,
      "pre": 0.8181818181818182,
      "recall": 0.396,
      "auroc": 0.800704,
      "optimal_threshold": 0.34521305561065674,
      "tpr_at_fpr_0_01": 0.192,
      "fpr95": 0.76,
      "aupr": 0.8083108091509421
    },
    "layer_18": {
      "n_total": 500,
      "n_valid": 500,
      "n_val_total": 500,
      "n_val_valid": 500,
      "acc": 0.656,
      "f1": 0.5351351351351351,
      "pre": 0.825,
      "recall": 0.396,
      "auroc": 0.793728,
      "optimal_threshold": 0.3531811535358429,
      "tpr_at_fpr_0_01": 0.168,
      "fpr95": 0.776,
      "aupr": 0.8083750224476456
    },
    "layer_19": {
      "n_total": 500,
      "n_valid": 500,
      "n_val_total": 500,
      "n_val_valid": 500,
      "acc": 0.708,
      "f1": 0.635,
      "pre": 0.8466666666666667,
      "recall": 0.508,
      "auroc": 0.789936,
      "optimal_threshold": 0.2860568165779114,
      "tpr_at_fpr_0_01": 0.144,
      "fpr95": 0.808,
      "aupr": 0.8053730816933518
    },
    "layer_20": {
      "n_total": 500,
      "n_valid": 500,
      "n_val_total": 500,
      "n_val_valid": 500,
      "acc": 0.664,