{
  "args": {
    "model": "llama_8b",
    "dataset": "multisocial_en",
    "mode": "ldp",
    "token_mode": "last_token",
    "prefix": false,
    "smoke_test": false,
    "ood": [
      "multisocial_de",
      "multisocial_nl",
      "multisocial_pt",
      "multisocial_ar"
    ],
    "pca_components": 20,
    "normalize_scores": true,
    "manifold": true
  },
  "steering_domain": "multisocial_en",
  "eval_domain": "multisocial_de",
  "n_samples": 500,
  "n_layers": 33,
  "metrics_per_layer": {
    "layer_1": {
      "n_total": 500,
      "n_valid": 500,
      "n_val_total": 500,
      "n_val_valid": 500,
      "acc": 0.7,
      "f1": 0.6666666666666666,
      "pre": 0.75,
      "recall": 0.6,
      "auroc": 0.716064,
      "optimal_threshold": 0.5432752370834351,
      "tpr_at_fpr_0_01": 0.0,
      "fpr95": 0.94,
      "aupr": 0.7230193917584267
    },
    "layer_2": {
      "n_total": 500,
      "n_valid": 500,
      "n_val_total": 500,
      "n_val_valid": 500,
      "acc": 0.694,
      "f1": 0.6909090909090909,
      "pre": 0.6979591836734694,
      "recall": 0.684,
      "auroc": 0.7402719999999999,
      "optimal_threshold": 0.48281732201576233,
      "tpr_at_fpr_0_01": 0.068,
      "fpr95": 0.852,
      "aupr": 0.7460464038455918
    },
    "layer_3": {
      "n_total": 500,
      "n_valid": 500,
      "n_val_total": 500,
      "n_val_valid": 500,
      "acc": 0.694,
      "f1": 0.6921529175050302,
      "pre": 0.6963562753036437,
      "recall": 0.688,
      "auroc": 0.7534719999999999,
      "optimal_threshold": 0.41635528206825256,
      "tpr_at_fpr_0_01": 0.084,
      "fpr95": 0.804,
      "aupr": 0.7605770326590605
    },
    "layer_4": {
      "n_total": 500,
      "n_valid": 500,
      "n_val_total": 500,
      "n_val_valid": 500,
      "acc": 0.714,
      "f1": 0.6829268292682927,
      "pre": 0.7661691542288557,
      "recall": 0.616,
      "auroc": 0.7707200000000001,
      "optimal_threshold": 0.5893803834915161,
      "tpr_at_fpr_0_01": 0.152,
      "fpr95": 0.776,
      "aupr": 0.790090851372656
    },
    "layer_5": {
      "n_total": 500,
      "n_valid": 500,
      "n_val_total": 500,
      "n_val_valid": 500,
      "acc": 0.702,
      "f1": 0.6965376782077393,
      "pre": 0.7095435684647303,
      "recall": 0.684,
      "auroc": 0.783952,
      "optimal_threshold": 0.3910786807537079,
      "tpr_at_fpr_0_01": 0.168,
      "fpr95": 0.708,
      "aupr": 0.7990951895379517
    },
    "layer_6": {
      "n_total": 500,
      "n_valid": 500,
      "n_val_total": 500,
      "n_val_valid": 500,
      "acc": 0.722,
      "f1": 0.7110187110187111,
      "pre": 0.7402597402597403,
      "recall": 0.684,
      "auroc": 0.7876960000000001,
      "optimal_threshold": 0.37779757380485535,
      "tpr_at_fpr_0_01": 0.22,
      "fpr95": 0.752,
      "aupr": 0.8084963919178485
    },
    "layer_7": {
      "n_total": 500,
      "n_valid": 500,
      "n_val_total": 500,
      "n_val_valid": 500,
      "acc": 0.72,
      "f1": 0.7095435684647303,
      "pre": 0.7370689655172413,
      "recall": 0.684,
      "auroc": 0.7885759999999999,
      "optimal_threshold": 0.3891342580318451,
      "tpr_at_fpr_0_01": 0.184,
      "fpr95": 0.756,
      "aupr": 0.8013296370626526
    },
    "layer_8": {
      "n_total": 500,
      "n_valid": 500,
      "n_val_total": 500,
      "n_val_valid": 500,
      "acc": 0.714,
      "f1": 0.7014613778705637,
      "pre": 0.7336244541484717,
      "recall": 0.672,
      "auroc": 0.7938399999999999,
      "optimal_threshold": 0.3934802711009979,
      "tpr_at_fpr_0_01": 0.228,
      "fpr95": 0.708,
      "aupr": 0.8108200876089241
    },
    "layer_9": {
      "n_total": 500,
      "n_valid": 500,
      "n_val_total": 500,
      "n_val_valid": 500,
      "acc": 0.726,
      "f1": 0.6806526806526807,
      "pre": 0.8156424581005587,
      "recall": 0.584,
      "auroc": 0.79,
      "optimal_threshold": 0.49170124530792236,
      "tpr_at_fpr_0_01": 0.252,
      "fpr95": 0.752,
      "aupr": 0.8100420716910816
    },
    "layer_10": {
      "n_total": 500,
      "n_valid": 500,
      "n_val_total": 500,
      "n_val_valid": 500,
      "acc": 0.718,
      "f1": 0.6634844868735084,
      "pre": 0.8224852071005917,
      "recall": 0.556,
      "auroc": 0.804544,
      "optimal_threshold": 0.484262615442276,
      "tpr_at_fpr_0_01": 0.264,
      "fpr95": 0.692,
      "aupr": 0.8195669633859939
    },
    "layer_11": {
      "n_total": 500,
      "n_valid": 500,
      "n_val_total": 500,
      "n_val_valid": 500,
      "acc": 0.722,
      "f1": 0.6904231625835189,
      "pre": 0.7788944723618091,
      "recall": 0.62,
      "auroc": 0.8160799999999999,
      "optimal_threshold": 0.40956446528434753,
      "tpr_at_fpr_0_01": 0.192,
      "fpr95": 0.632,
      "aupr": 0.8263513701276199
    },
    "layer_12": {
      "n_total": 500,
      "n_valid": 500,
      "n_val_total": 500,
      "n_val_valid": 500,
      "acc": 0.724,
      "f1": 0.6933333333333334,
      "pre": 0.78,
      "recall": 0.624,
      "auroc": 0.8109919999999999,
      "optimal_threshold": 0.40189820528030396,
      "tpr_at_fpr_0_01": 0.176,
      "fpr95": 0.752,
      "aupr": 0.8183131545618328
    },
    "layer_13": {
      "n_total": 500,
      "n_valid": 500,
      "n_val_total": 500,
      "n_val_valid": 500,
      "acc": 0.73,
      "f1": 0.6924829157175398,
      "pre": 0.8042328042328042,
      "recall": 0.608,
      "auroc": 0.81104,
      "optimal_threshold": 0.42330124974250793,
      "tpr_at_fpr_0_01": 0.228,
      "fpr95": 0.696,
      "aupr": 0.8274837549951615
    },
    "layer_14": {
      "n_total": 500,
      "n_valid": 500,
      "n_val_total": 500,
      "n_val_valid": 500,
      "acc": 0.744,
      "f1": 0.7288135593220338,
      "pre": 0.7747747747747747,
      "recall": 0.688,
      "auroc": 0.8080960000000001,
      "optimal_threshold": 0.3444668650627136,
      "tpr_at_fpr_0_01": 0.228,
      "fpr95": 0.684,
      "aupr": 0.8186959249207548
    },
    "layer_15": {
      "n_total": 500,
      "n_valid": 500,
      "n_val_total": 500,
      "n_val_valid": 500,
      "acc": 0.74,
      "f1": 0.7357723577235772,
      "pre": 0.7479338842975206,
      "recall": 0.724,
      "auroc": 0.823328,
      "optimal_threshold": 0.2907552421092987,
      "tpr_at_fpr_0_01": 0.24,
      "fpr95": 0.644,
      "aupr": 0.8321298927708505
    },
    "layer_16": {
      "n_total": 500,
      "n_valid": 500,
      "n_val_total": 500,
      "n_val_valid": 500,
      "acc": 0.712,
      "f1": 0.6742081447963801,
      "pre": 0.7760416666666666,
      "recall": 0.596,
      "auroc": 0.8091520000000001,
      "optimal_threshold": 0.39443156123161316,
      "tpr_at_fpr_0_01": 0.244,
      "fpr95": 0.704,
      "aupr": 0.8237742728729205
    },
    "layer_17": {
      "n_total": 500,
      "n_valid": 500,
      "n_val_total": 500,
      "n_val_valid": 500,
      "acc": 0.724,
      "f1": 0.703862660944206,
      "pre": 0.7592592592592593,
      "recall": 0.656,
      "auroc": 0.8017920000000001,
      "optimal_threshold": 0.34985804557800293,
      "tpr_at_fpr_0_01": 0.244,
      "fpr95": 0.752,
      "aupr": 0.8190913170239222
    },
    "layer_18": {
      "n_total": 500,
      "n_valid": 500,
      "n_val_total": 500,
      "n_val_valid": 500,
      "acc": 0.718,
      "f1": 0.6954643628509719,
      "pre": 0.755868544600939,
      "recall": 0.644,
      "auroc": 0.788752,
      "optimal_threshold": 0.36893942952156067,
      "tpr_at_fpr_0_01": 0.248,
      "fpr95": 0.772,
      "aupr": 0.8135945861105277
    },
    "layer_19": {
      "n_total": 500,
      "n_valid": 500,
      "n_val_total": 500,
      "n_val_valid": 500,
      "acc": 0.728,
      "f1": 0.7142857142857143,
      "pre": 0.7522123893805309,
      "recall": 0.68,
      "auroc": 0.780224,
      "optimal_threshold": 0.32964545488357544,
      "tpr_at_fpr_0_01": 0.24,
      "fpr95": 0.796,
      "aupr": 0.8108828903793094
    },
    "layer_20": {
      "n_total": 500,
      "n_valid": 500,