{
  "args": {
    "model": "llama_8b",
    "dataset": "m4_wikipedia_chatgpt",
    "mode": "ldp",
    "token_mode": "last_token",
    "prefix": false,
    "smoke_test": false,
    "ood": [
      "multisocial_de",
      "multisocial_nl",
      "multisocial_pt",
      "multisocial_ar"
    ],
    "pca_components": 20,
    "normalize_scores": true,
    "manifold": true
  },
  "steering_domain": "m4_wikipedia_chatgpt",
  "eval_domain": "multisocial_ar",
  "n_samples": 500,
  "n_layers": 33,
  "metrics_per_layer": {
    "layer_1": {
      "n_total": 500,
      "n_valid": 500,
      "n_val_total": 500,
      "n_val_valid": 500,
      "acc": 0.632,
      "f1": 0.480225988700565,
      "pre": 0.8173076923076923,
      "recall": 0.34,
      "auroc": 0.642984,
      "optimal_threshold": 0.5805057287216187,
      "tpr_at_fpr_0_01": 0.0,
      "fpr95": 0.888,
      "aupr": 0.6880465206255272
    },
    "layer_2": {
      "n_total": 500,
      "n_valid": 500,
      "n_val_total": 500,
      "n_val_valid": 500,
      "acc": 0.626,
      "f1": 0.4579710144927536,
      "pre": 0.8315789473684211,
      "recall": 0.316,
      "auroc": 0.64584,
      "optimal_threshold": 0.7456758618354797,
      "tpr_at_fpr_0_01": 0.068,
      "fpr95": 0.96,
      "aupr": 0.6943022722031701
    },
    "layer_3": {
      "n_total": 500,
      "n_valid": 500,
      "n_val_total": 500,
      "n_val_valid": 500,
      "acc": 0.636,
      "f1": 0.48295454545454547,
      "pre": 0.8333333333333334,
      "recall": 0.34,
      "auroc": 0.6939359999999999,
      "optimal_threshold": 0.5878757238388062,
      "tpr_at_fpr_0_01": 0.048,
      "fpr95": 0.928,
      "aupr": 0.700485514781609
    },
    "layer_4": {
      "n_total": 500,
      "n_valid": 500,
      "n_val_total": 500,
      "n_val_valid": 500,
      "acc": 0.59,
      "f1": 0.3573667711598746,
      "pre": 0.8260869565217391,
      "recall": 0.228,
      "auroc": 0.63208,
      "optimal_threshold": 0.5252222418785095,
      "tpr_at_fpr_0_01": 0.044,
      "fpr95": 0.936,
      "aupr": 0.6833305866928614
    },
    "layer_5": {
      "n_total": 500,
      "n_valid": 500,
      "n_val_total": 500,
      "n_val_valid": 500,
      "acc": 0.616,
      "f1": 0.4319526627218935,
      "pre": 0.8295454545454546,
      "recall": 0.292,
      "auroc": 0.678448,
      "optimal_threshold": 0.4062362611293793,
      "tpr_at_fpr_0_01": 0.036,
      "fpr95": 0.956,
      "aupr": 0.7043601203501711
    },
    "layer_6": {
      "n_total": 500,
      "n_valid": 500,
      "n_val_total": 500,
      "n_val_valid": 500,
      "acc": 0.622,
      "f1": 0.4553314121037464,
      "pre": 0.8144329896907216,
      "recall": 0.316,
      "auroc": 0.681008,
      "optimal_threshold": 0.40196382999420166,
      "tpr_at_fpr_0_01": 0.056,
      "fpr95": 0.952,
      "aupr": 0.7106708705267426
    },
    "layer_7": {
      "n_total": 500,
      "n_valid": 500,
      "n_val_total": 500,
      "n_val_valid": 500,
      "acc": 0.624,
      "f1": 0.4689265536723164,
      "pre": 0.7980769230769231,
      "recall": 0.332,
      "auroc": 0.6542080000000001,
      "optimal_threshold": 0.4005964398384094,
      "tpr_at_fpr_0_01": 0.068,
      "fpr95": 0.868,
      "aupr": 0.6959179448333586
    },
    "layer_8": {
      "n_total": 500,
      "n_valid": 500,
      "n_val_total": 500,
      "n_val_valid": 500,
      "acc": 0.634,
      "f1": 0.5013623978201635,
      "pre": 0.7863247863247863,
      "recall": 0.368,
      "auroc": 0.648048,
      "optimal_threshold": 0.44682350754737854,
      "tpr_at_fpr_0_01": 0.048,
      "fpr95": 0.916,
      "aupr": 0.6878003398385155
    },
    "layer_9": {
      "n_total": 500,
      "n_valid": 500,
      "n_val_total": 500,
      "n_val_valid": 500,
      "acc": 0.658,
      "f1": 0.5604113110539846,
      "pre": 0.7841726618705036,
      "recall": 0.436,
      "auroc": 0.672816,
      "optimal_threshold": 0.3729099631309509,
      "tpr_at_fpr_0_01": 0.044,
      "fpr95": 0.856,
      "aupr": 0.7008655358987561
    },
    "layer_10": {
      "n_total": 500,
      "n_valid": 500,
      "n_val_total": 500,
      "n_val_valid": 500,
      "acc": 0.616,
      "f1": 0.4576271186440678,
      "pre": 0.7788461538461539,
      "recall": 0.324,
      "auroc": 0.682704,
      "optimal_threshold": 0.4138549566268921,
      "tpr_at_fpr_0_01": 0.036,
      "fpr95": 0.828,
      "aupr": 0.7024716983476393
    },
    "layer_11": {
      "n_total": 500,
      "n_valid": 500,
      "n_val_total": 500,
      "n_val_valid": 500,
      "acc": 0.634,
      "f1": 0.49025069637883006,
      "pre": 0.8073394495412844,
      "recall": 0.352,
      "auroc": 0.6781280000000001,
      "optimal_threshold": 0.4588683247566223,
      "tpr_at_fpr_0_01": 0.036,
      "fpr95": 0.808,
      "aupr": 0.705060254419776
    },
    "layer_12": {
      "n_total": 500,
      "n_valid": 500,
      "n_val_total": 500,
      "n_val_valid": 500,
      "acc": 0.608,
      "f1": 0.4431818181818182,
      "pre": 0.7647058823529411,
      "recall": 0.312,
      "auroc": 0.6606080000000001,
      "optimal_threshold": 0.38503116369247437,
      "tpr_at_fpr_0_01": 0.052,
      "fpr95": 0.852,
      "aupr": 0.6915748034114255
    },
    "layer_13": {
      "n_total": 500,
      "n_valid": 500,
      "n_val_total": 500,
      "n_val_valid": 500,
      "acc": 0.602,
      "f1": 0.38390092879256965,
      "pre": 0.8493150684931506,
      "recall": 0.248,
      "auroc": 0.63656,
      "optimal_threshold": 0.45647385716438293,
      "tpr_at_fpr_0_01": 0.06,
      "fpr95": 0.844,
      "aupr": 0.6806843379595542
    },
    "layer_14": {
      "n_total": 500,
      "n_valid": 500,
      "n_val_total": 500,
      "n_val_valid": 500,
      "acc": 0.598,
      "f1": 0.5156626506024097,
      "pre": 0.6484848484848484,
      "recall": 0.428,
      "auroc": 0.615264,
      "optimal_threshold": 0.43119996786117554,
      "tpr_at_fpr_0_01": 0.06,
      "fpr95": 0.848,
      "aupr": 0.6626191182469696
    },
    "layer_15": {
      "n_total": 500,
      "n_valid": 500,
      "n_val_total": 500,
      "n_val_valid": 500,
      "acc": 0.622,
      "f1": 0.49056603773584906,
      "pre": 0.7520661157024794,
      "recall": 0.364,
      "auroc": 0.6414080000000001,
      "optimal_threshold": 0.45229196548461914,
      "tpr_at_fpr_0_01": 0.056,
      "fpr95": 0.824,
      "aupr": 0.682940504806193
    },
    "layer_16": {
      "n_total": 500,
      "n_valid": 500,
      "n_val_total": 500,
      "n_val_valid": 500,
      "acc": 0.616,
      "f1": 0.4110429447852761,
      "pre": 0.881578947368421,
      "recall": 0.268,
      "auroc": 0.635488,
      "optimal_threshold": 0.44067198038101196,
      "tpr_at_fpr_0_01": 0.06,
      "fpr95": 0.804,
      "aupr": 0.6863824156995157
    },
    "layer_17": {
      "n_total": 500,
      "n_valid": 500,
      "n_val_total": 500,
      "n_val_valid": 500,
      "acc": 0.66,
      "f1": 0.5277777777777778,
      "pre": 0.8636363636363636,
      "recall": 0.38,
      "auroc": 0.632112,
      "optimal_threshold": 0.49268850684165955,
      "tpr_at_fpr_0_01": 0.06,
      "fpr95": 0.896,
      "aupr": 0.6953356931263668
    },
    "layer_18": {
      "n_total": 500,
      "n_valid": 500,
      "n_val_total": 500,
      "n_val_valid": 500,
      "acc": 0.634,
      "f1": 0.5295629820051414,
      "pre": 0.7410071942446043,
      "recall": 0.412,
      "auroc": 0.617328,
      "optimal_threshold": 0.5131272673606873,
      "tpr_at_fpr_0_01": 0.116,
      "fpr95": 0.844,
      "aupr": 0.690285246601904
    },
    "layer_19": {
      "n_total": 500,
      "n_valid": 500,
      "n_val_total": 500,
      "n_val_valid": 500,
      "acc": 0.656,
      "f1": 0.5473684210526316,
      "pre": 0.8,
      "recall": 0.416,
      "auroc": 0.6265599999999999,
      "optimal_threshold": 0.5716081857681274,
      "tpr_at_fpr_0_01": 0.176,
      "fpr95": 0.868,
      "aupr": 0.7043401816425
    },
    "layer_20": {
      "n_total": 500,
      "n_valid": 500,
      "n_val_total": 500,