{
  "args": {
    "model": "llama_8b",
    "dataset": "m4_wikipedia_chatgpt",
    "mode": "ldp",
    "token_mode": "last_token",
    "prefix": false,
    "smoke_test": false,
    "ood": [
      "multisocial_de",
      "multisocial_nl",
      "multisocial_pt",
      "multisocial_ar"
    ],
    "pca_components": 20,
    "normalize_scores": true,
    "manifold": true
  },
  "steering_domain": "m4_wikipedia_chatgpt",
  "eval_domain": "multisocial_pt",
  "n_samples": 500,
  "n_layers": 33,
  "metrics_per_layer": {
    "layer_1": {
      "n_total": 500,
      "n_valid": 500,
      "n_val_total": 500,
      "n_val_valid": 500,
      "acc": 0.714,
      "f1": 0.6697459584295612,
      "pre": 0.7923497267759563,
      "recall": 0.58,
      "auroc": 0.759888,
      "optimal_threshold": 0.5805057287216187,
      "tpr_at_fpr_0_01": 0.0,
      "fpr95": 0.824,
      "aupr": 0.7458490761963973
    },
    "layer_2": {
      "n_total": 500,
      "n_valid": 500,
      "n_val_total": 500,
      "n_val_valid": 500,
      "acc": 0.672,
      "f1": 0.5591397849462365,
      "pre": 0.8524590163934426,
      "recall": 0.416,
      "auroc": 0.7814400000000001,
      "optimal_threshold": 0.7456758618354797,
      "tpr_at_fpr_0_01": 0.024,
      "fpr95": 0.804,
      "aupr": 0.7668422149792338
    },
    "layer_3": {
      "n_total": 500,
      "n_valid": 500,
      "n_val_total": 500,
      "n_val_valid": 500,
      "acc": 0.696,
      "f1": 0.6142131979695431,
      "pre": 0.8402777777777778,
      "recall": 0.484,
      "auroc": 0.781344,
      "optimal_threshold": 0.5878757238388062,
      "tpr_at_fpr_0_01": 0.02,
      "fpr95": 0.792,
      "aupr": 0.7723266784604288
    },
    "layer_4": {
      "n_total": 500,
      "n_valid": 500,
      "n_val_total": 500,
      "n_val_valid": 500,
      "acc": 0.636,
      "f1": 0.46153846153846156,
      "pre": 0.8863636363636364,
      "recall": 0.312,
      "auroc": 0.7964960000000002,
      "optimal_threshold": 0.5252222418785095,
      "tpr_at_fpr_0_01": 0.064,
      "fpr95": 0.792,
      "aupr": 0.7990673492967361
    },
    "layer_5": {
      "n_total": 500,
      "n_valid": 500,
      "n_val_total": 500,
      "n_val_valid": 500,
      "acc": 0.644,
      "f1": 0.48255813953488375,
      "pre": 0.8829787234042553,
      "recall": 0.332,
      "auroc": 0.791392,
      "optimal_threshold": 0.4062362611293793,
      "tpr_at_fpr_0_01": 0.088,
      "fpr95": 0.84,
      "aupr": 0.7993752906484669
    },
    "layer_6": {
      "n_total": 500,
      "n_valid": 500,
      "n_val_total": 500,
      "n_val_valid": 500,
      "acc": 0.666,
      "f1": 0.5424657534246575,
      "pre": 0.8608695652173913,
      "recall": 0.396,
      "auroc": 0.8058719999999999,
      "optimal_threshold": 0.40196382999420166,
      "tpr_at_fpr_0_01": 0.108,
      "fpr95": 0.712,
      "aupr": 0.8059733583986226
    },
    "layer_7": {
      "n_total": 500,
      "n_valid": 500,
      "n_val_total": 500,
      "n_val_valid": 500,
      "acc": 0.66,
      "f1": 0.5405405405405406,
      "pre": 0.8333333333333334,
      "recall": 0.4,
      "auroc": 0.802608,
      "optimal_threshold": 0.4005964398384094,
      "tpr_at_fpr_0_01": 0.104,
      "fpr95": 0.728,
      "aupr": 0.7955344204214363
    },
    "layer_8": {
      "n_total": 500,
      "n_valid": 500,
      "n_val_total": 500,
      "n_val_valid": 500,
      "acc": 0.692,
      "f1": 0.6071428571428571,
      "pre": 0.8380281690140845,
      "recall": 0.476,
      "auroc": 0.7879999999999999,
      "optimal_threshold": 0.44682350754737854,
      "tpr_at_fpr_0_01": 0.104,
      "fpr95": 0.78,
      "aupr": 0.7793801708384352
    },
    "layer_9": {
      "n_total": 500,
      "n_valid": 500,
      "n_val_total": 500,
      "n_val_valid": 500,
      "acc": 0.708,
      "f1": 0.6572769953051644,
      "pre": 0.7954545454545454,
      "recall": 0.56,
      "auroc": 0.7887360000000001,
      "optimal_threshold": 0.3729099631309509,
      "tpr_at_fpr_0_01": 0.092,
      "fpr95": 0.796,
      "aupr": 0.7783272880663141
    },
    "layer_10": {
      "n_total": 500,
      "n_valid": 500,
      "n_val_total": 500,
      "n_val_valid": 500,
      "acc": 0.654,
      "f1": 0.5311653116531165,
      "pre": 0.8235294117647058,
      "recall": 0.392,
      "auroc": 0.7863519999999999,
      "optimal_threshold": 0.4138549566268921,
      "tpr_at_fpr_0_01": 0.1,
      "fpr95": 0.832,
      "aupr": 0.7802179824151338
    },
    "layer_11": {
      "n_total": 500,
      "n_valid": 500,
      "n_val_total": 500,
      "n_val_valid": 500,
      "acc": 0.656,
      "f1": 0.5248618784530387,
      "pre": 0.8482142857142857,
      "recall": 0.38,
      "auroc": 0.7956319999999999,
      "optimal_threshold": 0.4588683247566223,
      "tpr_at_fpr_0_01": 0.108,
      "fpr95": 0.8,
      "aupr": 0.7926264956068563
    },
    "layer_12": {
      "n_total": 500,
      "n_valid": 500,
      "n_val_total": 500,
      "n_val_valid": 500,
      "acc": 0.644,
      "f1": 0.4971751412429379,
      "pre": 0.8461538461538461,
      "recall": 0.352,
      "auroc": 0.7985119999999999,
      "optimal_threshold": 0.38503116369247437,
      "tpr_at_fpr_0_01": 0.116,
      "fpr95": 0.748,
      "aupr": 0.7871858405835436
    },
    "layer_13": {
      "n_total": 500,
      "n_valid": 500,
      "n_val_total": 500,
      "n_val_valid": 500,
      "acc": 0.614,
      "f1": 0.4133738601823708,
      "pre": 0.8607594936708861,
      "recall": 0.272,
      "auroc": 0.7885760000000002,
      "optimal_threshold": 0.45647385716438293,
      "tpr_at_fpr_0_01": 0.108,
      "fpr95": 0.824,
      "aupr": 0.7855116269633002
    },
    "layer_14": {
      "n_total": 500,
      "n_valid": 500,
      "n_val_total": 500,
      "n_val_valid": 500,
      "acc": 0.706,
      "f1": 0.6636155606407322,
      "pre": 0.7754010695187166,
      "recall": 0.58,
      "auroc": 0.783856,
      "optimal_threshold": 0.43119996786117554,
      "tpr_at_fpr_0_01": 0.104,
      "fpr95": 0.824,
      "aupr": 0.778239154870517
    },
    "layer_15": {
      "n_total": 500,
      "n_valid": 500,
      "n_val_total": 500,
      "n_val_valid": 500,
      "acc": 0.688,
      "f1": 0.6,
      "pre": 0.8357142857142857,
      "recall": 0.468,
      "auroc": 0.795472,
      "optimal_threshold": 0.45229196548461914,
      "tpr_at_fpr_0_01": 0.108,
      "fpr95": 0.848,
      "aupr": 0.7905430258518236
    },
    "layer_16": {
      "n_total": 500,
      "n_valid": 500,
      "n_val_total": 500,
      "n_val_valid": 500,
      "acc": 0.616,
      "f1": 0.42857142857142855,
      "pre": 0.8372093023255814,
      "recall": 0.288,
      "auroc": 0.7974560000000002,
      "optimal_threshold": 0.44067198038101196,
      "tpr_at_fpr_0_01": 0.112,
      "fpr95": 0.832,
      "aupr": 0.7958061700122743
    },
    "layer_17": {
      "n_total": 500,
      "n_valid": 500,
      "n_val_total": 500,
      "n_val_valid": 500,
      "acc": 0.682,
      "f1": 0.5933503836317136,
      "pre": 0.8226950354609929,
      "recall": 0.464,
      "auroc": 0.793072,
      "optimal_threshold": 0.49268850684165955,
      "tpr_at_fpr_0_01": 0.14,
      "fpr95": 0.804,
      "aupr": 0.7984354762449006
    },
    "layer_18": {
      "n_total": 500,
      "n_valid": 500,
      "n_val_total": 500,
      "n_val_valid": 500,
      "acc": 0.686,
      "f1": 0.6323185011709602,
      "pre": 0.7627118644067796,
      "recall": 0.54,
      "auroc": 0.766736,
      "optimal_threshold": 0.5131272673606873,
      "tpr_at_fpr_0_01": 0.124,
      "fpr95": 0.86,
      "aupr": 0.7766443575762895
    },
    "layer_19": {
      "n_total": 500,
      "n_valid": 500,
      "n_val_total": 500,
      "n_val_valid": 500,
      "acc": 0.7,
      "f1": 0.6411483253588517,
      "pre": 0.7976190476190477,
      "recall": 0.536,
      "auroc": 0.7662720000000001,
      "optimal_threshold": 0.5716081857681274,
      "tpr_at_fpr_0_01": 0.14,
      "fpr95": 0.924,
      "aupr": 0.7841445785800838
    },
    "layer_20": {
      "n_total": 500,