{
  "args": {
    "model": "llama_8b",
    "dataset": "m4_wikipedia_chatgpt",
    "mode": "ldp",
    "token_mode": "last_token",
    "prefix": false,
    "smoke_test": false,
    "ood": [
      "m4_wikihow_chatgpt",
      "m4_reddit_chatgpt",
      "m4_arxiv_chatgpt"
    ],
    "pca_components": 20,
    "normalize_scores": true,
    "manifold": true
  },
  "steering_domain": "m4_wikipedia_chatgpt",
  "eval_domain": "m4_wikihow_chatgpt",
  "n_samples": 500,
  "n_layers": 33,
  "metrics_per_layer": {
    "layer_1": {
      "n_total": 500,
      "n_valid": 500,
      "n_val_total": 500,
      "n_val_valid": 500,
      "acc": 0.592,
      "f1": 0.7102272727272727,
      "pre": 0.5506607929515418,
      "recall": 1.0,
      "auroc": 0.746904,
      "optimal_threshold": 0.5805057287216187,
      "tpr_at_fpr_0_01": 0.0,
      "fpr95": 0.812,
      "aupr": 0.7668879251401668
    },
    "layer_2": {
      "n_total": 500,
      "n_valid": 500,
      "n_val_total": 500,
      "n_val_valid": 500,
      "acc": 0.634,
      "f1": 0.7034035656401945,
      "pre": 0.5912806539509536,
      "recall": 0.868,
      "auroc": 0.7967199999999999,
      "optimal_threshold": 0.7456758618354797,
      "tpr_at_fpr_0_01": 0.072,
      "fpr95": 0.672,
      "aupr": 0.7970570014168256
    },
    "layer_3": {
      "n_total": 500,
      "n_valid": 500,
      "n_val_total": 500,
      "n_val_valid": 500,
      "acc": 0.638,
      "f1": 0.7326440177252584,
      "pre": 0.5807962529274004,
      "recall": 0.992,
      "auroc": 0.8225760000000001,
      "optimal_threshold": 0.5878757238388062,
      "tpr_at_fpr_0_01": 0.072,
      "fpr95": 0.648,
      "aupr": 0.8015970242594352
    },
    "layer_4": {
      "n_total": 500,
      "n_valid": 500,
      "n_val_total": 500,
      "n_val_valid": 500,
      "acc": 0.66,
      "f1": 0.746268656716418,
      "pre": 0.5952380952380952,
      "recall": 1.0,
      "auroc": 0.88088,
      "optimal_threshold": 0.5252222418785095,
      "tpr_at_fpr_0_01": 0.36,
      "fpr95": 0.616,
      "aupr": 0.8976030633251992
    },
    "layer_5": {
      "n_total": 500,
      "n_valid": 500,
      "n_val_total": 500,
      "n_val_valid": 500,
      "acc": 0.662,
      "f1": 0.7473841554559043,
      "pre": 0.5966587112171837,
      "recall": 1.0,
      "auroc": 0.957584,
      "optimal_threshold": 0.4062362611293793,
      "tpr_at_fpr_0_01": 0.6,
      "fpr95": 0.272,
      "aupr": 0.9611785410190898
    },
    "layer_6": {
      "n_total": 500,
      "n_valid": 500,
      "n_val_total": 500,
      "n_val_valid": 500,
      "acc": 0.636,
      "f1": 0.7331378299120235,
      "pre": 0.5787037037037037,
      "recall": 1.0,
      "auroc": 0.9641599999999999,
      "optimal_threshold": 0.40196382999420166,
      "tpr_at_fpr_0_01": 0.728,
      "fpr95": 0.192,
      "aupr": 0.9683029912529386
    },
    "layer_7": {
      "n_total": 500,
      "n_valid": 500,
      "n_val_total": 500,
      "n_val_valid": 500,
      "acc": 0.61,
      "f1": 0.7194244604316546,
      "pre": 0.5617977528089888,
      "recall": 1.0,
      "auroc": 0.9751519999999999,
      "optimal_threshold": 0.4005964398384094,
      "tpr_at_fpr_0_01": 0.776,
      "fpr95": 0.176,
      "aupr": 0.9786371158117183
    },
    "layer_8": {
      "n_total": 500,
      "n_valid": 500,
      "n_val_total": 500,
      "n_val_valid": 500,
      "acc": 0.556,
      "f1": 0.6925207756232687,
      "pre": 0.5296610169491526,
      "recall": 1.0,
      "auroc": 0.968496,
      "optimal_threshold": 0.44682350754737854,
      "tpr_at_fpr_0_01": 0.748,
      "fpr95": 0.22,
      "aupr": 0.9730765177792869
    },
    "layer_9": {
      "n_total": 500,
      "n_valid": 500,
      "n_val_total": 500,
      "n_val_valid": 500,
      "acc": 0.53,
      "f1": 0.6802721088435374,
      "pre": 0.5154639175257731,
      "recall": 1.0,
      "auroc": 0.9830880000000001,
      "optimal_threshold": 0.3729099631309509,
      "tpr_at_fpr_0_01": 0.844,
      "fpr95": 0.088,
      "aupr": 0.9856465068219278
    },
    "layer_10": {
      "n_total": 500,
      "n_valid": 500,
      "n_val_total": 500,
      "n_val_valid": 500,
      "acc": 0.58,
      "f1": 0.704225352112676,
      "pre": 0.5434782608695652,
      "recall": 1.0,
      "auroc": 0.99072,
      "optimal_threshold": 0.4138549566268921,
      "tpr_at_fpr_0_01": 0.908,
      "fpr95": 0.028,
      "aupr": 0.9922357977148302
    },
    "layer_11": {
      "n_total": 500,
      "n_valid": 500,
      "n_val_total": 500,
      "n_val_valid": 500,
      "acc": 0.568,
      "f1": 0.6983240223463687,
      "pre": 0.5364806866952789,
      "recall": 1.0,
      "auroc": 0.9941599999999999,
      "optimal_threshold": 0.4588683247566223,
      "tpr_at_fpr_0_01": 0.952,
      "fpr95": 0.004,
      "aupr": 0.9948851581159928
    },
    "layer_12": {
      "n_total": 500,
      "n_valid": 500,
      "n_val_total": 500,
      "n_val_valid": 500,
      "acc": 0.566,
      "f1": 0.697350069735007,
      "pre": 0.5353319057815846,
      "recall": 1.0,
      "auroc": 0.991008,
      "optimal_threshold": 0.38503116369247437,
      "tpr_at_fpr_0_01": 0.904,
      "fpr95": 0.036,
      "aupr": 0.9923451685465069
    },
    "layer_13": {
      "n_total": 500,
      "n_valid": 500,
      "n_val_total": 500,
      "n_val_valid": 500,
      "acc": 0.582,
      "f1": 0.7052186177715092,
      "pre": 0.5446623093681917,
      "recall": 1.0,
      "auroc": 0.9929119999999999,
      "optimal_threshold": 0.45647385716438293,
      "tpr_at_fpr_0_01": 0.888,
      "fpr95": 0.032,
      "aupr": 0.9936874169979074
    },
    "layer_14": {
      "n_total": 500,
      "n_valid": 500,
      "n_val_total": 500,
      "n_val_valid": 500,
      "acc": 0.546,
      "f1": 0.687757909215956,
      "pre": 0.5241090146750524,
      "recall": 1.0,
      "auroc": 0.989264,
      "optimal_threshold": 0.43119996786117554,
      "tpr_at_fpr_0_01": 0.916,
      "fpr95": 0.084,
      "aupr": 0.990630103570204
    },
    "layer_15": {
      "n_total": 500,
      "n_valid": 500,
      "n_val_total": 500,
      "n_val_valid": 500,
      "acc": 0.596,
      "f1": 0.7122507122507122,
      "pre": 0.5530973451327433,
      "recall": 1.0,
      "auroc": 0.992816,
      "optimal_threshold": 0.45229196548461914,
      "tpr_at_fpr_0_01": 0.916,
      "fpr95": 0.048,
      "aupr": 0.9938160964209833
    },
    "layer_16": {
      "n_total": 500,
      "n_valid": 500,
      "n_val_total": 500,
      "n_val_valid": 500,
      "acc": 0.67,
      "f1": 0.7518796992481203,
      "pre": 0.6024096385542169,
      "recall": 1.0,
      "auroc": 0.994624,
      "optimal_threshold": 0.44067198038101196,
      "tpr_at_fpr_0_01": 0.932,
      "fpr95": 0.024,
      "aupr": 0.995384891135652
    },
    "layer_17": {
      "n_total": 500,
      "n_valid": 500,
      "n_val_total": 500,
      "n_val_valid": 500,
      "acc": 0.612,
      "f1": 0.7204610951008645,
      "pre": 0.5630630630630631,
      "recall": 1.0,
      "auroc": 0.9968,
      "optimal_threshold": 0.49268850684165955,
      "tpr_at_fpr_0_01": 0.956,
      "fpr95": 0.008,
      "aupr": 0.9971234173601697
    },
    "layer_18": {
      "n_total": 500,
      "n_valid": 500,
      "n_val_total": 500,
      "n_val_valid": 500,
      "acc": 0.612,
      "f1": 0.7204610951008645,
      "pre": 0.5630630630630631,
      "recall": 1.0,
      "auroc": 0.995232,
      "optimal_threshold": 0.5131272673606873,
      "tpr_at_fpr_0_01": 0.944,
      "fpr95": 0.012,
      "aupr": 0.995732556833356
    },
    "layer_19": {
      "n_total": 500,
      "n_valid": 500,
      "n_val_total": 500,
      "n_val_valid": 500,
      "acc": 0.588,
      "f1": 0.7082152974504249,
      "pre": 0.5482456140350878,
      "recall": 1.0,
      "auroc": 0.9916,
      "optimal_threshold": 0.5716081857681274,
      "tpr_at_fpr_0_01": 0.904,
      "fpr95": 0.04,
      "aupr": 0.9925550268606433
    },
    "layer_20": {
      "n_total": 500,
      "n_valid": 500,
      "n_val_total": 500,
      "n_val_valid": 500,