{
  "args": {
    "model": "llama_8b",
    "dataset": "tsm_multi",
    "mode": "pca_align",
    "token_mode": "last_token",
    "prefix": false,
    "smoke_test": false,
    "ood": [],
    "pca_components": 25,
    "normalize_scores": true,
    "manifold": true
  },
  "steering_domain": "tsm_multi",
  "eval_domain": "tsm_multi",
  "n_samples": 500,
  "n_layers": 33,
  "metrics_per_layer": {
    "layer_1": {
      "n_total": 500,
      "n_valid": 500,
      "n_val_total": 500,
      "n_val_valid": 500,
      "acc": 0.528,
      "f1": 0.6666666666666666,
      "pre": 0.5152838427947598,
      "recall": 0.944,
      "auroc": 0.5233920000000001,
      "optimal_threshold": 0.5207318067550659,
      "tpr_at_fpr_0_01": 0.0,
      "fpr95": 0.888,
      "aupr": 0.5119717888318664
    },
    "layer_2": {
      "n_total": 500,
      "n_valid": 500,
      "n_val_total": 500,
      "n_val_valid": 500,
      "acc": 0.578,
      "f1": 0.41225626740947074,
      "pre": 0.6788990825688074,
      "recall": 0.296,
      "auroc": 0.6499199999999999,
      "optimal_threshold": 0.7834980487823486,
      "tpr_at_fpr_0_01": 0.124,
      "fpr95": 0.892,
      "aupr": 0.6760336860999074
    },
    "layer_3": {
      "n_total": 500,
      "n_valid": 500,
      "n_val_total": 500,
      "n_val_valid": 500,
      "acc": 0.586,
      "f1": 0.5749486652977412,
      "pre": 0.5907172995780591,
      "recall": 0.56,
      "auroc": 0.6376480000000001,
      "optimal_threshold": 0.7199752330780029,
      "tpr_at_fpr_0_01": 0.08,
      "fpr95": 0.86,
      "aupr": 0.6336510263392012
    },
    "layer_4": {
      "n_total": 500,
      "n_valid": 500,
      "n_val_total": 500,
      "n_val_valid": 500,
      "acc": 0.622,
      "f1": 0.5401459854014599,
      "pre": 0.6894409937888198,
      "recall": 0.444,
      "auroc": 0.698064,
      "optimal_threshold": 0.6923133134841919,
      "tpr_at_fpr_0_01": 0.096,
      "fpr95": 0.884,
      "aupr": 0.7048275716767878
    },
    "layer_5": {
      "n_total": 500,
      "n_valid": 500,
      "n_val_total": 500,
      "n_val_valid": 500,
      "acc": 0.72,
      "f1": 0.6860986547085202,
      "pre": 0.7806122448979592,
      "recall": 0.612,
      "auroc": 0.7832,
      "optimal_threshold": 0.49042385816574097,
      "tpr_at_fpr_0_01": 0.22,
      "fpr95": 0.828,
      "aupr": 0.8068908847099934
    },
    "layer_6": {
      "n_total": 500,
      "n_valid": 500,
      "n_val_total": 500,
      "n_val_valid": 500,
      "acc": 0.756,
      "f1": 0.7530364372469636,
      "pre": 0.7622950819672131,
      "recall": 0.744,
      "auroc": 0.824016,
      "optimal_threshold": 0.4697585701942444,
      "tpr_at_fpr_0_01": 0.232,
      "fpr95": 0.772,
      "aupr": 0.844343781014908
    },
    "layer_7": {
      "n_total": 500,
      "n_valid": 500,
      "n_val_total": 500,
      "n_val_valid": 500,
      "acc": 0.75,
      "f1": 0.715261958997722,
      "pre": 0.8306878306878307,
      "recall": 0.628,
      "auroc": 0.82272,
      "optimal_threshold": 0.47907939553260803,
      "tpr_at_fpr_0_01": 0.224,
      "fpr95": 0.684,
      "aupr": 0.842840835400589
    },
    "layer_8": {
      "n_total": 500,
      "n_valid": 500,
      "n_val_total": 500,
      "n_val_valid": 500,
      "acc": 0.76,
      "f1": 0.7413793103448276,
      "pre": 0.8037383177570093,
      "recall": 0.688,
      "auroc": 0.823664,
      "optimal_threshold": 0.4751712381839752,
      "tpr_at_fpr_0_01": 0.256,
      "fpr95": 0.704,
      "aupr": 0.8401404054551158
    },
    "layer_9": {
      "n_total": 500,
      "n_valid": 500,
      "n_val_total": 500,
      "n_val_valid": 500,
      "acc": 0.726,
      "f1": 0.7041036717062635,
      "pre": 0.7652582159624414,
      "recall": 0.652,
      "auroc": 0.813376,
      "optimal_threshold": 0.42785611748695374,
      "tpr_at_fpr_0_01": 0.264,
      "fpr95": 0.764,
      "aupr": 0.836440449887797
    },
    "layer_10": {
      "n_total": 500,
      "n_valid": 500,
      "n_val_total": 500,
      "n_val_valid": 500,
      "acc": 0.764,
      "f1": 0.7531380753138075,
      "pre": 0.7894736842105263,
      "recall": 0.72,
      "auroc": 0.8192159999999999,
      "optimal_threshold": 0.3870019316673279,
      "tpr_at_fpr_0_01": 0.344,
      "fpr95": 0.796,
      "aupr": 0.8484197397289448
    },
    "layer_11": {
      "n_total": 500,
      "n_valid": 500,
      "n_val_total": 500,
      "n_val_valid": 500,
      "acc": 0.772,
      "f1": 0.7553648068669528,
      "pre": 0.8148148148148148,
      "recall": 0.704,
      "auroc": 0.861296,
      "optimal_threshold": 0.37848472595214844,
      "tpr_at_fpr_0_01": 0.472,
      "fpr95": 0.68,
      "aupr": 0.8865210786226306
    },
    "layer_12": {
      "n_total": 500,
      "n_valid": 500,
      "n_val_total": 500,
      "n_val_valid": 500,
      "acc": 0.78,
      "f1": 0.7465437788018433,
      "pre": 0.8804347826086957,
      "recall": 0.648,
      "auroc": 0.85672,
      "optimal_threshold": 0.44655171036720276,
      "tpr_at_fpr_0_01": 0.452,
      "fpr95": 0.688,
      "aupr": 0.8848102684800445
    },
    "layer_13": {
      "n_total": 500,
      "n_valid": 500,
      "n_val_total": 500,
      "n_val_valid": 500,
      "acc": 0.766,
      "f1": 0.7310344827586207,
      "pre": 0.8594594594594595,
      "recall": 0.636,
      "auroc": 0.8443839999999999,
      "optimal_threshold": 0.43997180461883545,
      "tpr_at_fpr_0_01": 0.452,
      "fpr95": 0.748,
      "aupr": 0.8733848747004884
    },
    "layer_14": {
      "n_total": 500,
      "n_valid": 500,
      "n_val_total": 500,
      "n_val_valid": 500,
      "acc": 0.776,
      "f1": 0.75,
      "pre": 0.8484848484848485,
      "recall": 0.672,
      "auroc": 0.8321599999999999,
      "optimal_threshold": 0.37506553530693054,
      "tpr_at_fpr_0_01": 0.428,
      "fpr95": 0.772,
      "aupr": 0.866439684553705
    },
    "layer_15": {
      "n_total": 500,
      "n_valid": 500,
      "n_val_total": 500,
      "n_val_valid": 500,
      "acc": 0.774,
      "f1": 0.7505518763796909,
      "pre": 0.8374384236453202,
      "recall": 0.68,
      "auroc": 0.8356640000000001,
      "optimal_threshold": 0.3989906311035156,
      "tpr_at_fpr_0_01": 0.4,
      "fpr95": 0.78,
      "aupr": 0.8693642610411186
    },
    "layer_16": {
      "n_total": 500,
      "n_valid": 500,
      "n_val_total": 500,
      "n_val_valid": 500,
      "acc": 0.772,
      "f1": 0.7455357142857143,
      "pre": 0.8434343434343434,
      "recall": 0.668,
      "auroc": 0.8312160000000001,
      "optimal_threshold": 0.39853304624557495,
      "tpr_at_fpr_0_01": 0.432,
      "fpr95": 0.824,
      "aupr": 0.8658256743357242
    },
    "layer_17": {
      "n_total": 500,
      "n_valid": 500,
      "n_val_total": 500,
      "n_val_valid": 500,
      "acc": 0.774,
      "f1": 0.7378190255220418,
      "pre": 0.8784530386740331,
      "recall": 0.636,
      "auroc": 0.8403039999999999,
      "optimal_threshold": 0.44675204157829285,
      "tpr_at_fpr_0_01": 0.492,
      "fpr95": 0.764,
      "aupr": 0.8748079340404807
    },
    "layer_18": {
      "n_total": 500,
      "n_valid": 500,
      "n_val_total": 500,
      "n_val_valid": 500,
      "acc": 0.776,
      "f1": 0.7358490566037735,
      "pre": 0.896551724137931,
      "recall": 0.624,
      "auroc": 0.840544,
      "optimal_threshold": 0.45633843541145325,
      "tpr_at_fpr_0_01": 0.46,
      "fpr95": 0.76,
      "aupr": 0.8755679621955579
    },
    "layer_19": {
      "n_total": 500,
      "n_valid": 500,
      "n_val_total": 500,
      "n_val_valid": 500,
      "acc": 0.772,
      "f1": 0.7246376811594203,
      "pre": 0.9146341463414634,
      "recall": 0.6,
      "auroc": 0.851008,
      "optimal_threshold": 0.45260775089263916,
      "tpr_at_fpr_0_01": 0.548,
      "fpr95": 0.74,
      "aupr": 0.884076181493216
    },
    "layer_20": {
      "n_total": 500,
      "n_valid": 500,
      "n_val_total": 500,
      "n_val_valid": 500,
      "acc": 0.774,
      "f1": 0.7341176470588235,