{
  "args": {
    "model": "llama_8b",
    "dataset": "tsm_multi",
    "mode": "pca_align",
    "token_mode": "last_token",
    "prefix": false,
    "smoke_test": false,
    "ood": [],
    "pca_components": 50,
    "normalize_scores": true,
    "manifold": true
  },
  "steering_domain": "tsm_multi",
  "eval_domain": "tsm_multi",
  "n_samples": 500,
  "n_layers": 33,
  "metrics_per_layer": {
    "layer_1": {
      "n_total": 500,
      "n_valid": 500,
      "n_val_total": 500,
      "n_val_valid": 500,
      "acc": 0.528,
      "f1": 0.6666666666666666,
      "pre": 0.5152838427947598,
      "recall": 0.944,
      "auroc": 0.5233920000000001,
      "optimal_threshold": 0.5207318067550659,
      "tpr_at_fpr_0_01": 0.0,
      "fpr95": 0.888,
      "aupr": 0.5119717888318664
    },
    "layer_2": {
      "n_total": 500,
      "n_valid": 500,
      "n_val_total": 500,
      "n_val_valid": 500,
      "acc": 0.594,
      "f1": 0.40117994100294985,
      "pre": 0.7640449438202247,
      "recall": 0.272,
      "auroc": 0.655888,
      "optimal_threshold": 0.785666823387146,
      "tpr_at_fpr_0_01": 0.112,
      "fpr95": 0.888,
      "aupr": 0.6882944853865739
    },
    "layer_3": {
      "n_total": 500,
      "n_valid": 500,
      "n_val_total": 500,
      "n_val_valid": 500,
      "acc": 0.58,
      "f1": 0.4166666666666667,
      "pre": 0.6818181818181818,
      "recall": 0.3,
      "auroc": 0.6515679999999999,
      "optimal_threshold": 0.7411149144172668,
      "tpr_at_fpr_0_01": 0.072,
      "fpr95": 0.868,
      "aupr": 0.6530212844774725
    },
    "layer_4": {
      "n_total": 500,
      "n_valid": 500,
      "n_val_total": 500,
      "n_val_valid": 500,
      "acc": 0.654,
      "f1": 0.6295503211991434,
      "pre": 0.6774193548387096,
      "recall": 0.588,
      "auroc": 0.711168,
      "optimal_threshold": 0.6662176251411438,
      "tpr_at_fpr_0_01": 0.12,
      "fpr95": 0.872,
      "aupr": 0.7225352027739493
    },
    "layer_5": {
      "n_total": 500,
      "n_valid": 500,
      "n_val_total": 500,
      "n_val_valid": 500,
      "acc": 0.724,
      "f1": 0.6973684210526315,
      "pre": 0.7718446601941747,
      "recall": 0.636,
      "auroc": 0.7919999999999998,
      "optimal_threshold": 0.47524505853652954,
      "tpr_at_fpr_0_01": 0.22,
      "fpr95": 0.82,
      "aupr": 0.8153731902767807
    },
    "layer_6": {
      "n_total": 500,
      "n_valid": 500,
      "n_val_total": 500,
      "n_val_valid": 500,
      "acc": 0.758,
      "f1": 0.7452631578947368,
      "pre": 0.7866666666666666,
      "recall": 0.708,
      "auroc": 0.830912,
      "optimal_threshold": 0.4602164030075073,
      "tpr_at_fpr_0_01": 0.232,
      "fpr95": 0.736,
      "aupr": 0.850012717576581
    },
    "layer_7": {
      "n_total": 500,
      "n_valid": 500,
      "n_val_total": 500,
      "n_val_valid": 500,
      "acc": 0.742,
      "f1": 0.708803611738149,
      "pre": 0.8134715025906736,
      "recall": 0.628,
      "auroc": 0.8272639999999999,
      "optimal_threshold": 0.45730677247047424,
      "tpr_at_fpr_0_01": 0.24,
      "fpr95": 0.664,
      "aupr": 0.8476706327314517
    },
    "layer_8": {
      "n_total": 500,
      "n_valid": 500,
      "n_val_total": 500,
      "n_val_valid": 500,
      "acc": 0.762,
      "f1": 0.7396061269146609,
      "pre": 0.8164251207729468,
      "recall": 0.676,
      "auroc": 0.8296479999999999,
      "optimal_threshold": 0.4579964280128479,
      "tpr_at_fpr_0_01": 0.272,
      "fpr95": 0.712,
      "aupr": 0.8462839500230395
    },
    "layer_9": {
      "n_total": 500,
      "n_valid": 500,
      "n_val_total": 500,
      "n_val_valid": 500,
      "acc": 0.74,
      "f1": 0.7280334728033473,
      "pre": 0.7631578947368421,
      "recall": 0.696,
      "auroc": 0.821264,
      "optimal_threshold": 0.39244377613067627,
      "tpr_at_fpr_0_01": 0.296,
      "fpr95": 0.776,
      "aupr": 0.842300855432024
    },
    "layer_10": {
      "n_total": 500,
      "n_valid": 500,
      "n_val_total": 500,
      "n_val_valid": 500,
      "acc": 0.764,
      "f1": 0.764,
      "pre": 0.764,
      "recall": 0.764,
      "auroc": 0.8268800000000001,
      "optimal_threshold": 0.3897819519042969,
      "tpr_at_fpr_0_01": 0.348,
      "fpr95": 0.772,
      "aupr": 0.854427466468587
    },
    "layer_11": {
      "n_total": 500,
      "n_valid": 500,
      "n_val_total": 500,
      "n_val_valid": 500,
      "acc": 0.778,
      "f1": 0.7711340206185567,
      "pre": 0.7957446808510639,
      "recall": 0.748,
      "auroc": 0.868,
      "optimal_threshold": 0.36909809708595276,
      "tpr_at_fpr_0_01": 0.496,
      "fpr95": 0.696,
      "aupr": 0.8920580646636578
    },
    "layer_12": {
      "n_total": 500,
      "n_valid": 500,
      "n_val_total": 500,
      "n_val_valid": 500,
      "acc": 0.788,
      "f1": 0.7601809954751131,
      "pre": 0.875,
      "recall": 0.672,
      "auroc": 0.8624479999999999,
      "optimal_threshold": 0.43285390734672546,
      "tpr_at_fpr_0_01": 0.448,
      "fpr95": 0.676,
      "aupr": 0.889285727412993
    },
    "layer_13": {
      "n_total": 500,
      "n_valid": 500,
      "n_val_total": 500,
      "n_val_valid": 500,
      "acc": 0.766,
      "f1": 0.7547169811320755,
      "pre": 0.7929515418502202,
      "recall": 0.72,
      "auroc": 0.8508240000000001,
      "optimal_threshold": 0.37530913949012756,
      "tpr_at_fpr_0_01": 0.46,
      "fpr95": 0.708,
      "aupr": 0.8787208616444915
    },
    "layer_14": {
      "n_total": 500,
      "n_valid": 500,
      "n_val_total": 500,
      "n_val_valid": 500,
      "acc": 0.778,
      "f1": 0.7482993197278912,
      "pre": 0.8638743455497382,
      "recall": 0.66,
      "auroc": 0.8395360000000001,
      "optimal_threshold": 0.3889927268028259,
      "tpr_at_fpr_0_01": 0.456,
      "fpr95": 0.756,
      "aupr": 0.8716153407071551
    },
    "layer_15": {
      "n_total": 500,
      "n_valid": 500,
      "n_val_total": 500,
      "n_val_valid": 500,
      "acc": 0.778,
      "f1": 0.7527839643652561,
      "pre": 0.8492462311557789,
      "recall": 0.676,
      "auroc": 0.840496,
      "optimal_threshold": 0.39330917596817017,
      "tpr_at_fpr_0_01": 0.444,
      "fpr95": 0.78,
      "aupr": 0.8740196106355447
    },
    "layer_16": {
      "n_total": 500,
      "n_valid": 500,
      "n_val_total": 500,
      "n_val_valid": 500,
      "acc": 0.772,
      "f1": 0.7432432432432432,
      "pre": 0.8505154639175257,
      "recall": 0.66,
      "auroc": 0.834624,
      "optimal_threshold": 0.39620646834373474,
      "tpr_at_fpr_0_01": 0.444,
      "fpr95": 0.8,
      "aupr": 0.8684488109343627
    },
    "layer_17": {
      "n_total": 500,
      "n_valid": 500,
      "n_val_total": 500,
      "n_val_valid": 500,
      "acc": 0.778,
      "f1": 0.7412587412587412,
      "pre": 0.888268156424581,
      "recall": 0.636,
      "auroc": 0.8455679999999999,
      "optimal_threshold": 0.4509013891220093,
      "tpr_at_fpr_0_01": 0.488,
      "fpr95": 0.736,
      "aupr": 0.8789268774848555
    },
    "layer_18": {
      "n_total": 500,
      "n_valid": 500,
      "n_val_total": 500,
      "n_val_valid": 500,
      "acc": 0.77,
      "f1": 0.7242206235011991,
      "pre": 0.9041916167664671,
      "recall": 0.604,
      "auroc": 0.8439359999999999,
      "optimal_threshold": 0.46931445598602295,
      "tpr_at_fpr_0_01": 0.476,
      "fpr95": 0.744,
      "aupr": 0.8784088228203346
    },
    "layer_19": {
      "n_total": 500,
      "n_valid": 500,
      "n_val_total": 500,
      "n_val_valid": 500,
      "acc": 0.78,
      "f1": 0.7380952380952381,
      "pre": 0.9117647058823529,
      "recall": 0.62,
      "auroc": 0.8551040000000001,
      "optimal_threshold": 0.448490172624588,
      "tpr_at_fpr_0_01": 0.552,
      "fpr95": 0.712,
      "aupr": 0.8872415265983455
    },
    "layer_20": {
      "n_total": 500,
      "n_valid": 500,
      "n_val_total": 500,
      "n_val_valid": 500,
      "acc": 0.738,
      "f1": 0.7395626242544732,