{
  "args": {
    "model": "llama_8b",
    "dataset": "tsm_multi",
    "mode": "pca_align",
    "token_mode": "last_token",
    "prefix": false,
    "smoke_test": false,
    "ood": [],
    "pca_components": 100,
    "normalize_scores": true,
    "manifold": true
  },
  "steering_domain": "tsm_multi",
  "eval_domain": "tsm_multi",
  "n_samples": 500,
  "n_layers": 33,
  "metrics_per_layer": {
    "layer_1": {
      "n_total": 500,
      "n_valid": 500,
      "n_val_total": 500,
      "n_val_valid": 500,
      "acc": 0.528,
      "f1": 0.6666666666666666,
      "pre": 0.5152838427947598,
      "recall": 0.944,
      "auroc": 0.5233920000000001,
      "optimal_threshold": 0.5207318067550659,
      "tpr_at_fpr_0_01": 0.0,
      "fpr95": 0.888,
      "aupr": 0.5119717888318664
    },
    "layer_2": {
      "n_total": 500,
      "n_valid": 500,
      "n_val_total": 500,
      "n_val_valid": 500,
      "acc": 0.588,
      "f1": 0.3869047619047619,
      "pre": 0.7558139534883721,
      "recall": 0.26,
      "auroc": 0.657024,
      "optimal_threshold": 0.7893346548080444,
      "tpr_at_fpr_0_01": 0.14,
      "fpr95": 0.888,
      "aupr": 0.6910061902411894
    },
    "layer_3": {
      "n_total": 500,
      "n_valid": 500,
      "n_val_total": 500,
      "n_val_valid": 500,
      "acc": 0.606,
      "f1": 0.5904365904365905,
      "pre": 0.6147186147186147,
      "recall": 0.568,
      "auroc": 0.6588160000000001,
      "optimal_threshold": 0.6414207220077515,
      "tpr_at_fpr_0_01": 0.08,
      "fpr95": 0.828,
      "aupr": 0.6626895884725064
    },
    "layer_4": {
      "n_total": 500,
      "n_valid": 500,
      "n_val_total": 500,
      "n_val_valid": 500,
      "acc": 0.638,
      "f1": 0.6004415011037527,
      "pre": 0.6699507389162561,
      "recall": 0.544,
      "auroc": 0.7134719999999999,
      "optimal_threshold": 0.6774675846099854,
      "tpr_at_fpr_0_01": 0.132,
      "fpr95": 0.876,
      "aupr": 0.7283583892185782
    },
    "layer_5": {
      "n_total": 500,
      "n_valid": 500,
      "n_val_total": 500,
      "n_val_valid": 500,
      "acc": 0.73,
      "f1": 0.7019867549668874,
      "pre": 0.7832512315270936,
      "recall": 0.636,
      "auroc": 0.7947839999999999,
      "optimal_threshold": 0.4901546239852905,
      "tpr_at_fpr_0_01": 0.212,
      "fpr95": 0.824,
      "aupr": 0.817521674698533
    },
    "layer_6": {
      "n_total": 500,
      "n_valid": 500,
      "n_val_total": 500,
      "n_val_valid": 500,
      "acc": 0.762,
      "f1": 0.7525987525987526,
      "pre": 0.7835497835497836,
      "recall": 0.724,
      "auroc": 0.835712,
      "optimal_threshold": 0.4470662772655487,
      "tpr_at_fpr_0_01": 0.268,
      "fpr95": 0.72,
      "aupr": 0.8544735179449667
    },
    "layer_7": {
      "n_total": 500,
      "n_valid": 500,
      "n_val_total": 500,
      "n_val_valid": 500,
      "acc": 0.746,
      "f1": 0.7133182844243793,
      "pre": 0.8186528497409327,
      "recall": 0.632,
      "auroc": 0.8296479999999999,
      "optimal_threshold": 0.4605385959148407,
      "tpr_at_fpr_0_01": 0.248,
      "fpr95": 0.66,
      "aupr": 0.8492856934378066
    },
    "layer_8": {
      "n_total": 500,
      "n_valid": 500,
      "n_val_total": 500,
      "n_val_valid": 500,
      "acc": 0.758,
      "f1": 0.7408993576017131,
      "pre": 0.7972350230414746,
      "recall": 0.692,
      "auroc": 0.832784,
      "optimal_threshold": 0.4385049343109131,
      "tpr_at_fpr_0_01": 0.316,
      "fpr95": 0.688,
      "aupr": 0.850022119830274
    },
    "layer_9": {
      "n_total": 500,
      "n_valid": 500,
      "n_val_total": 500,
      "n_val_valid": 500,
      "acc": 0.744,
      "f1": 0.7310924369747899,
      "pre": 0.7699115044247787,
      "recall": 0.696,
      "auroc": 0.825712,
      "optimal_threshold": 0.39535650610923767,
      "tpr_at_fpr_0_01": 0.3,
      "fpr95": 0.776,
      "aupr": 0.8464655107319128
    },
    "layer_10": {
      "n_total": 500,
      "n_valid": 500,
      "n_val_total": 500,
      "n_val_valid": 500,
      "acc": 0.764,
      "f1": 0.7686274509803922,
      "pre": 0.7538461538461538,
      "recall": 0.784,
      "auroc": 0.833184,
      "optimal_threshold": 0.3775825500488281,
      "tpr_at_fpr_0_01": 0.352,
      "fpr95": 0.74,
      "aupr": 0.8592902402278734
    },
    "layer_11": {
      "n_total": 500,
      "n_valid": 500,
      "n_val_total": 500,
      "n_val_valid": 500,
      "acc": 0.786,
      "f1": 0.7847082494969819,
      "pre": 0.7894736842105263,
      "recall": 0.78,
      "auroc": 0.87016,
      "optimal_threshold": 0.35078778862953186,
      "tpr_at_fpr_0_01": 0.516,
      "fpr95": 0.68,
      "aupr": 0.8944246576824095
    },
    "layer_12": {
      "n_total": 500,
      "n_valid": 500,
      "n_val_total": 500,
      "n_val_valid": 500,
      "acc": 0.794,
      "f1": 0.7822410147991543,
      "pre": 0.8295964125560538,
      "recall": 0.74,
      "auroc": 0.8665759999999998,
      "optimal_threshold": 0.39554643630981445,
      "tpr_at_fpr_0_01": 0.46,
      "fpr95": 0.664,
      "aupr": 0.8925848316752915
    },
    "layer_13": {
      "n_total": 500,
      "n_valid": 500,
      "n_val_total": 500,
      "n_val_valid": 500,
      "acc": 0.762,
      "f1": 0.7525987525987526,
      "pre": 0.7835497835497836,
      "recall": 0.724,
      "auroc": 0.853232,
      "optimal_threshold": 0.3629981279373169,
      "tpr_at_fpr_0_01": 0.46,
      "fpr95": 0.692,
      "aupr": 0.8807932172851152
    },
    "layer_14": {
      "n_total": 500,
      "n_valid": 500,
      "n_val_total": 500,
      "n_val_valid": 500,
      "acc": 0.782,
      "f1": 0.7625272331154684,
      "pre": 0.8373205741626795,
      "recall": 0.7,
      "auroc": 0.8420000000000001,
      "optimal_threshold": 0.369998574256897,
      "tpr_at_fpr_0_01": 0.452,
      "fpr95": 0.768,
      "aupr": 0.873444681027606
    },
    "layer_15": {
      "n_total": 500,
      "n_valid": 500,
      "n_val_total": 500,
      "n_val_valid": 500,
      "acc": 0.772,
      "f1": 0.748898678414097,
      "pre": 0.8333333333333334,
      "recall": 0.68,
      "auroc": 0.842912,
      "optimal_threshold": 0.38460981845855713,
      "tpr_at_fpr_0_01": 0.432,
      "fpr95": 0.732,
      "aupr": 0.8754123021451484
    },
    "layer_16": {
      "n_total": 500,
      "n_valid": 500,
      "n_val_total": 500,
      "n_val_valid": 500,
      "acc": 0.772,
      "f1": 0.7455357142857143,
      "pre": 0.8434343434343434,
      "recall": 0.668,
      "auroc": 0.837216,
      "optimal_threshold": 0.40855154395103455,
      "tpr_at_fpr_0_01": 0.456,
      "fpr95": 0.792,
      "aupr": 0.8707763305756455
    },
    "layer_17": {
      "n_total": 500,
      "n_valid": 500,
      "n_val_total": 500,
      "n_val_valid": 500,
      "acc": 0.78,
      "f1": 0.7417840375586855,
      "pre": 0.8977272727272727,
      "recall": 0.632,
      "auroc": 0.847616,
      "optimal_threshold": 0.4497952163219452,
      "tpr_at_fpr_0_01": 0.496,
      "fpr95": 0.684,
      "aupr": 0.8807790083403395
    },
    "layer_18": {
      "n_total": 500,
      "n_valid": 500,
      "n_val_total": 500,
      "n_val_valid": 500,
      "acc": 0.772,
      "f1": 0.7259615384615384,
      "pre": 0.9096385542168675,
      "recall": 0.604,
      "auroc": 0.846832,
      "optimal_threshold": 0.46897509694099426,
      "tpr_at_fpr_0_01": 0.476,
      "fpr95": 0.744,
      "aupr": 0.8806462232556703
    },
    "layer_19": {
      "n_total": 500,
      "n_valid": 500,
      "n_val_total": 500,
      "n_val_valid": 500,
      "acc": 0.786,
      "f1": 0.7470449172576832,
      "pre": 0.9132947976878613,
      "recall": 0.632,
      "auroc": 0.8576639999999999,
      "optimal_threshold": 0.44289809465408325,
      "tpr_at_fpr_0_01": 0.556,
      "fpr95": 0.7,
      "aupr": 0.8892060510710977
    },
    "layer_20": {
      "n_total": 500,
      "n_valid": 500,
      "n_val_total": 500,
      "n_val_valid": 500,
      "acc": 0.772,
      "f1": 0.7477876106194691,