{
  "args": {
    "model": "llama_8b",
    "dataset": "drl_t1_paraphrase",
    "mode": "last_token",
    "centering": false,
    "prefix": false,
    "smoke_test": false,
    "ood": false,
    "ood_set": "",
    "manifold": true,
    "pca_components": 20
  },
  "steering_domain": "drl_t1_paraphrase",
  "eval_domain": "drl_t1_paraphrase",
  "n_samples": 500,
  "n_layers": 33,
  "metrics_per_layer": {
    "layer_1": {
      "n_total": 500,
      "n_valid": 500,
      "n_val_total": 500,
      "n_val_valid": 500,
      "acc": 0.628,
      "f1": 0.7232142857142857,
      "pre": 0.5758293838862559,
      "recall": 0.972,
      "auroc": 0.627432,
      "optimal_threshold": 0.18689259886741638,
      "tpr_at_fpr_0_01": 0.0,
      "fpr95": 0.716,
      "aupr": 0.5744123394991965
    },
    "layer_2": {
      "n_total": 500,
      "n_valid": 500,
      "n_val_total": 500,
      "n_val_valid": 500,
      "acc": 0.772,
      "f1": 0.7799227799227799,
      "pre": 0.753731343283582,
      "recall": 0.808,
      "auroc": 0.8515519999999999,
      "optimal_threshold": 0.15440723299980164,
      "tpr_at_fpr_0_01": 0.116,
      "fpr95": 0.624,
      "aupr": 0.8460151350684239
    },
    "layer_3": {
      "n_total": 500,
      "n_valid": 500,
      "n_val_total": 500,
      "n_val_valid": 500,
      "acc": 0.804,
      "f1": 0.8063241106719368,
      "pre": 0.796875,
      "recall": 0.816,
      "auroc": 0.885312,
      "optimal_threshold": 0.2705197036266327,
      "tpr_at_fpr_0_01": 0.312,
      "fpr95": 0.616,
      "aupr": 0.899045454160289
    },
    "layer_4": {
      "n_total": 500,
      "n_valid": 500,
      "n_val_total": 500,
      "n_val_valid": 500,
      "acc": 0.836,
      "f1": 0.8346774193548387,
      "pre": 0.8414634146341463,
      "recall": 0.828,
      "auroc": 0.926368,
      "optimal_threshold": 0.481222927570343,
      "tpr_at_fpr_0_01": 0.576,
      "fpr95": 0.444,
      "aupr": 0.9393180857194452
    },
    "layer_5": {
      "n_total": 500,
      "n_valid": 500,
      "n_val_total": 500,
      "n_val_valid": 500,
      "acc": 0.918,
      "f1": 0.9154639175257732,
      "pre": 0.9446808510638298,
      "recall": 0.888,
      "auroc": 0.960176,
      "optimal_threshold": 0.5065819025039673,
      "tpr_at_fpr_0_01": 0.78,
      "fpr95": 0.344,
      "aupr": 0.9696000976152088
    },
    "layer_6": {
      "n_total": 500,
      "n_valid": 500,
      "n_val_total": 500,
      "n_val_valid": 500,
      "acc": 0.91,
      "f1": 0.9079754601226994,
      "pre": 0.9288702928870293,
      "recall": 0.888,
      "auroc": 0.969888,
      "optimal_threshold": 0.5994526147842407,
      "tpr_at_fpr_0_01": 0.744,
      "fpr95": 0.164,
      "aupr": 0.9751128193031683
    },
    "layer_7": {
      "n_total": 500,
      "n_valid": 500,
      "n_val_total": 500,
      "n_val_valid": 500,
      "acc": 0.902,
      "f1": 0.90020366598778,
      "pre": 0.91701244813278,
      "recall": 0.884,
      "auroc": 0.962128,
      "optimal_threshold": 0.8765049576759338,
      "tpr_at_fpr_0_01": 0.708,
      "fpr95": 0.292,
      "aupr": 0.9686920514041025
    },
    "layer_8": {
      "n_total": 500,
      "n_valid": 500,
      "n_val_total": 500,
      "n_val_valid": 500,
      "acc": 0.878,
      "f1": 0.8757637474541752,
      "pre": 0.8921161825726142,
      "recall": 0.86,
      "auroc": 0.95216,
      "optimal_threshold": 0.8959424495697021,
      "tpr_at_fpr_0_01": 0.64,
      "fpr95": 0.3,
      "aupr": 0.9578308732102063
    },
    "layer_9": {
      "n_total": 500,
      "n_valid": 500,
      "n_val_total": 500,
      "n_val_valid": 500,
      "acc": 0.872,
      "f1": 0.8704453441295547,
      "pre": 0.8811475409836066,
      "recall": 0.86,
      "auroc": 0.945376,
      "optimal_threshold": 1.0024700164794922,
      "tpr_at_fpr_0_01": 0.632,
      "fpr95": 0.332,
      "aupr": 0.9515798865505644
    },
    "layer_10": {
      "n_total": 500,
      "n_valid": 500,
      "n_val_total": 500,
      "n_val_valid": 500,
      "acc": 0.872,
      "f1": 0.8677685950413223,
      "pre": 0.8974358974358975,
      "recall": 0.84,
      "auroc": 0.950304,
      "optimal_threshold": 1.178001046180725,
      "tpr_at_fpr_0_01": 0.64,
      "fpr95": 0.316,
      "aupr": 0.9559228402301982
    },
    "layer_11": {
      "n_total": 500,
      "n_valid": 500,
      "n_val_total": 500,
      "n_val_valid": 500,
      "acc": 0.886,
      "f1": 0.8853118712273642,
      "pre": 0.8906882591093117,
      "recall": 0.88,
      "auroc": 0.965392,
      "optimal_threshold": 1.1173986196517944,
      "tpr_at_fpr_0_01": 0.764,
      "fpr95": 0.204,
      "aupr": 0.9693758341914351
    },
    "layer_12": {
      "n_total": 500,
      "n_valid": 500,
      "n_val_total": 500,
      "n_val_valid": 500,
      "acc": 0.862,
      "f1": 0.8503253796095445,
      "pre": 0.9289099526066351,
      "recall": 0.784,
      "auroc": 0.9485279999999999,
      "optimal_threshold": 1.4818251132965088,
      "tpr_at_fpr_0_01": 0.664,
      "fpr95": 0.268,
      "aupr": 0.956524021227509
    },
    "layer_13": {
      "n_total": 500,
      "n_valid": 500,
      "n_val_total": 500,
      "n_val_valid": 500,
      "acc": 0.866,
      "f1": 0.8552915766738661,
      "pre": 0.9295774647887324,
      "recall": 0.792,
      "auroc": 0.954496,
      "optimal_threshold": 1.6456931829452515,
      "tpr_at_fpr_0_01": 0.74,
      "fpr95": 0.24,
      "aupr": 0.9618713409337474
    },
    "layer_14": {
      "n_total": 500,
      "n_valid": 500,
      "n_val_total": 500,
      "n_val_valid": 500,
      "acc": 0.848,
      "f1": 0.8311111111111111,
      "pre": 0.935,
      "recall": 0.748,
      "auroc": 0.943984,
      "optimal_threshold": 2.0219361782073975,
      "tpr_at_fpr_0_01": 0.672,
      "fpr95": 0.32,
      "aupr": 0.9524612047053636
    },
    "layer_15": {
      "n_total": 500,
      "n_valid": 500,
      "n_val_total": 500,
      "n_val_valid": 500,
      "acc": 0.876,
      "f1": 0.8609865470852018,
      "pre": 0.9795918367346939,
      "recall": 0.768,
      "auroc": 0.954448,
      "optimal_threshold": 2.0738296508789062,
      "tpr_at_fpr_0_01": 0.744,
      "fpr95": 0.332,
      "aupr": 0.9623694982969067
    },
    "layer_16": {
      "n_total": 500,
      "n_valid": 500,
      "n_val_total": 500,
      "n_val_valid": 500,
      "acc": 0.884,
      "f1": 0.8716814159292036,
      "pre": 0.9752475247524752,
      "recall": 0.788,
      "auroc": 0.9526560000000001,
      "optimal_threshold": 2.3391213417053223,
      "tpr_at_fpr_0_01": 0.744,
      "fpr95": 0.356,
      "aupr": 0.962200807736069
    },
    "layer_17": {
      "n_total": 500,
      "n_valid": 500,
      "n_val_total": 500,
      "n_val_valid": 500,
      "acc": 0.914,
      "f1": 0.9087048832271762,
      "pre": 0.9683257918552036,
      "recall": 0.856,
      "auroc": 0.9636319999999999,
      "optimal_threshold": 2.6654062271118164,
      "tpr_at_fpr_0_01": 0.82,
      "fpr95": 0.316,
      "aupr": 0.9720377442986022
    },
    "layer_18": {
      "n_total": 500,
      "n_valid": 500,
      "n_val_total": 500,
      "n_val_valid": 500,
      "acc": 0.91,
      "f1": 0.906054279749478,
      "pre": 0.9475982532751092,
      "recall": 0.868,
      "auroc": 0.9616479999999998,
      "optimal_threshold": 2.9962258338928223,
      "tpr_at_fpr_0_01": 0.74,
      "fpr95": 0.288,
      "aupr": 0.9697688236655484
    },
    "layer_19": {
      "n_total": 500,
      "n_valid": 500,
      "n_val_total": 500,
      "n_val_valid": 500,
      "acc": 0.928,
      "f1": 0.9262295081967213,
      "pre": 0.9495798319327731,
      "recall": 0.904,
      "auroc": 0.968656,
      "optimal_threshold": 3.1923985481262207,
      "tpr_at_fpr_0_01": 0.8,
      "fpr95": 0.196,
      "aupr": 0.9767430717272702
    },
    "layer_20": {
      "n_total": 500,
      "n_valid": 500,
      "n_val_total": 500,
      "n_val_valid": 500,
      "acc": 0.906,
      "f1": 0.9046653144016227,
      "pre": 0.9176954732510288,
      "recall": 0.892,