{
  "args": {
    "model": "llama_8b",
    "dataset": "m4_multi",
    "mode": "last_token",
    "centering": false,
    "prefix": false,
    "smoke_test": false,
    "ood": false,
    "ood_set": "",
    "manifold": true,
    "pca_components": 10
  },
  "steering_domain": "m4_multi",
  "eval_domain": "m4_multi",
  "n_samples": 500,
  "n_layers": 33,
  "metrics_per_layer": {
    "layer_1": {
      "n_total": 500,
      "n_valid": 500,
      "n_val_total": 500,
      "n_val_valid": 500,
      "acc": 0.78,
      "f1": 0.7924528301886793,
      "pre": 0.75,
      "recall": 0.84,
      "auroc": 0.815312,
      "optimal_threshold": 0.06915813684463501,
      "tpr_at_fpr_0_01": 0.0,
      "fpr95": 0.488,
      "aupr": 0.7456499164526542
    },
    "layer_2": {
      "n_total": 500,
      "n_valid": 500,
      "n_val_total": 500,
      "n_val_valid": 500,
      "acc": 0.768,
      "f1": 0.7898550724637681,
      "pre": 0.7218543046357616,
      "recall": 0.872,
      "auroc": 0.8468319999999999,
      "optimal_threshold": -0.0025766082108020782,
      "tpr_at_fpr_0_01": 0.168,
      "fpr95": 0.592,
      "aupr": 0.845280428238932
    },
    "layer_3": {
      "n_total": 500,
      "n_valid": 500,
      "n_val_total": 500,
      "n_val_valid": 500,
      "acc": 0.786,
      "f1": 0.7820773930753564,
      "pre": 0.7966804979253111,
      "recall": 0.768,
      "auroc": 0.845728,
      "optimal_threshold": 0.2909761667251587,
      "tpr_at_fpr_0_01": 0.164,
      "fpr95": 0.812,
      "aupr": 0.8512974358793246
    },
    "layer_4": {
      "n_total": 500,
      "n_valid": 500,
      "n_val_total": 500,
      "n_val_valid": 500,
      "acc": 0.782,
      "f1": 0.7714884696016772,
      "pre": 0.8105726872246696,
      "recall": 0.736,
      "auroc": 0.8477439999999999,
      "optimal_threshold": 0.5414676666259766,
      "tpr_at_fpr_0_01": 0.364,
      "fpr95": 0.82,
      "aupr": 0.8808813108693592
    },
    "layer_5": {
      "n_total": 500,
      "n_valid": 500,
      "n_val_total": 500,
      "n_val_valid": 500,
      "acc": 0.81,
      "f1": 0.8049281314168378,
      "pre": 0.8270042194092827,
      "recall": 0.784,
      "auroc": 0.8760479999999999,
      "optimal_threshold": 0.5612261295318604,
      "tpr_at_fpr_0_01": 0.528,
      "fpr95": 0.768,
      "aupr": 0.90640960411673
    },
    "layer_6": {
      "n_total": 500,
      "n_valid": 500,
      "n_val_total": 500,
      "n_val_valid": 500,
      "acc": 0.826,
      "f1": 0.8120950323974082,
      "pre": 0.8826291079812206,
      "recall": 0.752,
      "auroc": 0.884032,
      "optimal_threshold": 0.7802006602287292,
      "tpr_at_fpr_0_01": 0.5,
      "fpr95": 0.668,
      "aupr": 0.9108249173053321
    },
    "layer_7": {
      "n_total": 500,
      "n_valid": 500,
      "n_val_total": 500,
      "n_val_valid": 500,
      "acc": 0.822,
      "f1": 0.806941431670282,
      "pre": 0.8815165876777251,
      "recall": 0.744,
      "auroc": 0.882976,
      "optimal_threshold": 0.9873429536819458,
      "tpr_at_fpr_0_01": 0.492,
      "fpr95": 0.652,
      "aupr": 0.9094045857194153
    },
    "layer_8": {
      "n_total": 500,
      "n_valid": 500,
      "n_val_total": 500,
      "n_val_valid": 500,
      "acc": 0.802,
      "f1": 0.7670588235294118,
      "pre": 0.9314285714285714,
      "recall": 0.652,
      "auroc": 0.8801760000000001,
      "optimal_threshold": 1.0444282293319702,
      "tpr_at_fpr_0_01": 0.556,
      "fpr95": 0.692,
      "aupr": 0.9080671564037556
    },
    "layer_9": {
      "n_total": 500,
      "n_valid": 500,
      "n_val_total": 500,
      "n_val_valid": 500,
      "acc": 0.806,
      "f1": 0.7717647058823529,
      "pre": 0.9371428571428572,
      "recall": 0.656,
      "auroc": 0.87928,
      "optimal_threshold": 1.209982991218567,
      "tpr_at_fpr_0_01": 0.56,
      "fpr95": 0.756,
      "aupr": 0.9098435051165701
    },
    "layer_10": {
      "n_total": 500,
      "n_valid": 500,
      "n_val_total": 500,
      "n_val_valid": 500,
      "acc": 0.816,
      "f1": 0.7870370370370371,
      "pre": 0.9340659340659341,
      "recall": 0.68,
      "auroc": 0.881376,
      "optimal_threshold": 1.2872390747070312,
      "tpr_at_fpr_0_01": 0.576,
      "fpr95": 0.768,
      "aupr": 0.9117679026907852
    },
    "layer_11": {
      "n_total": 500,
      "n_valid": 500,
      "n_val_total": 500,
      "n_val_valid": 500,
      "acc": 0.842,
      "f1": 0.8286334056399133,
      "pre": 0.9052132701421801,
      "recall": 0.764,
      "auroc": 0.8878719999999999,
      "optimal_threshold": 1.2744436264038086,
      "tpr_at_fpr_0_01": 0.644,
      "fpr95": 0.764,
      "aupr": 0.9197987752998402
    },
    "layer_12": {
      "n_total": 500,
      "n_valid": 500,
      "n_val_total": 500,
      "n_val_valid": 500,
      "acc": 0.822,
      "f1": 0.8035320088300221,
      "pre": 0.896551724137931,
      "recall": 0.728,
      "auroc": 0.878928,
      "optimal_threshold": 1.3743207454681396,
      "tpr_at_fpr_0_01": 0.596,
      "fpr95": 0.78,
      "aupr": 0.9113510856724673
    },
    "layer_13": {
      "n_total": 500,
      "n_valid": 500,
      "n_val_total": 500,
      "n_val_valid": 500,
      "acc": 0.828,
      "f1": 0.8146551724137931,
      "pre": 0.883177570093458,
      "recall": 0.756,
      "auroc": 0.8862720000000001,
      "optimal_threshold": 1.391570806503296,
      "tpr_at_fpr_0_01": 0.612,
      "fpr95": 0.78,
      "aupr": 0.9171367656541839
    },
    "layer_14": {
      "n_total": 500,
      "n_valid": 500,
      "n_val_total": 500,
      "n_val_valid": 500,
      "acc": 0.826,
      "f1": 0.8079470198675497,
      "pre": 0.9014778325123153,
      "recall": 0.732,
      "auroc": 0.889408,
      "optimal_threshold": 1.7355201244354248,
      "tpr_at_fpr_0_01": 0.616,
      "fpr95": 0.748,
      "aupr": 0.9190074130855811
    },
    "layer_15": {
      "n_total": 500,
      "n_valid": 500,
      "n_val_total": 500,
      "n_val_valid": 500,
      "acc": 0.82,
      "f1": 0.7972972972972973,
      "pre": 0.9123711340206185,
      "recall": 0.708,
      "auroc": 0.8988160000000001,
      "optimal_threshold": 1.7898454666137695,
      "tpr_at_fpr_0_01": 0.628,
      "fpr95": 0.692,
      "aupr": 0.9220820020461992
    },
    "layer_16": {
      "n_total": 500,
      "n_valid": 500,
      "n_val_total": 500,
      "n_val_valid": 500,
      "acc": 0.826,
      "f1": 0.8070953436807096,
      "pre": 0.9054726368159204,
      "recall": 0.728,
      "auroc": 0.9007200000000001,
      "optimal_threshold": 2.1938557624816895,
      "tpr_at_fpr_0_01": 0.6,
      "fpr95": 0.58,
      "aupr": 0.9223095952736646
    },
    "layer_17": {
      "n_total": 500,
      "n_valid": 500,
      "n_val_total": 500,
      "n_val_valid": 500,
      "acc": 0.834,
      "f1": 0.8175824175824176,
      "pre": 0.9073170731707317,
      "recall": 0.744,
      "auroc": 0.901664,
      "optimal_threshold": 2.5504441261291504,
      "tpr_at_fpr_0_01": 0.672,
      "fpr95": 0.64,
      "aupr": 0.9264254789215395
    },
    "layer_18": {
      "n_total": 500,
      "n_valid": 500,
      "n_val_total": 500,
      "n_val_valid": 500,
      "acc": 0.856,
      "f1": 0.8414096916299559,
      "pre": 0.9362745098039216,
      "recall": 0.764,
      "auroc": 0.9248799999999999,
      "optimal_threshold": 2.951606273651123,
      "tpr_at_fpr_0_01": 0.616,
      "fpr95": 0.488,
      "aupr": 0.9398251902775934
    },
    "layer_19": {
      "n_total": 500,
      "n_valid": 500,
      "n_val_total": 500,
      "n_val_valid": 500,
      "acc": 0.864,
      "f1": 0.8482142857142857,
      "pre": 0.9595959595959596,
      "recall": 0.76,
      "auroc": 0.9325920000000001,
      "optimal_threshold": 3.616548776626587,
      "tpr_at_fpr_0_01": 0.632,
      "fpr95": 0.42,
      "aupr": 0.9452907029324669
    },
    "layer_20": {
      "n_total": 500,
      "n_valid": 500,
      "n_val_total": 500,
      "n_val_valid": 500,
      "acc": 0.86,
      "f1": 0.8491379310344828,
      "pre": 0.9205607476635514,