{
  "args": {
    "model": "llama_8b",
    "dataset": "tsm_multi",
    "mode": "last_token",
    "prefix": false,
    "smoke_test": false,
    "ood": false,
    "ood_set": "",
    "manifold": true,
    "pca_components": 10
  },
  "steering_domain": "tsm_multi",
  "eval_domain": "tsm_multi",
  "n_samples": 500,
  "n_layers": 33,
  "metrics_per_layer": {
    "layer_1": {
      "n_total": 500,
      "n_valid": 500,
      "n_val_total": 500,
      "n_val_valid": 500,
      "acc": 0.528,
      "f1": 0.6666666666666666,
      "pre": 0.5152838427947598,
      "recall": 0.944,
      "auroc": 0.5233440000000001,
      "optimal_threshold": -0.12562300264835358,
      "tpr_at_fpr_0_01": 0.0,
      "fpr95": 0.888,
      "aupr": 0.5119582566425309
    },
    "layer_2": {
      "n_total": 500,
      "n_valid": 500,
      "n_val_total": 500,
      "n_val_valid": 500,
      "acc": 0.55,
      "f1": 0.5562130177514792,
      "pre": 0.5486381322957199,
      "recall": 0.564,
      "auroc": 0.55792,
      "optimal_threshold": 0.012488220818340778,
      "tpr_at_fpr_0_01": 0.008,
      "fpr95": 0.912,
      "aupr": 0.5452864654828067
    },
    "layer_3": {
      "n_total": 500,
      "n_valid": 500,
      "n_val_total": 500,
      "n_val_valid": 500,
      "acc": 0.572,
      "f1": 0.6310344827586207,
      "pre": 0.5545454545454546,
      "recall": 0.732,
      "auroc": 0.5957759999999999,
      "optimal_threshold": -0.037624478340148926,
      "tpr_at_fpr_0_01": 0.024,
      "fpr95": 0.944,
      "aupr": 0.5679903306150595
    },
    "layer_4": {
      "n_total": 500,
      "n_valid": 500,
      "n_val_total": 500,
      "n_val_valid": 500,
      "acc": 0.582,
      "f1": 0.6510851419031719,
      "pre": 0.5587392550143266,
      "recall": 0.78,
      "auroc": 0.621472,
      "optimal_threshold": -0.0625608041882515,
      "tpr_at_fpr_0_01": 0.036,
      "fpr95": 0.956,
      "aupr": 0.6131567132624568
    },
    "layer_5": {
      "n_total": 500,
      "n_valid": 500,
      "n_val_total": 500,
      "n_val_valid": 500,
      "acc": 0.676,
      "f1": 0.6493506493506493,
      "pre": 0.7075471698113207,
      "recall": 0.6,
      "auroc": 0.733264,
      "optimal_threshold": 0.02917712926864624,
      "tpr_at_fpr_0_01": 0.104,
      "fpr95": 0.868,
      "aupr": 0.749863031212814
    },
    "layer_6": {
      "n_total": 500,
      "n_valid": 500,
      "n_val_total": 500,
      "n_val_valid": 500,
      "acc": 0.728,
      "f1": 0.7004405286343612,
      "pre": 0.7794117647058824,
      "recall": 0.636,
      "auroc": 0.787728,
      "optimal_threshold": 0.027954403311014175,
      "tpr_at_fpr_0_01": 0.208,
      "fpr95": 0.816,
      "aupr": 0.8103450113436516
    },
    "layer_7": {
      "n_total": 500,
      "n_valid": 500,
      "n_val_total": 500,
      "n_val_valid": 500,
      "acc": 0.698,
      "f1": 0.6860706860706861,
      "pre": 0.7142857142857143,
      "recall": 0.66,
      "auroc": 0.783456,
      "optimal_threshold": -0.019720301032066345,
      "tpr_at_fpr_0_01": 0.184,
      "fpr95": 0.712,
      "aupr": 0.8053967346784956
    },
    "layer_8": {
      "n_total": 500,
      "n_valid": 500,
      "n_val_total": 500,
      "n_val_valid": 500,
      "acc": 0.708,
      "f1": 0.6798245614035088,
      "pre": 0.7524271844660194,
      "recall": 0.62,
      "auroc": 0.769984,
      "optimal_threshold": 0.030051246285438538,
      "tpr_at_fpr_0_01": 0.172,
      "fpr95": 0.792,
      "aupr": 0.7908614204427167
    },
    "layer_9": {
      "n_total": 500,
      "n_valid": 500,
      "n_val_total": 500,
      "n_val_valid": 500,
      "acc": 0.7,
      "f1": 0.6666666666666666,
      "pre": 0.75,
      "recall": 0.6,
      "auroc": 0.7574719999999999,
      "optimal_threshold": 0.0673062801361084,
      "tpr_at_fpr_0_01": 0.2,
      "fpr95": 0.88,
      "aupr": 0.781463200708636
    },
    "layer_10": {
      "n_total": 500,
      "n_valid": 500,
      "n_val_total": 500,
      "n_val_valid": 500,
      "acc": 0.708,
      "f1": 0.6798245614035088,
      "pre": 0.7524271844660194,
      "recall": 0.62,
      "auroc": 0.760704,
      "optimal_threshold": 0.014777809381484985,
      "tpr_at_fpr_0_01": 0.228,
      "fpr95": 0.868,
      "aupr": 0.7906335588141764
    },
    "layer_11": {
      "n_total": 500,
      "n_valid": 500,
      "n_val_total": 500,
      "n_val_valid": 500,
      "acc": 0.728,
      "f1": 0.71900826446281,
      "pre": 0.7435897435897436,
      "recall": 0.696,
      "auroc": 0.8108,
      "optimal_threshold": -0.08311642706394196,
      "tpr_at_fpr_0_01": 0.3,
      "fpr95": 0.8,
      "aupr": 0.8436042448467298
    },
    "layer_12": {
      "n_total": 500,
      "n_valid": 500,
      "n_val_total": 500,
      "n_val_valid": 500,
      "acc": 0.746,
      "f1": 0.7107061503416856,
      "pre": 0.8253968253968254,
      "recall": 0.624,
      "auroc": 0.8060959999999999,
      "optimal_threshold": 0.08215567469596863,
      "tpr_at_fpr_0_01": 0.276,
      "fpr95": 0.832,
      "aupr": 0.8382935178825518
    },
    "layer_13": {
      "n_total": 500,
      "n_valid": 500,
      "n_val_total": 500,
      "n_val_valid": 500,
      "acc": 0.748,
      "f1": 0.7224669603524229,
      "pre": 0.803921568627451,
      "recall": 0.656,
      "auroc": 0.8044640000000001,
      "optimal_threshold": 0.03493175655603409,
      "tpr_at_fpr_0_01": 0.32,
      "fpr95": 0.828,
      "aupr": 0.8380212577427746
    },
    "layer_14": {
      "n_total": 500,
      "n_valid": 500,
      "n_val_total": 500,
      "n_val_valid": 500,
      "acc": 0.74,
      "f1": 0.7045454545454546,
      "pre": 0.8157894736842105,
      "recall": 0.62,
      "auroc": 0.791504,
      "optimal_threshold": 0.1382308304309845,
      "tpr_at_fpr_0_01": 0.32,
      "fpr95": 0.82,
      "aupr": 0.8265658495051654
    },
    "layer_15": {
      "n_total": 500,
      "n_valid": 500,
      "n_val_total": 500,
      "n_val_valid": 500,
      "acc": 0.742,
      "f1": 0.7126948775055679,
      "pre": 0.8040201005025126,
      "recall": 0.64,
      "auroc": 0.802192,
      "optimal_threshold": 0.08831800520420074,
      "tpr_at_fpr_0_01": 0.316,
      "fpr95": 0.844,
      "aupr": 0.8392673779790663
    },
    "layer_16": {
      "n_total": 500,
      "n_valid": 500,
      "n_val_total": 500,
      "n_val_valid": 500,
      "acc": 0.732,
      "f1": 0.6898148148148148,
      "pre": 0.8186813186813187,
      "recall": 0.596,
      "auroc": 0.7944,
      "optimal_threshold": 0.15449893474578857,
      "tpr_at_fpr_0_01": 0.324,
      "fpr95": 0.808,
      "aupr": 0.8310390993879897
    },
    "layer_17": {
      "n_total": 500,
      "n_valid": 500,
      "n_val_total": 500,
      "n_val_valid": 500,
      "acc": 0.744,
      "f1": 0.7050691244239631,
      "pre": 0.8315217391304348,
      "recall": 0.612,
      "auroc": 0.807952,
      "optimal_threshold": 0.07351058721542358,
      "tpr_at_fpr_0_01": 0.428,
      "fpr95": 0.792,
      "aupr": 0.8482411538078638
    },
    "layer_18": {
      "n_total": 500,
      "n_valid": 500,
      "n_val_total": 500,
      "n_val_valid": 500,
      "acc": 0.744,
      "f1": 0.7229437229437229,
      "pre": 0.7877358490566038,
      "recall": 0.668,
      "auroc": 0.8104,
      "optimal_threshold": -0.06724977493286133,
      "tpr_at_fpr_0_01": 0.44,
      "fpr95": 0.824,
      "aupr": 0.8493127250936371
    },
    "layer_19": {
      "n_total": 500,
      "n_valid": 500,
      "n_val_total": 500,
      "n_val_valid": 500,
      "acc": 0.758,
      "f1": 0.7152941176470589,
      "pre": 0.8685714285714285,
      "recall": 0.608,
      "auroc": 0.8163680000000001,
      "optimal_threshold": 0.18544839322566986,
      "tpr_at_fpr_0_01": 0.452,
      "fpr95": 0.792,
      "aupr": 0.8579098268993506
    },
    "layer_20": {
      "n_total": 500,
      "n_valid": 500,
      "n_val_total": 500,
      "n_val_valid": 500,
      "acc": 0.724,
      "f1": 0.6905829596412556,
      "pre": 0.7857142857142857,
      "recall": 0.616,