{
  "args": {
    "model": "llama_8b",
    "dataset": "multisocial_full",
    "mode": "last_token",
    "centering": false,
    "prefix": false,
    "smoke_test": false,
    "ood": false,
    "ood_set": "",
    "manifold": true,
    "pca_components": 20
  },
  "steering_domain": "multisocial_full",
  "eval_domain": "multisocial_full",
  "n_samples": 500,
  "n_layers": 33,
  "metrics_per_layer": {
    "layer_1": {
      "n_total": 500,
      "n_valid": 500,
      "n_val_total": 500,
      "n_val_valid": 500,
      "acc": 0.702,
      "f1": 0.6339066339066339,
      "pre": 0.821656050955414,
      "recall": 0.516,
      "auroc": 0.740152,
      "optimal_threshold": 0.1088915467262268,
      "tpr_at_fpr_0_01": 0.0,
      "fpr95": 0.86,
      "aupr": 0.7567655836056236
    },
    "layer_2": {
      "n_total": 500,
      "n_valid": 500,
      "n_val_total": 500,
      "n_val_valid": 500,
      "acc": 0.7,
      "f1": 0.6861924686192469,
      "pre": 0.7192982456140351,
      "recall": 0.656,
      "auroc": 0.76936,
      "optimal_threshold": -0.041207775473594666,
      "tpr_at_fpr_0_01": 0.044,
      "fpr95": 0.796,
      "aupr": 0.7799806591823593
    },
    "layer_3": {
      "n_total": 500,
      "n_valid": 500,
      "n_val_total": 500,
      "n_val_valid": 500,
      "acc": 0.702,
      "f1": 0.6977687626774848,
      "pre": 0.7078189300411523,
      "recall": 0.688,
      "auroc": 0.7906720000000002,
      "optimal_threshold": -0.008959273807704449,
      "tpr_at_fpr_0_01": 0.176,
      "fpr95": 0.648,
      "aupr": 0.807028265929904
    },
    "layer_4": {
      "n_total": 500,
      "n_valid": 500,
      "n_val_total": 500,
      "n_val_valid": 500,
      "acc": 0.698,
      "f1": 0.6636971046770601,
      "pre": 0.7487437185929648,
      "recall": 0.596,
      "auroc": 0.799776,
      "optimal_threshold": 0.17721688747406006,
      "tpr_at_fpr_0_01": 0.208,
      "fpr95": 0.704,
      "aupr": 0.8205352287179196
    },
    "layer_5": {
      "n_total": 500,
      "n_valid": 500,
      "n_val_total": 500,
      "n_val_valid": 500,
      "acc": 0.722,
      "f1": 0.7169042769857433,
      "pre": 0.7302904564315352,
      "recall": 0.704,
      "auroc": 0.82056,
      "optimal_threshold": 0.00710127130150795,
      "tpr_at_fpr_0_01": 0.256,
      "fpr95": 0.592,
      "aupr": 0.8314641305217327
    },
    "layer_6": {
      "n_total": 500,
      "n_valid": 500,
      "n_val_total": 500,
      "n_val_valid": 500,
      "acc": 0.748,
      "f1": 0.7586206896551724,
      "pre": 0.7279411764705882,
      "recall": 0.792,
      "auroc": 0.8294559999999999,
      "optimal_threshold": -0.001752503216266632,
      "tpr_at_fpr_0_01": 0.156,
      "fpr95": 0.54,
      "aupr": 0.837923093629958
    },
    "layer_7": {
      "n_total": 500,
      "n_valid": 500,
      "n_val_total": 500,
      "n_val_valid": 500,
      "acc": 0.746,
      "f1": 0.7543520309477756,
      "pre": 0.7303370786516854,
      "recall": 0.78,
      "auroc": 0.833712,
      "optimal_threshold": 0.006668709218502045,
      "tpr_at_fpr_0_01": 0.132,
      "fpr95": 0.512,
      "aupr": 0.8350816685158975
    },
    "layer_8": {
      "n_total": 500,
      "n_valid": 500,
      "n_val_total": 500,
      "n_val_valid": 500,
      "acc": 0.742,
      "f1": 0.7249466950959488,
      "pre": 0.776255707762557,
      "recall": 0.68,
      "auroc": 0.844544,
      "optimal_threshold": 0.03316592052578926,
      "tpr_at_fpr_0_01": 0.228,
      "fpr95": 0.56,
      "aupr": 0.8508406608164422
    },
    "layer_9": {
      "n_total": 500,
      "n_valid": 500,
      "n_val_total": 500,
      "n_val_valid": 500,
      "acc": 0.758,
      "f1": 0.7650485436893204,
      "pre": 0.7433962264150943,
      "recall": 0.788,
      "auroc": 0.847696,
      "optimal_threshold": -0.13227882981300354,
      "tpr_at_fpr_0_01": 0.228,
      "fpr95": 0.556,
      "aupr": 0.855455768884174
    },
    "layer_10": {
      "n_total": 500,
      "n_valid": 500,
      "n_val_total": 500,
      "n_val_valid": 500,
      "acc": 0.758,
      "f1": 0.7641325536062378,
      "pre": 0.7452471482889734,
      "recall": 0.784,
      "auroc": 0.849552,
      "optimal_threshold": 0.02197260968387127,
      "tpr_at_fpr_0_01": 0.248,
      "fpr95": 0.564,
      "aupr": 0.8552863951569316
    },
    "layer_11": {
      "n_total": 500,
      "n_valid": 500,
      "n_val_total": 500,
      "n_val_valid": 500,
      "acc": 0.762,
      "f1": 0.7783985102420856,
      "pre": 0.7282229965156795,
      "recall": 0.836,
      "auroc": 0.85424,
      "optimal_threshold": -0.07220706343650818,
      "tpr_at_fpr_0_01": 0.24,
      "fpr95": 0.576,
      "aupr": 0.8612756398615657
    },
    "layer_12": {
      "n_total": 500,
      "n_valid": 500,
      "n_val_total": 500,
      "n_val_valid": 500,
      "acc": 0.768,
      "f1": 0.7819548872180451,
      "pre": 0.7375886524822695,
      "recall": 0.832,
      "auroc": 0.853664,
      "optimal_threshold": -2.9534101486206055e-05,
      "tpr_at_fpr_0_01": 0.252,
      "fpr95": 0.532,
      "aupr": 0.8608622980331349
    },
    "layer_13": {
      "n_total": 500,
      "n_valid": 500,
      "n_val_total": 500,
      "n_val_valid": 500,
      "acc": 0.766,
      "f1": 0.7655310621242485,
      "pre": 0.7670682730923695,
      "recall": 0.764,
      "auroc": 0.852016,
      "optimal_threshold": 0.06446930766105652,
      "tpr_at_fpr_0_01": 0.24,
      "fpr95": 0.572,
      "aupr": 0.860773253976475
    },
    "layer_14": {
      "n_total": 500,
      "n_valid": 500,
      "n_val_total": 500,
      "n_val_valid": 500,
      "acc": 0.758,
      "f1": 0.7408993576017131,
      "pre": 0.7972350230414746,
      "recall": 0.692,
      "auroc": 0.841152,
      "optimal_threshold": 0.46758973598480225,
      "tpr_at_fpr_0_01": 0.272,
      "fpr95": 0.58,
      "aupr": 0.8505153113923646
    },
    "layer_15": {
      "n_total": 500,
      "n_valid": 500,
      "n_val_total": 500,
      "n_val_valid": 500,
      "acc": 0.776,
      "f1": 0.7829457364341085,
      "pre": 0.7593984962406015,
      "recall": 0.808,
      "auroc": 0.859264,
      "optimal_threshold": -0.12026432901620865,
      "tpr_at_fpr_0_01": 0.276,
      "fpr95": 0.568,
      "aupr": 0.8671020369539125
    },
    "layer_16": {
      "n_total": 500,
      "n_valid": 500,
      "n_val_total": 500,
      "n_val_valid": 500,
      "acc": 0.77,
      "f1": 0.7599164926931107,
      "pre": 0.7947598253275109,
      "recall": 0.728,
      "auroc": 0.854992,
      "optimal_threshold": 0.3250909447669983,
      "tpr_at_fpr_0_01": 0.276,
      "fpr95": 0.608,
      "aupr": 0.8632846633163626
    },
    "layer_17": {
      "n_total": 500,
      "n_valid": 500,
      "n_val_total": 500,
      "n_val_valid": 500,
      "acc": 0.774,
      "f1": 0.7805825242718447,
      "pre": 0.7584905660377359,
      "recall": 0.804,
      "auroc": 0.855248,
      "optimal_threshold": 0.11373993754386902,
      "tpr_at_fpr_0_01": 0.272,
      "fpr95": 0.576,
      "aupr": 0.8627112529043032
    },
    "layer_18": {
      "n_total": 500,
      "n_valid": 500,
      "n_val_total": 500,
      "n_val_valid": 500,
      "acc": 0.77,
      "f1": 0.7558386411889597,
      "pre": 0.8054298642533937,
      "recall": 0.712,
      "auroc": 0.857792,
      "optimal_threshold": 0.3689277470111847,
      "tpr_at_fpr_0_01": 0.26,
      "fpr95": 0.564,
      "aupr": 0.8633178379829638
    },
    "layer_19": {
      "n_total": 500,
      "n_valid": 500,
      "n_val_total": 500,
      "n_val_valid": 500,
      "acc": 0.778,
      "f1": 0.7672955974842768,
      "pre": 0.8061674008810573,
      "recall": 0.732,
      "auroc": 0.862016,
      "optimal_threshold": 0.3881920576095581,
      "tpr_at_fpr_0_01": 0.312,
      "fpr95": 0.588,
      "aupr": 0.8667346018895359
    },
    "layer_20": {
      "n_total": 500,
      "n_valid": 500,
      "n_val_total": 500,
      "n_val_valid": 500,
      "acc": 0.764,
      "f1": 0.7478632478632479,
      "pre": 0.8027522935779816,