{
  "args": {
    "model": "llama_8b",
    "dataset": "drl_t1_perturbation",
    "mode": "last_token",
    "centering": false,
    "prefix": false,
    "smoke_test": false,
    "ood": false,
    "ood_set": "",
    "manifold": true,
    "pca_components": 20
  },
  "steering_domain": "drl_t1_perturbation",
  "eval_domain": "drl_t1_perturbation",
  "n_samples": 500,
  "n_layers": 33,
  "metrics_per_layer": {
    "layer_1": {
      "n_total": 500,
      "n_valid": 500,
      "n_val_total": 500,
      "n_val_valid": 500,
      "acc": 0.62,
      "f1": 0.7155688622754491,
      "pre": 0.5717703349282297,
      "recall": 0.956,
      "auroc": 0.6216320000000001,
      "optimal_threshold": 0.17976216971874237,
      "tpr_at_fpr_0_01": 0.0,
      "fpr95": 0.716,
      "aupr": 0.5704822984122453
    },
    "layer_2": {
      "n_total": 500,
      "n_valid": 500,
      "n_val_total": 500,
      "n_val_valid": 500,
      "acc": 0.756,
      "f1": 0.7732342007434945,
      "pre": 0.7222222222222222,
      "recall": 0.832,
      "auroc": 0.838608,
      "optimal_threshold": 0.11742947995662689,
      "tpr_at_fpr_0_01": 0.144,
      "fpr95": 0.604,
      "aupr": 0.8318873431835108
    },
    "layer_3": {
      "n_total": 500,
      "n_valid": 500,
      "n_val_total": 500,
      "n_val_valid": 500,
      "acc": 0.75,
      "f1": 0.7252747252747253,
      "pre": 0.8048780487804879,
      "recall": 0.66,
      "auroc": 0.842576,
      "optimal_threshold": 0.27907663583755493,
      "tpr_at_fpr_0_01": 0.188,
      "fpr95": 0.616,
      "aupr": 0.8518969386756587
    },
    "layer_4": {
      "n_total": 500,
      "n_valid": 500,
      "n_val_total": 500,
      "n_val_valid": 500,
      "acc": 0.81,
      "f1": 0.7775175644028103,
      "pre": 0.9378531073446328,
      "recall": 0.664,
      "auroc": 0.902544,
      "optimal_threshold": 0.4691389799118042,
      "tpr_at_fpr_0_01": 0.388,
      "fpr95": 0.46,
      "aupr": 0.9160461791045869
    },
    "layer_5": {
      "n_total": 500,
      "n_valid": 500,
      "n_val_total": 500,
      "n_val_valid": 500,
      "acc": 0.898,
      "f1": 0.8930817610062893,
      "pre": 0.9383259911894273,
      "recall": 0.852,
      "auroc": 0.952912,
      "optimal_threshold": 0.5202140808105469,
      "tpr_at_fpr_0_01": 0.796,
      "fpr95": 0.34,
      "aupr": 0.9640203948092884
    },
    "layer_6": {
      "n_total": 500,
      "n_valid": 500,
      "n_val_total": 500,
      "n_val_valid": 500,
      "acc": 0.898,
      "f1": 0.8982035928143712,
      "pre": 0.896414342629482,
      "recall": 0.9,
      "auroc": 0.9683839999999999,
      "optimal_threshold": 0.5407971739768982,
      "tpr_at_fpr_0_01": 0.828,
      "fpr95": 0.228,
      "aupr": 0.9748924042039933
    },
    "layer_7": {
      "n_total": 500,
      "n_valid": 500,
      "n_val_total": 500,
      "n_val_valid": 500,
      "acc": 0.882,
      "f1": 0.8845401174168297,
      "pre": 0.8659003831417624,
      "recall": 0.904,
      "auroc": 0.965808,
      "optimal_threshold": 0.8467065691947937,
      "tpr_at_fpr_0_01": 0.816,
      "fpr95": 0.276,
      "aupr": 0.9727788481098053
    },
    "layer_8": {
      "n_total": 500,
      "n_valid": 500,
      "n_val_total": 500,
      "n_val_valid": 500,
      "acc": 0.888,
      "f1": 0.8857142857142857,
      "pre": 0.9041666666666667,
      "recall": 0.868,
      "auroc": 0.958416,
      "optimal_threshold": 0.9511182904243469,
      "tpr_at_fpr_0_01": 0.756,
      "fpr95": 0.3,
      "aupr": 0.9658622328224057
    },
    "layer_9": {
      "n_total": 500,
      "n_valid": 500,
      "n_val_total": 500,
      "n_val_valid": 500,
      "acc": 0.886,
      "f1": 0.8819875776397516,
      "pre": 0.9141630901287554,
      "recall": 0.852,
      "auroc": 0.957232,
      "optimal_threshold": 1.2160847187042236,
      "tpr_at_fpr_0_01": 0.764,
      "fpr95": 0.288,
      "aupr": 0.9650855951041782
    },
    "layer_10": {
      "n_total": 500,
      "n_valid": 500,
      "n_val_total": 500,
      "n_val_valid": 500,
      "acc": 0.898,
      "f1": 0.9001956947162426,
      "pre": 0.8812260536398467,
      "recall": 0.92,
      "auroc": 0.9650239999999999,
      "optimal_threshold": 1.1589229106903076,
      "tpr_at_fpr_0_01": 0.74,
      "fpr95": 0.224,
      "aupr": 0.9711308666816618
    },
    "layer_11": {
      "n_total": 500,
      "n_valid": 500,
      "n_val_total": 500,
      "n_val_valid": 500,
      "acc": 0.92,
      "f1": 0.9180327868852459,
      "pre": 0.9411764705882353,
      "recall": 0.896,
      "auroc": 0.981008,
      "optimal_threshold": 1.3494349718093872,
      "tpr_at_fpr_0_01": 0.86,
      "fpr95": 0.136,
      "aupr": 0.9842003394441821
    },
    "layer_12": {
      "n_total": 500,
      "n_valid": 500,
      "n_val_total": 500,
      "n_val_valid": 500,
      "acc": 0.91,
      "f1": 0.9083503054989817,
      "pre": 0.9253112033195021,
      "recall": 0.892,
      "auroc": 0.9740639999999999,
      "optimal_threshold": 1.4209063053131104,
      "tpr_at_fpr_0_01": 0.832,
      "fpr95": 0.18,
      "aupr": 0.9783398837016967
    },
    "layer_13": {
      "n_total": 500,
      "n_valid": 500,
      "n_val_total": 500,
      "n_val_valid": 500,
      "acc": 0.904,
      "f1": 0.899581589958159,
      "pre": 0.9429824561403509,
      "recall": 0.86,
      "auroc": 0.97512,
      "optimal_threshold": 1.7194100618362427,
      "tpr_at_fpr_0_01": 0.836,
      "fpr95": 0.176,
      "aupr": 0.9789891427509646
    },
    "layer_14": {
      "n_total": 500,
      "n_valid": 500,
      "n_val_total": 500,
      "n_val_valid": 500,
      "acc": 0.884,
      "f1": 0.8728070175438597,
      "pre": 0.9660194174757282,
      "recall": 0.796,
      "auroc": 0.9640640000000001,
      "optimal_threshold": 2.137366771697998,
      "tpr_at_fpr_0_01": 0.772,
      "fpr95": 0.224,
      "aupr": 0.9692975337762242
    },
    "layer_15": {
      "n_total": 500,
      "n_valid": 500,
      "n_val_total": 500,
      "n_val_valid": 500,
      "acc": 0.896,
      "f1": 0.8879310344827587,
      "pre": 0.9626168224299065,
      "recall": 0.824,
      "auroc": 0.9668000000000001,
      "optimal_threshold": 2.0394551753997803,
      "tpr_at_fpr_0_01": 0.804,
      "fpr95": 0.228,
      "aupr": 0.9721155862895227
    },
    "layer_16": {
      "n_total": 500,
      "n_valid": 500,
      "n_val_total": 500,
      "n_val_valid": 500,
      "acc": 0.898,
      "f1": 0.8948453608247423,
      "pre": 0.9234042553191489,
      "recall": 0.868,
      "auroc": 0.963456,
      "optimal_threshold": 2.1610567569732666,
      "tpr_at_fpr_0_01": 0.816,
      "fpr95": 0.296,
      "aupr": 0.9708026591339738
    },
    "layer_17": {
      "n_total": 500,
      "n_valid": 500,
      "n_val_total": 500,
      "n_val_valid": 500,
      "acc": 0.926,
      "f1": 0.9230769230769231,
      "pre": 0.961038961038961,
      "recall": 0.888,
      "auroc": 0.970784,
      "optimal_threshold": 2.438232183456421,
      "tpr_at_fpr_0_01": 0.82,
      "fpr95": 0.212,
      "aupr": 0.9771884958737702
    },
    "layer_18": {
      "n_total": 500,
      "n_valid": 500,
      "n_val_total": 500,
      "n_val_valid": 500,
      "acc": 0.902,
      "f1": 0.9014084507042254,
      "pre": 0.9068825910931174,
      "recall": 0.896,
      "auroc": 0.962736,
      "optimal_threshold": 2.4972329139709473,
      "tpr_at_fpr_0_01": 0.808,
      "fpr95": 0.312,
      "aupr": 0.9708753800556538
    },
    "layer_19": {
      "n_total": 500,
      "n_valid": 500,
      "n_val_total": 500,
      "n_val_valid": 500,
      "acc": 0.932,
      "f1": 0.9285714285714286,
      "pre": 0.9778761061946902,
      "recall": 0.884,
      "auroc": 0.973648,
      "optimal_threshold": 3.2507195472717285,
      "tpr_at_fpr_0_01": 0.864,
      "fpr95": 0.228,
      "aupr": 0.9796027221007331
    },
    "layer_20": {
      "n_total": 500,
      "n_valid": 500,
      "n_val_total": 500,
      "n_val_valid": 500,
      "acc": 0.918,
      "f1": 0.9154639175257732,