{
  "args": {
    "model": "llama_8b",
    "dataset": "drl_t1_paraphrase",
    "mode": "last_token",
    "prefix": false,
    "smoke_test": false,
    "ood": false,
    "ood_set": "",
    "manifold": true,
    "pca_components": 10
  },
  "steering_domain": "drl_t1_paraphrase",
  "eval_domain": "drl_t1_paraphrase",
  "n_samples": 500,
  "n_layers": 33,
  "metrics_per_layer": {
    "layer_1": {
      "n_total": 500,
      "n_valid": 500,
      "n_val_total": 500,
      "n_val_valid": 500,
      "acc": 0.5,
      "f1": 0.0,
      "pre": 0.0,
      "recall": 0.0,
      "auroc": 0.627432,
      "optimal_threshold": 0.04686026647686958,
      "tpr_at_fpr_0_01": 0.0,
      "fpr95": 0.716,
      "aupr": 0.5744123394991965
    },
    "layer_2": {
      "n_total": 500,
      "n_valid": 500,
      "n_val_total": 500,
      "n_val_valid": 500,
      "acc": 0.756,
      "f1": 0.7706766917293233,
      "pre": 0.7269503546099291,
      "recall": 0.82,
      "auroc": 0.8344159999999999,
      "optimal_threshold": 0.03904492408037186,
      "tpr_at_fpr_0_01": 0.12,
      "fpr95": 0.64,
      "aupr": 0.8285393050360268
    },
    "layer_3": {
      "n_total": 500,
      "n_valid": 500,
      "n_val_total": 500,
      "n_val_valid": 500,
      "acc": 0.802,
      "f1": 0.8055009823182712,
      "pre": 0.7915057915057915,
      "recall": 0.82,
      "auroc": 0.8722719999999999,
      "optimal_threshold": 0.046178948134183884,
      "tpr_at_fpr_0_01": 0.312,
      "fpr95": 0.62,
      "aupr": 0.8854347406812167
    },
    "layer_4": {
      "n_total": 500,
      "n_valid": 500,
      "n_val_total": 500,
      "n_val_valid": 500,
      "acc": 0.832,
      "f1": 0.8352941176470589,
      "pre": 0.8192307692307692,
      "recall": 0.852,
      "auroc": 0.921232,
      "optimal_threshold": 0.056397028267383575,
      "tpr_at_fpr_0_01": 0.552,
      "fpr95": 0.448,
      "aupr": 0.9341510549159672
    },
    "layer_5": {
      "n_total": 500,
      "n_valid": 500,
      "n_val_total": 500,
      "n_val_valid": 500,
      "acc": 0.898,
      "f1": 0.893970893970894,
      "pre": 0.9307359307359307,
      "recall": 0.86,
      "auroc": 0.95456,
      "optimal_threshold": 0.04949524998664856,
      "tpr_at_fpr_0_01": 0.736,
      "fpr95": 0.392,
      "aupr": 0.9645888768099816
    },
    "layer_6": {
      "n_total": 500,
      "n_valid": 500,
      "n_val_total": 500,
      "n_val_valid": 500,
      "acc": 0.892,
      "f1": 0.8961538461538462,
      "pre": 0.8629629629629629,
      "recall": 0.932,
      "auroc": 0.962848,
      "optimal_threshold": -0.0637427419424057,
      "tpr_at_fpr_0_01": 0.704,
      "fpr95": 0.204,
      "aupr": 0.9690293505076649
    },
    "layer_7": {
      "n_total": 500,
      "n_valid": 500,
      "n_val_total": 500,
      "n_val_valid": 500,
      "acc": 0.876,
      "f1": 0.8774703557312253,
      "pre": 0.8671875,
      "recall": 0.888,
      "auroc": 0.9541279999999999,
      "optimal_threshold": -0.04742506146430969,
      "tpr_at_fpr_0_01": 0.7,
      "fpr95": 0.284,
      "aupr": 0.9617635172004406
    },
    "layer_8": {
      "n_total": 500,
      "n_valid": 500,
      "n_val_total": 500,
      "n_val_valid": 500,
      "acc": 0.864,
      "f1": 0.8612244897959184,
      "pre": 0.8791666666666667,
      "recall": 0.844,
      "auroc": 0.943776,
      "optimal_threshold": -0.031084537506103516,
      "tpr_at_fpr_0_01": 0.608,
      "fpr95": 0.328,
      "aupr": 0.9502441107148268
    },
    "layer_9": {
      "n_total": 500,
      "n_valid": 500,
      "n_val_total": 500,
      "n_val_valid": 500,
      "acc": 0.852,
      "f1": 0.8438818565400844,
      "pre": 0.8928571428571429,
      "recall": 0.8,
      "auroc": 0.937056,
      "optimal_threshold": 0.012527883052825928,
      "tpr_at_fpr_0_01": 0.628,
      "fpr95": 0.368,
      "aupr": 0.9452867997293972
    },
    "layer_10": {
      "n_total": 500,
      "n_valid": 500,
      "n_val_total": 500,
      "n_val_valid": 500,
      "acc": 0.862,
      "f1": 0.8565488565488566,
      "pre": 0.8917748917748918,
      "recall": 0.824,
      "auroc": 0.944688,
      "optimal_threshold": -0.01868501305580139,
      "tpr_at_fpr_0_01": 0.604,
      "fpr95": 0.344,
      "aupr": 0.9516374551310882
    },
    "layer_11": {
      "n_total": 500,
      "n_valid": 500,
      "n_val_total": 500,
      "n_val_valid": 500,
      "acc": 0.876,
      "f1": 0.871900826446281,
      "pre": 0.9017094017094017,
      "recall": 0.844,
      "auroc": 0.962496,
      "optimal_threshold": -0.07755821943283081,
      "tpr_at_fpr_0_01": 0.76,
      "fpr95": 0.228,
      "aupr": 0.9672804566962294
    },
    "layer_12": {
      "n_total": 500,
      "n_valid": 500,
      "n_val_total": 500,
      "n_val_valid": 500,
      "acc": 0.86,
      "f1": 0.8497854077253219,
      "pre": 0.9166666666666666,
      "recall": 0.792,
      "auroc": 0.944496,
      "optimal_threshold": 0.023220442235469818,
      "tpr_at_fpr_0_01": 0.66,
      "fpr95": 0.308,
      "aupr": 0.9539125903413364
    },
    "layer_13": {
      "n_total": 500,
      "n_valid": 500,
      "n_val_total": 500,
      "n_val_valid": 500,
      "acc": 0.862,
      "f1": 0.8509719222462203,
      "pre": 0.9248826291079812,
      "recall": 0.788,
      "auroc": 0.9522240000000001,
      "optimal_threshold": 0.09240260720252991,
      "tpr_at_fpr_0_01": 0.72,
      "fpr95": 0.232,
      "aupr": 0.9602158466577014
    },
    "layer_14": {
      "n_total": 500,
      "n_valid": 500,
      "n_val_total": 500,
      "n_val_valid": 500,
      "acc": 0.856,
      "f1": 0.847457627118644,
      "pre": 0.9009009009009009,
      "recall": 0.8,
      "auroc": 0.9417280000000001,
      "optimal_threshold": 0.055904775857925415,
      "tpr_at_fpr_0_01": 0.66,
      "fpr95": 0.328,
      "aupr": 0.9505867257530569
    },
    "layer_15": {
      "n_total": 500,
      "n_valid": 500,
      "n_val_total": 500,
      "n_val_valid": 500,
      "acc": 0.878,
      "f1": 0.8704883227176221,
      "pre": 0.9276018099547512,
      "recall": 0.82,
      "auroc": 0.9523199999999999,
      "optimal_threshold": 0.08237266540527344,
      "tpr_at_fpr_0_01": 0.732,
      "fpr95": 0.344,
      "aupr": 0.9609974411671929
    },
    "layer_16": {
      "n_total": 500,
      "n_valid": 500,
      "n_val_total": 500,
      "n_val_valid": 500,
      "acc": 0.888,
      "f1": 0.8803418803418803,
      "pre": 0.944954128440367,
      "recall": 0.824,
      "auroc": 0.948944,
      "optimal_threshold": 0.09537696838378906,
      "tpr_at_fpr_0_01": 0.72,
      "fpr95": 0.392,
      "aupr": 0.9597056139654393
    },
    "layer_17": {
      "n_total": 500,
      "n_valid": 500,
      "n_val_total": 500,
      "n_val_valid": 500,
      "acc": 0.914,
      "f1": 0.9087048832271762,
      "pre": 0.9683257918552036,
      "recall": 0.856,
      "auroc": 0.9594239999999999,
      "optimal_threshold": 0.14006683230400085,
      "tpr_at_fpr_0_01": 0.808,
      "fpr95": 0.34,
      "aupr": 0.9691661755119756
    },
    "layer_18": {
      "n_total": 500,
      "n_valid": 500,
      "n_val_total": 500,
      "n_val_valid": 500,
      "acc": 0.908,
      "f1": 0.9049586776859504,
      "pre": 0.9358974358974359,
      "recall": 0.876,
      "auroc": 0.957152,
      "optimal_threshold": 0.04779958724975586,
      "tpr_at_fpr_0_01": 0.748,
      "fpr95": 0.376,
      "aupr": 0.966415298546071
    },
    "layer_19": {
      "n_total": 500,
      "n_valid": 500,
      "n_val_total": 500,
      "n_val_valid": 500,
      "acc": 0.928,
      "f1": 0.926530612244898,
      "pre": 0.9458333333333333,
      "recall": 0.908,
      "auroc": 0.9657279999999999,
      "optimal_threshold": -0.004039257764816284,
      "tpr_at_fpr_0_01": 0.804,
      "fpr95": 0.232,
      "aupr": 0.9746574404011958
    },
    "layer_20": {
      "n_total": 500,
      "n_valid": 500,
      "n_val_total": 500,
      "n_val_valid": 500,
      "acc": 0.904,
      "f1": 0.8987341772151899,
      "pre": 0.9508928571428571,