{
  "args": {
    "model": "llama_8b",
    "dataset": "tsm_multi",
    "mode": "last_token",
    "centering": false,
    "prefix": false,
    "smoke_test": false,
    "ood": false,
    "ood_set": "",
    "manifold": true,
    "pca_components": 10
  },
  "steering_domain": "tsm_multi",
  "eval_domain": "tsm_multi",
  "n_samples": 500,
  "n_layers": 33,
  "metrics_per_layer": {
    "layer_1": {
      "n_total": 500,
      "n_valid": 500,
      "n_val_total": 500,
      "n_val_valid": 500,
      "acc": 0.534,
      "f1": 0.6722925457102672,
      "pre": 0.5184381778741866,
      "recall": 0.956,
      "auroc": 0.5233440000000001,
      "optimal_threshold": 0.019280992448329926,
      "tpr_at_fpr_0_01": 0.0,
      "fpr95": 0.888,
      "aupr": 0.5119582566425309
    },
    "layer_2": {
      "n_total": 500,
      "n_valid": 500,
      "n_val_total": 500,
      "n_val_valid": 500,
      "acc": 0.55,
      "f1": 0.5579567779960707,
      "pre": 0.5482625482625483,
      "recall": 0.568,
      "auroc": 0.557536,
      "optimal_threshold": 0.10411039739847183,
      "tpr_at_fpr_0_01": 0.008,
      "fpr95": 0.912,
      "aupr": 0.5449782683135949
    },
    "layer_3": {
      "n_total": 500,
      "n_valid": 500,
      "n_val_total": 500,
      "n_val_valid": 500,
      "acc": 0.578,
      "f1": 0.6393162393162393,
      "pre": 0.5582089552238806,
      "recall": 0.748,
      "auroc": 0.595536,
      "optimal_threshold": 0.07877519726753235,
      "tpr_at_fpr_0_01": 0.024,
      "fpr95": 0.944,
      "aupr": 0.5679587929598966
    },
    "layer_4": {
      "n_total": 500,
      "n_valid": 500,
      "n_val_total": 500,
      "n_val_valid": 500,
      "acc": 0.584,
      "f1": 0.6521739130434783,
      "pre": 0.5603448275862069,
      "recall": 0.78,
      "auroc": 0.621328,
      "optimal_threshold": 0.2717663645744324,
      "tpr_at_fpr_0_01": 0.036,
      "fpr95": 0.952,
      "aupr": 0.6124032862935022
    },
    "layer_5": {
      "n_total": 500,
      "n_valid": 500,
      "n_val_total": 500,
      "n_val_valid": 500,
      "acc": 0.674,
      "f1": 0.644880174291939,
      "pre": 0.7081339712918661,
      "recall": 0.592,
      "auroc": 0.733984,
      "optimal_threshold": 0.46007096767425537,
      "tpr_at_fpr_0_01": 0.108,
      "fpr95": 0.864,
      "aupr": 0.7505008018621453
    },
    "layer_6": {
      "n_total": 500,
      "n_valid": 500,
      "n_val_total": 500,
      "n_val_valid": 500,
      "acc": 0.726,
      "f1": 0.6975717439293598,
      "pre": 0.7783251231527094,
      "recall": 0.632,
      "auroc": 0.7878240000000001,
      "optimal_threshold": 0.6462482213973999,
      "tpr_at_fpr_0_01": 0.208,
      "fpr95": 0.812,
      "aupr": 0.8106027800427433
    },
    "layer_7": {
      "n_total": 500,
      "n_valid": 500,
      "n_val_total": 500,
      "n_val_valid": 500,
      "acc": 0.706,
      "f1": 0.6352357320099256,
      "pre": 0.8366013071895425,
      "recall": 0.512,
      "auroc": 0.7832000000000001,
      "optimal_threshold": 1.1012847423553467,
      "tpr_at_fpr_0_01": 0.192,
      "fpr95": 0.712,
      "aupr": 0.8053394209399365
    },
    "layer_8": {
      "n_total": 500,
      "n_valid": 500,
      "n_val_total": 500,
      "n_val_valid": 500,
      "acc": 0.706,
      "f1": 0.676923076923077,
      "pre": 0.751219512195122,
      "recall": 0.616,
      "auroc": 0.770064,
      "optimal_threshold": 0.8499181270599365,
      "tpr_at_fpr_0_01": 0.176,
      "fpr95": 0.792,
      "aupr": 0.7909119616611187
    },
    "layer_9": {
      "n_total": 500,
      "n_valid": 500,
      "n_val_total": 500,
      "n_val_valid": 500,
      "acc": 0.694,
      "f1": 0.6592427616926503,
      "pre": 0.7437185929648241,
      "recall": 0.592,
      "auroc": 0.75736,
      "optimal_threshold": 0.9112972021102905,
      "tpr_at_fpr_0_01": 0.204,
      "fpr95": 0.876,
      "aupr": 0.781407555473927
    },
    "layer_10": {
      "n_total": 500,
      "n_valid": 500,
      "n_val_total": 500,
      "n_val_valid": 500,
      "acc": 0.68,
      "f1": 0.6761133603238867,
      "pre": 0.6844262295081968,
      "recall": 0.668,
      "auroc": 0.76048,
      "optimal_threshold": 0.8996478915214539,
      "tpr_at_fpr_0_01": 0.228,
      "fpr95": 0.872,
      "aupr": 0.7903424426363372
    },
    "layer_11": {
      "n_total": 500,
      "n_valid": 500,
      "n_val_total": 500,
      "n_val_valid": 500,
      "acc": 0.734,
      "f1": 0.7234927234927235,
      "pre": 0.7532467532467533,
      "recall": 0.696,
      "auroc": 0.8104639999999999,
      "optimal_threshold": 0.9815436601638794,
      "tpr_at_fpr_0_01": 0.296,
      "fpr95": 0.8,
      "aupr": 0.8435278123350839
    },
    "layer_12": {
      "n_total": 500,
      "n_valid": 500,
      "n_val_total": 500,
      "n_val_valid": 500,
      "acc": 0.744,
      "f1": 0.7064220183486238,
      "pre": 0.8279569892473119,
      "recall": 0.616,
      "auroc": 0.806544,
      "optimal_threshold": 1.3725128173828125,
      "tpr_at_fpr_0_01": 0.276,
      "fpr95": 0.832,
      "aupr": 0.8386765502906377
    },
    "layer_13": {
      "n_total": 500,
      "n_valid": 500,
      "n_val_total": 500,
      "n_val_valid": 500,
      "acc": 0.746,
      "f1": 0.7221006564551422,
      "pre": 0.7971014492753623,
      "recall": 0.66,
      "auroc": 0.8044800000000002,
      "optimal_threshold": 1.0647063255310059,
      "tpr_at_fpr_0_01": 0.32,
      "fpr95": 0.828,
      "aupr": 0.838082860894966
    },
    "layer_14": {
      "n_total": 500,
      "n_valid": 500,
      "n_val_total": 500,
      "n_val_valid": 500,
      "acc": 0.73,
      "f1": 0.697986577181208,
      "pre": 0.7918781725888325,
      "recall": 0.624,
      "auroc": 0.7915679999999999,
      "optimal_threshold": 1.1216895580291748,
      "tpr_at_fpr_0_01": 0.32,
      "fpr95": 0.824,
      "aupr": 0.8268604343317185
    },
    "layer_15": {
      "n_total": 500,
      "n_valid": 500,
      "n_val_total": 500,
      "n_val_valid": 500,
      "acc": 0.742,
      "f1": 0.7126948775055679,
      "pre": 0.8040201005025126,
      "recall": 0.64,
      "auroc": 0.802144,
      "optimal_threshold": 1.2860291004180908,
      "tpr_at_fpr_0_01": 0.316,
      "fpr95": 0.844,
      "aupr": 0.8392999556330528
    },
    "layer_16": {
      "n_total": 500,
      "n_valid": 500,
      "n_val_total": 500,
      "n_val_valid": 500,
      "acc": 0.736,
      "f1": 0.7,
      "pre": 0.8105263157894737,
      "recall": 0.616,
      "auroc": 0.7947519999999999,
      "optimal_threshold": 1.582672119140625,
      "tpr_at_fpr_0_01": 0.324,
      "fpr95": 0.808,
      "aupr": 0.831385049633227
    },
    "layer_17": {
      "n_total": 500,
      "n_valid": 500,
      "n_val_total": 500,
      "n_val_valid": 500,
      "acc": 0.744,
      "f1": 0.7050691244239631,
      "pre": 0.8315217391304348,
      "recall": 0.612,
      "auroc": 0.807952,
      "optimal_threshold": 1.6112377643585205,
      "tpr_at_fpr_0_01": 0.428,
      "fpr95": 0.784,
      "aupr": 0.8482386606595346
    },
    "layer_18": {
      "n_total": 500,
      "n_valid": 500,
      "n_val_total": 500,
      "n_val_valid": 500,
      "acc": 0.74,
      "f1": 0.717391304347826,
      "pre": 0.7857142857142857,
      "recall": 0.66,
      "auroc": 0.810384,
      "optimal_threshold": 1.8838341236114502,
      "tpr_at_fpr_0_01": 0.44,
      "fpr95": 0.82,
      "aupr": 0.8494755494070994
    },
    "layer_19": {
      "n_total": 500,
      "n_valid": 500,
      "n_val_total": 500,
      "n_val_valid": 500,
      "acc": 0.76,
      "f1": 0.7169811320754716,
      "pre": 0.8735632183908046,
      "recall": 0.608,
      "auroc": 0.8166399999999999,
      "optimal_threshold": 2.141610860824585,
      "tpr_at_fpr_0_01": 0.452,
      "fpr95": 0.8,
      "aupr": 0.8581017394583048
    },
    "layer_20": {
      "n_total": 500,
      "n_valid": 500,
      "n_val_total": 500,
      "n_val_valid": 500,
      "acc": 0.748,
      "f1": 0.6985645933014354,
      "pre": 0.8690476190476191,