{
  "args": {
    "model": "llama_8b",
    "dataset": "tsm_multi",
    "mode": "last_token",
    "centering": false,
    "prefix": false,
    "smoke_test": false,
    "ood": false,
    "ood_set": "",
    "manifold": true,
    "pca_components": 15
  },
  "steering_domain": "tsm_multi",
  "eval_domain": "tsm_multi",
  "n_samples": 500,
  "n_layers": 33,
  "metrics_per_layer": {
    "layer_1": {
      "n_total": 500,
      "n_valid": 500,
      "n_val_total": 500,
      "n_val_valid": 500,
      "acc": 0.534,
      "f1": 0.6722925457102672,
      "pre": 0.5184381778741866,
      "recall": 0.956,
      "auroc": 0.5233920000000001,
      "optimal_threshold": 0.02215888351202011,
      "tpr_at_fpr_0_01": 0.0,
      "fpr95": 0.888,
      "aupr": 0.5119717888318664
    },
    "layer_2": {
      "n_total": 500,
      "n_valid": 500,
      "n_val_total": 500,
      "n_val_valid": 500,
      "acc": 0.542,
      "f1": 0.3656509695290859,
      "pre": 0.5945945945945946,
      "recall": 0.264,
      "auroc": 0.5841120000000001,
      "optimal_threshold": 0.12814703583717346,
      "tpr_at_fpr_0_01": 0.004,
      "fpr95": 0.912,
      "aupr": 0.5563725162039033
    },
    "layer_3": {
      "n_total": 500,
      "n_valid": 500,
      "n_val_total": 500,
      "n_val_valid": 500,
      "acc": 0.57,
      "f1": 0.6386554621848739,
      "pre": 0.5507246376811594,
      "recall": 0.76,
      "auroc": 0.597072,
      "optimal_threshold": 0.0767255574464798,
      "tpr_at_fpr_0_01": 0.024,
      "fpr95": 0.944,
      "aupr": 0.5731266434609135
    },
    "layer_4": {
      "n_total": 500,
      "n_valid": 500,
      "n_val_total": 500,
      "n_val_valid": 500,
      "acc": 0.624,
      "f1": 0.5765765765765766,
      "pre": 0.6597938144329897,
      "recall": 0.512,
      "auroc": 0.6666719999999999,
      "optimal_threshold": 0.4005098342895508,
      "tpr_at_fpr_0_01": 0.068,
      "fpr95": 0.9,
      "aupr": 0.6670092652684277
    },
    "layer_5": {
      "n_total": 500,
      "n_valid": 500,
      "n_val_total": 500,
      "n_val_valid": 500,
      "acc": 0.704,
      "f1": 0.6636363636363637,
      "pre": 0.7684210526315789,
      "recall": 0.584,
      "auroc": 0.75456,
      "optimal_threshold": 0.4457891583442688,
      "tpr_at_fpr_0_01": 0.14,
      "fpr95": 0.836,
      "aupr": 0.7718769405048521
    },
    "layer_6": {
      "n_total": 500,
      "n_valid": 500,
      "n_val_total": 500,
      "n_val_valid": 500,
      "acc": 0.722,
      "f1": 0.702355460385439,
      "pre": 0.7557603686635944,
      "recall": 0.656,
      "auroc": 0.799808,
      "optimal_threshold": 0.5960900783538818,
      "tpr_at_fpr_0_01": 0.16,
      "fpr95": 0.796,
      "aupr": 0.820064760306372
    },
    "layer_7": {
      "n_total": 500,
      "n_valid": 500,
      "n_val_total": 500,
      "n_val_valid": 500,
      "acc": 0.736,
      "f1": 0.7079646017699115,
      "pre": 0.7920792079207921,
      "recall": 0.64,
      "auroc": 0.796592,
      "optimal_threshold": 0.9195797443389893,
      "tpr_at_fpr_0_01": 0.192,
      "fpr95": 0.748,
      "aupr": 0.8179664404925315
    },
    "layer_8": {
      "n_total": 500,
      "n_valid": 500,
      "n_val_total": 500,
      "n_val_valid": 500,
      "acc": 0.716,
      "f1": 0.6978723404255319,
      "pre": 0.7454545454545455,
      "recall": 0.656,
      "auroc": 0.790992,
      "optimal_threshold": 0.8215240240097046,
      "tpr_at_fpr_0_01": 0.188,
      "fpr95": 0.784,
      "aupr": 0.8104377606236801
    },
    "layer_9": {
      "n_total": 500,
      "n_valid": 500,
      "n_val_total": 500,
      "n_val_valid": 500,
      "acc": 0.708,
      "f1": 0.690677966101695,
      "pre": 0.7342342342342343,
      "recall": 0.652,
      "auroc": 0.7783359999999999,
      "optimal_threshold": 0.8781546354293823,
      "tpr_at_fpr_0_01": 0.208,
      "fpr95": 0.816,
      "aupr": 0.8018852468575338
    },
    "layer_10": {
      "n_total": 500,
      "n_valid": 500,
      "n_val_total": 500,
      "n_val_valid": 500,
      "acc": 0.714,
      "f1": 0.7190569744597249,
      "pre": 0.7065637065637066,
      "recall": 0.732,
      "auroc": 0.7823680000000001,
      "optimal_threshold": 0.8038021922111511,
      "tpr_at_fpr_0_01": 0.24,
      "fpr95": 0.864,
      "aupr": 0.8119043848063696
    },
    "layer_11": {
      "n_total": 500,
      "n_valid": 500,
      "n_val_total": 500,
      "n_val_valid": 500,
      "acc": 0.768,
      "f1": 0.7583333333333333,
      "pre": 0.7913043478260869,
      "recall": 0.728,
      "auroc": 0.840112,
      "optimal_threshold": 1.0038689374923706,
      "tpr_at_fpr_0_01": 0.356,
      "fpr95": 0.724,
      "aupr": 0.8700239294015351
    },
    "layer_12": {
      "n_total": 500,
      "n_valid": 500,
      "n_val_total": 500,
      "n_val_valid": 500,
      "acc": 0.756,
      "f1": 0.7336244541484717,
      "pre": 0.8076923076923077,
      "recall": 0.672,
      "auroc": 0.8193280000000001,
      "optimal_threshold": 1.2627084255218506,
      "tpr_at_fpr_0_01": 0.34,
      "fpr95": 0.792,
      "aupr": 0.8516573603922403
    },
    "layer_13": {
      "n_total": 500,
      "n_valid": 500,
      "n_val_total": 500,
      "n_val_valid": 500,
      "acc": 0.75,
      "f1": 0.7264770240700219,
      "pre": 0.8019323671497585,
      "recall": 0.664,
      "auroc": 0.8127360000000001,
      "optimal_threshold": 1.1434195041656494,
      "tpr_at_fpr_0_01": 0.344,
      "fpr95": 0.832,
      "aupr": 0.8447598433443932
    },
    "layer_14": {
      "n_total": 500,
      "n_valid": 500,
      "n_val_total": 500,
      "n_val_valid": 500,
      "acc": 0.736,
      "f1": 0.7261410788381742,
      "pre": 0.7543103448275862,
      "recall": 0.7,
      "auroc": 0.8027519999999999,
      "optimal_threshold": 0.9142649173736572,
      "tpr_at_fpr_0_01": 0.328,
      "fpr95": 0.832,
      "aupr": 0.8384049779421255
    },
    "layer_15": {
      "n_total": 500,
      "n_valid": 500,
      "n_val_total": 500,
      "n_val_valid": 500,
      "acc": 0.752,
      "f1": 0.7316017316017316,
      "pre": 0.7971698113207547,
      "recall": 0.676,
      "auroc": 0.8106079999999999,
      "optimal_threshold": 1.2474514245986938,
      "tpr_at_fpr_0_01": 0.312,
      "fpr95": 0.816,
      "aupr": 0.8480257761426133
    },
    "layer_16": {
      "n_total": 500,
      "n_valid": 500,
      "n_val_total": 500,
      "n_val_valid": 500,
      "acc": 0.738,
      "f1": 0.6932084309133489,
      "pre": 0.8361581920903954,
      "recall": 0.592,
      "auroc": 0.809232,
      "optimal_threshold": 1.8039438724517822,
      "tpr_at_fpr_0_01": 0.38,
      "fpr95": 0.8,
      "aupr": 0.8448584280744191
    },
    "layer_17": {
      "n_total": 500,
      "n_valid": 500,
      "n_val_total": 500,
      "n_val_valid": 500,
      "acc": 0.76,
      "f1": 0.7156398104265402,
      "pre": 0.877906976744186,
      "recall": 0.604,
      "auroc": 0.82216,
      "optimal_threshold": 1.8791115283966064,
      "tpr_at_fpr_0_01": 0.44,
      "fpr95": 0.836,
      "aupr": 0.8591619631923468
    },
    "layer_18": {
      "n_total": 500,
      "n_valid": 500,
      "n_val_total": 500,
      "n_val_valid": 500,
      "acc": 0.75,
      "f1": 0.7002398081534772,
      "pre": 0.874251497005988,
      "recall": 0.584,
      "auroc": 0.817328,
      "optimal_threshold": 2.2713541984558105,
      "tpr_at_fpr_0_01": 0.456,
      "fpr95": 0.816,
      "aupr": 0.8554034210515364
    },
    "layer_19": {
      "n_total": 500,
      "n_valid": 500,
      "n_val_total": 500,
      "n_val_valid": 500,
      "acc": 0.756,
      "f1": 0.7252252252252253,
      "pre": 0.8298969072164949,
      "recall": 0.644,
      "auroc": 0.829568,
      "optimal_threshold": 1.9632776975631714,
      "tpr_at_fpr_0_01": 0.472,
      "fpr95": 0.752,
      "aupr": 0.866618221978978
    },
    "layer_20": {
      "n_total": 500,
      "n_valid": 500,
      "n_val_total": 500,
      "n_val_valid": 500,
      "acc": 0.742,
      "f1": 0.6750629722921915,