{
  "args": {
    "model": "llama_8b",
    "dataset": "m4_multi",
    "mode": "last_token",
    "prefix": false,
    "smoke_test": false,
    "ood": false,
    "ood_set": "",
    "manifold": true,
    "pca_components": 30
  },
  "steering_domain": "m4_multi",
  "eval_domain": "m4_multi",
  "n_samples": 500,
  "n_layers": 33,
  "metrics_per_layer": {
    "layer_1": {
      "n_total": 500,
      "n_valid": 500,
      "n_val_total": 500,
      "n_val_valid": 500,
      "acc": 0.76,
      "f1": 0.7692307692307693,
      "pre": 0.7407407407407407,
      "recall": 0.8,
      "auroc": 0.8175999999999999,
      "optimal_threshold": -0.00709158182144165,
      "tpr_at_fpr_0_01": 0.0,
      "fpr95": 0.456,
      "aupr": 0.7467322243025367
    },
    "layer_2": {
      "n_total": 500,
      "n_valid": 500,
      "n_val_total": 500,
      "n_val_valid": 500,
      "acc": 0.774,
      "f1": 0.7941712204007286,
      "pre": 0.7290969899665551,
      "recall": 0.872,
      "auroc": 0.8554240000000001,
      "optimal_threshold": -0.04665173590183258,
      "tpr_at_fpr_0_01": 0.196,
      "fpr95": 0.552,
      "aupr": 0.8558587066605857
    },
    "layer_3": {
      "n_total": 500,
      "n_valid": 500,
      "n_val_total": 500,
      "n_val_valid": 500,
      "acc": 0.78,
      "f1": 0.7782258064516129,
      "pre": 0.7845528455284553,
      "recall": 0.772,
      "auroc": 0.853008,
      "optimal_threshold": 0.081973135471344,
      "tpr_at_fpr_0_01": 0.236,
      "fpr95": 0.8,
      "aupr": 0.863535477896261
    },
    "layer_4": {
      "n_total": 500,
      "n_valid": 500,
      "n_val_total": 500,
      "n_val_valid": 500,
      "acc": 0.792,
      "f1": 0.7851239669421488,
      "pre": 0.811965811965812,
      "recall": 0.76,
      "auroc": 0.858768,
      "optimal_threshold": 0.1332901120185852,
      "tpr_at_fpr_0_01": 0.432,
      "fpr95": 0.8,
      "aupr": 0.8921817389672978
    },
    "layer_5": {
      "n_total": 500,
      "n_valid": 500,
      "n_val_total": 500,
      "n_val_valid": 500,
      "acc": 0.822,
      "f1": 0.7954022988505747,
      "pre": 0.9351351351351351,
      "recall": 0.692,
      "auroc": 0.8859680000000001,
      "optimal_threshold": 0.22034400701522827,
      "tpr_at_fpr_0_01": 0.572,
      "fpr95": 0.712,
      "aupr": 0.914155051155153
    },
    "layer_6": {
      "n_total": 500,
      "n_valid": 500,
      "n_val_total": 500,
      "n_val_valid": 500,
      "acc": 0.83,
      "f1": 0.8054919908466819,
      "pre": 0.9411764705882353,
      "recall": 0.704,
      "auroc": 0.8947839999999999,
      "optimal_threshold": 0.24190792441368103,
      "tpr_at_fpr_0_01": 0.572,
      "fpr95": 0.628,
      "aupr": 0.919856914043353
    },
    "layer_7": {
      "n_total": 500,
      "n_valid": 500,
      "n_val_total": 500,
      "n_val_valid": 500,
      "acc": 0.838,
      "f1": 0.8179775280898877,
      "pre": 0.9333333333333333,
      "recall": 0.728,
      "auroc": 0.8929439999999998,
      "optimal_threshold": 0.21647566556930542,
      "tpr_at_fpr_0_01": 0.568,
      "fpr95": 0.624,
      "aupr": 0.9180340816741667
    },
    "layer_8": {
      "n_total": 500,
      "n_valid": 500,
      "n_val_total": 500,
      "n_val_valid": 500,
      "acc": 0.82,
      "f1": 0.7897196261682243,
      "pre": 0.949438202247191,
      "recall": 0.676,
      "auroc": 0.888048,
      "optimal_threshold": 0.23861829936504364,
      "tpr_at_fpr_0_01": 0.568,
      "fpr95": 0.608,
      "aupr": 0.9142438871603165
    },
    "layer_9": {
      "n_total": 500,
      "n_valid": 500,
      "n_val_total": 500,
      "n_val_valid": 500,
      "acc": 0.808,
      "f1": 0.7692307692307693,
      "pre": 0.963855421686747,
      "recall": 0.64,
      "auroc": 0.886752,
      "optimal_threshold": 0.27994662523269653,
      "tpr_at_fpr_0_01": 0.576,
      "fpr95": 0.74,
      "aupr": 0.9161235195147306
    },
    "layer_10": {
      "n_total": 500,
      "n_valid": 500,
      "n_val_total": 500,
      "n_val_valid": 500,
      "acc": 0.828,
      "f1": 0.8027522935779816,
      "pre": 0.9408602150537635,
      "recall": 0.7,
      "auroc": 0.8907200000000001,
      "optimal_threshold": 0.16113194823265076,
      "tpr_at_fpr_0_01": 0.608,
      "fpr95": 0.732,
      "aupr": 0.9196300614386484
    },
    "layer_11": {
      "n_total": 500,
      "n_valid": 500,
      "n_val_total": 500,
      "n_val_valid": 500,
      "acc": 0.846,
      "f1": 0.8253968253968254,
      "pre": 0.9528795811518325,
      "recall": 0.728,
      "auroc": 0.8959520000000001,
      "optimal_threshold": 0.13761115074157715,
      "tpr_at_fpr_0_01": 0.68,
      "fpr95": 0.772,
      "aupr": 0.9264459964816485
    },
    "layer_12": {
      "n_total": 500,
      "n_valid": 500,
      "n_val_total": 500,
      "n_val_valid": 500,
      "acc": 0.84,
      "f1": 0.8222222222222222,
      "pre": 0.925,
      "recall": 0.74,
      "auroc": 0.8903359999999999,
      "optimal_threshold": 0.07518792152404785,
      "tpr_at_fpr_0_01": 0.616,
      "fpr95": 0.764,
      "aupr": 0.9208439635222887
    },
    "layer_13": {
      "n_total": 500,
      "n_valid": 500,
      "n_val_total": 500,
      "n_val_valid": 500,
      "acc": 0.846,
      "f1": 0.8307692307692308,
      "pre": 0.9219512195121952,
      "recall": 0.756,
      "auroc": 0.897936,
      "optimal_threshold": 0.10832870751619339,
      "tpr_at_fpr_0_01": 0.66,
      "fpr95": 0.784,
      "aupr": 0.9266272022102302
    },
    "layer_14": {
      "n_total": 500,
      "n_valid": 500,
      "n_val_total": 500,
      "n_val_valid": 500,
      "acc": 0.84,
      "f1": 0.8165137614678899,
      "pre": 0.956989247311828,
      "recall": 0.712,
      "auroc": 0.9030080000000001,
      "optimal_threshold": 0.29015421867370605,
      "tpr_at_fpr_0_01": 0.664,
      "fpr95": 0.704,
      "aupr": 0.929153848283181
    },
    "layer_15": {
      "n_total": 500,
      "n_valid": 500,
      "n_val_total": 500,
      "n_val_valid": 500,
      "acc": 0.832,
      "f1": 0.8189655172413793,
      "pre": 0.8878504672897196,
      "recall": 0.76,
      "auroc": 0.915536,
      "optimal_threshold": 0.06201532483100891,
      "tpr_at_fpr_0_01": 0.66,
      "fpr95": 0.604,
      "aupr": 0.9349613184589005
    },
    "layer_16": {
      "n_total": 500,
      "n_valid": 500,
      "n_val_total": 500,
      "n_val_valid": 500,
      "acc": 0.844,
      "f1": 0.8326180257510729,
      "pre": 0.8981481481481481,
      "recall": 0.776,
      "auroc": 0.9164800000000001,
      "optimal_threshold": 0.11149333417415619,
      "tpr_at_fpr_0_01": 0.68,
      "fpr95": 0.612,
      "aupr": 0.9363446794990915
    },
    "layer_17": {
      "n_total": 500,
      "n_valid": 500,
      "n_val_total": 500,
      "n_val_valid": 500,
      "acc": 0.854,
      "f1": 0.840958605664488,
      "pre": 0.9234449760765551,
      "recall": 0.772,
      "auroc": 0.9167679999999999,
      "optimal_threshold": 0.24851307272911072,
      "tpr_at_fpr_0_01": 0.716,
      "fpr95": 0.532,
      "aupr": 0.9379699118640911
    },
    "layer_18": {
      "n_total": 500,
      "n_valid": 500,
      "n_val_total": 500,
      "n_val_valid": 500,
      "acc": 0.862,
      "f1": 0.8516129032258064,
      "pre": 0.9209302325581395,
      "recall": 0.792,
      "auroc": 0.9337439999999999,
      "optimal_threshold": 0.23951351642608643,
      "tpr_at_fpr_0_01": 0.664,
      "fpr95": 0.436,
      "aupr": 0.9472404699794685
    },
    "layer_19": {
      "n_total": 500,
      "n_valid": 500,
      "n_val_total": 500,
      "n_val_valid": 500,
      "acc": 0.874,
      "f1": 0.8639308855291576,
      "pre": 0.9389671361502347,
      "recall": 0.8,
      "auroc": 0.9397279999999999,
      "optimal_threshold": 0.5426595211029053,
      "tpr_at_fpr_0_01": 0.668,
      "fpr95": 0.392,
      "aupr": 0.9509957104056148
    },
    "layer_20": {
      "n_total": 500,
      "n_valid": 500,
      "n_val_total": 500,
      "n_val_valid": 500,
      "acc": 0.868,
      "f1": 0.8571428571428571,