{
  "args": {
    "model": "llama_8b",
    "dataset": "drl_t1_perturbation",
    "mode": "last_token",
    "prefix": false,
    "smoke_test": false,
    "ood": false,
    "ood_set": "",
    "manifold": true,
    "pca_components": 40
  },
  "steering_domain": "drl_t1_perturbation",
  "eval_domain": "drl_t1_perturbation",
  "n_samples": 500,
  "n_layers": 33,
  "metrics_per_layer": {
    "layer_1": {
      "n_total": 500,
      "n_valid": 500,
      "n_val_total": 500,
      "n_val_valid": 500,
      "acc": 0.62,
      "f1": 0.7155688622754491,
      "pre": 0.5717703349282297,
      "recall": 0.956,
      "auroc": 0.621632,
      "optimal_threshold": 0.04492122307419777,
      "tpr_at_fpr_0_01": 0.0,
      "fpr95": 0.716,
      "aupr": 0.5704822984122453
    },
    "layer_2": {
      "n_total": 500,
      "n_valid": 500,
      "n_val_total": 500,
      "n_val_valid": 500,
      "acc": 0.778,
      "f1": 0.7784431137724551,
      "pre": 0.7768924302788844,
      "recall": 0.78,
      "auroc": 0.8511679999999999,
      "optimal_threshold": 0.0431131012737751,
      "tpr_at_fpr_0_01": 0.204,
      "fpr95": 0.6,
      "aupr": 0.8504789715577264
    },
    "layer_3": {
      "n_total": 500,
      "n_valid": 500,
      "n_val_total": 500,
      "n_val_valid": 500,
      "acc": 0.774,
      "f1": 0.7822736030828517,
      "pre": 0.7546468401486989,
      "recall": 0.812,
      "auroc": 0.859072,
      "optimal_threshold": 0.02852778509259224,
      "tpr_at_fpr_0_01": 0.248,
      "fpr95": 0.604,
      "aupr": 0.8713419434442626
    },
    "layer_4": {
      "n_total": 500,
      "n_valid": 500,
      "n_val_total": 500,
      "n_val_valid": 500,
      "acc": 0.82,
      "f1": 0.7963800904977375,
      "pre": 0.9166666666666666,
      "recall": 0.704,
      "auroc": 0.907536,
      "optimal_threshold": 0.13209599256515503,
      "tpr_at_fpr_0_01": 0.44,
      "fpr95": 0.444,
      "aupr": 0.9213787693852395
    },
    "layer_5": {
      "n_total": 500,
      "n_valid": 500,
      "n_val_total": 500,
      "n_val_valid": 500,
      "acc": 0.896,
      "f1": 0.8934426229508197,
      "pre": 0.9159663865546218,
      "recall": 0.872,
      "auroc": 0.954592,
      "optimal_threshold": 0.021323155611753464,
      "tpr_at_fpr_0_01": 0.808,
      "fpr95": 0.336,
      "aupr": 0.9652775703843386
    },
    "layer_6": {
      "n_total": 500,
      "n_valid": 500,
      "n_val_total": 500,
      "n_val_valid": 500,
      "acc": 0.906,
      "f1": 0.9050505050505051,
      "pre": 0.9142857142857143,
      "recall": 0.896,
      "auroc": 0.9690400000000001,
      "optimal_threshold": -0.021978255361318588,
      "tpr_at_fpr_0_01": 0.824,
      "fpr95": 0.22,
      "aupr": 0.9752786189897129
    },
    "layer_7": {
      "n_total": 500,
      "n_valid": 500,
      "n_val_total": 500,
      "n_val_valid": 500,
      "acc": 0.892,
      "f1": 0.8937007874015748,
      "pre": 0.8798449612403101,
      "recall": 0.908,
      "auroc": 0.967296,
      "optimal_threshold": -0.09650607407093048,
      "tpr_at_fpr_0_01": 0.828,
      "fpr95": 0.276,
      "aupr": 0.9738779817005205
    },
    "layer_8": {
      "n_total": 500,
      "n_valid": 500,
      "n_val_total": 500,
      "n_val_valid": 500,
      "acc": 0.89,
      "f1": 0.8879837067209776,
      "pre": 0.9045643153526971,
      "recall": 0.872,
      "auroc": 0.95936,
      "optimal_threshold": -0.028750836849212646,
      "tpr_at_fpr_0_01": 0.756,
      "fpr95": 0.304,
      "aupr": 0.9665236514592046
    },
    "layer_9": {
      "n_total": 500,
      "n_valid": 500,
      "n_val_total": 500,
      "n_val_valid": 500,
      "acc": 0.886,
      "f1": 0.8829568788501027,
      "pre": 0.9071729957805907,
      "recall": 0.86,
      "auroc": 0.9590879999999999,
      "optimal_threshold": -0.08822241425514221,
      "tpr_at_fpr_0_01": 0.772,
      "fpr95": 0.256,
      "aupr": 0.9664085957795132
    },
    "layer_10": {
      "n_total": 500,
      "n_valid": 500,
      "n_val_total": 500,
      "n_val_valid": 500,
      "acc": 0.902,
      "f1": 0.8985507246376812,
      "pre": 0.9313304721030042,
      "recall": 0.868,
      "auroc": 0.966912,
      "optimal_threshold": -0.0461355596780777,
      "tpr_at_fpr_0_01": 0.744,
      "fpr95": 0.208,
      "aupr": 0.9725345899216525
    },
    "layer_11": {
      "n_total": 500,
      "n_valid": 500,
      "n_val_total": 500,
      "n_val_valid": 500,
      "acc": 0.92,
      "f1": 0.9190283400809717,
      "pre": 0.930327868852459,
      "recall": 0.908,
      "auroc": 0.981888,
      "optimal_threshold": -0.21013261377811432,
      "tpr_at_fpr_0_01": 0.868,
      "fpr95": 0.124,
      "aupr": 0.9848600521952061
    },
    "layer_12": {
      "n_total": 500,
      "n_valid": 500,
      "n_val_total": 500,
      "n_val_valid": 500,
      "acc": 0.912,
      "f1": 0.9109311740890689,
      "pre": 0.9221311475409836,
      "recall": 0.9,
      "auroc": 0.9749599999999999,
      "optimal_threshold": -0.21064861118793488,
      "tpr_at_fpr_0_01": 0.836,
      "fpr95": 0.18,
      "aupr": 0.9790570997184805
    },
    "layer_13": {
      "n_total": 500,
      "n_valid": 500,
      "n_val_total": 500,
      "n_val_valid": 500,
      "acc": 0.914,
      "f1": 0.9090909090909091,
      "pre": 0.9641255605381166,
      "recall": 0.86,
      "auroc": 0.976112,
      "optimal_threshold": 0.019456148147583008,
      "tpr_at_fpr_0_01": 0.84,
      "fpr95": 0.156,
      "aupr": 0.9797351168808389
    },
    "layer_14": {
      "n_total": 500,
      "n_valid": 500,
      "n_val_total": 500,
      "n_val_valid": 500,
      "acc": 0.89,
      "f1": 0.8796498905908097,
      "pre": 0.9710144927536232,
      "recall": 0.804,
      "auroc": 0.966032,
      "optimal_threshold": 0.1546926349401474,
      "tpr_at_fpr_0_01": 0.78,
      "fpr95": 0.224,
      "aupr": 0.9707944432619158
    },
    "layer_15": {
      "n_total": 500,
      "n_valid": 500,
      "n_val_total": 500,
      "n_val_valid": 500,
      "acc": 0.898,
      "f1": 0.8930817610062893,
      "pre": 0.9383259911894273,
      "recall": 0.852,
      "auroc": 0.96872,
      "optimal_threshold": -0.06568457931280136,
      "tpr_at_fpr_0_01": 0.808,
      "fpr95": 0.208,
      "aupr": 0.9735834393640702
    },
    "layer_16": {
      "n_total": 500,
      "n_valid": 500,
      "n_val_total": 500,
      "n_val_valid": 500,
      "acc": 0.896,
      "f1": 0.8934426229508197,
      "pre": 0.9159663865546218,
      "recall": 0.872,
      "auroc": 0.964592,
      "optimal_threshold": -0.11316195130348206,
      "tpr_at_fpr_0_01": 0.812,
      "fpr95": 0.288,
      "aupr": 0.9716347794957645
    },
    "layer_17": {
      "n_total": 500,
      "n_valid": 500,
      "n_val_total": 500,
      "n_val_valid": 500,
      "acc": 0.92,
      "f1": 0.9148936170212766,
      "pre": 0.9772727272727273,
      "recall": 0.86,
      "auroc": 0.97232,
      "optimal_threshold": 0.03712928295135498,
      "tpr_at_fpr_0_01": 0.828,
      "fpr95": 0.2,
      "aupr": 0.9783341302758043
    },
    "layer_18": {
      "n_total": 500,
      "n_valid": 500,
      "n_val_total": 500,
      "n_val_valid": 500,
      "acc": 0.91,
      "f1": 0.9072164948453608,
      "pre": 0.9361702127659575,
      "recall": 0.88,
      "auroc": 0.9639520000000001,
      "optimal_threshold": -0.1037527322769165,
      "tpr_at_fpr_0_01": 0.808,
      "fpr95": 0.3,
      "aupr": 0.9718334676068298
    },
    "layer_19": {
      "n_total": 500,
      "n_valid": 500,
      "n_val_total": 500,
      "n_val_valid": 500,
      "acc": 0.938,
      "f1": 0.9360824742268041,
      "pre": 0.9659574468085106,
      "recall": 0.908,
      "auroc": 0.9742719999999999,
      "optimal_threshold": 0.047382473945617676,
      "tpr_at_fpr_0_01": 0.864,
      "fpr95": 0.216,
      "aupr": 0.9800108842242689
    },
    "layer_20": {
      "n_total": 500,
      "n_valid": 500,
      "n_val_total": 500,
      "n_val_valid": 500,
      "acc": 0.912,
      "f1": 0.9087136929460581,