{
  "args": {
    "model": "llama_8b",
    "dataset": "drl_t1_perturbation",
    "mode": "last_token",
    "centering": false,
    "prefix": false,
    "smoke_test": false,
    "ood": false,
    "ood_set": "",
    "manifold": true,
    "pca_components": 10
  },
  "steering_domain": "drl_t1_perturbation",
  "eval_domain": "drl_t1_perturbation",
  "n_samples": 500,
  "n_layers": 33,
  "metrics_per_layer": {
    "layer_1": {
      "n_total": 500,
      "n_valid": 500,
      "n_val_total": 500,
      "n_val_valid": 500,
      "acc": 0.62,
      "f1": 0.7155688622754491,
      "pre": 0.5717703349282297,
      "recall": 0.956,
      "auroc": 0.621696,
      "optimal_threshold": 0.17915645241737366,
      "tpr_at_fpr_0_01": 0.0,
      "fpr95": 0.716,
      "aupr": 0.5705028011780887
    },
    "layer_2": {
      "n_total": 500,
      "n_valid": 500,
      "n_val_total": 500,
      "n_val_valid": 500,
      "acc": 0.734,
      "f1": 0.7495291902071564,
      "pre": 0.708185053380783,
      "recall": 0.796,
      "auroc": 0.8081279999999998,
      "optimal_threshold": 0.14219987392425537,
      "tpr_at_fpr_0_01": 0.092,
      "fpr95": 0.592,
      "aupr": 0.7879229495059548
    },
    "layer_3": {
      "n_total": 500,
      "n_valid": 500,
      "n_val_total": 500,
      "n_val_valid": 500,
      "acc": 0.758,
      "f1": 0.7650485436893204,
      "pre": 0.7433962264150943,
      "recall": 0.788,
      "auroc": 0.8308959999999999,
      "optimal_threshold": 0.2274233102798462,
      "tpr_at_fpr_0_01": 0.144,
      "fpr95": 0.616,
      "aupr": 0.8341444547604455
    },
    "layer_4": {
      "n_total": 500,
      "n_valid": 500,
      "n_val_total": 500,
      "n_val_valid": 500,
      "acc": 0.792,
      "f1": 0.7739130434782608,
      "pre": 0.8476190476190476,
      "recall": 0.712,
      "auroc": 0.88168,
      "optimal_threshold": 0.4570598006248474,
      "tpr_at_fpr_0_01": 0.3,
      "fpr95": 0.476,
      "aupr": 0.8938311266935077
    },
    "layer_5": {
      "n_total": 500,
      "n_valid": 500,
      "n_val_total": 500,
      "n_val_valid": 500,
      "acc": 0.888,
      "f1": 0.8838174273858921,
      "pre": 0.9181034482758621,
      "recall": 0.852,
      "auroc": 0.94568,
      "optimal_threshold": 0.5168725252151489,
      "tpr_at_fpr_0_01": 0.732,
      "fpr95": 0.408,
      "aupr": 0.9581833023939778
    },
    "layer_6": {
      "n_total": 500,
      "n_valid": 500,
      "n_val_total": 500,
      "n_val_valid": 500,
      "acc": 0.89,
      "f1": 0.8888888888888888,
      "pre": 0.8979591836734694,
      "recall": 0.88,
      "auroc": 0.961904,
      "optimal_threshold": 0.5645143389701843,
      "tpr_at_fpr_0_01": 0.788,
      "fpr95": 0.26,
      "aupr": 0.9699283399287119
    },
    "layer_7": {
      "n_total": 500,
      "n_valid": 500,
      "n_val_total": 500,
      "n_val_valid": 500,
      "acc": 0.888,
      "f1": 0.8893280632411067,
      "pre": 0.87890625,
      "recall": 0.9,
      "auroc": 0.9611200000000001,
      "optimal_threshold": 0.8988524675369263,
      "tpr_at_fpr_0_01": 0.78,
      "fpr95": 0.304,
      "aupr": 0.9692021687353138
    },
    "layer_8": {
      "n_total": 500,
      "n_valid": 500,
      "n_val_total": 500,
      "n_val_valid": 500,
      "acc": 0.876,
      "f1": 0.8739837398373984,
      "pre": 0.8884297520661157,
      "recall": 0.86,
      "auroc": 0.952304,
      "optimal_threshold": 0.9608203768730164,
      "tpr_at_fpr_0_01": 0.712,
      "fpr95": 0.336,
      "aupr": 0.9608046964476367
    },
    "layer_9": {
      "n_total": 500,
      "n_valid": 500,
      "n_val_total": 500,
      "n_val_valid": 500,
      "acc": 0.882,
      "f1": 0.8773388773388774,
      "pre": 0.9134199134199135,
      "recall": 0.844,
      "auroc": 0.952384,
      "optimal_threshold": 1.2207040786743164,
      "tpr_at_fpr_0_01": 0.764,
      "fpr95": 0.328,
      "aupr": 0.9616548313327811
    },
    "layer_10": {
      "n_total": 500,
      "n_valid": 500,
      "n_val_total": 500,
      "n_val_valid": 500,
      "acc": 0.888,
      "f1": 0.8803418803418803,
      "pre": 0.944954128440367,
      "recall": 0.824,
      "auroc": 0.961696,
      "optimal_threshold": 1.4294319152832031,
      "tpr_at_fpr_0_01": 0.724,
      "fpr95": 0.248,
      "aupr": 0.9686863556361532
    },
    "layer_11": {
      "n_total": 500,
      "n_valid": 500,
      "n_val_total": 500,
      "n_val_valid": 500,
      "acc": 0.922,
      "f1": 0.919917864476386,
      "pre": 0.9451476793248945,
      "recall": 0.896,
      "auroc": 0.979536,
      "optimal_threshold": 1.3361066579818726,
      "tpr_at_fpr_0_01": 0.864,
      "fpr95": 0.14,
      "aupr": 0.9831458449908611
    },
    "layer_12": {
      "n_total": 500,
      "n_valid": 500,
      "n_val_total": 500,
      "n_val_valid": 500,
      "acc": 0.906,
      "f1": 0.9034907597535934,
      "pre": 0.9282700421940928,
      "recall": 0.88,
      "auroc": 0.97272,
      "optimal_threshold": 1.4491596221923828,
      "tpr_at_fpr_0_01": 0.824,
      "fpr95": 0.192,
      "aupr": 0.977452608468252
    },
    "layer_13": {
      "n_total": 500,
      "n_valid": 500,
      "n_val_total": 500,
      "n_val_valid": 500,
      "acc": 0.902,
      "f1": 0.90020366598778,
      "pre": 0.91701244813278,
      "recall": 0.884,
      "auroc": 0.9734079999999999,
      "optimal_threshold": 1.590759038925171,
      "tpr_at_fpr_0_01": 0.828,
      "fpr95": 0.168,
      "aupr": 0.977729830647884
    },
    "layer_14": {
      "n_total": 500,
      "n_valid": 500,
      "n_val_total": 500,
      "n_val_valid": 500,
      "acc": 0.884,
      "f1": 0.875,
      "pre": 0.9485981308411215,
      "recall": 0.812,
      "auroc": 0.9622879999999999,
      "optimal_threshold": 2.029299020767212,
      "tpr_at_fpr_0_01": 0.768,
      "fpr95": 0.272,
      "aupr": 0.9679539187904936
    },
    "layer_15": {
      "n_total": 500,
      "n_valid": 500,
      "n_val_total": 500,
      "n_val_valid": 500,
      "acc": 0.896,
      "f1": 0.891213389121339,
      "pre": 0.9342105263157895,
      "recall": 0.852,
      "auroc": 0.963376,
      "optimal_threshold": 1.8521397113800049,
      "tpr_at_fpr_0_01": 0.804,
      "fpr95": 0.252,
      "aupr": 0.9696521066453067
    },
    "layer_16": {
      "n_total": 500,
      "n_valid": 500,
      "n_val_total": 500,
      "n_val_valid": 500,
      "acc": 0.9,
      "f1": 0.8936170212765957,
      "pre": 0.9545454545454546,
      "recall": 0.84,
      "auroc": 0.959024,
      "optimal_threshold": 2.2557337284088135,
      "tpr_at_fpr_0_01": 0.8,
      "fpr95": 0.324,
      "aupr": 0.967529279151175
    },
    "layer_17": {
      "n_total": 500,
      "n_valid": 500,
      "n_val_total": 500,
      "n_val_valid": 500,
      "acc": 0.916,
      "f1": 0.9102564102564102,
      "pre": 0.9770642201834863,
      "recall": 0.852,
      "auroc": 0.9689599999999999,
      "optimal_threshold": 2.6198365688323975,
      "tpr_at_fpr_0_01": 0.82,
      "fpr95": 0.212,
      "aupr": 0.9761415327061408
    },
    "layer_18": {
      "n_total": 500,
      "n_valid": 500,
      "n_val_total": 500,
      "n_val_valid": 500,
      "acc": 0.896,
      "f1": 0.8947368421052632,
      "pre": 0.9057377049180327,
      "recall": 0.884,
      "auroc": 0.959536,
      "optimal_threshold": 2.603881359100342,
      "tpr_at_fpr_0_01": 0.792,
      "fpr95": 0.356,
      "aupr": 0.9687687892572694
    },
    "layer_19": {
      "n_total": 500,
      "n_valid": 500,
      "n_val_total": 500,
      "n_val_valid": 500,
      "acc": 0.932,
      "f1": 0.9291666666666667,
      "pre": 0.9695652173913043,
      "recall": 0.892,
      "auroc": 0.971648,
      "optimal_threshold": 3.2669966220855713,
      "tpr_at_fpr_0_01": 0.848,
      "fpr95": 0.244,
      "aupr": 0.9782592636020956
    },
    "layer_20": {
      "n_total": 500,
      "n_valid": 500,
      "n_val_total": 500,
      "n_val_valid": 500,
      "acc": 0.914,
      "f1": 0.9106029106029107,
      "pre": 0.948051948051948,
      "recall": 0.876,