{
  "args": {
    "model": "llama_8b",
    "dataset": "m4_multilingual",
    "mode": "last_token",
    "centering": false,
    "prefix": false,
    "smoke_test": false,
    "ood": false,
    "ood_set": "",
    "manifold": true
  },
  "steering_domain": "m4_multilingual",
  "eval_domain": "m4_multilingual",
  "n_samples": 500,
  "n_layers": 33,
  "metrics_per_layer": {
    "layer_1": {
      "n_total": 500,
      "n_valid": 500,
      "acc": 0.526,
      "f1": 0.4397163120567376,
      "pre": 0.5375722543352601,
      "recall": 0.372,
      "auroc": 0.5029199999999999,
      "optimal_threshold": 0.16344429552555084,
      "tpr_at_fpr_0_01": 0.0,
      "fpr95": 0.944,
      "aupr": 0.515128851049237
    },
    "layer_2": {
      "n_total": 500,
      "n_valid": 500,
      "acc": 0.574,
      "f1": 0.41643835616438357,
      "pre": 0.6608695652173913,
      "recall": 0.304,
      "auroc": 0.541824,
      "optimal_threshold": 0.14903795719146729,
      "tpr_at_fpr_0_01": 0.064,
      "fpr95": 0.844,
      "aupr": 0.5772298294380553
    },
    "layer_3": {
      "n_total": 500,
      "n_valid": 500,
      "acc": 0.554,
      "f1": 0.44110275689223055,
      "pre": 0.5906040268456376,
      "recall": 0.352,
      "auroc": 0.568736,
      "optimal_threshold": 0.17149461805820465,
      "tpr_at_fpr_0_01": 0.092,
      "fpr95": 0.884,
      "aupr": 0.5997049037107764
    },
    "layer_4": {
      "n_total": 500,
      "n_valid": 500,
      "acc": 0.614,
      "f1": 0.4024767801857585,
      "pre": 0.8904109589041096,
      "recall": 0.26,
      "auroc": 0.5978720000000001,
      "optimal_threshold": 0.3797084093093872,
      "tpr_at_fpr_0_01": 0.212,
      "fpr95": 0.844,
      "aupr": 0.6657746756069263
    },
    "layer_5": {
      "n_total": 500,
      "n_valid": 500,
      "acc": 0.624,
      "f1": 0.4088050314465409,
      "pre": 0.9558823529411765,
      "recall": 0.26,
      "auroc": 0.61704,
      "optimal_threshold": 0.5466161370277405,
      "tpr_at_fpr_0_01": 0.208,
      "fpr95": 0.868,
      "aupr": 0.6794797495692462
    },
    "layer_6": {
      "n_total": 500,
      "n_valid": 500,
      "acc": 0.618,
      "f1": 0.6583184257602862,
      "pre": 0.5954692556634305,
      "recall": 0.736,
      "auroc": 0.657888,
      "optimal_threshold": 0.28158998489379883,
      "tpr_at_fpr_0_01": 0.168,
      "fpr95": 0.828,
      "aupr": 0.698613707872598
    },
    "layer_7": {
      "n_total": 500,
      "n_valid": 500,
      "acc": 0.64,
      "f1": 0.5135135135135135,
      "pre": 0.7916666666666666,
      "recall": 0.38,
      "auroc": 0.638784,
      "optimal_threshold": 0.8549337387084961,
      "tpr_at_fpr_0_01": 0.192,
      "fpr95": 0.912,
      "aupr": 0.702604063692155
    },
    "layer_8": {
      "n_total": 500,
      "n_valid": 500,
      "acc": 0.63,
      "f1": 0.4903581267217631,
      "pre": 0.7876106194690266,
      "recall": 0.356,
      "auroc": 0.622336,
      "optimal_threshold": 0.9071613550186157,
      "tpr_at_fpr_0_01": 0.192,
      "fpr95": 0.912,
      "aupr": 0.6879535888304105
    },
    "layer_9": {
      "n_total": 500,
      "n_valid": 500,
      "acc": 0.634,
      "f1": 0.4930747922437673,
      "pre": 0.8018018018018018,
      "recall": 0.356,
      "auroc": 0.6145280000000001,
      "optimal_threshold": 1.1768372058868408,
      "tpr_at_fpr_0_01": 0.2,
      "fpr95": 0.872,
      "aupr": 0.6854906652782673
    },
    "layer_10": {
      "n_total": 500,
      "n_valid": 500,
      "acc": 0.62,
      "f1": 0.4973544973544973,
      "pre": 0.734375,
      "recall": 0.376,
      "auroc": 0.609776,
      "optimal_threshold": 1.2907016277313232,
      "tpr_at_fpr_0_01": 0.188,
      "fpr95": 0.912,
      "aupr": 0.6803108807184075
    },
    "layer_11": {
      "n_total": 500,
      "n_valid": 500,
      "acc": 0.622,
      "f1": 0.4489795918367347,
      "pre": 0.8279569892473119,
      "recall": 0.308,
      "auroc": 0.6148,
      "optimal_threshold": 1.7063961029052734,
      "tpr_at_fpr_0_01": 0.176,
      "fpr95": 0.916,
      "aupr": 0.6799792283511261
    },
    "layer_12": {
      "n_total": 500,
      "n_valid": 500,
      "acc": 0.596,
      "f1": 0.3878787878787879,
      "pre": 0.8,
      "recall": 0.256,
      "auroc": 0.579664,
      "optimal_threshold": 2.317509651184082,
      "tpr_at_fpr_0_01": 0.172,
      "fpr95": 0.904,
      "aupr": 0.6538051108064005
    },
    "layer_13": {
      "n_total": 500,
      "n_valid": 500,
      "acc": 0.594,
      "f1": 0.33876221498371334,
      "pre": 0.9122807017543859,
      "recall": 0.208,
      "auroc": 0.5625760000000001,
      "optimal_threshold": 2.572200298309326,
      "tpr_at_fpr_0_01": 0.172,
      "fpr95": 0.92,
      "aupr": 0.6422798385961129
    },
    "layer_14": {
      "n_total": 500,
      "n_valid": 500,
      "acc": 0.594,
      "f1": 0.33876221498371334,
      "pre": 0.9122807017543859,
      "recall": 0.208,
      "auroc": 0.562592,
      "optimal_threshold": 2.6452343463897705,
      "tpr_at_fpr_0_01": 0.164,
      "fpr95": 0.896,
      "aupr": 0.6354236043321625
    },
    "layer_15": {
      "n_total": 500,
      "n_valid": 500,
      "acc": 0.6,
      "f1": 0.375,
      "pre": 0.8571428571428571,
      "recall": 0.24,
      "auroc": 0.574944,
      "optimal_threshold": 2.7730636596679688,
      "tpr_at_fpr_0_01": 0.172,
      "fpr95": 0.876,
      "aupr": 0.6477815383291061
    },
    "layer_16": {
      "n_total": 500,
      "n_valid": 500,
      "acc": 0.608,
      "f1": 0.4367816091954023,
      "pre": 0.7755102040816326,
      "recall": 0.304,
      "auroc": 0.599344,
      "optimal_threshold": 2.783823013305664,
      "tpr_at_fpr_0_01": 0.156,
      "fpr95": 0.876,
      "aupr": 0.6640959403017457
    },
    "layer_17": {
      "n_total": 500,
      "n_valid": 500,
      "acc": 0.592,
      "f1": 0.36645962732919257,
      "pre": 0.8194444444444444,
      "recall": 0.236,
      "auroc": 0.563856,
      "optimal_threshold": 3.543059825897217,
      "tpr_at_fpr_0_01": 0.132,
      "fpr95": 0.888,
      "aupr": 0.6344722375808645
    },
    "layer_18": {
      "n_total": 500,
      "n_valid": 500,
      "acc": 0.602,
      "f1": 0.41297935103244837,
      "pre": 0.7865168539325843,
      "recall": 0.28,
      "auroc": 0.5722079999999999,
      "optimal_threshold": 3.8905279636383057,
      "tpr_at_fpr_0_01": 0.152,
      "fpr95": 0.9,
      "aupr": 0.647252980298352
    },
    "layer_19": {
      "n_total": 500,
      "n_valid": 500,
      "acc": 0.606,
      "f1": 0.4450704225352113,
      "pre": 0.7523809523809524,
      "recall": 0.316,
      "auroc": 0.575168,
      "optimal_threshold": 4.509449005126953,
      "tpr_at_fpr_0_01": 0.128,
      "fpr95": 0.884,
      "aupr": 0.6461895540375211
    },
    "layer_20": {
      "n_total": 500,
      "n_valid": 500,
      "acc": 0.592,
      "f1": 0.3855421686746988,
      "pre": 0.7804878048780488,
      "recall": 0.256,
      "auroc": 0.5655840000000001,
      "optimal_threshold": 5.685796737670898,
      "tpr_at_fpr_0_01": 0.132,
      "fpr95": 0.9,
      "aupr": 0.637597016765064
    },
    "layer_21": {
      "n_total": 500,
      "n_valid": 500,
      "acc": 0.584,
      "f1": 0.4926829268292683,
      "pre": 0.63125,
      "recall": 0.404,
      "auroc": 0.563936,
      "optimal_threshold": 4.899425983428955,
      "tpr_at_fpr_0_01": 0.132,
      "fpr95": 0.9,
      "aupr": 0.6319359090457348
    },
    "layer_22": {
      "n_total": 500,
      "n_valid": 500,
      "acc": 0.584,
      "f1": 0.4090909090909091,
      "pre": 0.7058823529411765,
      "recall": 0.288,
      "auroc": 0.566064,
      "optimal_threshold": 6.093851566314697,
      "tpr_at_fpr_0_01": 0.124,
      "fpr95": 0.916,
      "aupr": 0.6318622986269528
    },
    "layer_23": {
      "n_total": 500,
      "n_valid": 500,
      "acc": 0.57,
      "f1": 0.5011600928074246,
      "pre": 0.5966850828729282,
      "recall": 0.432,
      "auroc": 0.559104,
      "optimal_threshold": 5.83036994934082,