{
  "args": {
    "model": "llama_8b",
    "dataset": "drl_t1_perturbation",
    "mode": "last_token",
    "prefix": false,
    "smoke_test": false,
    "ood": false,
    "ood_set": "",
    "manifold": true,
    "pca_components": 50
  },
  "steering_domain": "drl_t1_perturbation",
  "eval_domain": "drl_t1_perturbation",
  "n_samples": 500,
  "n_layers": 33,
  "metrics_per_layer": {
    "layer_1": {
      "n_total": 500,
      "n_valid": 500,
      "n_val_total": 500,
      "n_val_valid": 500,
      "acc": 0.62,
      "f1": 0.7155688622754491,
      "pre": 0.5717703349282297,
      "recall": 0.956,
      "auroc": 0.621632,
      "optimal_threshold": 0.04492122307419777,
      "tpr_at_fpr_0_01": 0.0,
      "fpr95": 0.716,
      "aupr": 0.5704822984122453
    },
    "layer_2": {
      "n_total": 500,
      "n_valid": 500,
      "n_val_total": 500,
      "n_val_valid": 500,
      "acc": 0.774,
      "f1": 0.7805825242718447,
      "pre": 0.7584905660377359,
      "recall": 0.804,
      "auroc": 0.8518879999999999,
      "optimal_threshold": 0.0377933531999588,
      "tpr_at_fpr_0_01": 0.196,
      "fpr95": 0.6,
      "aupr": 0.8507048628985261
    },
    "layer_3": {
      "n_total": 500,
      "n_valid": 500,
      "n_val_total": 500,
      "n_val_valid": 500,
      "acc": 0.776,
      "f1": 0.7575757575757576,
      "pre": 0.8254716981132075,
      "recall": 0.7,
      "auroc": 0.8613919999999999,
      "optimal_threshold": 0.08329958468675613,
      "tpr_at_fpr_0_01": 0.248,
      "fpr95": 0.604,
      "aupr": 0.8751208141611818
    },
    "layer_4": {
      "n_total": 500,
      "n_valid": 500,
      "n_val_total": 500,
      "n_val_valid": 500,
      "acc": 0.824,
      "f1": 0.7962962962962963,
      "pre": 0.945054945054945,
      "recall": 0.688,
      "auroc": 0.90808,
      "optimal_threshold": 0.14434735476970673,
      "tpr_at_fpr_0_01": 0.432,
      "fpr95": 0.444,
      "aupr": 0.9217973850853592
    },
    "layer_5": {
      "n_total": 500,
      "n_valid": 500,
      "n_val_total": 500,
      "n_val_valid": 500,
      "acc": 0.894,
      "f1": 0.8916155419222904,
      "pre": 0.9121338912133892,
      "recall": 0.872,
      "auroc": 0.95512,
      "optimal_threshold": 0.02043307200074196,
      "tpr_at_fpr_0_01": 0.808,
      "fpr95": 0.32,
      "aupr": 0.9656183887902879
    },
    "layer_6": {
      "n_total": 500,
      "n_valid": 500,
      "n_val_total": 500,
      "n_val_valid": 500,
      "acc": 0.904,
      "f1": 0.9032258064516129,
      "pre": 0.9105691056910569,
      "recall": 0.896,
      "auroc": 0.9696,
      "optimal_threshold": -0.026953205466270447,
      "tpr_at_fpr_0_01": 0.828,
      "fpr95": 0.204,
      "aupr": 0.9757484173185444
    },
    "layer_7": {
      "n_total": 500,
      "n_valid": 500,
      "n_val_total": 500,
      "n_val_valid": 500,
      "acc": 0.906,
      "f1": 0.9042769857433809,
      "pre": 0.921161825726141,
      "recall": 0.888,
      "auroc": 0.968,
      "optimal_threshold": -0.03053324483335018,
      "tpr_at_fpr_0_01": 0.828,
      "fpr95": 0.272,
      "aupr": 0.9743852700764019
    },
    "layer_8": {
      "n_total": 500,
      "n_valid": 500,
      "n_val_total": 500,
      "n_val_valid": 500,
      "acc": 0.892,
      "f1": 0.889795918367347,
      "pre": 0.9083333333333333,
      "recall": 0.872,
      "auroc": 0.9599519999999999,
      "optimal_threshold": -0.020241599529981613,
      "tpr_at_fpr_0_01": 0.756,
      "fpr95": 0.304,
      "aupr": 0.9668922160182729
    },
    "layer_9": {
      "n_total": 500,
      "n_valid": 500,
      "n_val_total": 500,
      "n_val_valid": 500,
      "acc": 0.886,
      "f1": 0.8829568788501027,
      "pre": 0.9071729957805907,
      "recall": 0.86,
      "auroc": 0.95936,
      "optimal_threshold": -0.08028630912303925,
      "tpr_at_fpr_0_01": 0.772,
      "fpr95": 0.256,
      "aupr": 0.9666186394174503
    },
    "layer_10": {
      "n_total": 500,
      "n_valid": 500,
      "n_val_total": 500,
      "n_val_valid": 500,
      "acc": 0.9,
      "f1": 0.8931623931623932,
      "pre": 0.9587155963302753,
      "recall": 0.836,
      "auroc": 0.967248,
      "optimal_threshold": 0.05813173949718475,
      "tpr_at_fpr_0_01": 0.752,
      "fpr95": 0.208,
      "aupr": 0.9728030326943292
    },
    "layer_11": {
      "n_total": 500,
      "n_valid": 500,
      "n_val_total": 500,
      "n_val_valid": 500,
      "acc": 0.924,
      "f1": 0.9224489795918367,
      "pre": 0.9416666666666667,
      "recall": 0.904,
      "auroc": 0.982224,
      "optimal_threshold": -0.17670686542987823,
      "tpr_at_fpr_0_01": 0.872,
      "fpr95": 0.108,
      "aupr": 0.9851206208467678
    },
    "layer_12": {
      "n_total": 500,
      "n_valid": 500,
      "n_val_total": 500,
      "n_val_valid": 500,
      "acc": 0.91,
      "f1": 0.9090909090909091,
      "pre": 0.9183673469387755,
      "recall": 0.9,
      "auroc": 0.975328,
      "optimal_threshold": -0.2215828001499176,
      "tpr_at_fpr_0_01": 0.836,
      "fpr95": 0.18,
      "aupr": 0.9793128282354033
    },
    "layer_13": {
      "n_total": 500,
      "n_valid": 500,
      "n_val_total": 500,
      "n_val_valid": 500,
      "acc": 0.908,
      "f1": 0.9049586776859504,
      "pre": 0.9358974358974359,
      "recall": 0.876,
      "auroc": 0.976576,
      "optimal_threshold": -0.09625165164470673,
      "tpr_at_fpr_0_01": 0.836,
      "fpr95": 0.16,
      "aupr": 0.9800946726297285
    },
    "layer_14": {
      "n_total": 500,
      "n_valid": 500,
      "n_val_total": 500,
      "n_val_valid": 500,
      "acc": 0.89,
      "f1": 0.8796498905908097,
      "pre": 0.9710144927536232,
      "recall": 0.804,
      "auroc": 0.9662080000000001,
      "optimal_threshold": 0.156631201505661,
      "tpr_at_fpr_0_01": 0.784,
      "fpr95": 0.224,
      "aupr": 0.9709473187700496
    },
    "layer_15": {
      "n_total": 500,
      "n_valid": 500,
      "n_val_total": 500,
      "n_val_valid": 500,
      "acc": 0.898,
      "f1": 0.8930817610062893,
      "pre": 0.9383259911894273,
      "recall": 0.852,
      "auroc": 0.968816,
      "optimal_threshold": -0.06372369825839996,
      "tpr_at_fpr_0_01": 0.808,
      "fpr95": 0.208,
      "aupr": 0.9736445932353578
    },
    "layer_16": {
      "n_total": 500,
      "n_valid": 500,
      "n_val_total": 500,
      "n_val_valid": 500,
      "acc": 0.896,
      "f1": 0.8938775510204081,
      "pre": 0.9125,
      "recall": 0.876,
      "auroc": 0.9648799999999998,
      "optimal_threshold": -0.13429158926010132,
      "tpr_at_fpr_0_01": 0.82,
      "fpr95": 0.284,
      "aupr": 0.9718559827005425
    },
    "layer_17": {
      "n_total": 500,
      "n_valid": 500,
      "n_val_total": 500,
      "n_val_valid": 500,
      "acc": 0.928,
      "f1": 0.925,
      "pre": 0.9652173913043478,
      "recall": 0.888,
      "auroc": 0.9722879999999999,
      "optimal_threshold": -0.04506775736808777,
      "tpr_at_fpr_0_01": 0.828,
      "fpr95": 0.208,
      "aupr": 0.9783327517240741
    },
    "layer_18": {
      "n_total": 500,
      "n_valid": 500,
      "n_val_total": 500,
      "n_val_valid": 500,
      "acc": 0.91,
      "f1": 0.9072164948453608,
      "pre": 0.9361702127659575,
      "recall": 0.88,
      "auroc": 0.9639039999999999,
      "optimal_threshold": -0.09994423389434814,
      "tpr_at_fpr_0_01": 0.808,
      "fpr95": 0.292,
      "aupr": 0.971770176270067
    },
    "layer_19": {
      "n_total": 500,
      "n_valid": 500,
      "n_val_total": 500,
      "n_val_valid": 500,
      "acc": 0.938,
      "f1": 0.9360824742268041,
      "pre": 0.9659574468085106,
      "recall": 0.908,
      "auroc": 0.974224,
      "optimal_threshold": 0.047579407691955566,
      "tpr_at_fpr_0_01": 0.864,
      "fpr95": 0.216,
      "aupr": 0.979993122516048
    },
    "layer_20": {
      "n_total": 500,
      "n_valid": 500,
      "n_val_total": 500,
      "n_val_valid": 500,
      "acc": 0.912,
      "f1": 0.9087136929460581,
      "pre": 0.9439655172413793,