{
  "args": {
    "model": "llama_8b",
    "dataset": "multisocial_full",
    "mode": "last_token",
    "prefix": false,
    "smoke_test": false,
    "ood": false,
    "ood_set": "",
    "manifold": true,
    "pca_components": 5
  },
  "steering_domain": "multisocial_full",
  "eval_domain": "multisocial_full",
  "n_samples": 500,
  "n_layers": 33,
  "metrics_per_layer": {
    "layer_1": {
      "n_total": 500,
      "n_valid": 500,
      "n_val_total": 500,
      "n_val_valid": 500,
      "acc": 0.69,
      "f1": 0.6153846153846154,
      "pre": 0.8104575163398693,
      "recall": 0.496,
      "auroc": 0.7163600000000001,
      "optimal_threshold": 0.03457321971654892,
      "tpr_at_fpr_0_01": 0.0,
      "fpr95": 0.892,
      "aupr": 0.7432957953568359
    },
    "layer_2": {
      "n_total": 500,
      "n_valid": 500,
      "n_val_total": 500,
      "n_val_valid": 500,
      "acc": 0.692,
      "f1": 0.5925925925925926,
      "pre": 0.875,
      "recall": 0.448,
      "auroc": 0.7424,
      "optimal_threshold": 0.18174193799495697,
      "tpr_at_fpr_0_01": 0.056,
      "fpr95": 0.844,
      "aupr": 0.7621834666800605
    },
    "layer_3": {
      "n_total": 500,
      "n_valid": 500,
      "n_val_total": 500,
      "n_val_valid": 500,
      "acc": 0.698,
      "f1": 0.636144578313253,
      "pre": 0.8,
      "recall": 0.528,
      "auroc": 0.763712,
      "optimal_threshold": 0.14518606662750244,
      "tpr_at_fpr_0_01": 0.156,
      "fpr95": 0.712,
      "aupr": 0.7836369612685252
    },
    "layer_4": {
      "n_total": 500,
      "n_valid": 500,
      "n_val_total": 500,
      "n_val_valid": 500,
      "acc": 0.698,
      "f1": 0.6752688172043011,
      "pre": 0.7302325581395349,
      "recall": 0.628,
      "auroc": 0.771952,
      "optimal_threshold": -0.13966050744056702,
      "tpr_at_fpr_0_01": 0.168,
      "fpr95": 0.776,
      "aupr": 0.7991644634913728
    },
    "layer_5": {
      "n_total": 500,
      "n_valid": 500,
      "n_val_total": 500,
      "n_val_valid": 500,
      "acc": 0.692,
      "f1": 0.6804979253112033,
      "pre": 0.7068965517241379,
      "recall": 0.656,
      "auroc": 0.7912159999999999,
      "optimal_threshold": -0.22983959317207336,
      "tpr_at_fpr_0_01": 0.192,
      "fpr95": 0.74,
      "aupr": 0.8080975649774526
    },
    "layer_6": {
      "n_total": 500,
      "n_valid": 500,
      "n_val_total": 500,
      "n_val_valid": 500,
      "acc": 0.71,
      "f1": 0.7058823529411765,
      "pre": 0.7160493827160493,
      "recall": 0.696,
      "auroc": 0.801056,
      "optimal_threshold": -0.25471898913383484,
      "tpr_at_fpr_0_01": 0.212,
      "fpr95": 0.76,
      "aupr": 0.8123787635553109
    },
    "layer_7": {
      "n_total": 500,
      "n_valid": 500,
      "n_val_total": 500,
      "n_val_valid": 500,
      "acc": 0.708,
      "f1": 0.6958333333333333,
      "pre": 0.7260869565217392,
      "recall": 0.668,
      "auroc": 0.80888,
      "optimal_threshold": -0.23519179224967957,
      "tpr_at_fpr_0_01": 0.056,
      "fpr95": 0.576,
      "aupr": 0.8086576460475816
    },
    "layer_8": {
      "n_total": 500,
      "n_valid": 500,
      "n_val_total": 500,
      "n_val_valid": 500,
      "acc": 0.732,
      "f1": 0.728744939271255,
      "pre": 0.7377049180327869,
      "recall": 0.72,
      "auroc": 0.81816,
      "optimal_threshold": -0.23436744511127472,
      "tpr_at_fpr_0_01": 0.156,
      "fpr95": 0.644,
      "aupr": 0.8242652493037543
    },
    "layer_9": {
      "n_total": 500,
      "n_valid": 500,
      "n_val_total": 500,
      "n_val_valid": 500,
      "acc": 0.736,
      "f1": 0.7461538461538462,
      "pre": 0.7185185185185186,
      "recall": 0.776,
      "auroc": 0.827344,
      "optimal_threshold": -0.28672778606414795,
      "tpr_at_fpr_0_01": 0.18,
      "fpr95": 0.588,
      "aupr": 0.8321563396596736
    },
    "layer_10": {
      "n_total": 500,
      "n_valid": 500,
      "n_val_total": 500,
      "n_val_valid": 500,
      "acc": 0.726,
      "f1": 0.7232323232323232,
      "pre": 0.7306122448979592,
      "recall": 0.716,
      "auroc": 0.815248,
      "optimal_threshold": -0.1882510483264923,
      "tpr_at_fpr_0_01": 0.124,
      "fpr95": 0.592,
      "aupr": 0.8206525518587875
    },
    "layer_11": {
      "n_total": 500,
      "n_valid": 500,
      "n_val_total": 500,
      "n_val_valid": 500,
      "acc": 0.73,
      "f1": 0.7294589178356713,
      "pre": 0.7309236947791165,
      "recall": 0.728,
      "auroc": 0.823472,
      "optimal_threshold": -0.216531902551651,
      "tpr_at_fpr_0_01": 0.204,
      "fpr95": 0.576,
      "aupr": 0.8292834805625037
    },
    "layer_12": {
      "n_total": 500,
      "n_valid": 500,
      "n_val_total": 500,
      "n_val_valid": 500,
      "acc": 0.72,
      "f1": 0.7142857142857143,
      "pre": 0.7291666666666666,
      "recall": 0.7,
      "auroc": 0.8208,
      "optimal_threshold": -0.1360456943511963,
      "tpr_at_fpr_0_01": 0.216,
      "fpr95": 0.58,
      "aupr": 0.8273658322423507
    },
    "layer_13": {
      "n_total": 500,
      "n_valid": 500,
      "n_val_total": 500,
      "n_val_valid": 500,
      "acc": 0.726,
      "f1": 0.7243460764587525,
      "pre": 0.728744939271255,
      "recall": 0.72,
      "auroc": 0.819936,
      "optimal_threshold": -0.18067076802253723,
      "tpr_at_fpr_0_01": 0.18,
      "fpr95": 0.592,
      "aupr": 0.8266828622120904
    },
    "layer_14": {
      "n_total": 500,
      "n_valid": 500,
      "n_val_total": 500,
      "n_val_valid": 500,
      "acc": 0.722,
      "f1": 0.7169042769857433,
      "pre": 0.7302904564315352,
      "recall": 0.704,
      "auroc": 0.811408,
      "optimal_threshold": -0.18868699669837952,
      "tpr_at_fpr_0_01": 0.172,
      "fpr95": 0.616,
      "aupr": 0.8177903474074985
    },
    "layer_15": {
      "n_total": 500,
      "n_valid": 500,
      "n_val_total": 500,
      "n_val_valid": 500,
      "acc": 0.746,
      "f1": 0.7348643006263048,
      "pre": 0.7685589519650655,
      "recall": 0.704,
      "auroc": 0.833808,
      "optimal_threshold": -0.18926382064819336,
      "tpr_at_fpr_0_01": 0.24,
      "fpr95": 0.608,
      "aupr": 0.840346781083853
    },
    "layer_16": {
      "n_total": 500,
      "n_valid": 500,
      "n_val_total": 500,
      "n_val_valid": 500,
      "acc": 0.738,
      "f1": 0.7182795698924731,
      "pre": 0.7767441860465116,
      "recall": 0.668,
      "auroc": 0.827712,
      "optimal_threshold": -0.16902175545692444,
      "tpr_at_fpr_0_01": 0.264,
      "fpr95": 0.608,
      "aupr": 0.837046812940928
    },
    "layer_17": {
      "n_total": 500,
      "n_valid": 500,
      "n_val_total": 500,
      "n_val_valid": 500,
      "acc": 0.762,
      "f1": 0.7652859960552268,
      "pre": 0.754863813229572,
      "recall": 0.776,
      "auroc": 0.8371839999999999,
      "optimal_threshold": -0.5542070269584656,
      "tpr_at_fpr_0_01": 0.224,
      "fpr95": 0.564,
      "aupr": 0.8461035631564688
    },
    "layer_18": {
      "n_total": 500,
      "n_valid": 500,
      "n_val_total": 500,
      "n_val_valid": 500,
      "acc": 0.75,
      "f1": 0.7323340471092077,
      "pre": 0.7880184331797235,
      "recall": 0.684,
      "auroc": 0.8289759999999999,
      "optimal_threshold": -0.3487781286239624,
      "tpr_at_fpr_0_01": 0.22,
      "fpr95": 0.608,
      "aupr": 0.8361581715820661
    },
    "layer_19": {
      "n_total": 500,
      "n_valid": 500,
      "n_val_total": 500,
      "n_val_valid": 500,
      "acc": 0.76,
      "f1": 0.7402597402597403,
      "pre": 0.8066037735849056,
      "recall": 0.684,
      "auroc": 0.835232,
      "optimal_threshold": -0.3992760181427002,
      "tpr_at_fpr_0_01": 0.268,
      "fpr95": 0.604,
      "aupr": 0.8434825367663261
    },
    "layer_20": {
      "n_total": 500,
      "n_valid": 500,
      "n_val_total": 500,
      "n_val_valid": 500,
      "acc": 0.748,
      "f1": 0.7248908296943232,
      "pre": 0.7980769230769231,
      "recall": 0.664,