{
  "args": {
    "model": "llama_8b",
    "dataset": "drl_t1_paraphrase",
    "mode": "last_token",
    "prefix": false,
    "smoke_test": false,
    "ood": false,
    "ood_set": "",
    "manifold": true,
    "pca_components": 15
  },
  "steering_domain": "drl_t1_paraphrase",
  "eval_domain": "drl_t1_paraphrase",
  "n_samples": 500,
  "n_layers": 33,
  "metrics_per_layer": {
    "layer_1": {
      "n_total": 500,
      "n_valid": 500,
      "n_val_total": 500,
      "n_val_valid": 500,
      "acc": 0.5,
      "f1": 0.0,
      "pre": 0.0,
      "recall": 0.0,
      "auroc": 0.627432,
      "optimal_threshold": 0.04683476686477661,
      "tpr_at_fpr_0_01": 0.0,
      "fpr95": 0.716,
      "aupr": 0.5744123394991965
    },
    "layer_2": {
      "n_total": 500,
      "n_valid": 500,
      "n_val_total": 500,
      "n_val_valid": 500,
      "acc": 0.77,
      "f1": 0.7749510763209393,
      "pre": 0.7586206896551724,
      "recall": 0.792,
      "auroc": 0.84336,
      "optimal_threshold": 0.045075662434101105,
      "tpr_at_fpr_0_01": 0.104,
      "fpr95": 0.636,
      "aupr": 0.8356117320832774
    },
    "layer_3": {
      "n_total": 500,
      "n_valid": 500,
      "n_val_total": 500,
      "n_val_valid": 500,
      "acc": 0.806,
      "f1": 0.8086785009861933,
      "pre": 0.7976653696498055,
      "recall": 0.82,
      "auroc": 0.8799359999999999,
      "optimal_threshold": 0.03915000706911087,
      "tpr_at_fpr_0_01": 0.3,
      "fpr95": 0.632,
      "aupr": 0.8923076422310443
    },
    "layer_4": {
      "n_total": 500,
      "n_valid": 500,
      "n_val_total": 500,
      "n_val_valid": 500,
      "acc": 0.842,
      "f1": 0.8384458077709611,
      "pre": 0.8577405857740585,
      "recall": 0.82,
      "auroc": 0.92464,
      "optimal_threshold": 0.07393185794353485,
      "tpr_at_fpr_0_01": 0.576,
      "fpr95": 0.44,
      "aupr": 0.9375644213370531
    },
    "layer_5": {
      "n_total": 500,
      "n_valid": 500,
      "n_val_total": 500,
      "n_val_valid": 500,
      "acc": 0.916,
      "f1": 0.9135802469135802,
      "pre": 0.940677966101695,
      "recall": 0.888,
      "auroc": 0.960032,
      "optimal_threshold": 0.0339377298951149,
      "tpr_at_fpr_0_01": 0.788,
      "fpr95": 0.344,
      "aupr": 0.9695442483933694
    },
    "layer_6": {
      "n_total": 500,
      "n_valid": 500,
      "n_val_total": 500,
      "n_val_valid": 500,
      "acc": 0.916,
      "f1": 0.9125,
      "pre": 0.9521739130434783,
      "recall": 0.876,
      "auroc": 0.9669120000000001,
      "optimal_threshold": 0.04672201722860336,
      "tpr_at_fpr_0_01": 0.732,
      "fpr95": 0.176,
      "aupr": 0.9727164022342988
    },
    "layer_7": {
      "n_total": 500,
      "n_valid": 500,
      "n_val_total": 500,
      "n_val_valid": 500,
      "acc": 0.894,
      "f1": 0.8916155419222904,
      "pre": 0.9121338912133892,
      "recall": 0.872,
      "auroc": 0.9595520000000001,
      "optimal_threshold": -0.010340988636016846,
      "tpr_at_fpr_0_01": 0.696,
      "fpr95": 0.288,
      "aupr": 0.9666417705836657
    },
    "layer_8": {
      "n_total": 500,
      "n_valid": 500,
      "n_val_total": 500,
      "n_val_valid": 500,
      "acc": 0.868,
      "f1": 0.8630705394190872,
      "pre": 0.896551724137931,
      "recall": 0.832,
      "auroc": 0.9487840000000001,
      "optimal_threshold": 0.01885922998189926,
      "tpr_at_fpr_0_01": 0.64,
      "fpr95": 0.28,
      "aupr": 0.9551740078338254
    },
    "layer_9": {
      "n_total": 500,
      "n_valid": 500,
      "n_val_total": 500,
      "n_val_valid": 500,
      "acc": 0.862,
      "f1": 0.8583162217659137,
      "pre": 0.8818565400843882,
      "recall": 0.836,
      "auroc": 0.94064,
      "optimal_threshold": -0.0443081259727478,
      "tpr_at_fpr_0_01": 0.612,
      "fpr95": 0.336,
      "aupr": 0.9476998163374242
    },
    "layer_10": {
      "n_total": 500,
      "n_valid": 500,
      "n_val_total": 500,
      "n_val_valid": 500,
      "acc": 0.864,
      "f1": 0.8577405857740585,
      "pre": 0.8991228070175439,
      "recall": 0.82,
      "auroc": 0.945968,
      "optimal_threshold": -0.0006586909294128418,
      "tpr_at_fpr_0_01": 0.62,
      "fpr95": 0.348,
      "aupr": 0.9526147476933394
    },
    "layer_11": {
      "n_total": 500,
      "n_valid": 500,
      "n_val_total": 500,
      "n_val_valid": 500,
      "acc": 0.88,
      "f1": 0.8760330578512396,
      "pre": 0.905982905982906,
      "recall": 0.848,
      "auroc": 0.963456,
      "optimal_threshold": -0.09985372424125671,
      "tpr_at_fpr_0_01": 0.76,
      "fpr95": 0.232,
      "aupr": 0.9678317349888854
    },
    "layer_12": {
      "n_total": 500,
      "n_valid": 500,
      "n_val_total": 500,
      "n_val_valid": 500,
      "acc": 0.858,
      "f1": 0.8466522678185745,
      "pre": 0.92018779342723,
      "recall": 0.784,
      "auroc": 0.9459519999999999,
      "optimal_threshold": 0.06673688441514969,
      "tpr_at_fpr_0_01": 0.668,
      "fpr95": 0.284,
      "aupr": 0.9546365243487183
    },
    "layer_13": {
      "n_total": 500,
      "n_valid": 500,
      "n_val_total": 500,
      "n_val_valid": 500,
      "acc": 0.868,
      "f1": 0.8571428571428571,
      "pre": 0.9339622641509434,
      "recall": 0.792,
      "auroc": 0.952864,
      "optimal_threshold": 0.08689340949058533,
      "tpr_at_fpr_0_01": 0.728,
      "fpr95": 0.252,
      "aupr": 0.9606264445730237
    },
    "layer_14": {
      "n_total": 500,
      "n_valid": 500,
      "n_val_total": 500,
      "n_val_valid": 500,
      "acc": 0.85,
      "f1": 0.8351648351648352,
      "pre": 0.926829268292683,
      "recall": 0.76,
      "auroc": 0.9429759999999999,
      "optimal_threshold": 0.21894030272960663,
      "tpr_at_fpr_0_01": 0.664,
      "fpr95": 0.32,
      "aupr": 0.9517313660136892
    },
    "layer_15": {
      "n_total": 500,
      "n_valid": 500,
      "n_val_total": 500,
      "n_val_valid": 500,
      "acc": 0.882,
      "f1": 0.8768267223382046,
      "pre": 0.9170305676855895,
      "recall": 0.84,
      "auroc": 0.953904,
      "optimal_threshold": 0.06797400116920471,
      "tpr_at_fpr_0_01": 0.744,
      "fpr95": 0.336,
      "aupr": 0.9619879187341795
    },
    "layer_16": {
      "n_total": 500,
      "n_valid": 500,
      "n_val_total": 500,
      "n_val_valid": 500,
      "acc": 0.882,
      "f1": 0.869757174392936,
      "pre": 0.9704433497536946,
      "recall": 0.788,
      "auroc": 0.9511199999999999,
      "optimal_threshold": 0.24908596277236938,
      "tpr_at_fpr_0_01": 0.728,
      "fpr95": 0.372,
      "aupr": 0.9609636455831252
    },
    "layer_17": {
      "n_total": 500,
      "n_valid": 500,
      "n_val_total": 500,
      "n_val_valid": 500,
      "acc": 0.916,
      "f1": 0.9117647058823529,
      "pre": 0.9601769911504425,
      "recall": 0.868,
      "auroc": 0.962464,
      "optimal_threshold": 0.07857087254524231,
      "tpr_at_fpr_0_01": 0.812,
      "fpr95": 0.328,
      "aupr": 0.9711614882497153
    },
    "layer_18": {
      "n_total": 500,
      "n_valid": 500,
      "n_val_total": 500,
      "n_val_valid": 500,
      "acc": 0.912,
      "f1": 0.9090909090909091,
      "pre": 0.9401709401709402,
      "recall": 0.88,
      "auroc": 0.960496,
      "optimal_threshold": 0.08770543336868286,
      "tpr_at_fpr_0_01": 0.736,
      "fpr95": 0.296,
      "aupr": 0.9688944085096972
    },
    "layer_19": {
      "n_total": 500,
      "n_valid": 500,
      "n_val_total": 500,
      "n_val_valid": 500,
      "acc": 0.924,
      "f1": 0.9218106995884774,
      "pre": 0.9491525423728814,
      "recall": 0.896,
      "auroc": 0.9680960000000001,
      "optimal_threshold": 0.14999626576900482,
      "tpr_at_fpr_0_01": 0.796,
      "fpr95": 0.208,
      "aupr": 0.9763124001915667
    },
    "layer_20": {
      "n_total": 500,
      "n_valid": 500,
      "n_val_total": 500,
      "n_val_valid": 500,
      "acc": 0.908,
      "f1": 0.9053497942386831,
      "pre": 0.9322033898305084,
      "recall": 0.88,