{
  "args": {
    "model": "llama_8b",
    "dataset": "drl_t1_perturbation",
    "mode": "last_token",
    "prefix": false,
    "smoke_test": false,
    "ood": false,
    "ood_set": "",
    "manifold": true,
    "pca_components": 30
  },
  "steering_domain": "drl_t1_perturbation",
  "eval_domain": "drl_t1_perturbation",
  "n_samples": 500,
  "n_layers": 33,
  "metrics_per_layer": {
    "layer_1": {
      "n_total": 500,
      "n_valid": 500,
      "n_val_total": 500,
      "n_val_valid": 500,
      "acc": 0.62,
      "f1": 0.7155688622754491,
      "pre": 0.5717703349282297,
      "recall": 0.956,
      "auroc": 0.621632,
      "optimal_threshold": 0.04492122679948807,
      "tpr_at_fpr_0_01": 0.0,
      "fpr95": 0.716,
      "aupr": 0.5704822984122453
    },
    "layer_2": {
      "n_total": 500,
      "n_valid": 500,
      "n_val_total": 500,
      "n_val_valid": 500,
      "acc": 0.762,
      "f1": 0.7783985102420856,
      "pre": 0.7282229965156795,
      "recall": 0.836,
      "auroc": 0.849056,
      "optimal_threshold": 0.027313321828842163,
      "tpr_at_fpr_0_01": 0.192,
      "fpr95": 0.596,
      "aupr": 0.8478875348481566
    },
    "layer_3": {
      "n_total": 500,
      "n_valid": 500,
      "n_val_total": 500,
      "n_val_valid": 500,
      "acc": 0.768,
      "f1": 0.7433628318584071,
      "pre": 0.8316831683168316,
      "recall": 0.672,
      "auroc": 0.8562720000000001,
      "optimal_threshold": 0.09023734927177429,
      "tpr_at_fpr_0_01": 0.252,
      "fpr95": 0.604,
      "aupr": 0.8683099088740319
    },
    "layer_4": {
      "n_total": 500,
      "n_valid": 500,
      "n_val_total": 500,
      "n_val_valid": 500,
      "acc": 0.824,
      "f1": 0.7953488372093023,
      "pre": 0.95,
      "recall": 0.684,
      "auroc": 0.9060959999999999,
      "optimal_threshold": 0.14524173736572266,
      "tpr_at_fpr_0_01": 0.444,
      "fpr95": 0.46,
      "aupr": 0.9201771826578365
    },
    "layer_5": {
      "n_total": 500,
      "n_valid": 500,
      "n_val_total": 500,
      "n_val_valid": 500,
      "acc": 0.9,
      "f1": 0.897119341563786,
      "pre": 0.923728813559322,
      "recall": 0.872,
      "auroc": 0.954112,
      "optimal_threshold": 0.02339782938361168,
      "tpr_at_fpr_0_01": 0.808,
      "fpr95": 0.344,
      "aupr": 0.9649619234026474
    },
    "layer_6": {
      "n_total": 500,
      "n_valid": 500,
      "n_val_total": 500,
      "n_val_valid": 500,
      "acc": 0.9,
      "f1": 0.9,
      "pre": 0.9,
      "recall": 0.9,
      "auroc": 0.968384,
      "optimal_threshold": -0.03066723793745041,
      "tpr_at_fpr_0_01": 0.824,
      "fpr95": 0.22,
      "aupr": 0.9748787766763113
    },
    "layer_7": {
      "n_total": 500,
      "n_valid": 500,
      "n_val_total": 500,
      "n_val_valid": 500,
      "acc": 0.886,
      "f1": 0.8884540117416829,
      "pre": 0.8697318007662835,
      "recall": 0.908,
      "auroc": 0.9665600000000001,
      "optimal_threshold": -0.1028117686510086,
      "tpr_at_fpr_0_01": 0.824,
      "fpr95": 0.276,
      "aupr": 0.9733066903225323
    },
    "layer_8": {
      "n_total": 500,
      "n_valid": 500,
      "n_val_total": 500,
      "n_val_valid": 500,
      "acc": 0.892,
      "f1": 0.8902439024390244,
      "pre": 0.9049586776859504,
      "recall": 0.876,
      "auroc": 0.9587680000000001,
      "optimal_threshold": -0.04249832034111023,
      "tpr_at_fpr_0_01": 0.756,
      "fpr95": 0.3,
      "aupr": 0.966049537737799
    },
    "layer_9": {
      "n_total": 500,
      "n_valid": 500,
      "n_val_total": 500,
      "n_val_valid": 500,
      "acc": 0.886,
      "f1": 0.8829568788501027,
      "pre": 0.9071729957805907,
      "recall": 0.86,
      "auroc": 0.95848,
      "optimal_threshold": -0.08794146031141281,
      "tpr_at_fpr_0_01": 0.776,
      "fpr95": 0.268,
      "aupr": 0.965956802745136
    },
    "layer_10": {
      "n_total": 500,
      "n_valid": 500,
      "n_val_total": 500,
      "n_val_valid": 500,
      "acc": 0.902,
      "f1": 0.8964059196617337,
      "pre": 0.9506726457399103,
      "recall": 0.848,
      "auroc": 0.9662080000000001,
      "optimal_threshold": 0.03830881416797638,
      "tpr_at_fpr_0_01": 0.744,
      "fpr95": 0.22,
      "aupr": 0.9720706638484921
    },
    "layer_11": {
      "n_total": 500,
      "n_valid": 500,
      "n_val_total": 500,
      "n_val_valid": 500,
      "acc": 0.924,
      "f1": 0.9218106995884774,
      "pre": 0.9491525423728814,
      "recall": 0.896,
      "auroc": 0.9815360000000001,
      "optimal_threshold": -0.14371997117996216,
      "tpr_at_fpr_0_01": 0.868,
      "fpr95": 0.124,
      "aupr": 0.9846401250956817
    },
    "layer_12": {
      "n_total": 500,
      "n_valid": 500,
      "n_val_total": 500,
      "n_val_valid": 500,
      "acc": 0.91,
      "f1": 0.9079754601226994,
      "pre": 0.9288702928870293,
      "recall": 0.888,
      "auroc": 0.974528,
      "optimal_threshold": -0.1814357042312622,
      "tpr_at_fpr_0_01": 0.828,
      "fpr95": 0.184,
      "aupr": 0.9787643573969252
    },
    "layer_13": {
      "n_total": 500,
      "n_valid": 500,
      "n_val_total": 500,
      "n_val_valid": 500,
      "acc": 0.91,
      "f1": 0.9052631578947369,
      "pre": 0.9555555555555556,
      "recall": 0.86,
      "auroc": 0.9750399999999999,
      "optimal_threshold": -0.025621414184570312,
      "tpr_at_fpr_0_01": 0.836,
      "fpr95": 0.168,
      "aupr": 0.978963017902937
    },
    "layer_14": {
      "n_total": 500,
      "n_valid": 500,
      "n_val_total": 500,
      "n_val_valid": 500,
      "acc": 0.89,
      "f1": 0.8801742919389978,
      "pre": 0.9665071770334929,
      "recall": 0.808,
      "auroc": 0.9647680000000001,
      "optimal_threshold": 0.1334809809923172,
      "tpr_at_fpr_0_01": 0.772,
      "fpr95": 0.224,
      "aupr": 0.9697454144131199
    },
    "layer_15": {
      "n_total": 500,
      "n_valid": 500,
      "n_val_total": 500,
      "n_val_valid": 500,
      "acc": 0.896,
      "f1": 0.8907563025210085,
      "pre": 0.9380530973451328,
      "recall": 0.848,
      "auroc": 0.96768,
      "optimal_threshold": -0.04388359189033508,
      "tpr_at_fpr_0_01": 0.804,
      "fpr95": 0.22,
      "aupr": 0.97281473567022
    },
    "layer_16": {
      "n_total": 500,
      "n_valid": 500,
      "n_val_total": 500,
      "n_val_valid": 500,
      "acc": 0.904,
      "f1": 0.9008264462809917,
      "pre": 0.9316239316239316,
      "recall": 0.872,
      "auroc": 0.964432,
      "optimal_threshold": -0.10288846492767334,
      "tpr_at_fpr_0_01": 0.812,
      "fpr95": 0.288,
      "aupr": 0.9715117951492622
    },
    "layer_17": {
      "n_total": 500,
      "n_valid": 500,
      "n_val_total": 500,
      "n_val_valid": 500,
      "acc": 0.928,
      "f1": 0.9256198347107438,
      "pre": 0.9572649572649573,
      "recall": 0.896,
      "auroc": 0.971984,
      "optimal_threshold": -0.10159957408905029,
      "tpr_at_fpr_0_01": 0.828,
      "fpr95": 0.204,
      "aupr": 0.9780952533441191
    },
    "layer_18": {
      "n_total": 500,
      "n_valid": 500,
      "n_val_total": 500,
      "n_val_valid": 500,
      "acc": 0.908,
      "f1": 0.9057377049180327,
      "pre": 0.9285714285714286,
      "recall": 0.884,
      "auroc": 0.963632,
      "optimal_threshold": -0.10787129402160645,
      "tpr_at_fpr_0_01": 0.808,
      "fpr95": 0.3,
      "aupr": 0.9715683716240343
    },
    "layer_19": {
      "n_total": 500,
      "n_valid": 500,
      "n_val_total": 500,
      "n_val_valid": 500,
      "acc": 0.936,
      "f1": 0.934156378600823,
      "pre": 0.961864406779661,
      "recall": 0.908,
      "auroc": 0.973936,
      "optimal_threshold": 0.017252206802368164,
      "tpr_at_fpr_0_01": 0.86,
      "fpr95": 0.224,
      "aupr": 0.9797369785483698
    },
    "layer_20": {
      "n_total": 500,
      "n_valid": 500,
      "n_val_total": 500,
      "n_val_valid": 500,
      "acc": 0.918,
      "f1": 0.9154639175257732,
      "pre": 0.9446808510638298,