{
  "args": {
    "model": "llama_8b",
    "dataset": "m4_multi",
    "mode": "last_token",
    "centering": false,
    "prefix": false,
    "smoke_test": false,
    "ood": false,
    "ood_set": "",
    "manifold": true,
    "pca_components": 50
  },
  "steering_domain": "m4_multi",
  "eval_domain": "m4_multi",
  "n_samples": 500,
  "n_layers": 33,
  "metrics_per_layer": {
    "layer_1": {
      "n_total": 500,
      "n_valid": 500,
      "n_val_total": 500,
      "n_val_valid": 500,
      "acc": 0.782,
      "f1": 0.7954971857410882,
      "pre": 0.7491166077738516,
      "recall": 0.848,
      "auroc": 0.8176479999999999,
      "optimal_threshold": 0.06618217378854752,
      "tpr_at_fpr_0_01": 0.0,
      "fpr95": 0.46,
      "aupr": 0.7467497121739242
    },
    "layer_2": {
      "n_total": 500,
      "n_valid": 500,
      "n_val_total": 500,
      "n_val_valid": 500,
      "acc": 0.772,
      "f1": 0.7927272727272727,
      "pre": 0.7266666666666667,
      "recall": 0.872,
      "auroc": 0.8555680000000001,
      "optimal_threshold": 0.012733349576592445,
      "tpr_at_fpr_0_01": 0.204,
      "fpr95": 0.544,
      "aupr": 0.8564328118940142
    },
    "layer_3": {
      "n_total": 500,
      "n_valid": 500,
      "n_val_total": 500,
      "n_val_valid": 500,
      "acc": 0.782,
      "f1": 0.7789046653144016,
      "pre": 0.7901234567901234,
      "recall": 0.768,
      "auroc": 0.8534240000000001,
      "optimal_threshold": 0.28085193037986755,
      "tpr_at_fpr_0_01": 0.26,
      "fpr95": 0.804,
      "aupr": 0.8660575780340105
    },
    "layer_4": {
      "n_total": 500,
      "n_valid": 500,
      "n_val_total": 500,
      "n_val_valid": 500,
      "acc": 0.792,
      "f1": 0.7886178861788617,
      "pre": 0.8016528925619835,
      "recall": 0.776,
      "auroc": 0.860064,
      "optimal_threshold": 0.516072690486908,
      "tpr_at_fpr_0_01": 0.456,
      "fpr95": 0.804,
      "aupr": 0.8939062020901913
    },
    "layer_5": {
      "n_total": 500,
      "n_valid": 500,
      "n_val_total": 500,
      "n_val_valid": 500,
      "acc": 0.826,
      "f1": 0.8,
      "pre": 0.9405405405405406,
      "recall": 0.696,
      "auroc": 0.8862399999999999,
      "optimal_threshold": 0.6737149953842163,
      "tpr_at_fpr_0_01": 0.564,
      "fpr95": 0.724,
      "aupr": 0.9145447008862856
    },
    "layer_6": {
      "n_total": 500,
      "n_valid": 500,
      "n_val_total": 500,
      "n_val_valid": 500,
      "acc": 0.832,
      "f1": 0.8082191780821918,
      "pre": 0.9414893617021277,
      "recall": 0.708,
      "auroc": 0.8958079999999999,
      "optimal_threshold": 0.8081620931625366,
      "tpr_at_fpr_0_01": 0.568,
      "fpr95": 0.624,
      "aupr": 0.9205295114018939
    },
    "layer_7": {
      "n_total": 500,
      "n_valid": 500,
      "n_val_total": 500,
      "n_val_valid": 500,
      "acc": 0.814,
      "f1": 0.7790973871733967,
      "pre": 0.9590643274853801,
      "recall": 0.656,
      "auroc": 0.893728,
      "optimal_threshold": 1.0851778984069824,
      "tpr_at_fpr_0_01": 0.572,
      "fpr95": 0.62,
      "aupr": 0.9188867060115457
    },
    "layer_8": {
      "n_total": 500,
      "n_valid": 500,
      "n_val_total": 500,
      "n_val_valid": 500,
      "acc": 0.816,
      "f1": 0.780952380952381,
      "pre": 0.9647058823529412,
      "recall": 0.656,
      "auroc": 0.890144,
      "optimal_threshold": 1.0491704940795898,
      "tpr_at_fpr_0_01": 0.584,
      "fpr95": 0.612,
      "aupr": 0.9163117983966611
    },
    "layer_9": {
      "n_total": 500,
      "n_valid": 500,
      "n_val_total": 500,
      "n_val_valid": 500,
      "acc": 0.806,
      "f1": 0.7662650602409639,
      "pre": 0.9636363636363636,
      "recall": 0.636,
      "auroc": 0.8886879999999999,
      "optimal_threshold": 1.2462379932403564,
      "tpr_at_fpr_0_01": 0.592,
      "fpr95": 0.748,
      "aupr": 0.917737875137576
    },
    "layer_10": {
      "n_total": 500,
      "n_valid": 500,
      "n_val_total": 500,
      "n_val_valid": 500,
      "acc": 0.834,
      "f1": 0.8167770419426048,
      "pre": 0.9113300492610837,
      "recall": 0.74,
      "auroc": 0.893184,
      "optimal_threshold": 1.1868886947631836,
      "tpr_at_fpr_0_01": 0.608,
      "fpr95": 0.728,
      "aupr": 0.9213396273226447
    },
    "layer_11": {
      "n_total": 500,
      "n_valid": 500,
      "n_val_total": 500,
      "n_val_valid": 500,
      "acc": 0.85,
      "f1": 0.8329621380846325,
      "pre": 0.9396984924623115,
      "recall": 0.748,
      "auroc": 0.8988799999999999,
      "optimal_threshold": 1.3211252689361572,
      "tpr_at_fpr_0_01": 0.684,
      "fpr95": 0.772,
      "aupr": 0.9281713679569553
    },
    "layer_12": {
      "n_total": 500,
      "n_valid": 500,
      "n_val_total": 500,
      "n_val_valid": 500,
      "acc": 0.84,
      "f1": 0.8230088495575221,
      "pre": 0.9207920792079208,
      "recall": 0.744,
      "auroc": 0.893456,
      "optimal_threshold": 1.3364245891571045,
      "tpr_at_fpr_0_01": 0.628,
      "fpr95": 0.76,
      "aupr": 0.9229833787612003
    },
    "layer_13": {
      "n_total": 500,
      "n_valid": 500,
      "n_val_total": 500,
      "n_val_valid": 500,
      "acc": 0.852,
      "f1": 0.8384279475982532,
      "pre": 0.9230769230769231,
      "recall": 0.768,
      "auroc": 0.8993599999999999,
      "optimal_threshold": 1.3829195499420166,
      "tpr_at_fpr_0_01": 0.656,
      "fpr95": 0.76,
      "aupr": 0.927426933980046
    },
    "layer_14": {
      "n_total": 500,
      "n_valid": 500,
      "n_val_total": 500,
      "n_val_valid": 500,
      "acc": 0.846,
      "f1": 0.8246013667425968,
      "pre": 0.9576719576719577,
      "recall": 0.724,
      "auroc": 0.905104,
      "optimal_threshold": 1.7772133350372314,
      "tpr_at_fpr_0_01": 0.672,
      "fpr95": 0.7,
      "aupr": 0.9306157936098571
    },
    "layer_15": {
      "n_total": 500,
      "n_valid": 500,
      "n_val_total": 500,
      "n_val_valid": 500,
      "acc": 0.836,
      "f1": 0.8225108225108225,
      "pre": 0.8962264150943396,
      "recall": 0.76,
      "auroc": 0.9167519999999999,
      "optimal_threshold": 1.6352542638778687,
      "tpr_at_fpr_0_01": 0.664,
      "fpr95": 0.584,
      "aupr": 0.9359960974599829
    },
    "layer_16": {
      "n_total": 500,
      "n_valid": 500,
      "n_val_total": 500,
      "n_val_valid": 500,
      "acc": 0.844,
      "f1": 0.8296943231441049,
      "pre": 0.9134615384615384,
      "recall": 0.76,
      "auroc": 0.91784,
      "optimal_threshold": 2.1128923892974854,
      "tpr_at_fpr_0_01": 0.68,
      "fpr95": 0.616,
      "aupr": 0.937108039237947
    },
    "layer_17": {
      "n_total": 500,
      "n_valid": 500,
      "n_val_total": 500,
      "n_val_valid": 500,
      "acc": 0.852,
      "f1": 0.8362831858407079,
      "pre": 0.9356435643564357,
      "recall": 0.756,
      "auroc": 0.9172159999999999,
      "optimal_threshold": 2.5245361328125,
      "tpr_at_fpr_0_01": 0.716,
      "fpr95": 0.536,
      "aupr": 0.9381469516637999
    },
    "layer_18": {
      "n_total": 500,
      "n_valid": 500,
      "n_val_total": 500,
      "n_val_valid": 500,
      "acc": 0.872,
      "f1": 0.8596491228070176,
      "pre": 0.9514563106796117,
      "recall": 0.784,
      "auroc": 0.9346559999999999,
      "optimal_threshold": 2.8181943893432617,
      "tpr_at_fpr_0_01": 0.672,
      "fpr95": 0.436,
      "aupr": 0.9478284008195698
    },
    "layer_19": {
      "n_total": 500,
      "n_valid": 500,
      "n_val_total": 500,
      "n_val_valid": 500,
      "acc": 0.87,
      "f1": 0.8602150537634409,
      "pre": 0.9302325581395349,
      "recall": 0.8,
      "auroc": 0.940144,
      "optimal_threshold": 3.1293275356292725,
      "tpr_at_fpr_0_01": 0.668,
      "fpr95": 0.392,
      "aupr": 0.9513635064477215
    },
    "layer_20": {
      "n_total": 500,
      "n_valid": 500,
      "n_val_total": 500,
      "n_val_valid": 500,
      "acc": 0.866,
      "f1": 0.8552915766738661,