{
  "args": {
    "model": "llama_8b",
    "dataset": "drl_t1_perturbation",
    "mode": "last_token",
    "prefix": false,
    "smoke_test": false,
    "ood": false,
    "ood_set": "",
    "manifold": true,
    "pca_components": 15
  },
  "steering_domain": "drl_t1_perturbation",
  "eval_domain": "drl_t1_perturbation",
  "n_samples": 500,
  "n_layers": 33,
  "metrics_per_layer": {
    "layer_1": {
      "n_total": 500,
      "n_valid": 500,
      "n_val_total": 500,
      "n_val_valid": 500,
      "acc": 0.62,
      "f1": 0.7155688622754491,
      "pre": 0.5717703349282297,
      "recall": 0.956,
      "auroc": 0.6216320000000001,
      "optimal_threshold": 0.044928908348083496,
      "tpr_at_fpr_0_01": 0.0,
      "fpr95": 0.716,
      "aupr": 0.5704822984122453
    },
    "layer_2": {
      "n_total": 500,
      "n_valid": 500,
      "n_val_total": 500,
      "n_val_valid": 500,
      "acc": 0.744,
      "f1": 0.7611940298507462,
      "pre": 0.7132867132867133,
      "recall": 0.816,
      "auroc": 0.82208,
      "optimal_threshold": 0.0316491536796093,
      "tpr_at_fpr_0_01": 0.124,
      "fpr95": 0.604,
      "aupr": 0.8082430381616917
    },
    "layer_3": {
      "n_total": 500,
      "n_valid": 500,
      "n_val_total": 500,
      "n_val_valid": 500,
      "acc": 0.764,
      "f1": 0.766798418972332,
      "pre": 0.7578125,
      "recall": 0.776,
      "auroc": 0.837008,
      "optimal_threshold": 0.04040473699569702,
      "tpr_at_fpr_0_01": 0.156,
      "fpr95": 0.62,
      "aupr": 0.8430374505131917
    },
    "layer_4": {
      "n_total": 500,
      "n_valid": 500,
      "n_val_total": 500,
      "n_val_valid": 500,
      "acc": 0.802,
      "f1": 0.7824175824175824,
      "pre": 0.8682926829268293,
      "recall": 0.712,
      "auroc": 0.8946080000000001,
      "optimal_threshold": 0.13121937215328217,
      "tpr_at_fpr_0_01": 0.34,
      "fpr95": 0.476,
      "aupr": 0.9079808160854286
    },
    "layer_5": {
      "n_total": 500,
      "n_valid": 500,
      "n_val_total": 500,
      "n_val_valid": 500,
      "acc": 0.898,
      "f1": 0.8930817610062893,
      "pre": 0.9383259911894273,
      "recall": 0.852,
      "auroc": 0.9497760000000001,
      "optimal_threshold": 0.054268062114715576,
      "tpr_at_fpr_0_01": 0.772,
      "fpr95": 0.364,
      "aupr": 0.9616072243043872
    },
    "layer_6": {
      "n_total": 500,
      "n_valid": 500,
      "n_val_total": 500,
      "n_val_valid": 500,
      "acc": 0.898,
      "f1": 0.8957055214723927,
      "pre": 0.9163179916317992,
      "recall": 0.876,
      "auroc": 0.963824,
      "optimal_threshold": -0.004669342190027237,
      "tpr_at_fpr_0_01": 0.808,
      "fpr95": 0.256,
      "aupr": 0.971344681722678
    },
    "layer_7": {
      "n_total": 500,
      "n_valid": 500,
      "n_val_total": 500,
      "n_val_valid": 500,
      "acc": 0.892,
      "f1": 0.8924302788844621,
      "pre": 0.8888888888888888,
      "recall": 0.896,
      "auroc": 0.9633600000000001,
      "optimal_threshold": -0.07988396286964417,
      "tpr_at_fpr_0_01": 0.792,
      "fpr95": 0.292,
      "aupr": 0.9709892753789009
    },
    "layer_8": {
      "n_total": 500,
      "n_valid": 500,
      "n_val_total": 500,
      "n_val_valid": 500,
      "acc": 0.884,
      "f1": 0.8806584362139918,
      "pre": 0.9067796610169492,
      "recall": 0.856,
      "auroc": 0.95632,
      "optimal_threshold": -0.014318585395812988,
      "tpr_at_fpr_0_01": 0.756,
      "fpr95": 0.316,
      "aupr": 0.9642992221679764
    },
    "layer_9": {
      "n_total": 500,
      "n_valid": 500,
      "n_val_total": 500,
      "n_val_valid": 500,
      "acc": 0.884,
      "f1": 0.8806584362139918,
      "pre": 0.9067796610169492,
      "recall": 0.856,
      "auroc": 0.954048,
      "optimal_threshold": -0.049850836396217346,
      "tpr_at_fpr_0_01": 0.764,
      "fpr95": 0.308,
      "aupr": 0.9628158219754177
    },
    "layer_10": {
      "n_total": 500,
      "n_valid": 500,
      "n_val_total": 500,
      "n_val_valid": 500,
      "acc": 0.89,
      "f1": 0.8940269749518305,
      "pre": 0.862453531598513,
      "recall": 0.928,
      "auroc": 0.9632959999999999,
      "optimal_threshold": -0.2615659236907959,
      "tpr_at_fpr_0_01": 0.728,
      "fpr95": 0.232,
      "aupr": 0.9698690421323672
    },
    "layer_11": {
      "n_total": 500,
      "n_valid": 500,
      "n_val_total": 500,
      "n_val_valid": 500,
      "acc": 0.918,
      "f1": 0.9161554192229039,
      "pre": 0.9372384937238494,
      "recall": 0.896,
      "auroc": 0.980656,
      "optimal_threshold": -0.1602640599012375,
      "tpr_at_fpr_0_01": 0.86,
      "fpr95": 0.128,
      "aupr": 0.9839333171925381
    },
    "layer_12": {
      "n_total": 500,
      "n_valid": 500,
      "n_val_total": 500,
      "n_val_valid": 500,
      "acc": 0.908,
      "f1": 0.9053497942386831,
      "pre": 0.9322033898305084,
      "recall": 0.88,
      "auroc": 0.9728319999999999,
      "optimal_threshold": -0.14048919081687927,
      "tpr_at_fpr_0_01": 0.82,
      "fpr95": 0.192,
      "aupr": 0.9774885012655601
    },
    "layer_13": {
      "n_total": 500,
      "n_valid": 500,
      "n_val_total": 500,
      "n_val_valid": 500,
      "acc": 0.904,
      "f1": 0.902834008097166,
      "pre": 0.9139344262295082,
      "recall": 0.892,
      "auroc": 0.974144,
      "optimal_threshold": -0.17587803304195404,
      "tpr_at_fpr_0_01": 0.84,
      "fpr95": 0.168,
      "aupr": 0.9782993636078684
    },
    "layer_14": {
      "n_total": 500,
      "n_valid": 500,
      "n_val_total": 500,
      "n_val_valid": 500,
      "acc": 0.884,
      "f1": 0.8728070175438597,
      "pre": 0.9660194174757282,
      "recall": 0.796,
      "auroc": 0.963248,
      "optimal_threshold": 0.15658551454544067,
      "tpr_at_fpr_0_01": 0.772,
      "fpr95": 0.248,
      "aupr": 0.9687500024471445
    },
    "layer_15": {
      "n_total": 500,
      "n_valid": 500,
      "n_val_total": 500,
      "n_val_valid": 500,
      "acc": 0.896,
      "f1": 0.8879310344827587,
      "pre": 0.9626168224299065,
      "recall": 0.824,
      "auroc": 0.965328,
      "optimal_threshold": 0.10226994752883911,
      "tpr_at_fpr_0_01": 0.804,
      "fpr95": 0.256,
      "aupr": 0.9710495611614026
    },
    "layer_16": {
      "n_total": 500,
      "n_valid": 500,
      "n_val_total": 500,
      "n_val_valid": 500,
      "acc": 0.894,
      "f1": 0.8929292929292929,
      "pre": 0.9020408163265307,
      "recall": 0.884,
      "auroc": 0.9610879999999999,
      "optimal_threshold": -0.17410629987716675,
      "tpr_at_fpr_0_01": 0.796,
      "fpr95": 0.32,
      "aupr": 0.9691555111230546
    },
    "layer_17": {
      "n_total": 500,
      "n_valid": 500,
      "n_val_total": 500,
      "n_val_valid": 500,
      "acc": 0.926,
      "f1": 0.9237113402061856,
      "pre": 0.9531914893617022,
      "recall": 0.896,
      "auroc": 0.970592,
      "optimal_threshold": -0.11535173654556274,
      "tpr_at_fpr_0_01": 0.828,
      "fpr95": 0.212,
      "aupr": 0.9770750438092096
    },
    "layer_18": {
      "n_total": 500,
      "n_valid": 500,
      "n_val_total": 500,
      "n_val_valid": 500,
      "acc": 0.904,
      "f1": 0.9020408163265307,
      "pre": 0.9208333333333333,
      "recall": 0.884,
      "auroc": 0.9618879999999999,
      "optimal_threshold": -0.1768813133239746,
      "tpr_at_fpr_0_01": 0.8,
      "fpr95": 0.316,
      "aupr": 0.9702682436459127
    },
    "layer_19": {
      "n_total": 500,
      "n_valid": 500,
      "n_val_total": 500,
      "n_val_valid": 500,
      "acc": 0.93,
      "f1": 0.9263157894736842,
      "pre": 0.9777777777777777,
      "recall": 0.88,
      "auroc": 0.97312,
      "optimal_threshold": 0.25508731603622437,
      "tpr_at_fpr_0_01": 0.856,
      "fpr95": 0.232,
      "aupr": 0.979209461973026
    },
    "layer_20": {
      "n_total": 500,
      "n_valid": 500,
      "n_val_total": 500,
      "n_val_valid": 500,
      "acc": 0.914,
      "f1": 0.9109730848861284,