{
  "args": {
    "model": "llama_8b",
    "dataset": "m4_multi",
    "mode": "last_token",
    "prefix": false,
    "smoke_test": false,
    "ood": false,
    "ood_set": "",
    "manifold": true,
    "pca_components": 10
  },
  "steering_domain": "m4_multi",
  "eval_domain": "m4_multi",
  "n_samples": 500,
  "n_layers": 33,
  "metrics_per_layer": {
    "layer_1": {
      "n_total": 500,
      "n_valid": 500,
      "n_val_total": 500,
      "n_val_valid": 500,
      "acc": 0.762,
      "f1": 0.7715930902111324,
      "pre": 0.7416974169741697,
      "recall": 0.804,
      "auroc": 0.815312,
      "optimal_threshold": -0.01009492576122284,
      "tpr_at_fpr_0_01": 0.0,
      "fpr95": 0.488,
      "aupr": 0.7456499164526542
    },
    "layer_2": {
      "n_total": 500,
      "n_valid": 500,
      "n_val_total": 500,
      "n_val_valid": 500,
      "acc": 0.768,
      "f1": 0.7898550724637681,
      "pre": 0.7218543046357616,
      "recall": 0.872,
      "auroc": 0.8467520000000001,
      "optimal_threshold": -0.06554792821407318,
      "tpr_at_fpr_0_01": 0.168,
      "fpr95": 0.592,
      "aupr": 0.8448739717198696
    },
    "layer_3": {
      "n_total": 500,
      "n_valid": 500,
      "n_val_total": 500,
      "n_val_valid": 500,
      "acc": 0.786,
      "f1": 0.7820773930753564,
      "pre": 0.7966804979253111,
      "recall": 0.768,
      "auroc": 0.8455839999999999,
      "optimal_threshold": 0.09672562032938004,
      "tpr_at_fpr_0_01": 0.168,
      "fpr95": 0.816,
      "aupr": 0.8512414742494785
    },
    "layer_4": {
      "n_total": 500,
      "n_valid": 500,
      "n_val_total": 500,
      "n_val_valid": 500,
      "acc": 0.782,
      "f1": 0.7714884696016772,
      "pre": 0.8105726872246696,
      "recall": 0.736,
      "auroc": 0.84792,
      "optimal_threshold": 0.15780016779899597,
      "tpr_at_fpr_0_01": 0.372,
      "fpr95": 0.816,
      "aupr": 0.8811345440112086
    },
    "layer_5": {
      "n_total": 500,
      "n_valid": 500,
      "n_val_total": 500,
      "n_val_valid": 500,
      "acc": 0.81,
      "f1": 0.8049281314168378,
      "pre": 0.8270042194092827,
      "recall": 0.784,
      "auroc": 0.876112,
      "optimal_threshold": 0.11040143668651581,
      "tpr_at_fpr_0_01": 0.528,
      "fpr95": 0.768,
      "aupr": 0.9064884362686455
    },
    "layer_6": {
      "n_total": 500,
      "n_valid": 500,
      "n_val_total": 500,
      "n_val_valid": 500,
      "acc": 0.826,
      "f1": 0.8112798264642083,
      "pre": 0.8862559241706162,
      "recall": 0.748,
      "auroc": 0.8840159999999999,
      "optimal_threshold": 0.19328953325748444,
      "tpr_at_fpr_0_01": 0.496,
      "fpr95": 0.668,
      "aupr": 0.9108300131908597
    },
    "layer_7": {
      "n_total": 500,
      "n_valid": 500,
      "n_val_total": 500,
      "n_val_valid": 500,
      "acc": 0.818,
      "f1": 0.8017429193899782,
      "pre": 0.8803827751196173,
      "recall": 0.736,
      "auroc": 0.882976,
      "optimal_threshold": 0.1806681901216507,
      "tpr_at_fpr_0_01": 0.492,
      "fpr95": 0.652,
      "aupr": 0.9093624750474398
    },
    "layer_8": {
      "n_total": 500,
      "n_valid": 500,
      "n_val_total": 500,
      "n_val_valid": 500,
      "acc": 0.802,
      "f1": 0.7670588235294118,
      "pre": 0.9314285714285714,
      "recall": 0.652,
      "auroc": 0.880304,
      "optimal_threshold": 0.2609766125679016,
      "tpr_at_fpr_0_01": 0.556,
      "fpr95": 0.684,
      "aupr": 0.9081683267539422
    },
    "layer_9": {
      "n_total": 500,
      "n_valid": 500,
      "n_val_total": 500,
      "n_val_valid": 500,
      "acc": 0.806,
      "f1": 0.7717647058823529,
      "pre": 0.9371428571428572,
      "recall": 0.656,
      "auroc": 0.8791680000000001,
      "optimal_threshold": 0.2249506562948227,
      "tpr_at_fpr_0_01": 0.56,
      "fpr95": 0.752,
      "aupr": 0.9097735611041018
    },
    "layer_10": {
      "n_total": 500,
      "n_valid": 500,
      "n_val_total": 500,
      "n_val_valid": 500,
      "acc": 0.814,
      "f1": 0.7852193995381063,
      "pre": 0.9289617486338798,
      "recall": 0.68,
      "auroc": 0.881536,
      "optimal_threshold": 0.15710791945457458,
      "tpr_at_fpr_0_01": 0.576,
      "fpr95": 0.764,
      "aupr": 0.9118467778139273
    },
    "layer_11": {
      "n_total": 500,
      "n_valid": 500,
      "n_val_total": 500,
      "n_val_valid": 500,
      "acc": 0.842,
      "f1": 0.8286334056399133,
      "pre": 0.9052132701421801,
      "recall": 0.764,
      "auroc": 0.8882399999999999,
      "optimal_threshold": 0.06112208962440491,
      "tpr_at_fpr_0_01": 0.652,
      "fpr95": 0.764,
      "aupr": 0.9200359090160869
    },
    "layer_12": {
      "n_total": 500,
      "n_valid": 500,
      "n_val_total": 500,
      "n_val_valid": 500,
      "acc": 0.82,
      "f1": 0.8008849557522124,
      "pre": 0.8960396039603961,
      "recall": 0.724,
      "auroc": 0.879056,
      "optimal_threshold": 0.06695486605167389,
      "tpr_at_fpr_0_01": 0.596,
      "fpr95": 0.78,
      "aupr": 0.9114356094464333
    },
    "layer_13": {
      "n_total": 500,
      "n_valid": 500,
      "n_val_total": 500,
      "n_val_valid": 500,
      "acc": 0.83,
      "f1": 0.8106904231625836,
      "pre": 0.914572864321608,
      "recall": 0.728,
      "auroc": 0.886464,
      "optimal_threshold": 0.14855873584747314,
      "tpr_at_fpr_0_01": 0.62,
      "fpr95": 0.788,
      "aupr": 0.9173363404465823
    },
    "layer_14": {
      "n_total": 500,
      "n_valid": 500,
      "n_val_total": 500,
      "n_val_valid": 500,
      "acc": 0.828,
      "f1": 0.8097345132743363,
      "pre": 0.905940594059406,
      "recall": 0.732,
      "auroc": 0.8894880000000001,
      "optimal_threshold": 0.16134631633758545,
      "tpr_at_fpr_0_01": 0.616,
      "fpr95": 0.744,
      "aupr": 0.9189699673412917
    },
    "layer_15": {
      "n_total": 500,
      "n_valid": 500,
      "n_val_total": 500,
      "n_val_valid": 500,
      "acc": 0.82,
      "f1": 0.7972972972972973,
      "pre": 0.9123711340206185,
      "recall": 0.708,
      "auroc": 0.8990239999999999,
      "optimal_threshold": 0.20856893062591553,
      "tpr_at_fpr_0_01": 0.628,
      "fpr95": 0.684,
      "aupr": 0.9222303536579101
    },
    "layer_16": {
      "n_total": 500,
      "n_valid": 500,
      "n_val_total": 500,
      "n_val_valid": 500,
      "acc": 0.826,
      "f1": 0.8053691275167785,
      "pre": 0.9137055837563451,
      "recall": 0.72,
      "auroc": 0.9007040000000002,
      "optimal_threshold": 0.30250105261802673,
      "tpr_at_fpr_0_01": 0.6,
      "fpr95": 0.576,
      "aupr": 0.9222353944717154
    },
    "layer_17": {
      "n_total": 500,
      "n_valid": 500,
      "n_val_total": 500,
      "n_val_valid": 500,
      "acc": 0.834,
      "f1": 0.8175824175824176,
      "pre": 0.9073170731707317,
      "recall": 0.744,
      "auroc": 0.9015039999999999,
      "optimal_threshold": 0.3452001214027405,
      "tpr_at_fpr_0_01": 0.664,
      "fpr95": 0.64,
      "aupr": 0.9261817914027509
    },
    "layer_18": {
      "n_total": 500,
      "n_valid": 500,
      "n_val_total": 500,
      "n_val_valid": 500,
      "acc": 0.856,
      "f1": 0.8414096916299559,
      "pre": 0.9362745098039216,
      "recall": 0.764,
      "auroc": 0.925088,
      "optimal_threshold": 0.5074455142021179,
      "tpr_at_fpr_0_01": 0.616,
      "fpr95": 0.488,
      "aupr": 0.9399447091678613
    },
    "layer_19": {
      "n_total": 500,
      "n_valid": 500,
      "n_val_total": 500,
      "n_val_valid": 500,
      "acc": 0.868,
      "f1": 0.8533333333333334,
      "pre": 0.96,
      "recall": 0.768,
      "auroc": 0.9324640000000001,
      "optimal_threshold": 0.8203058242797852,
      "tpr_at_fpr_0_01": 0.628,
      "fpr95": 0.42,
      "aupr": 0.9451382349422984
    },
    "layer_20": {
      "n_total": 500,
      "n_valid": 500,
      "n_val_total": 500,
      "n_val_valid": 500,
      "acc": 0.862,
      "f1": 0.8509719222462203,
      "pre": 0.9248826291079812,