{
  "args": {
    "model": "llama_8b",
    "dataset": "tsm_multi",
    "mode": "last_token",
    "prefix": false,
    "smoke_test": false,
    "ood": false,
    "ood_set": "",
    "manifold": true,
    "pca_components": 20
  },
  "steering_domain": "tsm_multi",
  "eval_domain": "tsm_multi",
  "n_samples": 500,
  "n_layers": 33,
  "metrics_per_layer": {
    "layer_1": {
      "n_total": 500,
      "n_valid": 500,
      "n_val_total": 500,
      "n_val_valid": 500,
      "acc": 0.528,
      "f1": 0.6666666666666666,
      "pre": 0.5152838427947598,
      "recall": 0.944,
      "auroc": 0.5233920000000001,
      "optimal_threshold": -0.12332746386528015,
      "tpr_at_fpr_0_01": 0.0,
      "fpr95": 0.888,
      "aupr": 0.5119717888318664
    },
    "layer_2": {
      "n_total": 500,
      "n_valid": 500,
      "n_val_total": 500,
      "n_val_valid": 500,
      "acc": 0.564,
      "f1": 0.3393939393939394,
      "pre": 0.7,
      "recall": 0.224,
      "auroc": 0.6152960000000001,
      "optimal_threshold": 0.03110061027109623,
      "tpr_at_fpr_0_01": 0.104,
      "fpr95": 0.896,
      "aupr": 0.6415980121835484
    },
    "layer_3": {
      "n_total": 500,
      "n_valid": 500,
      "n_val_total": 500,
      "n_val_valid": 500,
      "acc": 0.562,
      "f1": 0.472289156626506,
      "pre": 0.593939393939394,
      "recall": 0.392,
      "auroc": 0.607936,
      "optimal_threshold": 0.04368971288204193,
      "tpr_at_fpr_0_01": 0.004,
      "fpr95": 0.94,
      "aupr": 0.5825904269524478
    },
    "layer_4": {
      "n_total": 500,
      "n_valid": 500,
      "n_val_total": 500,
      "n_val_valid": 500,
      "acc": 0.612,
      "f1": 0.5446009389671361,
      "pre": 0.6590909090909091,
      "recall": 0.464,
      "auroc": 0.6751360000000001,
      "optimal_threshold": 0.06016451120376587,
      "tpr_at_fpr_0_01": 0.076,
      "fpr95": 0.908,
      "aupr": 0.6766794772512432
    },
    "layer_5": {
      "n_total": 500,
      "n_valid": 500,
      "n_val_total": 500,
      "n_val_valid": 500,
      "acc": 0.712,
      "f1": 0.6756756756756757,
      "pre": 0.7731958762886598,
      "recall": 0.6,
      "auroc": 0.756224,
      "optimal_threshold": 0.04528728872537613,
      "tpr_at_fpr_0_01": 0.148,
      "fpr95": 0.844,
      "aupr": 0.7745859084403749
    },
    "layer_6": {
      "n_total": 500,
      "n_valid": 500,
      "n_val_total": 500,
      "n_val_valid": 500,
      "acc": 0.73,
      "f1": 0.7096774193548387,
      "pre": 0.7674418604651163,
      "recall": 0.66,
      "auroc": 0.80648,
      "optimal_threshold": 0.005902118980884552,
      "tpr_at_fpr_0_01": 0.208,
      "fpr95": 0.776,
      "aupr": 0.8285202052740599
    },
    "layer_7": {
      "n_total": 500,
      "n_valid": 500,
      "n_val_total": 500,
      "n_val_valid": 500,
      "acc": 0.736,
      "f1": 0.6972477064220184,
      "pre": 0.8172043010752689,
      "recall": 0.608,
      "auroc": 0.8071359999999999,
      "optimal_threshold": 0.06119108200073242,
      "tpr_at_fpr_0_01": 0.22,
      "fpr95": 0.72,
      "aupr": 0.8275418925514789
    },
    "layer_8": {
      "n_total": 500,
      "n_valid": 500,
      "n_val_total": 500,
      "n_val_valid": 500,
      "acc": 0.742,
      "f1": 0.7114093959731543,
      "pre": 0.8071065989847716,
      "recall": 0.636,
      "auroc": 0.8088960000000001,
      "optimal_threshold": 0.046079106628894806,
      "tpr_at_fpr_0_01": 0.212,
      "fpr95": 0.756,
      "aupr": 0.828807870770913
    },
    "layer_9": {
      "n_total": 500,
      "n_valid": 500,
      "n_val_total": 500,
      "n_val_valid": 500,
      "acc": 0.718,
      "f1": 0.7104722792607803,
      "pre": 0.729957805907173,
      "recall": 0.692,
      "auroc": 0.785008,
      "optimal_threshold": -0.04872103035449982,
      "tpr_at_fpr_0_01": 0.212,
      "fpr95": 0.808,
      "aupr": 0.8081970376645271
    },
    "layer_10": {
      "n_total": 500,
      "n_valid": 500,
      "n_val_total": 500,
      "n_val_valid": 500,
      "acc": 0.736,
      "f1": 0.7338709677419355,
      "pre": 0.7398373983739838,
      "recall": 0.728,
      "auroc": 0.796272,
      "optimal_threshold": -0.09907839447259903,
      "tpr_at_fpr_0_01": 0.268,
      "fpr95": 0.828,
      "aupr": 0.8269807371167142
    },
    "layer_11": {
      "n_total": 500,
      "n_valid": 500,
      "n_val_total": 500,
      "n_val_valid": 500,
      "acc": 0.764,
      "f1": 0.757201646090535,
      "pre": 0.7796610169491526,
      "recall": 0.736,
      "auroc": 0.8489920000000001,
      "optimal_threshold": -0.12554527819156647,
      "tpr_at_fpr_0_01": 0.408,
      "fpr95": 0.732,
      "aupr": 0.8772764197757517
    },
    "layer_12": {
      "n_total": 500,
      "n_valid": 500,
      "n_val_total": 500,
      "n_val_valid": 500,
      "acc": 0.772,
      "f1": 0.7543103448275862,
      "pre": 0.8177570093457944,
      "recall": 0.7,
      "auroc": 0.8452959999999999,
      "optimal_threshold": -0.03676006197929382,
      "tpr_at_fpr_0_01": 0.388,
      "fpr95": 0.716,
      "aupr": 0.8746116704234606
    },
    "layer_13": {
      "n_total": 500,
      "n_valid": 500,
      "n_val_total": 500,
      "n_val_valid": 500,
      "acc": 0.772,
      "f1": 0.7397260273972602,
      "pre": 0.8617021276595744,
      "recall": 0.648,
      "auroc": 0.837488,
      "optimal_threshold": 0.09212669730186462,
      "tpr_at_fpr_0_01": 0.392,
      "fpr95": 0.764,
      "aupr": 0.8676006089957253
    },
    "layer_14": {
      "n_total": 500,
      "n_valid": 500,
      "n_val_total": 500,
      "n_val_valid": 500,
      "acc": 0.752,
      "f1": 0.7129629629629629,
      "pre": 0.8461538461538461,
      "recall": 0.616,
      "auroc": 0.810608,
      "optimal_threshold": 0.15178239345550537,
      "tpr_at_fpr_0_01": 0.348,
      "fpr95": 0.808,
      "aupr": 0.84646914258814
    },
    "layer_15": {
      "n_total": 500,
      "n_valid": 500,
      "n_val_total": 500,
      "n_val_valid": 500,
      "acc": 0.756,
      "f1": 0.7426160337552743,
      "pre": 0.7857142857142857,
      "recall": 0.704,
      "auroc": 0.816464,
      "optimal_threshold": -0.06790043413639069,
      "tpr_at_fpr_0_01": 0.332,
      "fpr95": 0.816,
      "aupr": 0.8540530084021872
    },
    "layer_16": {
      "n_total": 500,
      "n_valid": 500,
      "n_val_total": 500,
      "n_val_valid": 500,
      "acc": 0.752,
      "f1": 0.7061611374407583,
      "pre": 0.8662790697674418,
      "recall": 0.596,
      "auroc": 0.81488,
      "optimal_threshold": 0.18151754140853882,
      "tpr_at_fpr_0_01": 0.384,
      "fpr95": 0.844,
      "aupr": 0.8513351516225006
    },
    "layer_17": {
      "n_total": 500,
      "n_valid": 500,
      "n_val_total": 500,
      "n_val_valid": 500,
      "acc": 0.762,
      "f1": 0.7325842696629213,
      "pre": 0.8358974358974359,
      "recall": 0.652,
      "auroc": 0.8232480000000001,
      "optimal_threshold": 0.040279537439346313,
      "tpr_at_fpr_0_01": 0.456,
      "fpr95": 0.8,
      "aupr": 0.8615525546275877
    },
    "layer_18": {
      "n_total": 500,
      "n_valid": 500,
      "n_val_total": 500,
      "n_val_valid": 500,
      "acc": 0.76,
      "f1": 0.7129186602870813,
      "pre": 0.8869047619047619,
      "recall": 0.596,
      "auroc": 0.824352,
      "optimal_threshold": 0.25428545475006104,
      "tpr_at_fpr_0_01": 0.456,
      "fpr95": 0.832,
      "aupr": 0.8619186089225097
    },
    "layer_19": {
      "n_total": 500,
      "n_valid": 500,
      "n_val_total": 500,
      "n_val_valid": 500,
      "acc": 0.766,
      "f1": 0.7153284671532847,
      "pre": 0.9130434782608695,
      "recall": 0.588,
      "auroc": 0.84544,
      "optimal_threshold": 0.25977349281311035,
      "tpr_at_fpr_0_01": 0.5,
      "fpr95": 0.74,
      "aupr": 0.8795215341281191
    },
    "layer_20": {
      "n_total": 500,
      "n_valid": 500,
      "n_val_total": 500,
      "n_val_valid": 500,
      "acc": 0.75,
      "f1": 0.7276688453159041,
      "pre": 0.7990430622009569,