{
  "args": {
    "model": "llama_8b",
    "dataset": "drl_t1_perturbation",
    "mode": "last_token",
    "centering": false,
    "prefix": false,
    "smoke_test": false,
    "ood": false,
    "ood_set": "",
    "manifold": true,
    "pca_components": 50
  },
  "steering_domain": "drl_t1_perturbation",
  "eval_domain": "drl_t1_perturbation",
  "n_samples": 500,
  "n_layers": 33,
  "metrics_per_layer": {
    "layer_1": {
      "n_total": 500,
      "n_valid": 500,
      "n_val_total": 500,
      "n_val_valid": 500,
      "acc": 0.62,
      "f1": 0.7155688622754491,
      "pre": 0.5717703349282297,
      "recall": 0.956,
      "auroc": 0.621632,
      "optimal_threshold": 0.17987900972366333,
      "tpr_at_fpr_0_01": 0.0,
      "fpr95": 0.716,
      "aupr": 0.5704822984122453
    },
    "layer_2": {
      "n_total": 500,
      "n_valid": 500,
      "n_val_total": 500,
      "n_val_valid": 500,
      "acc": 0.776,
      "f1": 0.7829457364341085,
      "pre": 0.7593984962406015,
      "recall": 0.808,
      "auroc": 0.851792,
      "optimal_threshold": 0.1286202073097229,
      "tpr_at_fpr_0_01": 0.2,
      "fpr95": 0.6,
      "aupr": 0.8506082829594523
    },
    "layer_3": {
      "n_total": 500,
      "n_valid": 500,
      "n_val_total": 500,
      "n_val_valid": 500,
      "acc": 0.778,
      "f1": 0.7602591792656588,
      "pre": 0.8262910798122066,
      "recall": 0.704,
      "auroc": 0.861376,
      "optimal_threshold": 0.26594409346580505,
      "tpr_at_fpr_0_01": 0.244,
      "fpr95": 0.604,
      "aupr": 0.8752108732471326
    },
    "layer_4": {
      "n_total": 500,
      "n_valid": 500,
      "n_val_total": 500,
      "n_val_valid": 500,
      "acc": 0.826,
      "f1": 0.7990762124711316,
      "pre": 0.9453551912568307,
      "recall": 0.692,
      "auroc": 0.9080160000000002,
      "optimal_threshold": 0.4665621519088745,
      "tpr_at_fpr_0_01": 0.432,
      "fpr95": 0.444,
      "aupr": 0.9217384443474872
    },
    "layer_5": {
      "n_total": 500,
      "n_valid": 500,
      "n_val_total": 500,
      "n_val_valid": 500,
      "acc": 0.9,
      "f1": 0.895397489539749,
      "pre": 0.9385964912280702,
      "recall": 0.856,
      "auroc": 0.9551679999999999,
      "optimal_threshold": 0.5093000531196594,
      "tpr_at_fpr_0_01": 0.808,
      "fpr95": 0.32,
      "aupr": 0.9656876179802997
    },
    "layer_6": {
      "n_total": 500,
      "n_valid": 500,
      "n_val_total": 500,
      "n_val_valid": 500,
      "acc": 0.904,
      "f1": 0.9032258064516129,
      "pre": 0.9105691056910569,
      "recall": 0.896,
      "auroc": 0.9696,
      "optimal_threshold": 0.5516887903213501,
      "tpr_at_fpr_0_01": 0.828,
      "fpr95": 0.204,
      "aupr": 0.9757825597749566
    },
    "layer_7": {
      "n_total": 500,
      "n_valid": 500,
      "n_val_total": 500,
      "n_val_valid": 500,
      "acc": 0.9,
      "f1": 0.9007936507936508,
      "pre": 0.8937007874015748,
      "recall": 0.908,
      "auroc": 0.9681279999999999,
      "optimal_threshold": 0.8710694313049316,
      "tpr_at_fpr_0_01": 0.828,
      "fpr95": 0.276,
      "aupr": 0.9744729089004684
    },
    "layer_8": {
      "n_total": 500,
      "n_valid": 500,
      "n_val_total": 500,
      "n_val_valid": 500,
      "acc": 0.892,
      "f1": 0.8902439024390244,
      "pre": 0.9049586776859504,
      "recall": 0.876,
      "auroc": 0.9600639999999999,
      "optimal_threshold": 0.9553729295730591,
      "tpr_at_fpr_0_01": 0.756,
      "fpr95": 0.304,
      "aupr": 0.9669669670228198
    },
    "layer_9": {
      "n_total": 500,
      "n_valid": 500,
      "n_val_total": 500,
      "n_val_valid": 500,
      "acc": 0.888,
      "f1": 0.8838174273858921,
      "pre": 0.9181034482758621,
      "recall": 0.852,
      "auroc": 0.959408,
      "optimal_threshold": 1.2262494564056396,
      "tpr_at_fpr_0_01": 0.776,
      "fpr95": 0.252,
      "aupr": 0.9667738306161093
    },
    "layer_10": {
      "n_total": 500,
      "n_valid": 500,
      "n_val_total": 500,
      "n_val_valid": 500,
      "acc": 0.898,
      "f1": 0.8907922912205567,
      "pre": 0.9585253456221198,
      "recall": 0.832,
      "auroc": 0.967216,
      "optimal_threshold": 1.4316658973693848,
      "tpr_at_fpr_0_01": 0.748,
      "fpr95": 0.2,
      "aupr": 0.9727608862637628
    },
    "layer_11": {
      "n_total": 500,
      "n_valid": 500,
      "n_val_total": 500,
      "n_val_valid": 500,
      "acc": 0.924,
      "f1": 0.9218106995884774,
      "pre": 0.9491525423728814,
      "recall": 0.896,
      "auroc": 0.9822559999999999,
      "optimal_threshold": 1.340888500213623,
      "tpr_at_fpr_0_01": 0.872,
      "fpr95": 0.108,
      "aupr": 0.9851558216113878
    },
    "layer_12": {
      "n_total": 500,
      "n_valid": 500,
      "n_val_total": 500,
      "n_val_valid": 500,
      "acc": 0.91,
      "f1": 0.9079754601226994,
      "pre": 0.9288702928870293,
      "recall": 0.888,
      "auroc": 0.975472,
      "optimal_threshold": 1.4382884502410889,
      "tpr_at_fpr_0_01": 0.836,
      "fpr95": 0.176,
      "aupr": 0.9794170462275019
    },
    "layer_13": {
      "n_total": 500,
      "n_valid": 500,
      "n_val_total": 500,
      "n_val_valid": 500,
      "acc": 0.908,
      "f1": 0.9065040650406504,
      "pre": 0.9214876033057852,
      "recall": 0.892,
      "auroc": 0.9766239999999999,
      "optimal_threshold": 1.5757486820220947,
      "tpr_at_fpr_0_01": 0.836,
      "fpr95": 0.156,
      "aupr": 0.9801516911590036
    },
    "layer_14": {
      "n_total": 500,
      "n_valid": 500,
      "n_val_total": 500,
      "n_val_valid": 500,
      "acc": 0.892,
      "f1": 0.8820960698689956,
      "pre": 0.9711538461538461,
      "recall": 0.808,
      "auroc": 0.9662080000000001,
      "optimal_threshold": 2.1035099029541016,
      "tpr_at_fpr_0_01": 0.784,
      "fpr95": 0.224,
      "aupr": 0.9709584965238286
    },
    "layer_15": {
      "n_total": 500,
      "n_valid": 500,
      "n_val_total": 500,
      "n_val_valid": 500,
      "acc": 0.896,
      "f1": 0.890295358649789,
      "pre": 0.9419642857142857,
      "recall": 0.844,
      "auroc": 0.968688,
      "optimal_threshold": 1.8995602130889893,
      "tpr_at_fpr_0_01": 0.808,
      "fpr95": 0.208,
      "aupr": 0.9735590469478493
    },
    "layer_16": {
      "n_total": 500,
      "n_valid": 500,
      "n_val_total": 500,
      "n_val_valid": 500,
      "acc": 0.896,
      "f1": 0.8938775510204081,
      "pre": 0.9125,
      "recall": 0.876,
      "auroc": 0.964992,
      "optimal_threshold": 2.1012308597564697,
      "tpr_at_fpr_0_01": 0.816,
      "fpr95": 0.284,
      "aupr": 0.9719187541157669
    },
    "layer_17": {
      "n_total": 500,
      "n_valid": 500,
      "n_val_total": 500,
      "n_val_valid": 500,
      "acc": 0.926,
      "f1": 0.9224318658280922,
      "pre": 0.9691629955947136,
      "recall": 0.88,
      "auroc": 0.972208,
      "optimal_threshold": 2.4742650985717773,
      "tpr_at_fpr_0_01": 0.828,
      "fpr95": 0.204,
      "aupr": 0.9782222526831831
    },
    "layer_18": {
      "n_total": 500,
      "n_valid": 500,
      "n_val_total": 500,
      "n_val_valid": 500,
      "acc": 0.904,
      "f1": 0.9032258064516129,
      "pre": 0.9105691056910569,
      "recall": 0.896,
      "auroc": 0.9638879999999999,
      "optimal_threshold": 2.519955635070801,
      "tpr_at_fpr_0_01": 0.808,
      "fpr95": 0.3,
      "aupr": 0.9717543757600227
    },
    "layer_19": {
      "n_total": 500,
      "n_valid": 500,
      "n_val_total": 500,
      "n_val_valid": 500,
      "acc": 0.932,
      "f1": 0.9285714285714286,
      "pre": 0.9778761061946902,
      "recall": 0.884,
      "auroc": 0.9742240000000001,
      "optimal_threshold": 3.200610637664795,
      "tpr_at_fpr_0_01": 0.86,
      "fpr95": 0.212,
      "aupr": 0.9799914195870654
    },
    "layer_20": {
      "n_total": 500,
      "n_valid": 500,
      "n_val_total": 500,
      "n_val_valid": 500,
      "acc": 0.912,
      "f1": 0.9087136929460581,