{
  "args": {
    "model": "llama_8b",
    "dataset": "m4_multi",
    "mode": "last_token",
    "centering": false,
    "prefix": false,
    "smoke_test": false,
    "ood": false,
    "ood_set": "",
    "manifold": true,
    "pca_components": 25
  },
  "steering_domain": "m4_multi",
  "eval_domain": "m4_multi",
  "n_samples": 500,
  "n_layers": 33,
  "metrics_per_layer": {
    "layer_1": {
      "n_total": 500,
      "n_valid": 500,
      "n_val_total": 500,
      "n_val_valid": 500,
      "acc": 0.778,
      "f1": 0.7901701323251418,
      "pre": 0.7491039426523297,
      "recall": 0.836,
      "auroc": 0.816832,
      "optimal_threshold": 0.07199640572071075,
      "tpr_at_fpr_0_01": 0.0,
      "fpr95": 0.468,
      "aupr": 0.7463308897632719
    },
    "layer_2": {
      "n_total": 500,
      "n_valid": 500,
      "n_val_total": 500,
      "n_val_valid": 500,
      "acc": 0.766,
      "f1": 0.7884267631103075,
      "pre": 0.7194719471947195,
      "recall": 0.872,
      "auroc": 0.854256,
      "optimal_threshold": -0.0013383850455284119,
      "tpr_at_fpr_0_01": 0.204,
      "fpr95": 0.572,
      "aupr": 0.8536034704304065
    },
    "layer_3": {
      "n_total": 500,
      "n_valid": 500,
      "n_val_total": 500,
      "n_val_valid": 500,
      "acc": 0.784,
      "f1": 0.7804878048780488,
      "pre": 0.7933884297520661,
      "recall": 0.768,
      "auroc": 0.8533919999999999,
      "optimal_threshold": 0.28209739923477173,
      "tpr_at_fpr_0_01": 0.232,
      "fpr95": 0.8,
      "aupr": 0.8640409586795793
    },
    "layer_4": {
      "n_total": 500,
      "n_valid": 500,
      "n_val_total": 500,
      "n_val_valid": 500,
      "acc": 0.794,
      "f1": 0.7867494824016563,
      "pre": 0.8154506437768241,
      "recall": 0.76,
      "auroc": 0.8580479999999999,
      "optimal_threshold": 0.537399172782898,
      "tpr_at_fpr_0_01": 0.416,
      "fpr95": 0.8,
      "aupr": 0.8914328976307087
    },
    "layer_5": {
      "n_total": 500,
      "n_valid": 500,
      "n_val_total": 500,
      "n_val_valid": 500,
      "acc": 0.822,
      "f1": 0.7925407925407926,
      "pre": 0.9497206703910615,
      "recall": 0.68,
      "auroc": 0.884848,
      "optimal_threshold": 0.6959829926490784,
      "tpr_at_fpr_0_01": 0.568,
      "fpr95": 0.712,
      "aupr": 0.9130639221503871
    },
    "layer_6": {
      "n_total": 500,
      "n_valid": 500,
      "n_val_total": 500,
      "n_val_valid": 500,
      "acc": 0.838,
      "f1": 0.8227571115973742,
      "pre": 0.9082125603864735,
      "recall": 0.752,
      "auroc": 0.8946399999999999,
      "optimal_threshold": 0.771448016166687,
      "tpr_at_fpr_0_01": 0.568,
      "fpr95": 0.628,
      "aupr": 0.9196658788802837
    },
    "layer_7": {
      "n_total": 500,
      "n_valid": 500,
      "n_val_total": 500,
      "n_val_valid": 500,
      "acc": 0.832,
      "f1": 0.8099547511312217,
      "pre": 0.9322916666666666,
      "recall": 0.716,
      "auroc": 0.8923200000000001,
      "optimal_threshold": 1.0126627683639526,
      "tpr_at_fpr_0_01": 0.568,
      "fpr95": 0.608,
      "aupr": 0.9172802279882182
    },
    "layer_8": {
      "n_total": 500,
      "n_valid": 500,
      "n_val_total": 500,
      "n_val_valid": 500,
      "acc": 0.82,
      "f1": 0.7935779816513762,
      "pre": 0.9301075268817204,
      "recall": 0.692,
      "auroc": 0.886816,
      "optimal_threshold": 0.9906275868415833,
      "tpr_at_fpr_0_01": 0.576,
      "fpr95": 0.608,
      "aupr": 0.9135852990024181
    },
    "layer_9": {
      "n_total": 500,
      "n_valid": 500,
      "n_val_total": 500,
      "n_val_valid": 500,
      "acc": 0.804,
      "f1": 0.7632850241545893,
      "pre": 0.9634146341463414,
      "recall": 0.632,
      "auroc": 0.8852959999999999,
      "optimal_threshold": 1.2652781009674072,
      "tpr_at_fpr_0_01": 0.568,
      "fpr95": 0.74,
      "aupr": 0.9151145840286113
    },
    "layer_10": {
      "n_total": 500,
      "n_valid": 500,
      "n_val_total": 500,
      "n_val_valid": 500,
      "acc": 0.826,
      "f1": 0.8009153318077803,
      "pre": 0.9358288770053476,
      "recall": 0.7,
      "auroc": 0.8900319999999999,
      "optimal_threshold": 1.299827218055725,
      "tpr_at_fpr_0_01": 0.6,
      "fpr95": 0.732,
      "aupr": 0.9192609638860239
    },
    "layer_11": {
      "n_total": 500,
      "n_valid": 500,
      "n_val_total": 500,
      "n_val_valid": 500,
      "acc": 0.846,
      "f1": 0.8253968253968254,
      "pre": 0.9528795811518325,
      "recall": 0.728,
      "auroc": 0.8955520000000001,
      "optimal_threshold": 1.3833084106445312,
      "tpr_at_fpr_0_01": 0.684,
      "fpr95": 0.772,
      "aupr": 0.9261763884820449
    },
    "layer_12": {
      "n_total": 500,
      "n_valid": 500,
      "n_val_total": 500,
      "n_val_valid": 500,
      "acc": 0.838,
      "f1": 0.8227571115973742,
      "pre": 0.9082125603864735,
      "recall": 0.752,
      "auroc": 0.8896000000000001,
      "optimal_threshold": 1.3439841270446777,
      "tpr_at_fpr_0_01": 0.616,
      "fpr95": 0.764,
      "aupr": 0.9203666666106276
    },
    "layer_13": {
      "n_total": 500,
      "n_valid": 500,
      "n_val_total": 500,
      "n_val_valid": 500,
      "acc": 0.844,
      "f1": 0.8289473684210527,
      "pre": 0.9174757281553398,
      "recall": 0.756,
      "auroc": 0.8974719999999999,
      "optimal_threshold": 1.4371695518493652,
      "tpr_at_fpr_0_01": 0.656,
      "fpr95": 0.78,
      "aupr": 0.9263762224998641
    },
    "layer_14": {
      "n_total": 500,
      "n_valid": 500,
      "n_val_total": 500,
      "n_val_valid": 500,
      "acc": 0.844,
      "f1": 0.8194444444444444,
      "pre": 0.9725274725274725,
      "recall": 0.708,
      "auroc": 0.9025759999999999,
      "optimal_threshold": 1.8989832401275635,
      "tpr_at_fpr_0_01": 0.664,
      "fpr95": 0.72,
      "aupr": 0.9290966693281112
    },
    "layer_15": {
      "n_total": 500,
      "n_valid": 500,
      "n_val_total": 500,
      "n_val_valid": 500,
      "acc": 0.836,
      "f1": 0.8225108225108225,
      "pre": 0.8962264150943396,
      "recall": 0.76,
      "auroc": 0.914928,
      "optimal_threshold": 1.6709939241409302,
      "tpr_at_fpr_0_01": 0.668,
      "fpr95": 0.584,
      "aupr": 0.9345435169821562
    },
    "layer_16": {
      "n_total": 500,
      "n_valid": 500,
      "n_val_total": 500,
      "n_val_valid": 500,
      "acc": 0.842,
      "f1": 0.8293736501079914,
      "pre": 0.9014084507042254,
      "recall": 0.768,
      "auroc": 0.916224,
      "optimal_threshold": 2.0982377529144287,
      "tpr_at_fpr_0_01": 0.672,
      "fpr95": 0.612,
      "aupr": 0.9360291139502284
    },
    "layer_17": {
      "n_total": 500,
      "n_valid": 500,
      "n_val_total": 500,
      "n_val_valid": 500,
      "acc": 0.854,
      "f1": 0.8402625820568927,
      "pre": 0.927536231884058,
      "recall": 0.768,
      "auroc": 0.916128,
      "optimal_threshold": 2.438993215560913,
      "tpr_at_fpr_0_01": 0.716,
      "fpr95": 0.536,
      "aupr": 0.9375847088674689
    },
    "layer_18": {
      "n_total": 500,
      "n_valid": 500,
      "n_val_total": 500,
      "n_val_valid": 500,
      "acc": 0.86,
      "f1": 0.8504273504273504,
      "pre": 0.9128440366972477,
      "recall": 0.796,
      "auroc": 0.9331360000000001,
      "optimal_threshold": 2.650296211242676,
      "tpr_at_fpr_0_01": 0.664,
      "fpr95": 0.44,
      "aupr": 0.9467511838842938
    },
    "layer_19": {
      "n_total": 500,
      "n_valid": 500,
      "n_val_total": 500,
      "n_val_valid": 500,
      "acc": 0.874,
      "f1": 0.8639308855291576,
      "pre": 0.9389671361502347,
      "recall": 0.8,
      "auroc": 0.9394239999999999,
      "optimal_threshold": 3.3091444969177246,
      "tpr_at_fpr_0_01": 0.668,
      "fpr95": 0.4,
      "aupr": 0.9507480011351496
    },
    "layer_20": {
      "n_total": 500,
      "n_valid": 500,
      "n_val_total": 500,
      "n_val_valid": 500,
      "acc": 0.868,