{
  "args": {
    "model": "llama_8b",
    "dataset": "tsm_multi",
    "mode": "last_token",
    "centering": false,
    "prefix": false,
    "smoke_test": false,
    "ood": false,
    "ood_set": "",
    "manifold": true,
    "pca_components": 5
  },
  "steering_domain": "tsm_multi",
  "eval_domain": "tsm_multi",
  "n_samples": 500,
  "n_layers": 33,
  "metrics_per_layer": {
    "layer_1": {
      "n_total": 500,
      "n_valid": 500,
      "n_val_total": 500,
      "n_val_valid": 500,
      "acc": 0.522,
      "f1": 0.6600284495021337,
      "pre": 0.5121412803532008,
      "recall": 0.928,
      "auroc": 0.523008,
      "optimal_threshold": 0.16725818812847137,
      "tpr_at_fpr_0_01": 0.0,
      "fpr95": 0.904,
      "aupr": 0.5118669917978762
    },
    "layer_2": {
      "n_total": 500,
      "n_valid": 500,
      "n_val_total": 500,
      "n_val_valid": 500,
      "acc": 0.53,
      "f1": 0.5271629778672032,
      "pre": 0.5303643724696356,
      "recall": 0.524,
      "auroc": 0.547136,
      "optimal_threshold": 0.13526573777198792,
      "tpr_at_fpr_0_01": 0.016,
      "fpr95": 0.924,
      "aupr": 0.5341614133460533
    },
    "layer_3": {
      "n_total": 500,
      "n_valid": 500,
      "n_val_total": 500,
      "n_val_valid": 500,
      "acc": 0.552,
      "f1": 0.6190476190476191,
      "pre": 0.5384615384615384,
      "recall": 0.728,
      "auroc": 0.587072,
      "optimal_threshold": 0.0767664909362793,
      "tpr_at_fpr_0_01": 0.024,
      "fpr95": 0.928,
      "aupr": 0.5798904575724251
    },
    "layer_4": {
      "n_total": 500,
      "n_valid": 500,
      "n_val_total": 500,
      "n_val_valid": 500,
      "acc": 0.588,
      "f1": 0.6321428571428571,
      "pre": 0.5709677419354838,
      "recall": 0.708,
      "auroc": 0.6155200000000001,
      "optimal_threshold": 0.3600180745124817,
      "tpr_at_fpr_0_01": 0.044,
      "fpr95": 0.948,
      "aupr": 0.6079818568887121
    },
    "layer_5": {
      "n_total": 500,
      "n_valid": 500,
      "n_val_total": 500,
      "n_val_valid": 500,
      "acc": 0.64,
      "f1": 0.625,
      "pre": 0.6521739130434783,
      "recall": 0.6,
      "auroc": 0.6939360000000001,
      "optimal_threshold": 0.47157275676727295,
      "tpr_at_fpr_0_01": 0.116,
      "fpr95": 0.876,
      "aupr": 0.7064079522117163
    },
    "layer_6": {
      "n_total": 500,
      "n_valid": 500,
      "n_val_total": 500,
      "n_val_valid": 500,
      "acc": 0.682,
      "f1": 0.6924564796905223,
      "pre": 0.6704119850187266,
      "recall": 0.716,
      "auroc": 0.7633919999999998,
      "optimal_threshold": 0.5922224521636963,
      "tpr_at_fpr_0_01": 0.2,
      "fpr95": 0.864,
      "aupr": 0.7904161220216661
    },
    "layer_7": {
      "n_total": 500,
      "n_valid": 500,
      "n_val_total": 500,
      "n_val_valid": 500,
      "acc": 0.702,
      "f1": 0.630272952853598,
      "pre": 0.8300653594771242,
      "recall": 0.508,
      "auroc": 0.7592319999999999,
      "optimal_threshold": 1.1499266624450684,
      "tpr_at_fpr_0_01": 0.212,
      "fpr95": 0.788,
      "aupr": 0.7872241742593107
    },
    "layer_8": {
      "n_total": 500,
      "n_valid": 500,
      "n_val_total": 500,
      "n_val_valid": 500,
      "acc": 0.684,
      "f1": 0.6594827586206896,
      "pre": 0.7149532710280374,
      "recall": 0.612,
      "auroc": 0.7494559999999999,
      "optimal_threshold": 0.9117641448974609,
      "tpr_at_fpr_0_01": 0.136,
      "fpr95": 0.848,
      "aupr": 0.7750202664770265
    },
    "layer_9": {
      "n_total": 500,
      "n_valid": 500,
      "n_val_total": 500,
      "n_val_valid": 500,
      "acc": 0.668,
      "f1": 0.5990338164251208,
      "pre": 0.7560975609756098,
      "recall": 0.496,
      "auroc": 0.729184,
      "optimal_threshold": 0.9794235229492188,
      "tpr_at_fpr_0_01": 0.168,
      "fpr95": 0.908,
      "aupr": 0.7599166161589691
    },
    "layer_10": {
      "n_total": 500,
      "n_valid": 500,
      "n_val_total": 500,
      "n_val_valid": 500,
      "acc": 0.676,
      "f1": 0.6142857142857143,
      "pre": 0.7588235294117647,
      "recall": 0.516,
      "auroc": 0.7214400000000001,
      "optimal_threshold": 0.975548505783081,
      "tpr_at_fpr_0_01": 0.148,
      "fpr95": 0.924,
      "aupr": 0.7621523954429708
    },
    "layer_11": {
      "n_total": 500,
      "n_valid": 500,
      "n_val_total": 500,
      "n_val_valid": 500,
      "acc": 0.704,
      "f1": 0.6318407960199005,
      "pre": 0.8355263157894737,
      "recall": 0.508,
      "auroc": 0.7558559999999999,
      "optimal_threshold": 1.1925878524780273,
      "tpr_at_fpr_0_01": 0.324,
      "fpr95": 0.912,
      "aupr": 0.8049739439739809
    },
    "layer_12": {
      "n_total": 500,
      "n_valid": 500,
      "n_val_total": 500,
      "n_val_valid": 500,
      "acc": 0.702,
      "f1": 0.6409638554216868,
      "pre": 0.806060606060606,
      "recall": 0.532,
      "auroc": 0.754976,
      "optimal_threshold": 1.353574275970459,
      "tpr_at_fpr_0_01": 0.244,
      "fpr95": 0.896,
      "aupr": 0.8024012727114537
    },
    "layer_13": {
      "n_total": 500,
      "n_valid": 500,
      "n_val_total": 500,
      "n_val_valid": 500,
      "acc": 0.71,
      "f1": 0.648910411622276,
      "pre": 0.8220858895705522,
      "recall": 0.536,
      "auroc": 0.772656,
      "optimal_threshold": 1.2560131549835205,
      "tpr_at_fpr_0_01": 0.288,
      "fpr95": 0.892,
      "aupr": 0.812886910948758
    },
    "layer_14": {
      "n_total": 500,
      "n_valid": 500,
      "n_val_total": 500,
      "n_val_valid": 500,
      "acc": 0.698,
      "f1": 0.639618138424821,
      "pre": 0.7928994082840237,
      "recall": 0.536,
      "auroc": 0.763072,
      "optimal_threshold": 1.0281388759613037,
      "tpr_at_fpr_0_01": 0.22,
      "fpr95": 0.924,
      "aupr": 0.8053939813413575
    },
    "layer_15": {
      "n_total": 500,
      "n_valid": 500,
      "n_val_total": 500,
      "n_val_valid": 500,
      "acc": 0.736,
      "f1": 0.7053571428571429,
      "pre": 0.797979797979798,
      "recall": 0.632,
      "auroc": 0.7838720000000001,
      "optimal_threshold": 1.0698363780975342,
      "tpr_at_fpr_0_01": 0.308,
      "fpr95": 0.904,
      "aupr": 0.8269079106563832
    },
    "layer_16": {
      "n_total": 500,
      "n_valid": 500,
      "n_val_total": 500,
      "n_val_valid": 500,
      "acc": 0.71,
      "f1": 0.6681922196796338,
      "pre": 0.7807486631016043,
      "recall": 0.584,
      "auroc": 0.7734239999999999,
      "optimal_threshold": 1.560259222984314,
      "tpr_at_fpr_0_01": 0.308,
      "fpr95": 0.888,
      "aupr": 0.814279664781959
    },
    "layer_17": {
      "n_total": 500,
      "n_valid": 500,
      "n_val_total": 500,
      "n_val_valid": 500,
      "acc": 0.722,
      "f1": 0.6819221967963387,
      "pre": 0.7967914438502673,
      "recall": 0.596,
      "auroc": 0.7748480000000001,
      "optimal_threshold": 2.124350070953369,
      "tpr_at_fpr_0_01": 0.348,
      "fpr95": 0.856,
      "aupr": 0.8188313441210051
    },
    "layer_18": {
      "n_total": 500,
      "n_valid": 500,
      "n_val_total": 500,
      "n_val_valid": 500,
      "acc": 0.706,
      "f1": 0.6852248394004282,
      "pre": 0.7373271889400922,
      "recall": 0.64,
      "auroc": 0.759232,
      "optimal_threshold": 2.4130170345306396,
      "tpr_at_fpr_0_01": 0.22,
      "fpr95": 0.892,
      "aupr": 0.7977777044152523
    },
    "layer_19": {
      "n_total": 500,
      "n_valid": 500,
      "n_val_total": 500,
      "n_val_valid": 500,
      "acc": 0.696,
      "f1": 0.6448598130841121,
      "pre": 0.7752808988764045,
      "recall": 0.552,
      "auroc": 0.765616,
      "optimal_threshold": 3.111797332763672,
      "tpr_at_fpr_0_01": 0.28,
      "fpr95": 0.872,
      "aupr": 0.8082040585444983
    },
    "layer_20": {
      "n_total": 500,
      "n_valid": 500,
      "n_val_total": 500,
      "n_val_valid": 500,
      "acc": 0.664,
      "f1": 0.6037735849056604,