{
  "args": {
    "model": "llama_8b",
    "dataset": "m4_multi",
    "mode": "last_token",
    "centering": false,
    "prefix": false,
    "smoke_test": false,
    "ood": false,
    "ood_set": "",
    "manifold": true,
    "pca_components": 15
  },
  "steering_domain": "m4_multi",
  "eval_domain": "m4_multi",
  "n_samples": 500,
  "n_layers": 33,
  "metrics_per_layer": {
    "layer_1": {
      "n_total": 500,
      "n_valid": 500,
      "n_val_total": 500,
      "n_val_valid": 500,
      "acc": 0.78,
      "f1": 0.7940074906367042,
      "pre": 0.7464788732394366,
      "recall": 0.848,
      "auroc": 0.816368,
      "optimal_threshold": 0.06289517879486084,
      "tpr_at_fpr_0_01": 0.0,
      "fpr95": 0.472,
      "aupr": 0.7460856040132635
    },
    "layer_2": {
      "n_total": 500,
      "n_valid": 500,
      "n_val_total": 500,
      "n_val_valid": 500,
      "acc": 0.774,
      "f1": 0.7941712204007286,
      "pre": 0.7290969899665551,
      "recall": 0.872,
      "auroc": 0.849168,
      "optimal_threshold": 0.0035674171522259712,
      "tpr_at_fpr_0_01": 0.188,
      "fpr95": 0.588,
      "aupr": 0.8491688504364768
    },
    "layer_3": {
      "n_total": 500,
      "n_valid": 500,
      "n_val_total": 500,
      "n_val_valid": 500,
      "acc": 0.784,
      "f1": 0.7804878048780488,
      "pre": 0.7933884297520661,
      "recall": 0.768,
      "auroc": 0.848192,
      "optimal_threshold": 0.2892603278160095,
      "tpr_at_fpr_0_01": 0.176,
      "fpr95": 0.812,
      "aupr": 0.8559099600556105
    },
    "layer_4": {
      "n_total": 500,
      "n_valid": 500,
      "n_val_total": 500,
      "n_val_valid": 500,
      "acc": 0.796,
      "f1": 0.7883817427385892,
      "pre": 0.8189655172413793,
      "recall": 0.76,
      "auroc": 0.854992,
      "optimal_threshold": 0.5382092595100403,
      "tpr_at_fpr_0_01": 0.416,
      "fpr95": 0.804,
      "aupr": 0.8888453849012705
    },
    "layer_5": {
      "n_total": 500,
      "n_valid": 500,
      "n_val_total": 500,
      "n_val_valid": 500,
      "acc": 0.804,
      "f1": 0.7699530516431925,
      "pre": 0.9318181818181818,
      "recall": 0.656,
      "auroc": 0.880576,
      "optimal_threshold": 0.7008074522018433,
      "tpr_at_fpr_0_01": 0.54,
      "fpr95": 0.736,
      "aupr": 0.9093180723840957
    },
    "layer_6": {
      "n_total": 500,
      "n_valid": 500,
      "n_val_total": 500,
      "n_val_valid": 500,
      "acc": 0.832,
      "f1": 0.8157894736842105,
      "pre": 0.9029126213592233,
      "recall": 0.744,
      "auroc": 0.888928,
      "optimal_threshold": 0.783625602722168,
      "tpr_at_fpr_0_01": 0.512,
      "fpr95": 0.64,
      "aupr": 0.9142418811366722
    },
    "layer_7": {
      "n_total": 500,
      "n_valid": 500,
      "n_val_total": 500,
      "n_val_valid": 500,
      "acc": 0.816,
      "f1": 0.7899543378995434,
      "pre": 0.9202127659574468,
      "recall": 0.692,
      "auroc": 0.886784,
      "optimal_threshold": 1.0355281829833984,
      "tpr_at_fpr_0_01": 0.528,
      "fpr95": 0.628,
      "aupr": 0.911895350665305
    },
    "layer_8": {
      "n_total": 500,
      "n_valid": 500,
      "n_val_total": 500,
      "n_val_valid": 500,
      "acc": 0.81,
      "f1": 0.7795823665893271,
      "pre": 0.9281767955801105,
      "recall": 0.672,
      "auroc": 0.8831839999999999,
      "optimal_threshold": 1.023458480834961,
      "tpr_at_fpr_0_01": 0.556,
      "fpr95": 0.656,
      "aupr": 0.9098454063338917
    },
    "layer_9": {
      "n_total": 500,
      "n_valid": 500,
      "n_val_total": 500,
      "n_val_valid": 500,
      "acc": 0.804,
      "f1": 0.7688679245283019,
      "pre": 0.9367816091954023,
      "recall": 0.652,
      "auroc": 0.880992,
      "optimal_threshold": 1.2098524570465088,
      "tpr_at_fpr_0_01": 0.54,
      "fpr95": 0.72,
      "aupr": 0.9105863328800442
    },
    "layer_10": {
      "n_total": 500,
      "n_valid": 500,
      "n_val_total": 500,
      "n_val_valid": 500,
      "acc": 0.828,
      "f1": 0.8114035087719298,
      "pre": 0.8980582524271845,
      "recall": 0.74,
      "auroc": 0.88736,
      "optimal_threshold": 1.2268582582473755,
      "tpr_at_fpr_0_01": 0.58,
      "fpr95": 0.744,
      "aupr": 0.9164927379395665
    },
    "layer_11": {
      "n_total": 500,
      "n_valid": 500,
      "n_val_total": 500,
      "n_val_valid": 500,
      "acc": 0.844,
      "f1": 0.8304347826086956,
      "pre": 0.9095238095238095,
      "recall": 0.764,
      "auroc": 0.891424,
      "optimal_threshold": 1.277538776397705,
      "tpr_at_fpr_0_01": 0.66,
      "fpr95": 0.772,
      "aupr": 0.9232399081190825
    },
    "layer_12": {
      "n_total": 500,
      "n_valid": 500,
      "n_val_total": 500,
      "n_val_valid": 500,
      "acc": 0.834,
      "f1": 0.814317673378076,
      "pre": 0.9238578680203046,
      "recall": 0.728,
      "auroc": 0.884416,
      "optimal_threshold": 1.4344708919525146,
      "tpr_at_fpr_0_01": 0.62,
      "fpr95": 0.776,
      "aupr": 0.91668987644268
    },
    "layer_13": {
      "n_total": 500,
      "n_valid": 500,
      "n_val_total": 500,
      "n_val_valid": 500,
      "acc": 0.834,
      "f1": 0.8100686498855835,
      "pre": 0.946524064171123,
      "recall": 0.708,
      "auroc": 0.8935839999999999,
      "optimal_threshold": 1.5858850479125977,
      "tpr_at_fpr_0_01": 0.636,
      "fpr95": 0.788,
      "aupr": 0.9226803287958432
    },
    "layer_14": {
      "n_total": 500,
      "n_valid": 500,
      "n_val_total": 500,
      "n_val_valid": 500,
      "acc": 0.842,
      "f1": 0.8200455580865603,
      "pre": 0.9523809523809523,
      "recall": 0.72,
      "auroc": 0.898032,
      "optimal_threshold": 1.898521900177002,
      "tpr_at_fpr_0_01": 0.66,
      "fpr95": 0.736,
      "aupr": 0.9258621446035367
    },
    "layer_15": {
      "n_total": 500,
      "n_valid": 500,
      "n_val_total": 500,
      "n_val_valid": 500,
      "acc": 0.83,
      "f1": 0.8156182212581344,
      "pre": 0.8909952606635071,
      "recall": 0.752,
      "auroc": 0.907376,
      "optimal_threshold": 1.738572120666504,
      "tpr_at_fpr_0_01": 0.656,
      "fpr95": 0.664,
      "aupr": 0.9292521016395693
    },
    "layer_16": {
      "n_total": 500,
      "n_valid": 500,
      "n_val_total": 500,
      "n_val_valid": 500,
      "acc": 0.84,
      "f1": 0.8268398268398268,
      "pre": 0.9009433962264151,
      "recall": 0.764,
      "auroc": 0.9100159999999999,
      "optimal_threshold": 2.1809139251708984,
      "tpr_at_fpr_0_01": 0.664,
      "fpr95": 0.632,
      "aupr": 0.9318614081319554
    },
    "layer_17": {
      "n_total": 500,
      "n_valid": 500,
      "n_val_total": 500,
      "n_val_valid": 500,
      "acc": 0.848,
      "f1": 0.8303571428571429,
      "pre": 0.9393939393939394,
      "recall": 0.744,
      "auroc": 0.910928,
      "optimal_threshold": 2.7184927463531494,
      "tpr_at_fpr_0_01": 0.7,
      "fpr95": 0.576,
      "aupr": 0.9342644408386721
    },
    "layer_18": {
      "n_total": 500,
      "n_valid": 500,
      "n_val_total": 500,
      "n_val_valid": 500,
      "acc": 0.852,
      "f1": 0.832579185520362,
      "pre": 0.9583333333333334,
      "recall": 0.736,
      "auroc": 0.929808,
      "optimal_threshold": 3.157930850982666,
      "tpr_at_fpr_0_01": 0.664,
      "fpr95": 0.46,
      "aupr": 0.9443768844941707
    },
    "layer_19": {
      "n_total": 500,
      "n_valid": 500,
      "n_val_total": 500,
      "n_val_valid": 500,
      "acc": 0.868,
      "f1": 0.8539823008849557,
      "pre": 0.9554455445544554,
      "recall": 0.772,
      "auroc": 0.9355840000000001,
      "optimal_threshold": 3.6071457862854004,
      "tpr_at_fpr_0_01": 0.664,
      "fpr95": 0.412,
      "aupr": 0.9478705783040765
    },
    "layer_20": {
      "n_total": 500,
      "n_valid": 500,
      "n_val_total": 500,
      "n_val_valid": 500,
      "acc": 0.868,
      "f1": 0.8583690987124464,
      "pre": 0.9259259259259259,
      "recall": 0.8,