{
  "args": {
    "model": "llama_8b",
    "dataset": "drl_t1_paraphrase",
    "mode": "last_token",
    "centering": false,
    "prefix": false,
    "smoke_test": false,
    "ood": false,
    "ood_set": "",
    "manifold": true,
    "pca_components": 15
  },
  "steering_domain": "drl_t1_paraphrase",
  "eval_domain": "drl_t1_paraphrase",
  "n_samples": 500,
  "n_layers": 33,
  "metrics_per_layer": {
    "layer_1": {
      "n_total": 500,
      "n_valid": 500,
      "n_val_total": 500,
      "n_val_valid": 500,
      "acc": 0.628,
      "f1": 0.7232142857142857,
      "pre": 0.5758293838862559,
      "recall": 0.972,
      "auroc": 0.627432,
      "optimal_threshold": 0.18691454827785492,
      "tpr_at_fpr_0_01": 0.0,
      "fpr95": 0.716,
      "aupr": 0.5744123394991965
    },
    "layer_2": {
      "n_total": 500,
      "n_valid": 500,
      "n_val_total": 500,
      "n_val_valid": 500,
      "acc": 0.77,
      "f1": 0.7749510763209393,
      "pre": 0.7586206896551724,
      "recall": 0.792,
      "auroc": 0.843408,
      "optimal_threshold": 0.16008272767066956,
      "tpr_at_fpr_0_01": 0.104,
      "fpr95": 0.636,
      "aupr": 0.8355913222385687
    },
    "layer_3": {
      "n_total": 500,
      "n_valid": 500,
      "n_val_total": 500,
      "n_val_valid": 500,
      "acc": 0.804,
      "f1": 0.8070866141732284,
      "pre": 0.7945736434108527,
      "recall": 0.82,
      "auroc": 0.880096,
      "optimal_threshold": 0.2657890319824219,
      "tpr_at_fpr_0_01": 0.3,
      "fpr95": 0.632,
      "aupr": 0.8925601103985565
    },
    "layer_4": {
      "n_total": 500,
      "n_valid": 500,
      "n_val_total": 500,
      "n_val_valid": 500,
      "acc": 0.836,
      "f1": 0.8333333333333334,
      "pre": 0.8471074380165289,
      "recall": 0.82,
      "auroc": 0.9246239999999999,
      "optimal_threshold": 0.48404085636138916,
      "tpr_at_fpr_0_01": 0.572,
      "fpr95": 0.44,
      "aupr": 0.9375000311993004
    },
    "layer_5": {
      "n_total": 500,
      "n_valid": 500,
      "n_val_total": 500,
      "n_val_valid": 500,
      "acc": 0.918,
      "f1": 0.9158110882956879,
      "pre": 0.9409282700421941,
      "recall": 0.892,
      "auroc": 0.9599840000000001,
      "optimal_threshold": 0.49870383739471436,
      "tpr_at_fpr_0_01": 0.788,
      "fpr95": 0.344,
      "aupr": 0.969508101164504
    },
    "layer_6": {
      "n_total": 500,
      "n_valid": 500,
      "n_val_total": 500,
      "n_val_valid": 500,
      "acc": 0.912,
      "f1": 0.9079497907949791,
      "pre": 0.9517543859649122,
      "recall": 0.868,
      "auroc": 0.967136,
      "optimal_threshold": 0.6335155963897705,
      "tpr_at_fpr_0_01": 0.728,
      "fpr95": 0.172,
      "aupr": 0.9728803902153715
    },
    "layer_7": {
      "n_total": 500,
      "n_valid": 500,
      "n_val_total": 500,
      "n_val_valid": 500,
      "acc": 0.894,
      "f1": 0.891170431211499,
      "pre": 0.9156118143459916,
      "recall": 0.868,
      "auroc": 0.95952,
      "optimal_threshold": 0.8990118503570557,
      "tpr_at_fpr_0_01": 0.696,
      "fpr95": 0.284,
      "aupr": 0.9665850261981177
    },
    "layer_8": {
      "n_total": 500,
      "n_valid": 500,
      "n_val_total": 500,
      "n_val_valid": 500,
      "acc": 0.868,
      "f1": 0.8630705394190872,
      "pre": 0.896551724137931,
      "recall": 0.832,
      "auroc": 0.948896,
      "optimal_threshold": 0.9553710222244263,
      "tpr_at_fpr_0_01": 0.64,
      "fpr95": 0.276,
      "aupr": 0.9552673164755741
    },
    "layer_9": {
      "n_total": 500,
      "n_valid": 500,
      "n_val_total": 500,
      "n_val_valid": 500,
      "acc": 0.864,
      "f1": 0.8600823045267489,
      "pre": 0.885593220338983,
      "recall": 0.836,
      "auroc": 0.940784,
      "optimal_threshold": 1.0761330127716064,
      "tpr_at_fpr_0_01": 0.616,
      "fpr95": 0.332,
      "aupr": 0.9478509397956432
    },
    "layer_10": {
      "n_total": 500,
      "n_valid": 500,
      "n_val_total": 500,
      "n_val_valid": 500,
      "acc": 0.864,
      "f1": 0.8577405857740585,
      "pre": 0.8991228070175439,
      "recall": 0.82,
      "auroc": 0.945888,
      "optimal_threshold": 1.2254059314727783,
      "tpr_at_fpr_0_01": 0.62,
      "fpr95": 0.348,
      "aupr": 0.9525852348242718
    },
    "layer_11": {
      "n_total": 500,
      "n_valid": 500,
      "n_val_total": 500,
      "n_val_valid": 500,
      "acc": 0.88,
      "f1": 0.8760330578512396,
      "pre": 0.905982905982906,
      "recall": 0.848,
      "auroc": 0.963664,
      "optimal_threshold": 1.1873486042022705,
      "tpr_at_fpr_0_01": 0.76,
      "fpr95": 0.224,
      "aupr": 0.9680260492282435
    },
    "layer_12": {
      "n_total": 500,
      "n_valid": 500,
      "n_val_total": 500,
      "n_val_valid": 500,
      "acc": 0.858,
      "f1": 0.8466522678185745,
      "pre": 0.92018779342723,
      "recall": 0.784,
      "auroc": 0.9459839999999999,
      "optimal_threshold": 1.4786961078643799,
      "tpr_at_fpr_0_01": 0.668,
      "fpr95": 0.284,
      "aupr": 0.9547057741414754
    },
    "layer_13": {
      "n_total": 500,
      "n_valid": 500,
      "n_val_total": 500,
      "n_val_valid": 500,
      "acc": 0.87,
      "f1": 0.8590021691973969,
      "pre": 0.9383886255924171,
      "recall": 0.792,
      "auroc": 0.9531360000000001,
      "optimal_threshold": 1.6613235473632812,
      "tpr_at_fpr_0_01": 0.728,
      "fpr95": 0.248,
      "aupr": 0.9608892578827435
    },
    "layer_14": {
      "n_total": 500,
      "n_valid": 500,
      "n_val_total": 500,
      "n_val_valid": 500,
      "acc": 0.85,
      "f1": 0.8351648351648352,
      "pre": 0.926829268292683,
      "recall": 0.76,
      "auroc": 0.942944,
      "optimal_threshold": 2.0084705352783203,
      "tpr_at_fpr_0_01": 0.664,
      "fpr95": 0.316,
      "aupr": 0.9517042362989865
    },
    "layer_15": {
      "n_total": 500,
      "n_valid": 500,
      "n_val_total": 500,
      "n_val_valid": 500,
      "acc": 0.884,
      "f1": 0.8781512605042017,
      "pre": 0.9247787610619469,
      "recall": 0.836,
      "auroc": 0.9540319999999999,
      "optimal_threshold": 1.8559932708740234,
      "tpr_at_fpr_0_01": 0.744,
      "fpr95": 0.332,
      "aupr": 0.9620755358965508
    },
    "layer_16": {
      "n_total": 500,
      "n_valid": 500,
      "n_val_total": 500,
      "n_val_valid": 500,
      "acc": 0.882,
      "f1": 0.869757174392936,
      "pre": 0.9704433497536946,
      "recall": 0.788,
      "auroc": 0.951216,
      "optimal_threshold": 2.3368349075317383,
      "tpr_at_fpr_0_01": 0.732,
      "fpr95": 0.372,
      "aupr": 0.9610073088281366
    },
    "layer_17": {
      "n_total": 500,
      "n_valid": 500,
      "n_val_total": 500,
      "n_val_valid": 500,
      "acc": 0.916,
      "f1": 0.9117647058823529,
      "pre": 0.9601769911504425,
      "recall": 0.868,
      "auroc": 0.9626239999999999,
      "optimal_threshold": 2.6071884632110596,
      "tpr_at_fpr_0_01": 0.816,
      "fpr95": 0.32,
      "aupr": 0.9712384283835106
    },
    "layer_18": {
      "n_total": 500,
      "n_valid": 500,
      "n_val_total": 500,
      "n_val_valid": 500,
      "acc": 0.91,
      "f1": 0.9072164948453608,
      "pre": 0.9361702127659575,
      "recall": 0.88,
      "auroc": 0.960656,
      "optimal_threshold": 2.913081407546997,
      "tpr_at_fpr_0_01": 0.736,
      "fpr95": 0.296,
      "aupr": 0.9690183662473526
    },
    "layer_19": {
      "n_total": 500,
      "n_valid": 500,
      "n_val_total": 500,
      "n_val_valid": 500,
      "acc": 0.928,
      "f1": 0.9256198347107438,
      "pre": 0.9572649572649573,
      "recall": 0.896,
      "auroc": 0.968256,
      "optimal_threshold": 3.2997498512268066,
      "tpr_at_fpr_0_01": 0.796,
      "fpr95": 0.204,
      "aupr": 0.9764621291819908
    },
    "layer_20": {
      "n_total": 500,
      "n_valid": 500,
      "n_val_total": 500,
      "n_val_valid": 500,
      "acc": 0.91,
      "f1": 0.9079754601226994,
      "pre": 0.9288702928870293,