{
  "args": {
    "model": "llama_8b",
    "dataset": "drl_t1_paraphrase",
    "mode": "last_token",
    "centering": false,
    "prefix": false,
    "smoke_test": false,
    "ood": false,
    "ood_set": "",
    "manifold": true,
    "pca_components": 40
  },
  "steering_domain": "drl_t1_paraphrase",
  "eval_domain": "drl_t1_paraphrase",
  "n_samples": 500,
  "n_layers": 33,
  "metrics_per_layer": {
    "layer_1": {
      "n_total": 500,
      "n_valid": 500,
      "n_val_total": 500,
      "n_val_valid": 500,
      "acc": 0.628,
      "f1": 0.7232142857142857,
      "pre": 0.5758293838862559,
      "recall": 0.972,
      "auroc": 0.627432,
      "optimal_threshold": 0.1863904595375061,
      "tpr_at_fpr_0_01": 0.0,
      "fpr95": 0.716,
      "aupr": 0.5744123394991965
    },
    "layer_2": {
      "n_total": 500,
      "n_valid": 500,
      "n_val_total": 500,
      "n_val_valid": 500,
      "acc": 0.784,
      "f1": 0.7915057915057915,
      "pre": 0.7649253731343284,
      "recall": 0.82,
      "auroc": 0.8660319999999999,
      "optimal_threshold": 0.15680000185966492,
      "tpr_at_fpr_0_01": 0.116,
      "fpr95": 0.608,
      "aupr": 0.8659859440497764
    },
    "layer_3": {
      "n_total": 500,
      "n_valid": 500,
      "n_val_total": 500,
      "n_val_valid": 500,
      "acc": 0.824,
      "f1": 0.811965811965812,
      "pre": 0.8715596330275229,
      "recall": 0.76,
      "auroc": 0.8956960000000002,
      "optimal_threshold": 0.30538210272789,
      "tpr_at_fpr_0_01": 0.404,
      "fpr95": 0.616,
      "aupr": 0.9110538899726739
    },
    "layer_4": {
      "n_total": 500,
      "n_valid": 500,
      "n_val_total": 500,
      "n_val_valid": 500,
      "acc": 0.846,
      "f1": 0.8425357873210634,
      "pre": 0.8619246861924686,
      "recall": 0.824,
      "auroc": 0.92904,
      "optimal_threshold": 0.4818612337112427,
      "tpr_at_fpr_0_01": 0.584,
      "fpr95": 0.424,
      "aupr": 0.9415482248493131
    },
    "layer_5": {
      "n_total": 500,
      "n_valid": 500,
      "n_val_total": 500,
      "n_val_valid": 500,
      "acc": 0.918,
      "f1": 0.9161554192229039,
      "pre": 0.9372384937238494,
      "recall": 0.896,
      "auroc": 0.9616319999999999,
      "optimal_threshold": 0.49302923679351807,
      "tpr_at_fpr_0_01": 0.788,
      "fpr95": 0.34,
      "aupr": 0.9706680869503261
    },
    "layer_6": {
      "n_total": 500,
      "n_valid": 500,
      "n_val_total": 500,
      "n_val_valid": 500,
      "acc": 0.912,
      "f1": 0.9098360655737705,
      "pre": 0.9327731092436975,
      "recall": 0.888,
      "auroc": 0.970352,
      "optimal_threshold": 0.6007671356201172,
      "tpr_at_fpr_0_01": 0.752,
      "fpr95": 0.152,
      "aupr": 0.9755772057659202
    },
    "layer_7": {
      "n_total": 500,
      "n_valid": 500,
      "n_val_total": 500,
      "n_val_valid": 500,
      "acc": 0.898,
      "f1": 0.8935281837160751,
      "pre": 0.9344978165938864,
      "recall": 0.856,
      "auroc": 0.963552,
      "optimal_threshold": 0.9236912131309509,
      "tpr_at_fpr_0_01": 0.732,
      "fpr95": 0.276,
      "aupr": 0.9700241668547345
    },
    "layer_8": {
      "n_total": 500,
      "n_valid": 500,
      "n_val_total": 500,
      "n_val_valid": 500,
      "acc": 0.884,
      "f1": 0.8816326530612245,
      "pre": 0.9,
      "recall": 0.864,
      "auroc": 0.953552,
      "optimal_threshold": 0.8956939578056335,
      "tpr_at_fpr_0_01": 0.644,
      "fpr95": 0.276,
      "aupr": 0.9590063906381662
    },
    "layer_9": {
      "n_total": 500,
      "n_valid": 500,
      "n_val_total": 500,
      "n_val_valid": 500,
      "acc": 0.868,
      "f1": 0.8641975308641975,
      "pre": 0.8898305084745762,
      "recall": 0.84,
      "auroc": 0.946928,
      "optimal_threshold": 1.0271475315093994,
      "tpr_at_fpr_0_01": 0.632,
      "fpr95": 0.324,
      "aupr": 0.9527955008129798
    },
    "layer_10": {
      "n_total": 500,
      "n_valid": 500,
      "n_val_total": 500,
      "n_val_valid": 500,
      "acc": 0.872,
      "f1": 0.8677685950413223,
      "pre": 0.8974358974358975,
      "recall": 0.84,
      "auroc": 0.951616,
      "optimal_threshold": 1.166391134262085,
      "tpr_at_fpr_0_01": 0.644,
      "fpr95": 0.304,
      "aupr": 0.956986105569336
    },
    "layer_11": {
      "n_total": 500,
      "n_valid": 500,
      "n_val_total": 500,
      "n_val_valid": 500,
      "acc": 0.882,
      "f1": 0.8803245436105477,
      "pre": 0.8930041152263375,
      "recall": 0.868,
      "auroc": 0.9661599999999999,
      "optimal_threshold": 1.1253761053085327,
      "tpr_at_fpr_0_01": 0.764,
      "fpr95": 0.216,
      "aupr": 0.9700967871987051
    },
    "layer_12": {
      "n_total": 500,
      "n_valid": 500,
      "n_val_total": 500,
      "n_val_valid": 500,
      "acc": 0.864,
      "f1": 0.8528138528138528,
      "pre": 0.9292452830188679,
      "recall": 0.788,
      "auroc": 0.9490719999999999,
      "optimal_threshold": 1.4531097412109375,
      "tpr_at_fpr_0_01": 0.696,
      "fpr95": 0.272,
      "aupr": 0.9570702024308506
    },
    "layer_13": {
      "n_total": 500,
      "n_valid": 500,
      "n_val_total": 500,
      "n_val_valid": 500,
      "acc": 0.87,
      "f1": 0.8596112311015118,
      "pre": 0.9342723004694836,
      "recall": 0.796,
      "auroc": 0.9560320000000001,
      "optimal_threshold": 1.650127649307251,
      "tpr_at_fpr_0_01": 0.748,
      "fpr95": 0.22,
      "aupr": 0.9630642407092195
    },
    "layer_14": {
      "n_total": 500,
      "n_valid": 500,
      "n_val_total": 500,
      "n_val_valid": 500,
      "acc": 0.858,
      "f1": 0.843956043956044,
      "pre": 0.9365853658536586,
      "recall": 0.768,
      "auroc": 0.945392,
      "optimal_threshold": 1.9929965734481812,
      "tpr_at_fpr_0_01": 0.68,
      "fpr95": 0.312,
      "aupr": 0.9535806657716371
    },
    "layer_15": {
      "n_total": 500,
      "n_valid": 500,
      "n_val_total": 500,
      "n_val_valid": 500,
      "acc": 0.874,
      "f1": 0.8603104212860311,
      "pre": 0.9651741293532339,
      "recall": 0.776,
      "auroc": 0.955824,
      "optimal_threshold": 2.0227134227752686,
      "tpr_at_fpr_0_01": 0.744,
      "fpr95": 0.344,
      "aupr": 0.9634642027257941
    },
    "layer_16": {
      "n_total": 500,
      "n_valid": 500,
      "n_val_total": 500,
      "n_val_valid": 500,
      "acc": 0.892,
      "f1": 0.8820960698689956,
      "pre": 0.9711538461538461,
      "recall": 0.808,
      "auroc": 0.954736,
      "optimal_threshold": 2.27720046043396,
      "tpr_at_fpr_0_01": 0.752,
      "fpr95": 0.348,
      "aupr": 0.9639267136156464
    },
    "layer_17": {
      "n_total": 500,
      "n_valid": 500,
      "n_val_total": 500,
      "n_val_valid": 500,
      "acc": 0.916,
      "f1": 0.9106382978723404,
      "pre": 0.9727272727272728,
      "recall": 0.856,
      "auroc": 0.964864,
      "optimal_threshold": 2.661993980407715,
      "tpr_at_fpr_0_01": 0.82,
      "fpr95": 0.308,
      "aupr": 0.9728739526723842
    },
    "layer_18": {
      "n_total": 500,
      "n_valid": 500,
      "n_val_total": 500,
      "n_val_valid": 500,
      "acc": 0.916,
      "f1": 0.9110169491525424,
      "pre": 0.9684684684684685,
      "recall": 0.86,
      "auroc": 0.963632,
      "optimal_threshold": 3.0473713874816895,
      "tpr_at_fpr_0_01": 0.764,
      "fpr95": 0.284,
      "aupr": 0.9715066184562268
    },
    "layer_19": {
      "n_total": 500,
      "n_valid": 500,
      "n_val_total": 500,
      "n_val_valid": 500,
      "acc": 0.932,
      "f1": 0.9300411522633745,
      "pre": 0.9576271186440678,
      "recall": 0.904,
      "auroc": 0.969952,
      "optimal_threshold": 3.2025656700134277,
      "tpr_at_fpr_0_01": 0.812,
      "fpr95": 0.192,
      "aupr": 0.9778232631575383
    },
    "layer_20": {
      "n_total": 500,
      "n_valid": 500,
      "n_val_total": 500,
      "n_val_valid": 500,
      "acc": 0.91,
      "f1": 0.9087221095334685,
      "pre": 0.9218106995884774,