{
  "args": {
    "model": "llama_8b",
    "dataset": "drl_t1_perturbation",
    "mode": "last_token",
    "centering": false,
    "prefix": false,
    "smoke_test": false,
    "ood": false,
    "ood_set": "",
    "manifold": true,
    "pca_components": 5
  },
  "steering_domain": "drl_t1_perturbation",
  "eval_domain": "drl_t1_perturbation",
  "n_samples": 500,
  "n_layers": 33,
  "metrics_per_layer": {
    "layer_1": {
      "n_total": 500,
      "n_valid": 500,
      "n_val_total": 500,
      "n_val_valid": 500,
      "acc": 0.62,
      "f1": 0.7155688622754491,
      "pre": 0.5717703349282297,
      "recall": 0.956,
      "auroc": 0.621648,
      "optimal_threshold": 0.1780785322189331,
      "tpr_at_fpr_0_01": 0.0,
      "fpr95": 0.716,
      "aupr": 0.5704875025104726
    },
    "layer_2": {
      "n_total": 500,
      "n_valid": 500,
      "n_val_total": 500,
      "n_val_valid": 500,
      "acc": 0.702,
      "f1": 0.736283185840708,
      "pre": 0.6603174603174603,
      "recall": 0.832,
      "auroc": 0.7636,
      "optimal_threshold": 0.14091292023658752,
      "tpr_at_fpr_0_01": 0.036,
      "fpr95": 0.648,
      "aupr": 0.7095999467547134
    },
    "layer_3": {
      "n_total": 500,
      "n_valid": 500,
      "n_val_total": 500,
      "n_val_valid": 500,
      "acc": 0.722,
      "f1": 0.7458866544789763,
      "pre": 0.6868686868686869,
      "recall": 0.816,
      "auroc": 0.8115839999999999,
      "optimal_threshold": 0.25020018219947815,
      "tpr_at_fpr_0_01": 0.104,
      "fpr95": 0.628,
      "aupr": 0.8035948027381532
    },
    "layer_4": {
      "n_total": 500,
      "n_valid": 500,
      "n_val_total": 500,
      "n_val_valid": 500,
      "acc": 0.75,
      "f1": 0.7739602169981917,
      "pre": 0.7062706270627063,
      "recall": 0.856,
      "auroc": 0.86304,
      "optimal_threshold": 0.4324043095111847,
      "tpr_at_fpr_0_01": 0.22,
      "fpr95": 0.5,
      "aupr": 0.870948713693916
    },
    "layer_5": {
      "n_total": 500,
      "n_valid": 500,
      "n_val_total": 500,
      "n_val_valid": 500,
      "acc": 0.866,
      "f1": 0.8507795100222717,
      "pre": 0.9597989949748744,
      "recall": 0.764,
      "auroc": 0.930608,
      "optimal_threshold": 0.6444097757339478,
      "tpr_at_fpr_0_01": 0.68,
      "fpr95": 0.456,
      "aupr": 0.9459259746853588
    },
    "layer_6": {
      "n_total": 500,
      "n_valid": 500,
      "n_val_total": 500,
      "n_val_valid": 500,
      "acc": 0.888,
      "f1": 0.8838174273858921,
      "pre": 0.9181034482758621,
      "recall": 0.852,
      "auroc": 0.94424,
      "optimal_threshold": 0.6885799169540405,
      "tpr_at_fpr_0_01": 0.668,
      "fpr95": 0.368,
      "aupr": 0.9559221566596309
    },
    "layer_7": {
      "n_total": 500,
      "n_valid": 500,
      "n_val_total": 500,
      "n_val_valid": 500,
      "acc": 0.874,
      "f1": 0.8701030927835052,
      "pre": 0.8978723404255319,
      "recall": 0.844,
      "auroc": 0.9419679999999999,
      "optimal_threshold": 1.0478096008300781,
      "tpr_at_fpr_0_01": 0.684,
      "fpr95": 0.38,
      "aupr": 0.9537089113061373
    },
    "layer_8": {
      "n_total": 500,
      "n_valid": 500,
      "n_val_total": 500,
      "n_val_valid": 500,
      "acc": 0.86,
      "f1": 0.8565573770491803,
      "pre": 0.8781512605042017,
      "recall": 0.836,
      "auroc": 0.9350400000000001,
      "optimal_threshold": 1.0882028341293335,
      "tpr_at_fpr_0_01": 0.596,
      "fpr95": 0.38,
      "aupr": 0.9459908269619689
    },
    "layer_9": {
      "n_total": 500,
      "n_valid": 500,
      "n_val_total": 500,
      "n_val_valid": 500,
      "acc": 0.856,
      "f1": 0.854251012145749,
      "pre": 0.8647540983606558,
      "recall": 0.844,
      "auroc": 0.9362240000000001,
      "optimal_threshold": 1.2595906257629395,
      "tpr_at_fpr_0_01": 0.676,
      "fpr95": 0.42,
      "aupr": 0.9485925140351592
    },
    "layer_10": {
      "n_total": 500,
      "n_valid": 500,
      "n_val_total": 500,
      "n_val_valid": 500,
      "acc": 0.868,
      "f1": 0.8601694915254238,
      "pre": 0.9144144144144144,
      "recall": 0.812,
      "auroc": 0.940992,
      "optimal_threshold": 1.547236680984497,
      "tpr_at_fpr_0_01": 0.68,
      "fpr95": 0.352,
      "aupr": 0.9519940393629781
    },
    "layer_11": {
      "n_total": 500,
      "n_valid": 500,
      "n_val_total": 500,
      "n_val_valid": 500,
      "acc": 0.876,
      "f1": 0.8652173913043478,
      "pre": 0.9476190476190476,
      "recall": 0.796,
      "auroc": 0.952,
      "optimal_threshold": 1.7768388986587524,
      "tpr_at_fpr_0_01": 0.748,
      "fpr95": 0.3,
      "aupr": 0.9612725296548432
    },
    "layer_12": {
      "n_total": 500,
      "n_valid": 500,
      "n_val_total": 500,
      "n_val_valid": 500,
      "acc": 0.85,
      "f1": 0.8351648351648352,
      "pre": 0.926829268292683,
      "recall": 0.76,
      "auroc": 0.929504,
      "optimal_threshold": 2.1238696575164795,
      "tpr_at_fpr_0_01": 0.684,
      "fpr95": 0.436,
      "aupr": 0.9445715206545932
    },
    "layer_13": {
      "n_total": 500,
      "n_valid": 500,
      "n_val_total": 500,
      "n_val_valid": 500,
      "acc": 0.886,
      "f1": 0.8784648187633263,
      "pre": 0.9406392694063926,
      "recall": 0.824,
      "auroc": 0.95144,
      "optimal_threshold": 2.183952808380127,
      "tpr_at_fpr_0_01": 0.76,
      "fpr95": 0.328,
      "aupr": 0.9612930595013112
    },
    "layer_14": {
      "n_total": 500,
      "n_valid": 500,
      "n_val_total": 500,
      "n_val_valid": 500,
      "acc": 0.862,
      "f1": 0.8577319587628865,
      "pre": 0.8851063829787233,
      "recall": 0.832,
      "auroc": 0.934896,
      "optimal_threshold": 2.3194119930267334,
      "tpr_at_fpr_0_01": 0.7,
      "fpr95": 0.416,
      "aupr": 0.9484155241299177
    },
    "layer_15": {
      "n_total": 500,
      "n_valid": 500,
      "n_val_total": 500,
      "n_val_valid": 500,
      "acc": 0.876,
      "f1": 0.8713692946058091,
      "pre": 0.9051724137931034,
      "recall": 0.84,
      "auroc": 0.947936,
      "optimal_threshold": 2.1573233604431152,
      "tpr_at_fpr_0_01": 0.752,
      "fpr95": 0.352,
      "aupr": 0.9580230019923824
    },
    "layer_16": {
      "n_total": 500,
      "n_valid": 500,
      "n_val_total": 500,
      "n_val_valid": 500,
      "acc": 0.874,
      "f1": 0.8650963597430407,
      "pre": 0.9308755760368663,
      "recall": 0.808,
      "auroc": 0.945088,
      "optimal_threshold": 2.5593199729919434,
      "tpr_at_fpr_0_01": 0.744,
      "fpr95": 0.38,
      "aupr": 0.9565445997978265
    },
    "layer_17": {
      "n_total": 500,
      "n_valid": 500,
      "n_val_total": 500,
      "n_val_valid": 500,
      "acc": 0.86,
      "f1": 0.8638132295719845,
      "pre": 0.8409090909090909,
      "recall": 0.888,
      "auroc": 0.9482719999999999,
      "optimal_threshold": 2.6347463130950928,
      "tpr_at_fpr_0_01": 0.76,
      "fpr95": 0.36,
      "aupr": 0.9606934139550146
    },
    "layer_18": {
      "n_total": 500,
      "n_valid": 500,
      "n_val_total": 500,
      "n_val_valid": 500,
      "acc": 0.848,
      "f1": 0.8389830508474576,
      "pre": 0.8918918918918919,
      "recall": 0.792,
      "auroc": 0.92736,
      "optimal_threshold": 3.404581308364868,
      "tpr_at_fpr_0_01": 0.708,
      "fpr95": 0.496,
      "aupr": 0.944055764400606
    },
    "layer_19": {
      "n_total": 500,
      "n_valid": 500,
      "n_val_total": 500,
      "n_val_valid": 500,
      "acc": 0.892,
      "f1": 0.8902439024390244,
      "pre": 0.9049586776859504,
      "recall": 0.876,
      "auroc": 0.950368,
      "optimal_threshold": 3.669720411300659,
      "tpr_at_fpr_0_01": 0.784,
      "fpr95": 0.392,
      "aupr": 0.9617804248211775
    },
    "layer_20": {
      "n_total": 500,
      "n_valid": 500,
      "n_val_total": 500,
      "n_val_valid": 500,
      "acc": 0.866,
      "f1": 0.8618556701030928,
      "pre": 0.8893617021276595,