{
  "args": {
    "model": "llama_8b",
    "dataset": "drl_t1_paraphrase",
    "mode": "last_token",
    "prefix": false,
    "smoke_test": false,
    "ood": false,
    "ood_set": "",
    "manifold": true,
    "pca_components": 20
  },
  "steering_domain": "drl_t1_paraphrase",
  "eval_domain": "drl_t1_paraphrase",
  "n_samples": 500,
  "n_layers": 33,
  "metrics_per_layer": {
    "layer_1": {
      "n_total": 500,
      "n_valid": 500,
      "n_val_total": 500,
      "n_val_valid": 500,
      "acc": 0.5,
      "f1": 0.0,
      "pre": 0.0,
      "recall": 0.0,
      "auroc": 0.627432,
      "optimal_threshold": 0.046837735921144485,
      "tpr_at_fpr_0_01": 0.0,
      "fpr95": 0.716,
      "aupr": 0.5744123394991965
    },
    "layer_2": {
      "n_total": 500,
      "n_valid": 500,
      "n_val_total": 500,
      "n_val_valid": 500,
      "acc": 0.772,
      "f1": 0.7799227799227799,
      "pre": 0.753731343283582,
      "recall": 0.808,
      "auroc": 0.851584,
      "optimal_threshold": 0.040588341653347015,
      "tpr_at_fpr_0_01": 0.116,
      "fpr95": 0.624,
      "aupr": 0.8460085101228634
    },
    "layer_3": {
      "n_total": 500,
      "n_valid": 500,
      "n_val_total": 500,
      "n_val_valid": 500,
      "acc": 0.804,
      "f1": 0.8063241106719368,
      "pre": 0.796875,
      "recall": 0.816,
      "auroc": 0.8849760000000001,
      "optimal_threshold": 0.042596638202667236,
      "tpr_at_fpr_0_01": 0.308,
      "fpr95": 0.616,
      "aupr": 0.8986332030751547
    },
    "layer_4": {
      "n_total": 500,
      "n_valid": 500,
      "n_val_total": 500,
      "n_val_valid": 500,
      "acc": 0.836,
      "f1": 0.8346774193548387,
      "pre": 0.8414634146341463,
      "recall": 0.828,
      "auroc": 0.926352,
      "optimal_threshold": 0.06720103323459625,
      "tpr_at_fpr_0_01": 0.576,
      "fpr95": 0.444,
      "aupr": 0.9391849406941454
    },
    "layer_5": {
      "n_total": 500,
      "n_valid": 500,
      "n_val_total": 500,
      "n_val_valid": 500,
      "acc": 0.918,
      "f1": 0.9154639175257732,
      "pre": 0.9446808510638298,
      "recall": 0.888,
      "auroc": 0.960112,
      "optimal_threshold": 0.04158169403672218,
      "tpr_at_fpr_0_01": 0.788,
      "fpr95": 0.348,
      "aupr": 0.96954952995537
    },
    "layer_6": {
      "n_total": 500,
      "n_valid": 500,
      "n_val_total": 500,
      "n_val_valid": 500,
      "acc": 0.91,
      "f1": 0.9079754601226994,
      "pre": 0.9288702928870293,
      "recall": 0.888,
      "auroc": 0.969696,
      "optimal_threshold": 0.012842744588851929,
      "tpr_at_fpr_0_01": 0.744,
      "fpr95": 0.164,
      "aupr": 0.974967898108328
    },
    "layer_7": {
      "n_total": 500,
      "n_valid": 500,
      "n_val_total": 500,
      "n_val_valid": 500,
      "acc": 0.902,
      "f1": 0.90020366598778,
      "pre": 0.91701244813278,
      "recall": 0.884,
      "auroc": 0.9621439999999999,
      "optimal_threshold": -0.01127120852470398,
      "tpr_at_fpr_0_01": 0.712,
      "fpr95": 0.288,
      "aupr": 0.968708750937879
    },
    "layer_8": {
      "n_total": 500,
      "n_valid": 500,
      "n_val_total": 500,
      "n_val_valid": 500,
      "acc": 0.876,
      "f1": 0.8729508196721312,
      "pre": 0.8949579831932774,
      "recall": 0.852,
      "auroc": 0.952256,
      "optimal_threshold": -0.018950730562210083,
      "tpr_at_fpr_0_01": 0.64,
      "fpr95": 0.3,
      "aupr": 0.9578989261844801
    },
    "layer_9": {
      "n_total": 500,
      "n_valid": 500,
      "n_val_total": 500,
      "n_val_valid": 500,
      "acc": 0.872,
      "f1": 0.8704453441295547,
      "pre": 0.8811475409836066,
      "recall": 0.86,
      "auroc": 0.945248,
      "optimal_threshold": -0.08511973917484283,
      "tpr_at_fpr_0_01": 0.632,
      "fpr95": 0.328,
      "aupr": 0.9515052061454493
    },
    "layer_10": {
      "n_total": 500,
      "n_valid": 500,
      "n_val_total": 500,
      "n_val_valid": 500,
      "acc": 0.872,
      "f1": 0.8677685950413223,
      "pre": 0.8974358974358975,
      "recall": 0.84,
      "auroc": 0.950304,
      "optimal_threshold": -0.036746710538864136,
      "tpr_at_fpr_0_01": 0.64,
      "fpr95": 0.316,
      "aupr": 0.9559033529144241
    },
    "layer_11": {
      "n_total": 500,
      "n_valid": 500,
      "n_val_total": 500,
      "n_val_valid": 500,
      "acc": 0.884,
      "f1": 0.8849206349206349,
      "pre": 0.8779527559055118,
      "recall": 0.892,
      "auroc": 0.9652,
      "optimal_threshold": -0.20774970948696136,
      "tpr_at_fpr_0_01": 0.768,
      "fpr95": 0.216,
      "aupr": 0.9692406401521159
    },
    "layer_12": {
      "n_total": 500,
      "n_valid": 500,
      "n_val_total": 500,
      "n_val_valid": 500,
      "acc": 0.862,
      "f1": 0.8503253796095445,
      "pre": 0.9289099526066351,
      "recall": 0.784,
      "auroc": 0.948384,
      "optimal_threshold": 0.08397671580314636,
      "tpr_at_fpr_0_01": 0.668,
      "fpr95": 0.272,
      "aupr": 0.9564095416471051
    },
    "layer_13": {
      "n_total": 500,
      "n_valid": 500,
      "n_val_total": 500,
      "n_val_valid": 500,
      "acc": 0.866,
      "f1": 0.8552915766738661,
      "pre": 0.9295774647887324,
      "recall": 0.792,
      "auroc": 0.9541439999999999,
      "optimal_threshold": 0.08543234318494797,
      "tpr_at_fpr_0_01": 0.732,
      "fpr95": 0.248,
      "aupr": 0.9615275719642981
    },
    "layer_14": {
      "n_total": 500,
      "n_valid": 500,
      "n_val_total": 500,
      "n_val_valid": 500,
      "acc": 0.846,
      "f1": 0.8285077951002228,
      "pre": 0.9346733668341709,
      "recall": 0.744,
      "auroc": 0.943792,
      "optimal_threshold": 0.24417471885681152,
      "tpr_at_fpr_0_01": 0.668,
      "fpr95": 0.324,
      "aupr": 0.9523484735284221
    },
    "layer_15": {
      "n_total": 500,
      "n_valid": 500,
      "n_val_total": 500,
      "n_val_valid": 500,
      "acc": 0.88,
      "f1": 0.875,
      "pre": 0.9130434782608695,
      "recall": 0.84,
      "auroc": 0.95432,
      "optimal_threshold": 0.044576287269592285,
      "tpr_at_fpr_0_01": 0.744,
      "fpr95": 0.336,
      "aupr": 0.9622630300095031
    },
    "layer_16": {
      "n_total": 500,
      "n_valid": 500,
      "n_val_total": 500,
      "n_val_valid": 500,
      "acc": 0.884,
      "f1": 0.8728070175438597,
      "pre": 0.9660194174757282,
      "recall": 0.796,
      "auroc": 0.9526559999999998,
      "optimal_threshold": 0.2293054163455963,
      "tpr_at_fpr_0_01": 0.748,
      "fpr95": 0.364,
      "aupr": 0.9622297216466633
    },
    "layer_17": {
      "n_total": 500,
      "n_valid": 500,
      "n_val_total": 500,
      "n_val_valid": 500,
      "acc": 0.914,
      "f1": 0.9087048832271762,
      "pre": 0.9683257918552036,
      "recall": 0.856,
      "auroc": 0.963488,
      "optimal_threshold": 0.1582774519920349,
      "tpr_at_fpr_0_01": 0.82,
      "fpr95": 0.328,
      "aupr": 0.9719931991434332
    },
    "layer_18": {
      "n_total": 500,
      "n_valid": 500,
      "n_val_total": 500,
      "n_val_valid": 500,
      "acc": 0.912,
      "f1": 0.9090909090909091,
      "pre": 0.9401709401709402,
      "recall": 0.88,
      "auroc": 0.9613919999999999,
      "optimal_threshold": 0.07419312000274658,
      "tpr_at_fpr_0_01": 0.74,
      "fpr95": 0.284,
      "aupr": 0.96960560743404
    },
    "layer_19": {
      "n_total": 500,
      "n_valid": 500,
      "n_val_total": 500,
      "n_val_valid": 500,
      "acc": 0.928,
      "f1": 0.9262295081967213,
      "pre": 0.9495798319327731,
      "recall": 0.904,
      "auroc": 0.968448,
      "optimal_threshold": 0.08241277933120728,
      "tpr_at_fpr_0_01": 0.8,
      "fpr95": 0.196,
      "aupr": 0.9765816314528725
    },
    "layer_20": {
      "n_total": 500,
      "n_valid": 500,
      "n_val_total": 500,
      "n_val_valid": 500,
      "acc": 0.904,
      "f1": 0.9024390243902439,
      "pre": 0.9173553719008265,
      "recall": 0.888,
      "auroc": 0.9613759999999999,