{
  "args": {
    "model": "llama_8b",
    "dataset": "m4_multi",
    "mode": "last_token",
    "centering": false,
    "prefix": false,
    "smoke_test": false,
    "ood": false,
    "ood_set": "",
    "manifold": false,
    "pca_components": 0
  },
  "steering_domain": "m4_multi",
  "eval_domain": "m4_multi",
  "n_samples": 500,
  "n_layers": 33,
  "metrics_per_layer": {
    "layer_1": {
      "n_total": 500,
      "n_valid": 500,
      "n_val_total": 500,
      "n_val_valid": 500,
      "acc": 0.75,
      "f1": 0.7920133111480865,
      "pre": 0.6780626780626781,
      "recall": 0.952,
      "auroc": 0.818128,
      "optimal_threshold": -0.008514683693647385,
      "tpr_at_fpr_0_01": 0.0,
      "fpr95": 0.452,
      "aupr": 0.7470070533724413
    },
    "layer_2": {
      "n_total": 500,
      "n_valid": 500,
      "n_val_total": 500,
      "n_val_valid": 500,
      "acc": 0.768,
      "f1": 0.7906137184115524,
      "pre": 0.7203947368421053,
      "recall": 0.876,
      "auroc": 0.8602879999999999,
      "optimal_threshold": -0.00261618010699749,
      "tpr_at_fpr_0_01": 0.232,
      "fpr95": 0.536,
      "aupr": 0.8695413193670178
    },
    "layer_3": {
      "n_total": 500,
      "n_valid": 500,
      "n_val_total": 500,
      "n_val_valid": 500,
      "acc": 0.788,
      "f1": 0.7845528455284553,
      "pre": 0.7975206611570248,
      "recall": 0.772,
      "auroc": 0.85744,
      "optimal_threshold": 0.28146064281463623,
      "tpr_at_fpr_0_01": 0.328,
      "fpr95": 0.8,
      "aupr": 0.8734279942338186
    },
    "layer_4": {
      "n_total": 500,
      "n_valid": 500,
      "n_val_total": 500,
      "n_val_valid": 500,
      "acc": 0.802,
      "f1": 0.7950310559006211,
      "pre": 0.8240343347639485,
      "recall": 0.768,
      "auroc": 0.8634879999999999,
      "optimal_threshold": 0.5297995805740356,
      "tpr_at_fpr_0_01": 0.5,
      "fpr95": 0.804,
      "aupr": 0.897255546151527
    },
    "layer_5": {
      "n_total": 500,
      "n_valid": 500,
      "n_val_total": 500,
      "n_val_valid": 500,
      "acc": 0.836,
      "f1": 0.8153153153153153,
      "pre": 0.9329896907216495,
      "recall": 0.724,
      "auroc": 0.8900000000000001,
      "optimal_threshold": 0.6516764163970947,
      "tpr_at_fpr_0_01": 0.564,
      "fpr95": 0.692,
      "aupr": 0.9173063894650357
    },
    "layer_6": {
      "n_total": 500,
      "n_valid": 500,
      "n_val_total": 500,
      "n_val_valid": 500,
      "acc": 0.844,
      "f1": 0.8258928571428571,
      "pre": 0.9343434343434344,
      "recall": 0.74,
      "auroc": 0.8987679999999999,
      "optimal_threshold": 0.7840222120285034,
      "tpr_at_fpr_0_01": 0.588,
      "fpr95": 0.612,
      "aupr": 0.9228750336235834
    },
    "layer_7": {
      "n_total": 500,
      "n_valid": 500,
      "n_val_total": 500,
      "n_val_valid": 500,
      "acc": 0.846,
      "f1": 0.8300220750551877,
      "pre": 0.9261083743842364,
      "recall": 0.752,
      "auroc": 0.897264,
      "optimal_threshold": 0.970696747303009,
      "tpr_at_fpr_0_01": 0.58,
      "fpr95": 0.6,
      "aupr": 0.9214286649210768
    },
    "layer_8": {
      "n_total": 500,
      "n_valid": 500,
      "n_val_total": 500,
      "n_val_valid": 500,
      "acc": 0.814,
      "f1": 0.7780429594272077,
      "pre": 0.9644970414201184,
      "recall": 0.652,
      "auroc": 0.893488,
      "optimal_threshold": 1.0362777709960938,
      "tpr_at_fpr_0_01": 0.592,
      "fpr95": 0.62,
      "aupr": 0.9188573679060229
    },
    "layer_9": {
      "n_total": 500,
      "n_valid": 500,
      "n_val_total": 500,
      "n_val_valid": 500,
      "acc": 0.806,
      "f1": 0.7639902676399026,
      "pre": 0.9751552795031055,
      "recall": 0.628,
      "auroc": 0.8919199999999999,
      "optimal_threshold": 1.235903263092041,
      "tpr_at_fpr_0_01": 0.596,
      "fpr95": 0.76,
      "aupr": 0.9202527043729842
    },
    "layer_10": {
      "n_total": 500,
      "n_valid": 500,
      "n_val_total": 500,
      "n_val_valid": 500,
      "acc": 0.834,
      "f1": 0.8109339407744874,
      "pre": 0.9417989417989417,
      "recall": 0.712,
      "auroc": 0.8960319999999999,
      "optimal_threshold": 1.239837884902954,
      "tpr_at_fpr_0_01": 0.616,
      "fpr95": 0.708,
      "aupr": 0.9237016271919195
    },
    "layer_11": {
      "n_total": 500,
      "n_valid": 500,
      "n_val_total": 500,
      "n_val_valid": 500,
      "acc": 0.856,
      "f1": 0.8378378378378378,
      "pre": 0.9587628865979382,
      "recall": 0.744,
      "auroc": 0.9018560000000001,
      "optimal_threshold": 1.3010427951812744,
      "tpr_at_fpr_0_01": 0.696,
      "fpr95": 0.756,
      "aupr": 0.9304228760429868
    },
    "layer_12": {
      "n_total": 500,
      "n_valid": 500,
      "n_val_total": 500,
      "n_val_valid": 500,
      "acc": 0.848,
      "f1": 0.8325991189427313,
      "pre": 0.9264705882352942,
      "recall": 0.756,
      "auroc": 0.895776,
      "optimal_threshold": 1.312718152999878,
      "tpr_at_fpr_0_01": 0.636,
      "fpr95": 0.748,
      "aupr": 0.9248615084549168
    },
    "layer_13": {
      "n_total": 500,
      "n_valid": 500,
      "n_val_total": 500,
      "n_val_valid": 500,
      "acc": 0.854,
      "f1": 0.8366890380313199,
      "pre": 0.949238578680203,
      "recall": 0.748,
      "auroc": 0.90144,
      "optimal_threshold": 1.4577085971832275,
      "tpr_at_fpr_0_01": 0.66,
      "fpr95": 0.748,
      "aupr": 0.9292493895228489
    },
    "layer_14": {
      "n_total": 500,
      "n_valid": 500,
      "n_val_total": 500,
      "n_val_valid": 500,
      "acc": 0.848,
      "f1": 0.8288288288288288,
      "pre": 0.9484536082474226,
      "recall": 0.736,
      "auroc": 0.907632,
      "optimal_threshold": 1.7343133687973022,
      "tpr_at_fpr_0_01": 0.672,
      "fpr95": 0.688,
      "aupr": 0.9325676273233345
    },
    "layer_15": {
      "n_total": 500,
      "n_valid": 500,
      "n_val_total": 500,
      "n_val_valid": 500,
      "acc": 0.842,
      "f1": 0.8308351177730193,
      "pre": 0.8940092165898618,
      "recall": 0.776,
      "auroc": 0.9194399999999999,
      "optimal_threshold": 1.592608094215393,
      "tpr_at_fpr_0_01": 0.668,
      "fpr95": 0.576,
      "aupr": 0.9378176222185183
    },
    "layer_16": {
      "n_total": 500,
      "n_valid": 500,
      "n_val_total": 500,
      "n_val_valid": 500,
      "acc": 0.846,
      "f1": 0.8351177730192719,
      "pre": 0.8986175115207373,
      "recall": 0.78,
      "auroc": 0.919728,
      "optimal_threshold": 1.9672178030014038,
      "tpr_at_fpr_0_01": 0.68,
      "fpr95": 0.592,
      "aupr": 0.9386235011317765
    },
    "layer_17": {
      "n_total": 500,
      "n_valid": 500,
      "n_val_total": 500,
      "n_val_valid": 500,
      "acc": 0.85,
      "f1": 0.838012958963283,
      "pre": 0.9107981220657277,
      "recall": 0.776,
      "auroc": 0.918976,
      "optimal_threshold": 2.369530200958252,
      "tpr_at_fpr_0_01": 0.716,
      "fpr95": 0.54,
      "aupr": 0.9393719156476508
    },
    "layer_18": {
      "n_total": 500,
      "n_valid": 500,
      "n_val_total": 500,
      "n_val_valid": 500,
      "acc": 0.866,
      "f1": 0.8540305010893247,
      "pre": 0.937799043062201,
      "recall": 0.784,
      "auroc": 0.935776,
      "optimal_threshold": 2.6812422275543213,
      "tpr_at_fpr_0_01": 0.68,
      "fpr95": 0.428,
      "aupr": 0.9486964319973155
    },
    "layer_19": {
      "n_total": 500,
      "n_valid": 500,
      "n_val_total": 500,
      "n_val_valid": 500,
      "acc": 0.874,
      "f1": 0.8596881959910914,
      "pre": 0.9698492462311558,
      "recall": 0.772,
      "auroc": 0.941552,
      "optimal_threshold": 3.4935007095336914,
      "tpr_at_fpr_0_01": 0.688,
      "fpr95": 0.392,
      "aupr": 0.9525124495409129
    },
    "layer_20": {
      "n_total": 500,
      "n_valid": 500,
      "n_val_total": 500,
      "n_val_valid": 500,
      "acc": 0.872,
      "f1": 0.8620689655172413,
      "pre": 0.9345794392523364,