{
  "args": {
    "model": "llama_8b",
    "dataset": "drl_t1_perturbation",
    "mode": "last_token",
    "centering": false,
    "prefix": false,
    "smoke_test": false,
    "ood": false,
    "ood_set": "",
    "manifold": true,
    "pca_components": 15
  },
  "steering_domain": "drl_t1_perturbation",
  "eval_domain": "drl_t1_perturbation",
  "n_samples": 500,
  "n_layers": 33,
  "metrics_per_layer": {
    "layer_1": {
      "n_total": 500,
      "n_valid": 500,
      "n_val_total": 500,
      "n_val_valid": 500,
      "acc": 0.62,
      "f1": 0.7155688622754491,
      "pre": 0.5717703349282297,
      "recall": 0.956,
      "auroc": 0.6216320000000001,
      "optimal_threshold": 0.17960506677627563,
      "tpr_at_fpr_0_01": 0.0,
      "fpr95": 0.716,
      "aupr": 0.5704822984122453
    },
    "layer_2": {
      "n_total": 500,
      "n_valid": 500,
      "n_val_total": 500,
      "n_val_valid": 500,
      "acc": 0.748,
      "f1": 0.7622641509433963,
      "pre": 0.7214285714285714,
      "recall": 0.808,
      "auroc": 0.82192,
      "optimal_threshold": 0.1350754350423813,
      "tpr_at_fpr_0_01": 0.124,
      "fpr95": 0.604,
      "aupr": 0.8080905188585026
    },
    "layer_3": {
      "n_total": 500,
      "n_valid": 500,
      "n_val_total": 500,
      "n_val_valid": 500,
      "acc": 0.766,
      "f1": 0.7692307692307693,
      "pre": 0.7587548638132295,
      "recall": 0.78,
      "auroc": 0.837136,
      "optimal_threshold": 0.22914573550224304,
      "tpr_at_fpr_0_01": 0.144,
      "fpr95": 0.62,
      "aupr": 0.843323355279192
    },
    "layer_4": {
      "n_total": 500,
      "n_valid": 500,
      "n_val_total": 500,
      "n_val_valid": 500,
      "acc": 0.8,
      "f1": 0.7797356828193832,
      "pre": 0.8676470588235294,
      "recall": 0.708,
      "auroc": 0.894864,
      "optimal_threshold": 0.45539921522140503,
      "tpr_at_fpr_0_01": 0.34,
      "fpr95": 0.476,
      "aupr": 0.9083433572343564
    },
    "layer_5": {
      "n_total": 500,
      "n_valid": 500,
      "n_val_total": 500,
      "n_val_valid": 500,
      "acc": 0.898,
      "f1": 0.8930817610062893,
      "pre": 0.9383259911894273,
      "recall": 0.852,
      "auroc": 0.9498559999999999,
      "optimal_threshold": 0.523489236831665,
      "tpr_at_fpr_0_01": 0.772,
      "fpr95": 0.364,
      "aupr": 0.9617239500761605
    },
    "layer_6": {
      "n_total": 500,
      "n_valid": 500,
      "n_val_total": 500,
      "n_val_valid": 500,
      "acc": 0.9,
      "f1": 0.8979591836734694,
      "pre": 0.9166666666666666,
      "recall": 0.88,
      "auroc": 0.963904,
      "optimal_threshold": 0.5722070932388306,
      "tpr_at_fpr_0_01": 0.808,
      "fpr95": 0.244,
      "aupr": 0.9714802505376863
    },
    "layer_7": {
      "n_total": 500,
      "n_valid": 500,
      "n_val_total": 500,
      "n_val_valid": 500,
      "acc": 0.89,
      "f1": 0.8906560636182903,
      "pre": 0.8853754940711462,
      "recall": 0.896,
      "auroc": 0.9634879999999999,
      "optimal_threshold": 0.8705284595489502,
      "tpr_at_fpr_0_01": 0.796,
      "fpr95": 0.288,
      "aupr": 0.9710864167474171
    },
    "layer_8": {
      "n_total": 500,
      "n_valid": 500,
      "n_val_total": 500,
      "n_val_valid": 500,
      "acc": 0.88,
      "f1": 0.8790322580645161,
      "pre": 0.8861788617886179,
      "recall": 0.872,
      "auroc": 0.956336,
      "optimal_threshold": 0.932380735874176,
      "tpr_at_fpr_0_01": 0.756,
      "fpr95": 0.312,
      "aupr": 0.9643208742199161
    },
    "layer_9": {
      "n_total": 500,
      "n_valid": 500,
      "n_val_total": 500,
      "n_val_valid": 500,
      "acc": 0.884,
      "f1": 0.8811475409836066,
      "pre": 0.9033613445378151,
      "recall": 0.86,
      "auroc": 0.9541759999999999,
      "optimal_threshold": 1.167750597000122,
      "tpr_at_fpr_0_01": 0.764,
      "fpr95": 0.296,
      "aupr": 0.9628875653222978
    },
    "layer_10": {
      "n_total": 500,
      "n_valid": 500,
      "n_val_total": 500,
      "n_val_valid": 500,
      "acc": 0.896,
      "f1": 0.8898305084745762,
      "pre": 0.9459459459459459,
      "recall": 0.84,
      "auroc": 0.963376,
      "optimal_threshold": 1.4281302690505981,
      "tpr_at_fpr_0_01": 0.732,
      "fpr95": 0.232,
      "aupr": 0.9699562227303007
    },
    "layer_11": {
      "n_total": 500,
      "n_valid": 500,
      "n_val_total": 500,
      "n_val_valid": 500,
      "acc": 0.922,
      "f1": 0.919917864476386,
      "pre": 0.9451476793248945,
      "recall": 0.896,
      "auroc": 0.9806239999999999,
      "optimal_threshold": 1.3420135974884033,
      "tpr_at_fpr_0_01": 0.856,
      "fpr95": 0.136,
      "aupr": 0.9839330695596943
    },
    "layer_12": {
      "n_total": 500,
      "n_valid": 500,
      "n_val_total": 500,
      "n_val_valid": 500,
      "acc": 0.908,
      "f1": 0.9053497942386831,
      "pre": 0.9322033898305084,
      "recall": 0.88,
      "auroc": 0.9728960000000001,
      "optimal_threshold": 1.4533902406692505,
      "tpr_at_fpr_0_01": 0.824,
      "fpr95": 0.184,
      "aupr": 0.9775477828052951
    },
    "layer_13": {
      "n_total": 500,
      "n_valid": 500,
      "n_val_total": 500,
      "n_val_valid": 500,
      "acc": 0.904,
      "f1": 0.902834008097166,
      "pre": 0.9139344262295082,
      "recall": 0.892,
      "auroc": 0.974288,
      "optimal_threshold": 1.5720568895339966,
      "tpr_at_fpr_0_01": 0.832,
      "fpr95": 0.168,
      "aupr": 0.9784495902186494
    },
    "layer_14": {
      "n_total": 500,
      "n_valid": 500,
      "n_val_total": 500,
      "n_val_valid": 500,
      "acc": 0.884,
      "f1": 0.8728070175438597,
      "pre": 0.9660194174757282,
      "recall": 0.796,
      "auroc": 0.963216,
      "optimal_threshold": 2.128600835800171,
      "tpr_at_fpr_0_01": 0.772,
      "fpr95": 0.248,
      "aupr": 0.9687489349017386
    },
    "layer_15": {
      "n_total": 500,
      "n_valid": 500,
      "n_val_total": 500,
      "n_val_valid": 500,
      "acc": 0.896,
      "f1": 0.891213389121339,
      "pre": 0.9342105263157895,
      "recall": 0.852,
      "auroc": 0.96512,
      "optimal_threshold": 1.8688719272613525,
      "tpr_at_fpr_0_01": 0.804,
      "fpr95": 0.264,
      "aupr": 0.9709478618638065
    },
    "layer_16": {
      "n_total": 500,
      "n_valid": 500,
      "n_val_total": 500,
      "n_val_valid": 500,
      "acc": 0.894,
      "f1": 0.8929292929292929,
      "pre": 0.9020408163265307,
      "recall": 0.884,
      "auroc": 0.9609600000000001,
      "optimal_threshold": 2.0802829265594482,
      "tpr_at_fpr_0_01": 0.796,
      "fpr95": 0.324,
      "aupr": 0.9690166845301066
    },
    "layer_17": {
      "n_total": 500,
      "n_valid": 500,
      "n_val_total": 500,
      "n_val_valid": 500,
      "acc": 0.924,
      "f1": 0.921161825726141,
      "pre": 0.9568965517241379,
      "recall": 0.888,
      "auroc": 0.970544,
      "optimal_threshold": 2.425323963165283,
      "tpr_at_fpr_0_01": 0.824,
      "fpr95": 0.216,
      "aupr": 0.9770537662557144
    },
    "layer_18": {
      "n_total": 500,
      "n_valid": 500,
      "n_val_total": 500,
      "n_val_valid": 500,
      "acc": 0.906,
      "f1": 0.9046653144016227,
      "pre": 0.9176954732510288,
      "recall": 0.892,
      "auroc": 0.962064,
      "optimal_threshold": 2.5480470657348633,
      "tpr_at_fpr_0_01": 0.808,
      "fpr95": 0.324,
      "aupr": 0.9704219554675559
    },
    "layer_19": {
      "n_total": 500,
      "n_valid": 500,
      "n_val_total": 500,
      "n_val_valid": 500,
      "acc": 0.932,
      "f1": 0.9288702928870293,
      "pre": 0.9736842105263158,
      "recall": 0.888,
      "auroc": 0.973168,
      "optimal_threshold": 3.210136651992798,
      "tpr_at_fpr_0_01": 0.852,
      "fpr95": 0.228,
      "aupr": 0.9792452569571344
    },
    "layer_20": {
      "n_total": 500,
      "n_valid": 500,
      "n_val_total": 500,
      "n_val_valid": 500,
      "acc": 0.916,
      "f1": 0.9132231404958677,