{
  "args": {
    "model": "llama_8b",
    "dataset": "multitude_en",
    "mode": "clean_topic_val",
    "token_mode": "last_token",
    "prefix": false,
    "smoke_test": false,
    "ood": [
      "multitude_de",
      "multitude_nl",
      "multitude_pt",
      "multitude_uk"
    ],
    "pca_components": 0,
    "normalize_scores": true,
    "manifold": true
  },
  "steering_domain": "multitude_en",
  "eval_domain": "multitude_uk",
  "n_samples": 500,
  "n_layers": 33,
  "metrics_per_layer": {
    "layer_1": {
      "n_total": 500,
      "n_valid": 500,
      "n_val_total": 500,
      "n_val_valid": 500,
      "acc": 0.446,
      "f1": 0.0,
      "pre": 0.0,
      "recall": 0.0,
      "auroc": 0.554128,
      "optimal_threshold": 0.8609009981155396,
      "tpr_at_fpr_0_01": 0.0,
      "fpr95": 0.776,
      "aupr": 0.5607466626612343
    },
    "layer_2": {
      "n_total": 500,
      "n_valid": 500,
      "n_val_total": 500,
      "n_val_valid": 500,
      "acc": 0.464,
      "f1": 0.0,
      "pre": 0.0,
      "recall": 0.0,
      "auroc": 0.6664800000000001,
      "optimal_threshold": 0.7109655737876892,
      "tpr_at_fpr_0_01": 0.0,
      "fpr95": 0.652,
      "aupr": 0.5560186727513705
    },
    "layer_3": {
      "n_total": 500,
      "n_valid": 500,
      "n_val_total": 500,
      "n_val_valid": 500,
      "acc": 0.498,
      "f1": 0.27246376811594203,
      "pre": 0.49473684210526314,
      "recall": 0.188,
      "auroc": 0.7287359999999999,
      "optimal_threshold": 0.6182051301002502,
      "tpr_at_fpr_0_01": 0.0,
      "fpr95": 0.504,
      "aupr": 0.5968221905202524
    },
    "layer_4": {
      "n_total": 500,
      "n_valid": 500,
      "n_val_total": 500,
      "n_val_valid": 500,
      "acc": 0.764,
      "f1": 0.757201646090535,
      "pre": 0.7796610169491526,
      "recall": 0.736,
      "auroc": 0.79616,
      "optimal_threshold": 0.4886014461517334,
      "tpr_at_fpr_0_01": 0.0,
      "fpr95": 0.3,
      "aupr": 0.6499493953218072
    },
    "layer_5": {
      "n_total": 500,
      "n_valid": 500,
      "n_val_total": 500,
      "n_val_valid": 500,
      "acc": 0.704,
      "f1": 0.6768558951965066,
      "pre": 0.7451923076923077,
      "recall": 0.62,
      "auroc": 0.770592,
      "optimal_threshold": 0.3158639669418335,
      "tpr_at_fpr_0_01": 0.0,
      "fpr95": 0.396,
      "aupr": 0.6279966949997523
    },
    "layer_6": {
      "n_total": 500,
      "n_valid": 500,
      "n_val_total": 500,
      "n_val_valid": 500,
      "acc": 0.674,
      "f1": 0.6252873563218391,
      "pre": 0.7351351351351352,
      "recall": 0.544,
      "auroc": 0.77672,
      "optimal_threshold": 0.2976037859916687,
      "tpr_at_fpr_0_01": 0.0,
      "fpr95": 0.4,
      "aupr": 0.6369612150460693
    },
    "layer_7": {
      "n_total": 500,
      "n_valid": 500,
      "n_val_total": 500,
      "n_val_valid": 500,
      "acc": 0.766,
      "f1": 0.7950963222416813,
      "pre": 0.7071651090342679,
      "recall": 0.908,
      "auroc": 0.745024,
      "optimal_threshold": 0.29311108589172363,
      "tpr_at_fpr_0_01": 0.0,
      "fpr95": 0.488,
      "aupr": 0.6071457732404366
    },
    "layer_8": {
      "n_total": 500,
      "n_valid": 500,
      "n_val_total": 500,
      "n_val_valid": 500,
      "acc": 0.738,
      "f1": 0.7783417935702199,
      "pre": 0.6744868035190615,
      "recall": 0.92,
      "auroc": 0.718848,
      "optimal_threshold": 0.34488433599472046,
      "tpr_at_fpr_0_01": 0.0,
      "fpr95": 0.496,
      "aupr": 0.5882733476862172
    },
    "layer_9": {
      "n_total": 500,
      "n_valid": 500,
      "n_val_total": 500,
      "n_val_valid": 500,
      "acc": 0.602,
      "f1": 0.7094890510948905,
      "pre": 0.5586206896551724,
      "recall": 0.972,
      "auroc": 0.705328,
      "optimal_threshold": 0.44631874561309814,
      "tpr_at_fpr_0_01": 0.0,
      "fpr95": 0.66,
      "aupr": 0.597617217141804
    },
    "layer_10": {
      "n_total": 500,
      "n_valid": 500,
      "n_val_total": 500,
      "n_val_valid": 500,
      "acc": 0.51,
      "f1": 0.6666666666666666,
      "pre": 0.5051546391752577,
      "recall": 0.98,
      "auroc": 0.7681119999999999,
      "optimal_threshold": 0.3318435251712799,
      "tpr_at_fpr_0_01": 0.188,
      "fpr95": 0.7,
      "aupr": 0.7751712940070375
    },
    "layer_11": {
      "n_total": 500,
      "n_valid": 500,
      "n_val_total": 500,
      "n_val_valid": 500,
      "acc": 0.674,
      "f1": 0.6091127098321343,
      "pre": 0.7604790419161677,
      "recall": 0.508,
      "auroc": 0.749024,
      "optimal_threshold": 0.6048626899719238,
      "tpr_at_fpr_0_01": 0.164,
      "fpr95": 0.836,
      "aupr": 0.7698553450364873
    },
    "layer_12": {
      "n_total": 500,
      "n_valid": 500,
      "n_val_total": 500,
      "n_val_valid": 500,
      "acc": 0.674,
      "f1": 0.5484764542936288,
      "pre": 0.8918918918918919,
      "recall": 0.396,
      "auroc": 0.774576,
      "optimal_threshold": 0.549531102180481,
      "tpr_at_fpr_0_01": 0.196,
      "fpr95": 0.796,
      "aupr": 0.800173700203937
    },
    "layer_13": {
      "n_total": 500,
      "n_valid": 500,
      "n_val_total": 500,
      "n_val_valid": 500,
      "acc": 0.648,
      "f1": 0.4853801169590643,
      "pre": 0.9021739130434783,
      "recall": 0.332,
      "auroc": 0.7543759999999999,
      "optimal_threshold": 0.6029462814331055,
      "tpr_at_fpr_0_01": 0.212,
      "fpr95": 0.8,
      "aupr": 0.7810705941126735
    },
    "layer_14": {
      "n_total": 500,
      "n_valid": 500,
      "n_val_total": 500,
      "n_val_valid": 500,
      "acc": 0.724,
      "f1": 0.7434944237918215,
      "pre": 0.6944444444444444,
      "recall": 0.8,
      "auroc": 0.8331519999999999,
      "optimal_threshold": 0.5099002718925476,
      "tpr_at_fpr_0_01": 0.288,
      "fpr95": 0.656,
      "aupr": 0.8514878781513033
    },
    "layer_15": {
      "n_total": 500,
      "n_valid": 500,
      "n_val_total": 500,
      "n_val_valid": 500,
      "acc": 0.718,
      "f1": 0.7006369426751592,
      "pre": 0.746606334841629,
      "recall": 0.66,
      "auroc": 0.7928640000000001,
      "optimal_threshold": 0.5348193645477295,
      "tpr_at_fpr_0_01": 0.22,
      "fpr95": 0.764,
      "aupr": 0.8195063391255953
    },
    "layer_16": {
      "n_total": 500,
      "n_valid": 500,
      "n_val_total": 500,
      "n_val_valid": 500,
      "acc": 0.674,
      "f1": 0.5766233766233766,
      "pre": 0.8222222222222222,
      "recall": 0.444,
      "auroc": 0.753344,
      "optimal_threshold": 0.5365638136863708,
      "tpr_at_fpr_0_01": 0.168,
      "fpr95": 0.804,
      "aupr": 0.7750162709501753
    },
    "layer_17": {
      "n_total": 500,
      "n_valid": 500,
      "n_val_total": 500,
      "n_val_valid": 500,
      "acc": 0.564,
      "f1": 0.30128205128205127,
      "pre": 0.7580645161290323,
      "recall": 0.188,
      "auroc": 0.599728,
      "optimal_threshold": 0.5984854102134705,
      "tpr_at_fpr_0_01": 0.084,
      "fpr95": 0.912,
      "aupr": 0.6281806942792469
    },
    "layer_18": {
      "n_total": 500,
      "n_valid": 500,
      "n_val_total": 500,
      "n_val_valid": 500,
      "acc": 0.534,
      "f1": 0.4668192219679634,
      "pre": 0.5454545454545454,
      "recall": 0.408,
      "auroc": 0.557232,
      "optimal_threshold": 0.5029227137565613,
      "tpr_at_fpr_0_01": 0.08,
      "fpr95": 0.916,
      "aupr": 0.5863440093109613
    },
    "layer_19": {
      "n_total": 500,
      "n_valid": 500,
      "n_val_total": 500,
      "n_val_valid": 500,
      "acc": 0.558,
      "f1": 0.39118457300275483,
      "pre": 0.6283185840707964,
      "recall": 0.284,
      "auroc": 0.57384,
      "optimal_threshold": 0.572501003742218,
      "tpr_at_fpr_0_01": 0.076,
      "fpr95": 0.888,
      "aupr": 0.6093049067235832
    },
    "layer_20": {
      "n_total": 500,
      "n_valid": 500,
      "n_val_total": 500,
      "n_val_valid": 500,
      "acc": 0.518,
      "f1": 0.5374280230326296,