{
  "args": {
    "model": "llama_8b",
    "dataset": "multitude_en",
    "mode": "clean_topic_val",
    "token_mode": "last_token",
    "prefix": false,
    "smoke_test": false,
    "ood": [
      "multitude_de",
      "multitude_nl",
      "multitude_pt",
      "multitude_uk"
    ],
    "pca_components": 0,
    "normalize_scores": true,
    "manifold": true
  },
  "steering_domain": "multitude_en",
  "eval_domain": "multitude_de",
  "n_samples": 500,
  "n_layers": 33,
  "metrics_per_layer": {
    "layer_1": {
      "n_total": 500,
      "n_valid": 500,
      "n_val_total": 500,
      "n_val_valid": 500,
      "acc": 0.494,
      "f1": 0.00784313725490196,
      "pre": 0.2,
      "recall": 0.004,
      "auroc": 0.5444879999999999,
      "optimal_threshold": 0.8609009981155396,
      "tpr_at_fpr_0_01": 0.0,
      "fpr95": 0.88,
      "aupr": 0.5254085668280604
    },
    "layer_2": {
      "n_total": 500,
      "n_valid": 500,
      "n_val_total": 500,
      "n_val_valid": 500,
      "acc": 0.494,
      "f1": 0.023166023166023165,
      "pre": 0.3333333333333333,
      "recall": 0.012,
      "auroc": 0.788832,
      "optimal_threshold": 0.7109655737876892,
      "tpr_at_fpr_0_01": 0.004,
      "fpr95": 0.588,
      "aupr": 0.7150174662334499
    },
    "layer_3": {
      "n_total": 500,
      "n_valid": 500,
      "n_val_total": 500,
      "n_val_valid": 500,
      "acc": 0.574,
      "f1": 0.3280757097791798,
      "pre": 0.7761194029850746,
      "recall": 0.208,
      "auroc": 0.825808,
      "optimal_threshold": 0.6182051301002502,
      "tpr_at_fpr_0_01": 0.004,
      "fpr95": 0.632,
      "aupr": 0.7510856457991673
    },
    "layer_4": {
      "n_total": 500,
      "n_valid": 500,
      "n_val_total": 500,
      "n_val_valid": 500,
      "acc": 0.806,
      "f1": 0.7770114942528735,
      "pre": 0.9135135135135135,
      "recall": 0.676,
      "auroc": 0.8970079999999999,
      "optimal_threshold": 0.4886014461517334,
      "tpr_at_fpr_0_01": 0.008,
      "fpr95": 0.456,
      "aupr": 0.8500031288725539
    },
    "layer_5": {
      "n_total": 500,
      "n_valid": 500,
      "n_val_total": 500,
      "n_val_valid": 500,
      "acc": 0.8,
      "f1": 0.7787610619469026,
      "pre": 0.8712871287128713,
      "recall": 0.704,
      "auroc": 0.8923679999999999,
      "optimal_threshold": 0.3158639669418335,
      "tpr_at_fpr_0_01": 0.008,
      "fpr95": 0.352,
      "aupr": 0.8172381890817081
    },
    "layer_6": {
      "n_total": 500,
      "n_valid": 500,
      "n_val_total": 500,
      "n_val_valid": 500,
      "acc": 0.814,
      "f1": 0.7928730512249443,
      "pre": 0.8944723618090452,
      "recall": 0.712,
      "auroc": 0.907872,
      "optimal_threshold": 0.2976037859916687,
      "tpr_at_fpr_0_01": 0.064,
      "fpr95": 0.356,
      "aupr": 0.8628754475942851
    },
    "layer_7": {
      "n_total": 500,
      "n_valid": 500,
      "n_val_total": 500,
      "n_val_valid": 500,
      "acc": 0.852,
      "f1": 0.8639705882352942,
      "pre": 0.7993197278911565,
      "recall": 0.94,
      "auroc": 0.909664,
      "optimal_threshold": 0.29311108589172363,
      "tpr_at_fpr_0_01": 0.004,
      "fpr95": 0.264,
      "aupr": 0.8471608595318095
    },
    "layer_8": {
      "n_total": 500,
      "n_valid": 500,
      "n_val_total": 500,
      "n_val_valid": 500,
      "acc": 0.846,
      "f1": 0.8527724665391969,
      "pre": 0.8168498168498168,
      "recall": 0.892,
      "auroc": 0.910512,
      "optimal_threshold": 0.34488433599472046,
      "tpr_at_fpr_0_01": 0.008,
      "fpr95": 0.24,
      "aupr": 0.8530151515870135
    },
    "layer_9": {
      "n_total": 500,
      "n_valid": 500,
      "n_val_total": 500,
      "n_val_valid": 500,
      "acc": 0.694,
      "f1": 0.752827140549273,
      "pre": 0.6314363143631436,
      "recall": 0.932,
      "auroc": 0.7920480000000001,
      "optimal_threshold": 0.44631874561309814,
      "tpr_at_fpr_0_01": 0.056,
      "fpr95": 0.636,
      "aupr": 0.7699810400680046
    },
    "layer_10": {
      "n_total": 500,
      "n_valid": 500,
      "n_val_total": 500,
      "n_val_valid": 500,
      "acc": 0.55,
      "f1": 0.6781115879828327,
      "pre": 0.5278396436525612,
      "recall": 0.948,
      "auroc": 0.7067359999999998,
      "optimal_threshold": 0.3318435251712799,
      "tpr_at_fpr_0_01": 0.084,
      "fpr95": 0.852,
      "aupr": 0.7235291151202066
    },
    "layer_11": {
      "n_total": 500,
      "n_valid": 500,
      "n_val_total": 500,
      "n_val_valid": 500,
      "acc": 0.602,
      "f1": 0.3951367781155015,
      "pre": 0.8227848101265823,
      "recall": 0.26,
      "auroc": 0.6848639999999999,
      "optimal_threshold": 0.6048626899719238,
      "tpr_at_fpr_0_01": 0.1,
      "fpr95": 0.908,
      "aupr": 0.7136205463548994
    },
    "layer_12": {
      "n_total": 500,
      "n_valid": 500,
      "n_val_total": 500,
      "n_val_valid": 500,
      "acc": 0.596,
      "f1": 0.38414634146341464,
      "pre": 0.8076923076923077,
      "recall": 0.252,
      "auroc": 0.702032,
      "optimal_threshold": 0.549531102180481,
      "tpr_at_fpr_0_01": 0.088,
      "fpr95": 0.888,
      "aupr": 0.7235459786779578
    },
    "layer_13": {
      "n_total": 500,
      "n_valid": 500,
      "n_val_total": 500,
      "n_val_valid": 500,
      "acc": 0.566,
      "f1": 0.27906976744186046,
      "pre": 0.8235294117647058,
      "recall": 0.168,
      "auroc": 0.695584,
      "optimal_threshold": 0.6029462814331055,
      "tpr_at_fpr_0_01": 0.076,
      "fpr95": 0.876,
      "aupr": 0.7054535836426562
    },
    "layer_14": {
      "n_total": 500,
      "n_valid": 500,
      "n_val_total": 500,
      "n_val_valid": 500,
      "acc": 0.636,
      "f1": 0.5991189427312775,
      "pre": 0.6666666666666666,
      "recall": 0.544,
      "auroc": 0.68024,
      "optimal_threshold": 0.5099002718925476,
      "tpr_at_fpr_0_01": 0.116,
      "fpr95": 0.916,
      "aupr": 0.722873765841108
    },
    "layer_15": {
      "n_total": 500,
      "n_valid": 500,
      "n_val_total": 500,
      "n_val_valid": 500,
      "acc": 0.616,
      "f1": 0.5270935960591133,
      "pre": 0.6858974358974359,
      "recall": 0.428,
      "auroc": 0.606256,
      "optimal_threshold": 0.5348193645477295,
      "tpr_at_fpr_0_01": 0.18,
      "fpr95": 0.94,
      "aupr": 0.6899019057560152
    },
    "layer_16": {
      "n_total": 500,
      "n_valid": 500,
      "n_val_total": 500,
      "n_val_valid": 500,
      "acc": 0.62,
      "f1": 0.4722222222222222,
      "pre": 0.7727272727272727,
      "recall": 0.34,
      "auroc": 0.627392,
      "optimal_threshold": 0.5365638136863708,
      "tpr_at_fpr_0_01": 0.156,
      "fpr95": 0.944,
      "aupr": 0.6934782304518262
    },
    "layer_17": {
      "n_total": 500,
      "n_valid": 500,
      "n_val_total": 500,
      "n_val_valid": 500,
      "acc": 0.59,
      "f1": 0.3322475570032573,
      "pre": 0.8947368421052632,
      "recall": 0.204,
      "auroc": 0.61032,
      "optimal_threshold": 0.5984854102134705,
      "tpr_at_fpr_0_01": 0.172,
      "fpr95": 0.924,
      "aupr": 0.6716530311667197
    },
    "layer_18": {
      "n_total": 500,
      "n_valid": 500,
      "n_val_total": 500,
      "n_val_valid": 500,
      "acc": 0.604,
      "f1": 0.48704663212435234,
      "pre": 0.6911764705882353,
      "recall": 0.376,
      "auroc": 0.66544,
      "optimal_threshold": 0.5029227137565613,
      "tpr_at_fpr_0_01": 0.172,
      "fpr95": 0.872,
      "aupr": 0.7031489863914244
    },
    "layer_19": {
      "n_total": 500,
      "n_valid": 500,
      "n_val_total": 500,
      "n_val_valid": 500,
      "acc": 0.616,
      "f1": 0.41818181818181815,
      "pre": 0.8625,
      "recall": 0.276,
      "auroc": 0.70272,
      "optimal_threshold": 0.572501003742218,
      "tpr_at_fpr_0_01": 0.124,
      "fpr95": 0.808,
      "aupr": 0.7362670681503132
    },
    "layer_20": {
      "n_total": 500,
      "n_valid": 500,
      "n_val_total": 500,
      "n_val_valid": 500,