{
  "args": {
    "model": "llama_8b",
    "dataset": "multisocial_en",
    "mode": "clean_topic_val",
    "token_mode": "last_token",
    "prefix": false,
    "smoke_test": false,
    "ood": [
      "multisocial_ar"
    ],
    "pca_components": 0,
    "normalize_scores": true,
    "manifold": true
  },
  "steering_domain": "multisocial_en",
  "eval_domain": "multisocial_en",
  "n_samples": 500,
  "n_layers": 33,
  "metrics_per_layer": {
    "layer_1": {
      "n_total": 500,
      "n_valid": 500,
      "n_val_total": 500,
      "n_val_valid": 500,
      "acc": 0.676,
      "f1": 0.7206896551724138,
      "pre": 0.6333333333333333,
      "recall": 0.836,
      "auroc": 0.622776,
      "optimal_threshold": 0.5023671984672546,
      "tpr_at_fpr_0_01": 0.016,
      "fpr95": 0.812,
      "aupr": 0.598041493224283
    },
    "layer_2": {
      "n_total": 500,
      "n_valid": 500,
      "n_val_total": 500,
      "n_val_valid": 500,
      "acc": 0.672,
      "f1": 0.6186046511627907,
      "pre": 0.7388888888888889,
      "recall": 0.532,
      "auroc": 0.7093439999999999,
      "optimal_threshold": 0.49596959352493286,
      "tpr_at_fpr_0_01": 0.024,
      "fpr95": 0.828,
      "aupr": 0.6971539543310721
    },
    "layer_3": {
      "n_total": 500,
      "n_valid": 500,
      "n_val_total": 500,
      "n_val_valid": 500,
      "acc": 0.714,
      "f1": 0.6742596810933941,
      "pre": 0.783068783068783,
      "recall": 0.592,
      "auroc": 0.7534719999999999,
      "optimal_threshold": 0.606058657169342,
      "tpr_at_fpr_0_01": 0.1,
      "fpr95": 0.812,
      "aupr": 0.7718889614559011
    },
    "layer_4": {
      "n_total": 500,
      "n_valid": 500,
      "n_val_total": 500,
      "n_val_valid": 500,
      "acc": 0.696,
      "f1": 0.6622222222222223,
      "pre": 0.745,
      "recall": 0.596,
      "auroc": 0.7486079999999999,
      "optimal_threshold": 0.5600548386573792,
      "tpr_at_fpr_0_01": 0.268,
      "fpr95": 0.836,
      "aupr": 0.7944045585491184
    },
    "layer_5": {
      "n_total": 500,
      "n_valid": 500,
      "n_val_total": 500,
      "n_val_valid": 500,
      "acc": 0.692,
      "f1": 0.6622807017543859,
      "pre": 0.7330097087378641,
      "recall": 0.604,
      "auroc": 0.7623519999999999,
      "optimal_threshold": 0.5664138793945312,
      "tpr_at_fpr_0_01": 0.316,
      "fpr95": 0.788,
      "aupr": 0.8052833283431882
    },
    "layer_6": {
      "n_total": 500,
      "n_valid": 500,
      "n_val_total": 500,
      "n_val_valid": 500,
      "acc": 0.678,
      "f1": 0.6990654205607477,
      "pre": 0.656140350877193,
      "recall": 0.748,
      "auroc": 0.7471520000000001,
      "optimal_threshold": 0.48620110750198364,
      "tpr_at_fpr_0_01": 0.092,
      "fpr95": 0.752,
      "aupr": 0.7362453567356745
    },
    "layer_7": {
      "n_total": 500,
      "n_valid": 500,
      "n_val_total": 500,
      "n_val_valid": 500,
      "acc": 0.672,
      "f1": 0.6666666666666666,
      "pre": 0.6776859504132231,
      "recall": 0.656,
      "auroc": 0.7465120000000001,
      "optimal_threshold": 0.5402657985687256,
      "tpr_at_fpr_0_01": 0.144,
      "fpr95": 0.768,
      "aupr": 0.7547667459488316
    },
    "layer_8": {
      "n_total": 500,
      "n_valid": 500,
      "n_val_total": 500,
      "n_val_valid": 500,
      "acc": 0.674,
      "f1": 0.6998158379373849,
      "pre": 0.6484641638225256,
      "recall": 0.76,
      "auroc": 0.74736,
      "optimal_threshold": 0.4985330402851105,
      "tpr_at_fpr_0_01": 0.096,
      "fpr95": 0.764,
      "aupr": 0.7409964116859498
    },
    "layer_9": {
      "n_total": 500,
      "n_valid": 500,
      "n_val_total": 500,
      "n_val_valid": 500,
      "acc": 0.714,
      "f1": 0.7265774378585086,
      "pre": 0.6959706959706959,
      "recall": 0.76,
      "auroc": 0.753744,
      "optimal_threshold": 0.5226522088050842,
      "tpr_at_fpr_0_01": 0.028,
      "fpr95": 0.748,
      "aupr": 0.6943226316664554
    },
    "layer_10": {
      "n_total": 500,
      "n_valid": 500,
      "n_val_total": 500,
      "n_val_valid": 500,
      "acc": 0.692,
      "f1": 0.725,
      "pre": 0.6548387096774193,
      "recall": 0.812,
      "auroc": 0.7644320000000001,
      "optimal_threshold": 0.4962800443172455,
      "tpr_at_fpr_0_01": 0.092,
      "fpr95": 0.708,
      "aupr": 0.7398280032279875
    },
    "layer_11": {
      "n_total": 500,
      "n_valid": 500,
      "n_val_total": 500,
      "n_val_valid": 500,
      "acc": 0.676,
      "f1": 0.7065217391304348,
      "pre": 0.6456953642384106,
      "recall": 0.78,
      "auroc": 0.7583040000000001,
      "optimal_threshold": 0.5173560380935669,
      "tpr_at_fpr_0_01": 0.08,
      "fpr95": 0.74,
      "aupr": 0.7611899554334773
    },
    "layer_12": {
      "n_total": 500,
      "n_valid": 500,
      "n_val_total": 500,
      "n_val_valid": 500,
      "acc": 0.67,
      "f1": 0.6639511201629328,
      "pre": 0.6763485477178424,
      "recall": 0.652,
      "auroc": 0.7604479999999999,
      "optimal_threshold": 0.6047534346580505,
      "tpr_at_fpr_0_01": 0.132,
      "fpr95": 0.74,
      "aupr": 0.7746170190740168
    },
    "layer_13": {
      "n_total": 500,
      "n_valid": 500,
      "n_val_total": 500,
      "n_val_valid": 500,
      "acc": 0.676,
      "f1": 0.6367713004484304,
      "pre": 0.7244897959183674,
      "recall": 0.568,
      "auroc": 0.7576799999999999,
      "optimal_threshold": 0.6143584847450256,
      "tpr_at_fpr_0_01": 0.132,
      "fpr95": 0.748,
      "aupr": 0.7745372121833444
    },
    "layer_14": {
      "n_total": 500,
      "n_valid": 500,
      "n_val_total": 500,
      "n_val_valid": 500,
      "acc": 0.716,
      "f1": 0.7258687258687259,
      "pre": 0.7014925373134329,
      "recall": 0.752,
      "auroc": 0.7860320000000001,
      "optimal_threshold": 0.45327019691467285,
      "tpr_at_fpr_0_01": 0.156,
      "fpr95": 0.68,
      "aupr": 0.7784838969481612
    },
    "layer_15": {
      "n_total": 500,
      "n_valid": 500,
      "n_val_total": 500,
      "n_val_valid": 500,
      "acc": 0.686,
      "f1": 0.704331450094162,
      "pre": 0.6654804270462633,
      "recall": 0.748,
      "auroc": 0.765856,
      "optimal_threshold": 0.46541285514831543,
      "tpr_at_fpr_0_01": 0.136,
      "fpr95": 0.716,
      "aupr": 0.7742565514106627
    },
    "layer_16": {
      "n_total": 500,
      "n_valid": 500,
      "n_val_total": 500,
      "n_val_valid": 500,
      "acc": 0.688,
      "f1": 0.7282229965156795,
      "pre": 0.6450617283950617,
      "recall": 0.836,
      "auroc": 0.7721600000000001,
      "optimal_threshold": 0.3922500014305115,
      "tpr_at_fpr_0_01": 0.12,
      "fpr95": 0.68,
      "aupr": 0.7690929065711226
    },
    "layer_17": {
      "n_total": 500,
      "n_valid": 500,
      "n_val_total": 500,
      "n_val_valid": 500,
      "acc": 0.704,
      "f1": 0.7175572519083969,
      "pre": 0.6861313868613139,
      "recall": 0.752,
      "auroc": 0.7779200000000002,
      "optimal_threshold": 0.4908473789691925,
      "tpr_at_fpr_0_01": 0.148,
      "fpr95": 0.692,
      "aupr": 0.7864109218149149
    },
    "layer_18": {
      "n_total": 500,
      "n_valid": 500,
      "n_val_total": 500,
      "n_val_valid": 500,
      "acc": 0.724,
      "f1": 0.703862660944206,
      "pre": 0.7592592592592593,
      "recall": 0.656,
      "auroc": 0.8104480000000001,
      "optimal_threshold": 0.5250353813171387,
      "tpr_at_fpr_0_01": 0.232,
      "fpr95": 0.688,
      "aupr": 0.8324129132372504
    },
    "layer_19": {
      "n_total": 500,
      "n_valid": 500,
      "n_val_total": 500,
      "n_val_valid": 500,
      "acc": 0.728,
      "f1": 0.7004405286343612,
      "pre": 0.7794117647058824,
      "recall": 0.636,
      "auroc": 0.8036320000000001,
      "optimal_threshold": 0.5631085634231567,
      "tpr_at_fpr_0_01": 0.244,
      "fpr95": 0.772,
      "aupr": 0.8303816291460444
    },
    "layer_20": {
      "n_total": 500,
      "n_valid": 500,