{
  "args": {
    "model": "llama_8b",
    "dataset": "multitude_en",
    "mode": "clean_topic_val",
    "token_mode": "last_token",
    "prefix": false,
    "smoke_test": false,
    "ood": [
      "multitude_de",
      "multitude_nl",
      "multitude_pt",
      "multitude_uk"
    ],
    "pca_components": 0,
    "normalize_scores": true,
    "manifold": true
  },
  "steering_domain": "multitude_en",
  "eval_domain": "multitude_pt",
  "n_samples": 500,
  "n_layers": 33,
  "metrics_per_layer": {
    "layer_1": {
      "n_total": 500,
      "n_valid": 500,
      "n_val_total": 500,
      "n_val_valid": 500,
      "acc": 0.46,
      "f1": 0.0,
      "pre": 0.0,
      "recall": 0.0,
      "auroc": 0.588288,
      "optimal_threshold": 0.8609009981155396,
      "tpr_at_fpr_0_01": 0.0,
      "fpr95": 0.728,
      "aupr": 0.5740446697291304
    },
    "layer_2": {
      "n_total": 500,
      "n_valid": 500,
      "n_val_total": 500,
      "n_val_valid": 500,
      "acc": 0.438,
      "f1": 0.10223642172523961,
      "pre": 0.25396825396825395,
      "recall": 0.064,
      "auroc": 0.6492640000000001,
      "optimal_threshold": 0.7109655737876892,
      "tpr_at_fpr_0_01": 0.0,
      "fpr95": 0.736,
      "aupr": 0.5461305245594734
    },
    "layer_3": {
      "n_total": 500,
      "n_valid": 500,
      "n_val_total": 500,
      "n_val_valid": 500,
      "acc": 0.65,
      "f1": 0.6153846153846154,
      "pre": 0.6829268292682927,
      "recall": 0.56,
      "auroc": 0.7183200000000001,
      "optimal_threshold": 0.6182051301002502,
      "tpr_at_fpr_0_01": 0.0,
      "fpr95": 0.544,
      "aupr": 0.5890524065905725
    },
    "layer_4": {
      "n_total": 500,
      "n_valid": 500,
      "n_val_total": 500,
      "n_val_valid": 500,
      "acc": 0.798,
      "f1": 0.8083491461100569,
      "pre": 0.7689530685920578,
      "recall": 0.852,
      "auroc": 0.7839039999999999,
      "optimal_threshold": 0.4886014461517334,
      "tpr_at_fpr_0_01": 0.0,
      "fpr95": 0.38,
      "aupr": 0.640289761864572
    },
    "layer_5": {
      "n_total": 500,
      "n_valid": 500,
      "n_val_total": 500,
      "n_val_valid": 500,
      "acc": 0.774,
      "f1": 0.7839388145315488,
      "pre": 0.7509157509157509,
      "recall": 0.82,
      "auroc": 0.7605759999999999,
      "optimal_threshold": 0.3158639669418335,
      "tpr_at_fpr_0_01": 0.0,
      "fpr95": 0.4,
      "aupr": 0.618391829867329
    },
    "layer_6": {
      "n_total": 500,
      "n_valid": 500,
      "n_val_total": 500,
      "n_val_valid": 500,
      "acc": 0.772,
      "f1": 0.772,
      "pre": 0.772,
      "recall": 0.772,
      "auroc": 0.789968,
      "optimal_threshold": 0.2976037859916687,
      "tpr_at_fpr_0_01": 0.0,
      "fpr95": 0.352,
      "aupr": 0.6444389144614279
    },
    "layer_7": {
      "n_total": 500,
      "n_valid": 500,
      "n_val_total": 500,
      "n_val_valid": 500,
      "acc": 0.788,
      "f1": 0.8107142857142857,
      "pre": 0.7322580645161291,
      "recall": 0.908,
      "auroc": 0.7694080000000001,
      "optimal_threshold": 0.29311108589172363,
      "tpr_at_fpr_0_01": 0.0,
      "fpr95": 0.372,
      "aupr": 0.6247654469972285
    },
    "layer_8": {
      "n_total": 500,
      "n_valid": 500,
      "n_val_total": 500,
      "n_val_valid": 500,
      "acc": 0.774,
      "f1": 0.79491833030853,
      "pre": 0.7275747508305648,
      "recall": 0.876,
      "auroc": 0.767632,
      "optimal_threshold": 0.34488433599472046,
      "tpr_at_fpr_0_01": 0.0,
      "fpr95": 0.444,
      "aupr": 0.6299071899751533
    },
    "layer_9": {
      "n_total": 500,
      "n_valid": 500,
      "n_val_total": 500,
      "n_val_valid": 500,
      "acc": 0.606,
      "f1": 0.6786296900489397,
      "pre": 0.5730027548209367,
      "recall": 0.832,
      "auroc": 0.627024,
      "optimal_threshold": 0.44631874561309814,
      "tpr_at_fpr_0_01": 0.0,
      "fpr95": 0.76,
      "aupr": 0.5446787678039573
    },
    "layer_10": {
      "n_total": 500,
      "n_valid": 500,
      "n_val_total": 500,
      "n_val_valid": 500,
      "acc": 0.512,
      "f1": 0.6543909348441926,
      "pre": 0.506578947368421,
      "recall": 0.924,
      "auroc": 0.566096,
      "optimal_threshold": 0.3318435251712799,
      "tpr_at_fpr_0_01": 0.076,
      "fpr95": 0.948,
      "aupr": 0.6072935282214386
    },
    "layer_11": {
      "n_total": 500,
      "n_valid": 500,
      "n_val_total": 500,
      "n_val_valid": 500,
      "acc": 0.538,
      "f1": 0.3806970509383378,
      "pre": 0.5772357723577236,
      "recall": 0.284,
      "auroc": 0.54008,
      "optimal_threshold": 0.6048626899719238,
      "tpr_at_fpr_0_01": 0.076,
      "fpr95": 0.964,
      "aupr": 0.5954952019672877
    },
    "layer_12": {
      "n_total": 500,
      "n_valid": 500,
      "n_val_total": 500,
      "n_val_valid": 500,
      "acc": 0.564,
      "f1": 0.35119047619047616,
      "pre": 0.686046511627907,
      "recall": 0.236,
      "auroc": 0.580864,
      "optimal_threshold": 0.549531102180481,
      "tpr_at_fpr_0_01": 0.172,
      "fpr95": 0.94,
      "aupr": 0.6405373024725194
    },
    "layer_13": {
      "n_total": 500,
      "n_valid": 500,
      "n_val_total": 500,
      "n_val_valid": 500,
      "acc": 0.568,
      "f1": 0.325,
      "pre": 0.7428571428571429,
      "recall": 0.208,
      "auroc": 0.597056,
      "optimal_threshold": 0.6029462814331055,
      "tpr_at_fpr_0_01": 0.144,
      "fpr95": 0.952,
      "aupr": 0.642826297459634
    },
    "layer_14": {
      "n_total": 500,
      "n_valid": 500,
      "n_val_total": 500,
      "n_val_valid": 500,
      "acc": 0.596,
      "f1": 0.5894308943089431,
      "pre": 0.5991735537190083,
      "recall": 0.58,
      "auroc": 0.628416,
      "optimal_threshold": 0.5099002718925476,
      "tpr_at_fpr_0_01": 0.196,
      "fpr95": 0.956,
      "aupr": 0.6863495042439887
    },
    "layer_15": {
      "n_total": 500,
      "n_valid": 500,
      "n_val_total": 500,
      "n_val_valid": 500,
      "acc": 0.606,
      "f1": 0.5532879818594104,
      "pre": 0.6387434554973822,
      "recall": 0.488,
      "auroc": 0.611696,
      "optimal_threshold": 0.5348193645477295,
      "tpr_at_fpr_0_01": 0.188,
      "fpr95": 0.976,
      "aupr": 0.6807296255077254
    },
    "layer_16": {
      "n_total": 500,
      "n_valid": 500,
      "n_val_total": 500,
      "n_val_valid": 500,
      "acc": 0.57,
      "f1": 0.4173441734417344,
      "pre": 0.6470588235294118,
      "recall": 0.308,
      "auroc": 0.574112,
      "optimal_threshold": 0.5365638136863708,
      "tpr_at_fpr_0_01": 0.184,
      "fpr95": 0.964,
      "aupr": 0.6565153123158398
    },
    "layer_17": {
      "n_total": 500,
      "n_valid": 500,
      "n_val_total": 500,
      "n_val_valid": 500,
      "acc": 0.566,
      "f1": 0.3281733746130031,
      "pre": 0.726027397260274,
      "recall": 0.212,
      "auroc": 0.5141920000000001,
      "optimal_threshold": 0.5984854102134705,
      "tpr_at_fpr_0_01": 0.108,
      "fpr95": 0.94,
      "aupr": 0.58855654646573
    },
    "layer_18": {
      "n_total": 500,
      "n_valid": 500,
      "n_val_total": 500,
      "n_val_valid": 500,
      "acc": 0.5,
      "f1": 0.4158878504672897,
      "pre": 0.5,
      "recall": 0.356,
      "auroc": 0.534256,
      "optimal_threshold": 0.5029227137565613,
      "tpr_at_fpr_0_01": 0.072,
      "fpr95": 0.916,
      "aupr": 0.577601367589718
    },
    "layer_19": {
      "n_total": 500,
      "n_valid": 500,
      "n_val_total": 500,
      "n_val_valid": 500,
      "acc": 0.514,
      "f1": 0.36883116883116884,
      "pre": 0.5259259259259259,
      "recall": 0.284,
      "auroc": 0.5381279999999999,
      "optimal_threshold": 0.572501003742218,
      "tpr_at_fpr_0_01": 0.104,
      "fpr95": 0.896,
      "aupr": 0.6007605140189297
    },
    "layer_20": {
      "n_total": 500,
      "n_valid": 500,
      "n_val_total": 500,
      "n_val_valid": 500,
      "acc": 0.472,
      "f1": 0.4476987447698745,