{
  "args": {
    "model": "llama_8b",
    "dataset": "multitude_en",
    "mode": "clean_topic_val",
    "token_mode": "last_token",
    "prefix": false,
    "smoke_test": false,
    "ood": [
      "multitude_de"
    ],
    "pca_components": 0,
    "normalize_scores": true,
    "ablation_set": "human",
    "manifold": true
  },
  "steering_domain": "multitude_en",
  "eval_domain": "multitude_en",
  "n_samples": 500,
  "n_layers": 33,
  "metrics_per_layer": {
    "layer_1": {
      "n_total": 500,
      "n_valid": 500,
      "n_val_total": 500,
      "n_val_valid": 500,
      "acc": 0.426,
      "f1": 0.0,
      "pre": 0.0,
      "recall": 0.0,
      "auroc": 0.492456,
      "optimal_threshold": 0.8830054998397827,
      "tpr_at_fpr_0_01": 0.0,
      "fpr95": 0.864,
      "aupr": 0.5354561003887336
    },
    "layer_2": {
      "n_total": 500,
      "n_valid": 500,
      "n_val_total": 500,
      "n_val_valid": 500,
      "acc": 0.916,
      "f1": 0.9146341463414634,
      "pre": 0.9297520661157025,
      "recall": 0.9,
      "auroc": 0.974464,
      "optimal_threshold": 0.7257143259048462,
      "tpr_at_fpr_0_01": 0.804,
      "fpr95": 0.156,
      "aupr": 0.9791542357269519
    },
    "layer_3": {
      "n_total": 500,
      "n_valid": 500,
      "n_val_total": 500,
      "n_val_valid": 500,
      "acc": 0.952,
      "f1": 0.9523809523809523,
      "pre": 0.9448818897637795,
      "recall": 0.96,
      "auroc": 0.986176,
      "optimal_threshold": 0.6773491501808167,
      "tpr_at_fpr_0_01": 0.808,
      "fpr95": 0.04,
      "aupr": 0.9886591681102342
    },
    "layer_4": {
      "n_total": 500,
      "n_valid": 500,
      "n_val_total": 500,
      "n_val_valid": 500,
      "acc": 0.974,
      "f1": 0.9738430583501007,
      "pre": 0.979757085020243,
      "recall": 0.968,
      "auroc": 0.994176,
      "optimal_threshold": 0.6237577199935913,
      "tpr_at_fpr_0_01": 0.964,
      "fpr95": 0.008,
      "aupr": 0.9960374876385665
    },
    "layer_5": {
      "n_total": 500,
      "n_valid": 500,
      "n_val_total": 500,
      "n_val_valid": 500,
      "acc": 0.99,
      "f1": 0.9899396378269618,
      "pre": 0.9959514170040485,
      "recall": 0.984,
      "auroc": 0.9984,
      "optimal_threshold": 0.4474397599697113,
      "tpr_at_fpr_0_01": 0.988,
      "fpr95": 0.0,
      "aupr": 0.9987896891171786
    },
    "layer_6": {
      "n_total": 500,
      "n_valid": 500,
      "n_val_total": 500,
      "n_val_valid": 500,
      "acc": 0.988,
      "f1": 0.9879032258064516,
      "pre": 0.9959349593495935,
      "recall": 0.98,
      "auroc": 0.998944,
      "optimal_threshold": 0.3870142102241516,
      "tpr_at_fpr_0_01": 0.996,
      "fpr95": 0.0,
      "aupr": 0.9991351739523711
    },
    "layer_7": {
      "n_total": 500,
      "n_valid": 500,
      "n_val_total": 500,
      "n_val_valid": 500,
      "acc": 0.986,
      "f1": 0.9858012170385395,
      "pre": 1.0,
      "recall": 0.972,
      "auroc": 0.99888,
      "optimal_threshold": 0.38794150948524475,
      "tpr_at_fpr_0_01": 0.992,
      "fpr95": 0.0,
      "aupr": 0.9990038034507063
    },
    "layer_8": {
      "n_total": 500,
      "n_valid": 500,
      "n_val_total": 500,
      "n_val_valid": 500,
      "acc": 0.978,
      "f1": 0.9775051124744376,
      "pre": 1.0,
      "recall": 0.956,
      "auroc": 0.9983200000000001,
      "optimal_threshold": 0.4557459056377411,
      "tpr_at_fpr_0_01": 0.984,
      "fpr95": 0.0,
      "aupr": 0.9985326764400679
    },
    "layer_9": {
      "n_total": 500,
      "n_valid": 500,
      "n_val_total": 500,
      "n_val_valid": 500,
      "acc": 0.974,
      "f1": 0.9734151329243353,
      "pre": 0.99581589958159,
      "recall": 0.952,
      "auroc": 0.996528,
      "optimal_threshold": 0.4196299910545349,
      "tpr_at_fpr_0_01": 0.956,
      "fpr95": 0.0,
      "aupr": 0.9969526942854936
    },
    "layer_10": {
      "n_total": 500,
      "n_valid": 500,
      "n_val_total": 500,
      "n_val_valid": 500,
      "acc": 0.968,
      "f1": 0.9676113360323887,
      "pre": 0.9795081967213115,
      "recall": 0.956,
      "auroc": 0.9966079999999999,
      "optimal_threshold": 0.39616668224334717,
      "tpr_at_fpr_0_01": 0.952,
      "fpr95": 0.004,
      "aupr": 0.9969556485932062
    },
    "layer_11": {
      "n_total": 500,
      "n_valid": 500,
      "n_val_total": 500,
      "n_val_valid": 500,
      "acc": 0.98,
      "f1": 0.9796747967479674,
      "pre": 0.9958677685950413,
      "recall": 0.964,
      "auroc": 0.998896,
      "optimal_threshold": 0.3839450478553772,
      "tpr_at_fpr_0_01": 0.968,
      "fpr95": 0.0,
      "aupr": 0.9989371787757256
    },
    "layer_12": {
      "n_total": 500,
      "n_valid": 500,
      "n_val_total": 500,
      "n_val_valid": 500,
      "acc": 0.974,
      "f1": 0.9738430583501007,
      "pre": 0.979757085020243,
      "recall": 0.968,
      "auroc": 0.997568,
      "optimal_threshold": 0.3736219108104706,
      "tpr_at_fpr_0_01": 0.956,
      "fpr95": 0.0,
      "aupr": 0.9977812146463082
    },
    "layer_13": {
      "n_total": 500,
      "n_valid": 500,
      "n_val_total": 500,
      "n_val_valid": 500,
      "acc": 0.974,
      "f1": 0.9737373737373738,
      "pre": 0.9836734693877551,
      "recall": 0.964,
      "auroc": 0.997376,
      "optimal_threshold": 0.37913429737091064,
      "tpr_at_fpr_0_01": 0.952,
      "fpr95": 0.008,
      "aupr": 0.9975640574142544
    },
    "layer_14": {
      "n_total": 500,
      "n_valid": 500,
      "n_val_total": 500,
      "n_val_valid": 500,
      "acc": 0.968,
      "f1": 0.967741935483871,
      "pre": 0.975609756097561,
      "recall": 0.96,
      "auroc": 0.9961760000000001,
      "optimal_threshold": 0.3737965524196625,
      "tpr_at_fpr_0_01": 0.944,
      "fpr95": 0.016,
      "aupr": 0.9965113771978296
    },
    "layer_15": {
      "n_total": 500,
      "n_valid": 500,
      "n_val_total": 500,
      "n_val_valid": 500,
      "acc": 0.968,
      "f1": 0.967479674796748,
      "pre": 0.9834710743801653,
      "recall": 0.952,
      "auroc": 0.996704,
      "optimal_threshold": 0.38020551204681396,
      "tpr_at_fpr_0_01": 0.948,
      "fpr95": 0.012,
      "aupr": 0.9968966059820297
    },
    "layer_16": {
      "n_total": 500,
      "n_valid": 500,
      "n_val_total": 500,
      "n_val_valid": 500,
      "acc": 0.956,
      "f1": 0.9558232931726908,
      "pre": 0.9596774193548387,
      "recall": 0.952,
      "auroc": 0.99464,
      "optimal_threshold": 0.3536906838417053,
      "tpr_at_fpr_0_01": 0.928,
      "fpr95": 0.04,
      "aupr": 0.9951399751020935
    },
    "layer_17": {
      "n_total": 500,
      "n_valid": 500,
      "n_val_total": 500,
      "n_val_valid": 500,
      "acc": 0.964,
      "f1": 0.9642857142857143,
      "pre": 0.9566929133858267,
      "recall": 0.972,
      "auroc": 0.996,
      "optimal_threshold": 0.3412992060184479,
      "tpr_at_fpr_0_01": 0.94,
      "fpr95": 0.024,
      "aupr": 0.996320910198649
    },
    "layer_18": {
      "n_total": 500,
      "n_valid": 500,
      "n_val_total": 500,
      "n_val_valid": 500,
      "acc": 0.966,
      "f1": 0.9663366336633663,
      "pre": 0.9568627450980393,
      "recall": 0.976,
      "auroc": 0.994848,
      "optimal_threshold": 0.34500160813331604,
      "tpr_at_fpr_0_01": 0.932,
      "fpr95": 0.024,
      "aupr": 0.9953749890537285
    },
    "layer_19": {
      "n_total": 500,
      "n_valid": 500,
      "n_val_total": 500,
      "n_val_valid": 500,
      "acc": 0.964,
      "f1": 0.9641434262948207,
      "pre": 0.9603174603174603,
      "recall": 0.968,
      "auroc": 0.9951679999999999,
      "optimal_threshold": 0.3487878143787384,
      "tpr_at_fpr_0_01": 0.936,
      "fpr95": 0.024,
      "aupr": 0.9957111070549345
    },
    "layer_20": {
      "n_total": 500,
      "n_valid": 500,
      "n_val_total": 500,
      "n_val_valid": 500,
      "acc": 0.966,
      "f1": 0.9662027833001988,
      "pre": 0.9604743083003953,
      "recall": 0.972,