{
  "acc": 0.865,
  "f1": 0.869983948635634,
  "prec": 0.8416149068322981,
  "recall": 0.9003322259136213
}