{
  "acc": 0.6666666666666666,
  "f1": 0.5,
  "prec": 1.0,
  "recall": 0.3333333333333333
}