{
  "args": {
    "dataset": "detectrl_arxiv",
    "model": "encoder",
    "smoke_test": false,
    "ood": true,
    "base_model_1": "meta-llama/Meta-Llama-3-8B",
    "base_model_2": "meta-llama/Meta-Llama-3-8B-instruct"
  },
  "metrics": {
    "n_total": 500,
    "auroc": 0.8602239999999999,
    "accuracy": 0.524,
    "f1": 0.673972602739726,
    "tpr_at_fpr_0_05": 0.668,
    "optimal_threshold_f1": 0.08608608608608609,
    "optimal_threshold_acc": 0.08608608608608609,
    "aupr": 0.8994517180615496
  }
}