{
  "metrics": {
    "n_total": 500,
    "n_valid": 500,
    "n_val_total": 500,
    "n_val_valid": 500,
    "acc": 0.84,
    "f1": 0.8326359832635983,
    "pre": 0.8728070175438597,
    "recall": 0.796,
    "auroc": 0.9089440000000001,
    "optimal_threshold": 0.6449122428894043,
    "tpr_at_fpr_0_01": 0.168,
    "fpr95": 0.412,
    "aupr": 0.8984745026334949
  },
  "args": {
    "dataset": "multisocial_full",
    "model": "encoder",
    "smoke_test": false,
    "prefix": false,
    "base_model_1": "meta-llama/Meta-Llama-3-8B",
    "base_model_2": "meta-llama/Meta-Llama-3-8B-instruct",
    "n": 500
  }
}