{
  "metrics": {
    "n_total": 500,
    "n_valid": 500,
    "n_val_total": 500,
    "n_val_valid": 500,
    "acc": 0.726,
    "f1": 0.7127882599580713,
    "pre": 0.748898678414097,
    "recall": 0.68,
    "auroc": 0.81704,
    "optimal_threshold": 0.47626426815986633,
    "tpr_at_fpr_0_01": 0.388,
    "fpr95": 0.688,
    "aupr": 0.8455696650359112
  },
  "args": {
    "dataset": "tsm_multi",
    "model": "encoder",
    "smoke_test": false,
    "prefix": false,
    "base_model_1": "meta-llama/Meta-Llama-3-8B",
    "base_model_2": "meta-llama/Meta-Llama-3-8B-instruct",
    "n": 500
  }
}