{
  "args": {
    "dataset": "tsm_paras_en",
    "model": "encoder",
    "smoke_test": false,
    "ood": true,
    "base_model_1": "meta-llama/Meta-Llama-3-8B",
    "base_model_2": "meta-llama/Meta-Llama-3-8B-instruct"
  },
  "metrics": {
    "n_total": 500,
    "auroc": 0.6827840000000001,
    "accuracy": 0.674,
    "f1": 0.6275862068965518,
    "tpr_at_fpr_0_05": 0.388,
    "optimal_threshold_f1": 0.47047047047047047,
    "optimal_threshold_acc": 0.5885885885885885,
    "aupr": 0.7589178140387456
  }
}