{
  "args": {
    "dataset": "multisocial_en",
    "model": "encoder",
    "smoke_test": false,
    "ood": true,
    "base_model_1": "meta-llama/Meta-Llama-3-8B",
    "base_model_2": "meta-llama/Meta-Llama-3-8B-instruct"
  },
  "metrics": {
    "n_total": 500,
    "auroc": 0.7721279999999999,
    "accuracy": 0.602,
    "f1": 0.38006230529595014,
    "tpr_at_fpr_0_05": 0.3,
    "optimal_threshold_f1": 0.7247247247247247,
    "optimal_threshold_acc": 0.7247247247247247,
    "aupr": 0.7643941501771828
  }
}