{
  "metrics": {
    "n_total": 500,
    "n_valid": 500,
    "acc": 0.622,
    "f1": 0.6557377049180327,
    "pre": 0.6020066889632107,
    "recall": 0.72,
    "auroc": 0.6582560000000001,
    "optimal_threshold": 0.1865234375,
    "tpr_at_fpr_0_01": 0.056,
    "fpr95": 0.92,
    "aupr": 0.6671314083905646
  },
  "args": {
    "dataset": "tsm_mulit",
    "model": "fastdetectgpt",
    "smoke_test": false,
    "prefix": false,
    "base_model_1": "meta-llama/Meta-Llama-3-8B",
    "base_model_2": "meta-llama/Meta-Llama-3-8B-instruct",
    "n": 500
  }
}