{
  "metrics": {
    "n_total": 500,
    "n_valid": 500,
    "n_val_total": 500,
    "n_val_valid": 500,
    "acc": 0.634,
    "f1": 0.5793103448275863,
    "pre": 0.6810810810810811,
    "recall": 0.504,
    "auroc": 0.705312,
    "optimal_threshold": -1.7488592863082886,
    "tpr_at_fpr_0_01": 0.188,
    "fpr95": 0.772,
    "aupr": 0.7364642626503144
  },
  "args": {
    "dataset": "m4_multi",
    "model": "likelihood",
    "smoke_test": false,
    "prefix": false,
    "base_model_1": "meta-llama/Meta-Llama-3-8B",
    "base_model_2": "meta-llama/Meta-Llama-3-8B-instruct",
    "n": 500
  }
}