{
  "metrics": {
    "n_total": 500,
    "n_valid": 500,
    "n_val_total": 500,
    "n_val_valid": 500,
    "acc": 0.71,
    "f1": 0.7151277013752456,
    "pre": 0.7027027027027027,
    "recall": 0.728,
    "auroc": 0.7793120000000001,
    "optimal_threshold": 1.6914391833187332,
    "tpr_at_fpr_0_01": 0.092,
    "fpr95": 0.736,
    "aupr": 0.7701460148847996
  },
  "args": {
    "dataset": "multisocial_full",
    "model": "llr",
    "smoke_test": false,
    "prefix": false,
    "base_model_1": "meta-llama/Meta-Llama-3-8B",
    "base_model_2": "meta-llama/Meta-Llama-3-8B-instruct",
    "n": 500
  }
}