{
  "metrics": {
    "n_total": 500,
    "n_valid": 500,
    "n_val_total": 500,
    "n_val_valid": 500,
    "acc": 0.72,
    "f1": 0.7033898305084746,
    "pre": 0.7477477477477478,
    "recall": 0.664,
    "auroc": 0.7664799999999999,
    "optimal_threshold": 2.1734384122943773,
    "tpr_at_fpr_0_01": 0.228,
    "fpr95": 0.896,
    "aupr": 0.8003263147703572
  },
  "args": {
    "dataset": "m4_multi",
    "model": "llr",
    "smoke_test": false,
    "prefix": false,
    "base_model_1": "meta-llama/Meta-Llama-3-8B",
    "base_model_2": "meta-llama/Meta-Llama-3-8B-instruct",
    "n": 500
  }
}