{
  "args": {
    "model": "llama_8b",
    "dataset": "tsm_paras_en_first_gpt4o",
    "mode": "clean_topic_val",
    "token_mode": "last_token",
    "prefix": false,
    "smoke_test": false,
    "ood": [
      "tsm_paras_en_first_gemini",
      "tsm_paras_en_first_deepseek",
      "tsm_paras_pt_first_gpt4o",
      "tsm_paras_pt_first_gemini",
      "tsm_paras_pt_first_deepseek",
      "tsm_paras_vi_first_gpt4o",
      "tsm_paras_vi_first_gemini",
      "tsm_paras_vi_first_deepseek"
    ],
    "pca_components": 0,
    "normalize_scores": true,
    "ablation_set": "human",
    "manifold": true
  },
  "steering_domain": "tsm_paras_en_first_gpt4o",
  "eval_domain": "tsm_paras_vi_first_gpt4o",
  "n_samples": 500,
  "n_layers": 33,
  "metrics_per_layer": {
    "layer_1": {
      "n_total": 500,
      "n_valid": 500,
      "n_val_total": 500,
      "n_val_valid": 500,
      "acc": 0.548,
      "f1": 0.6843575418994413,
      "pre": 0.5257510729613734,
      "recall": 0.98,
      "auroc": 0.541632,
      "optimal_threshold": 0.2659933865070343,
      "tpr_at_fpr_0_01": 0.008,
      "fpr95": 0.884,
      "aupr": 0.5288838449801437
    },
    "layer_2": {
      "n_total": 500,
      "n_valid": 500,
      "n_val_total": 500,
      "n_val_valid": 500,
      "acc": 0.584,
      "f1": 0.4639175257731959,
      "pre": 0.6521739130434783,
      "recall": 0.36,
      "auroc": 0.642048,
      "optimal_threshold": 0.6244306564331055,
      "tpr_at_fpr_0_01": 0.036,
      "fpr95": 0.848,
      "aupr": 0.6201951511299026
    },
    "layer_3": {
      "n_total": 500,
      "n_valid": 500,
      "n_val_total": 500,
      "n_val_valid": 500,
      "acc": 0.576,
      "f1": 0.38372093023255816,
      "pre": 0.7021276595744681,
      "recall": 0.264,
      "auroc": 0.6723999999999999,
      "optimal_threshold": 0.49087199568748474,
      "tpr_at_fpr_0_01": 0.032,
      "fpr95": 0.904,
      "aupr": 0.6715661621289964
    },
    "layer_4": {
      "n_total": 500,
      "n_valid": 500,
      "n_val_total": 500,
      "n_val_valid": 500,
      "acc": 0.554,
      "f1": 0.20640569395017794,
      "pre": 0.9354838709677419,
      "recall": 0.116,
      "auroc": 0.747968,
      "optimal_threshold": 0.6495636701583862,
      "tpr_at_fpr_0_01": 0.14,
      "fpr95": 0.82,
      "aupr": 0.7635365045325047
    },
    "layer_5": {
      "n_total": 500,
      "n_valid": 500,
      "n_val_total": 500,
      "n_val_valid": 500,
      "acc": 0.706,
      "f1": 0.6037735849056604,
      "pre": 0.9256198347107438,
      "recall": 0.448,
      "auroc": 0.819008,
      "optimal_threshold": 0.47436872124671936,
      "tpr_at_fpr_0_01": 0.3,
      "fpr95": 0.748,
      "aupr": 0.8452324098906158
    },
    "layer_6": {
      "n_total": 500,
      "n_valid": 500,
      "n_val_total": 500,
      "n_val_valid": 500,
      "acc": 0.624,
      "f1": 0.3974358974358974,
      "pre": 1.0,
      "recall": 0.248,
      "auroc": 0.86608,
      "optimal_threshold": 0.4696045219898224,
      "tpr_at_fpr_0_01": 0.428,
      "fpr95": 0.728,
      "aupr": 0.8928388102837483
    },
    "layer_7": {
      "n_total": 500,
      "n_valid": 500,
      "n_val_total": 500,
      "n_val_valid": 500,
      "acc": 0.594,
      "f1": 0.3164983164983165,
      "pre": 1.0,
      "recall": 0.188,
      "auroc": 0.8764479999999999,
      "optimal_threshold": 0.5069593191146851,
      "tpr_at_fpr_0_01": 0.44,
      "fpr95": 0.596,
      "aupr": 0.8980958943478412
    },
    "layer_8": {
      "n_total": 500,
      "n_valid": 500,
      "n_val_total": 500,
      "n_val_valid": 500,
      "acc": 0.676,
      "f1": 0.5235294117647059,
      "pre": 0.9888888888888889,
      "recall": 0.356,
      "auroc": 0.860912,
      "optimal_threshold": 0.4423779845237732,
      "tpr_at_fpr_0_01": 0.376,
      "fpr95": 0.668,
      "aupr": 0.8834673539344632
    },
    "layer_9": {
      "n_total": 500,
      "n_valid": 500,
      "n_val_total": 500,
      "n_val_valid": 500,
      "acc": 0.738,
      "f1": 0.6666666666666666,
      "pre": 0.916083916083916,
      "recall": 0.524,
      "auroc": 0.835808,
      "optimal_threshold": 0.42201173305511475,
      "tpr_at_fpr_0_01": 0.316,
      "fpr95": 0.708,
      "aupr": 0.8615712912858773
    },
    "layer_10": {
      "n_total": 500,
      "n_valid": 500,
      "n_val_total": 500,
      "n_val_valid": 500,
      "acc": 0.726,
      "f1": 0.636604774535809,
      "pre": 0.9448818897637795,
      "recall": 0.48,
      "auroc": 0.8432,
      "optimal_threshold": 0.42691633105278015,
      "tpr_at_fpr_0_01": 0.304,
      "fpr95": 0.676,
      "aupr": 0.8665996501410822
    },
    "layer_11": {
      "n_total": 500,
      "n_valid": 500,
      "n_val_total": 500,
      "n_val_valid": 500,
      "acc": 0.764,
      "f1": 0.705,
      "pre": 0.94,
      "recall": 0.564,
      "auroc": 0.8814080000000001,
      "optimal_threshold": 0.36760959029197693,
      "tpr_at_fpr_0_01": 0.476,
      "fpr95": 0.508,
      "aupr": 0.9012137194953631
    },
    "layer_12": {
      "n_total": 500,
      "n_valid": 500,
      "n_val_total": 500,
      "n_val_valid": 500,
      "acc": 0.772,
      "f1": 0.7205882352941176,
      "pre": 0.930379746835443,
      "recall": 0.588,
      "auroc": 0.8752160000000001,
      "optimal_threshold": 0.3667290508747101,
      "tpr_at_fpr_0_01": 0.464,
      "fpr95": 0.56,
      "aupr": 0.8958009145891801
    },
    "layer_13": {
      "n_total": 500,
      "n_valid": 500,
      "n_val_total": 500,
      "n_val_valid": 500,
      "acc": 0.756,
      "f1": 0.6903553299492385,
      "pre": 0.9444444444444444,
      "recall": 0.544,
      "auroc": 0.870784,
      "optimal_threshold": 0.3578614294528961,
      "tpr_at_fpr_0_01": 0.464,
      "fpr95": 0.608,
      "aupr": 0.8927883072148187
    },
    "layer_14": {
      "n_total": 500,
      "n_valid": 500,
      "n_val_total": 500,
      "n_val_valid": 500,
      "acc": 0.754,
      "f1": 0.6886075949367089,
      "pre": 0.9379310344827586,
      "recall": 0.544,
      "auroc": 0.874304,
      "optimal_threshold": 0.3447636067867279,
      "tpr_at_fpr_0_01": 0.476,
      "fpr95": 0.564,
      "aupr": 0.8958089418114052
    },
    "layer_15": {
      "n_total": 500,
      "n_valid": 500,
      "n_val_total": 500,
      "n_val_valid": 500,
      "acc": 0.732,
      "f1": 0.6378378378378379,
      "pre": 0.9833333333333333,
      "recall": 0.472,
      "auroc": 0.878896,
      "optimal_threshold": 0.34239462018013,
      "tpr_at_fpr_0_01": 0.508,
      "fpr95": 0.528,
      "aupr": 0.8983579147863436
    },
    "layer_16": {
      "n_total": 500,
      "n_valid": 500,
      "n_val_total": 500,
      "n_val_valid": 500,
      "acc": 0.74,
      "f1": 0.6542553191489362,
      "pre": 0.9761904761904762,
      "recall": 0.492,
      "auroc": 0.873024,
      "optimal_threshold": 0.3346458077430725,
      "tpr_at_fpr_0_01": 0.492,
      "fpr95": 0.564,
      "aupr": 0.8939380642044756
    },
    "layer_17": {
      "n_total": 500,
      "n_valid": 500,
      "n_val_total": 500,
      "n_val_valid": 500,
      "acc": 0.734,
      "f1": 0.6434316353887399,
      "pre": 0.975609756097561,
      "recall": 0.48,
      "auroc": 0.887824,
      "optimal_threshold": 0.4208426773548126,
      "tpr_at_fpr_0_01": 0.468,
      "fpr95": 0.576,
      "aupr": 0.9076420747432421
    },
    "layer_18": {
      "n_total": 500,
      "n_valid": 500,
      "n_val_total": 500,
      "n_val_valid": 500,
      "acc": 0.738,
      "f1": 0.6579634464751958,
      "pre": 0.9473684210526315,
      "recall": 0.504,
      "auroc": 0.8733760000000002,
      "optimal_threshold": 0.3651109039783478,
      "tpr_at_fpr_0_01": 0.436,
      "fpr95": 0.64,
      "aupr": 0.8931020609874375
    },
    "layer_19": {
      "n_total": 500,
      "n_valid": 500,
      "n_val_total": 500,
      "n_val_valid": 500,
      "acc": 0.662,
      "f1": 0.48942598187311176,
      "pre": 1.0,
      "recall": 0.324,
      "auroc": 0.8815999999999999,