{
  "args": {
    "model": "llama_8b",
    "dataset": "tsm_paras_en_first_gpt4o",
    "mode": "clean_topic_val",
    "token_mode": "last_token",
    "prefix": false,
    "smoke_test": false,
    "ood": [
      "tsm_sums_en_gemini",
      "tsm_sums_en_deepseek",
      "tsm_sums_pt_gpt4o",
      "tsm_sums_pt_gemini",
      "tsm_sums_pt_deepseek",
      "tsm_sums_vi_gpt4o",
      "tsm_sums_vi_gemini",
      "tsm_sums_vi_deepseek"
    ],
    "pca_components": 0,
    "normalize_scores": true,
    "ablation_set": "human",
    "manifold": true
  },
  "steering_domain": "tsm_paras_en_first_gpt4o",
  "eval_domain": "tsm_sums_vi_gpt4o",
  "n_samples": 500,
  "n_layers": 33,
  "metrics_per_layer": {
    "layer_1": {
      "n_total": 500,
      "n_valid": 500,
      "n_val_total": 500,
      "n_val_valid": 500,
      "acc": 0.546,
      "f1": 0.680731364275668,
      "pre": 0.5249457700650759,
      "recall": 0.968,
      "auroc": 0.5489599999999999,
      "optimal_threshold": 0.2659933865070343,
      "tpr_at_fpr_0_01": 0.012,
      "fpr95": 0.876,
      "aupr": 0.5299662996421282
    },
    "layer_2": {
      "n_total": 500,
      "n_valid": 500,
      "n_val_total": 500,
      "n_val_valid": 500,
      "acc": 0.526,
      "f1": 0.30903790087463556,
      "pre": 0.5698924731182796,
      "recall": 0.212,
      "auroc": 0.6009760000000001,
      "optimal_threshold": 0.6244306564331055,
      "tpr_at_fpr_0_01": 0.004,
      "fpr95": 0.896,
      "aupr": 0.5595952368673371
    },
    "layer_3": {
      "n_total": 500,
      "n_valid": 500,
      "n_val_total": 500,
      "n_val_valid": 500,
      "acc": 0.538,
      "f1": 0.26198083067092653,
      "pre": 0.6507936507936508,
      "recall": 0.164,
      "auroc": 0.623008,
      "optimal_threshold": 0.49087199568748474,
      "tpr_at_fpr_0_01": 0.016,
      "fpr95": 0.884,
      "aupr": 0.5990222503112699
    },
    "layer_4": {
      "n_total": 500,
      "n_valid": 500,
      "n_val_total": 500,
      "n_val_valid": 500,
      "acc": 0.534,
      "f1": 0.15272727272727274,
      "pre": 0.84,
      "recall": 0.084,
      "auroc": 0.682512,
      "optimal_threshold": 0.6495636701583862,
      "tpr_at_fpr_0_01": 0.044,
      "fpr95": 0.844,
      "aupr": 0.6907391994844849
    },
    "layer_5": {
      "n_total": 500,
      "n_valid": 500,
      "n_val_total": 500,
      "n_val_valid": 500,
      "acc": 0.656,
      "f1": 0.4911242603550296,
      "pre": 0.9431818181818182,
      "recall": 0.332,
      "auroc": 0.8185920000000001,
      "optimal_threshold": 0.47436872124671936,
      "tpr_at_fpr_0_01": 0.284,
      "fpr95": 0.66,
      "aupr": 0.838882308464938
    },
    "layer_6": {
      "n_total": 500,
      "n_valid": 500,
      "n_val_total": 500,
      "n_val_valid": 500,
      "acc": 0.604,
      "f1": 0.3443708609271523,
      "pre": 1.0,
      "recall": 0.208,
      "auroc": 0.8569439999999999,
      "optimal_threshold": 0.4696045219898224,
      "tpr_at_fpr_0_01": 0.404,
      "fpr95": 0.62,
      "aupr": 0.8773889762954319
    },
    "layer_7": {
      "n_total": 500,
      "n_valid": 500,
      "n_val_total": 500,
      "n_val_valid": 500,
      "acc": 0.61,
      "f1": 0.36065573770491804,
      "pre": 1.0,
      "recall": 0.22,
      "auroc": 0.8654719999999999,
      "optimal_threshold": 0.5069593191146851,
      "tpr_at_fpr_0_01": 0.444,
      "fpr95": 0.632,
      "aupr": 0.8872104319078169
    },
    "layer_8": {
      "n_total": 500,
      "n_valid": 500,
      "n_val_total": 500,
      "n_val_valid": 500,
      "acc": 0.71,
      "f1": 0.6070460704607046,
      "pre": 0.9411764705882353,
      "recall": 0.448,
      "auroc": 0.845808,
      "optimal_threshold": 0.4423779845237732,
      "tpr_at_fpr_0_01": 0.284,
      "fpr95": 0.636,
      "aupr": 0.8653791044455308
    },
    "layer_9": {
      "n_total": 500,
      "n_valid": 500,
      "n_val_total": 500,
      "n_val_valid": 500,
      "acc": 0.726,
      "f1": 0.6821345707656613,
      "pre": 0.8121546961325967,
      "recall": 0.588,
      "auroc": 0.831744,
      "optimal_threshold": 0.42201173305511475,
      "tpr_at_fpr_0_01": 0.272,
      "fpr95": 0.74,
      "aupr": 0.8502420847309513
    },
    "layer_10": {
      "n_total": 500,
      "n_valid": 500,
      "n_val_total": 500,
      "n_val_valid": 500,
      "acc": 0.728,
      "f1": 0.6682926829268293,
      "pre": 0.85625,
      "recall": 0.548,
      "auroc": 0.8353119999999999,
      "optimal_threshold": 0.42691633105278015,
      "tpr_at_fpr_0_01": 0.304,
      "fpr95": 0.692,
      "aupr": 0.8524622711622287
    },
    "layer_11": {
      "n_total": 500,
      "n_valid": 500,
      "n_val_total": 500,
      "n_val_valid": 500,
      "acc": 0.784,
      "f1": 0.7464788732394366,
      "pre": 0.9034090909090909,
      "recall": 0.636,
      "auroc": 0.8901279999999999,
      "optimal_threshold": 0.36760959029197693,
      "tpr_at_fpr_0_01": 0.464,
      "fpr95": 0.6,
      "aupr": 0.9070494053525806
    },
    "layer_12": {
      "n_total": 500,
      "n_valid": 500,
      "n_val_total": 500,
      "n_val_valid": 500,
      "acc": 0.786,
      "f1": 0.7802874743326489,
      "pre": 0.8016877637130801,
      "recall": 0.76,
      "auroc": 0.8687199999999999,
      "optimal_threshold": 0.3667290508747101,
      "tpr_at_fpr_0_01": 0.432,
      "fpr95": 0.604,
      "aupr": 0.8873582572956105
    },
    "layer_13": {
      "n_total": 500,
      "n_valid": 500,
      "n_val_total": 500,
      "n_val_valid": 500,
      "acc": 0.772,
      "f1": 0.7477876106194691,
      "pre": 0.8366336633663366,
      "recall": 0.676,
      "auroc": 0.865664,
      "optimal_threshold": 0.3578614294528961,
      "tpr_at_fpr_0_01": 0.444,
      "fpr95": 0.632,
      "aupr": 0.8883456692807021
    },
    "layer_14": {
      "n_total": 500,
      "n_valid": 500,
      "n_val_total": 500,
      "n_val_valid": 500,
      "acc": 0.79,
      "f1": 0.7671840354767184,
      "pre": 0.8606965174129353,
      "recall": 0.692,
      "auroc": 0.877648,
      "optimal_threshold": 0.3447636067867279,
      "tpr_at_fpr_0_01": 0.472,
      "fpr95": 0.588,
      "aupr": 0.8965519953322847
    },
    "layer_15": {
      "n_total": 500,
      "n_valid": 500,
      "n_val_total": 500,
      "n_val_valid": 500,
      "acc": 0.744,
      "f1": 0.6717948717948717,
      "pre": 0.9357142857142857,
      "recall": 0.524,
      "auroc": 0.88368,
      "optimal_threshold": 0.34239462018013,
      "tpr_at_fpr_0_01": 0.424,
      "fpr95": 0.552,
      "aupr": 0.8997345972542031
    },
    "layer_16": {
      "n_total": 500,
      "n_valid": 500,
      "n_val_total": 500,
      "n_val_valid": 500,
      "acc": 0.774,
      "f1": 0.727710843373494,
      "pre": 0.9151515151515152,
      "recall": 0.604,
      "auroc": 0.8849920000000002,
      "optimal_threshold": 0.3346458077430725,
      "tpr_at_fpr_0_01": 0.408,
      "fpr95": 0.528,
      "aupr": 0.899729570191381
    },
    "layer_17": {
      "n_total": 500,
      "n_valid": 500,
      "n_val_total": 500,
      "n_val_valid": 500,
      "acc": 0.706,
      "f1": 0.5905292479108635,
      "pre": 0.9724770642201835,
      "recall": 0.424,
      "auroc": 0.90032,
      "optimal_threshold": 0.4208426773548126,
      "tpr_at_fpr_0_01": 0.42,
      "fpr95": 0.448,
      "aupr": 0.913932138872867
    },
    "layer_18": {
      "n_total": 500,
      "n_valid": 500,
      "n_val_total": 500,
      "n_val_valid": 500,
      "acc": 0.74,
      "f1": 0.6578947368421053,
      "pre": 0.9615384615384616,
      "recall": 0.5,
      "auroc": 0.9041440000000001,
      "optimal_threshold": 0.3651109039783478,
      "tpr_at_fpr_0_01": 0.44,
      "fpr95": 0.432,
      "aupr": 0.9130751244773097
    },
    "layer_19": {
      "n_total": 500,
      "n_valid": 500,
      "n_val_total": 500,
      "n_val_valid": 500,
      "acc": 0.63,
      "f1": 0.4126984126984127,
      "pre": 1.0,
      "recall": 0.26,
      "auroc": 0.90928,
      "optimal_threshold": 0.44847968220710754,