{
  "args": {
    "model": "llama_8b",
    "dataset": "tsm_paras_en_first_gpt4o",
    "mode": "clean_topic_val",
    "token_mode": "last_token",
    "prefix": false,
    "smoke_test": false,
    "ood": [
      "tsm_sums_en_gemini",
      "tsm_sums_en_deepseek",
      "tsm_sums_pt_gpt4o",
      "tsm_sums_pt_gemini",
      "tsm_sums_pt_deepseek",
      "tsm_sums_vi_gpt4o",
      "tsm_sums_vi_gemini",
      "tsm_sums_vi_deepseek"
    ],
    "pca_components": 0,
    "normalize_scores": true,
    "ablation_set": "human",
    "manifold": true
  },
  "steering_domain": "tsm_paras_en_first_gpt4o",
  "eval_domain": "tsm_sums_pt_deepseek",
  "n_samples": 500,
  "n_layers": 33,
  "metrics_per_layer": {
    "layer_1": {
      "n_total": 500,
      "n_valid": 500,
      "n_val_total": 500,
      "n_val_valid": 500,
      "acc": 0.524,
      "f1": 0.6694444444444444,
      "pre": 0.5127659574468085,
      "recall": 0.964,
      "auroc": 0.521208,
      "optimal_threshold": 0.2659933865070343,
      "tpr_at_fpr_0_01": 0.008,
      "fpr95": 0.916,
      "aupr": 0.5162042553191489
    },
    "layer_2": {
      "n_total": 500,
      "n_valid": 500,
      "n_val_total": 500,
      "n_val_valid": 500,
      "acc": 0.524,
      "f1": 0.2874251497005988,
      "pre": 0.5714285714285714,
      "recall": 0.192,
      "auroc": 0.606992,
      "optimal_threshold": 0.6244306564331055,
      "tpr_at_fpr_0_01": 0.024,
      "fpr95": 0.896,
      "aupr": 0.5773432376254493
    },
    "layer_3": {
      "n_total": 500,
      "n_valid": 500,
      "n_val_total": 500,
      "n_val_valid": 500,
      "acc": 0.52,
      "f1": 0.21052631578947367,
      "pre": 0.5925925925925926,
      "recall": 0.128,
      "auroc": 0.59792,
      "optimal_threshold": 0.49087199568748474,
      "tpr_at_fpr_0_01": 0.02,
      "fpr95": 0.872,
      "aupr": 0.5746478466329349
    },
    "layer_4": {
      "n_total": 500,
      "n_valid": 500,
      "n_val_total": 500,
      "n_val_valid": 500,
      "acc": 0.544,
      "f1": 0.17391304347826086,
      "pre": 0.9230769230769231,
      "recall": 0.096,
      "auroc": 0.62808,
      "optimal_threshold": 0.6495636701583862,
      "tpr_at_fpr_0_01": 0.096,
      "fpr95": 0.9,
      "aupr": 0.6467448516538881
    },
    "layer_5": {
      "n_total": 500,
      "n_valid": 500,
      "n_val_total": 500,
      "n_val_valid": 500,
      "acc": 0.716,
      "f1": 0.6302083333333334,
      "pre": 0.9029850746268657,
      "recall": 0.484,
      "auroc": 0.850496,
      "optimal_threshold": 0.47436872124671936,
      "tpr_at_fpr_0_01": 0.344,
      "fpr95": 0.688,
      "aupr": 0.8616768353983226
    },
    "layer_6": {
      "n_total": 500,
      "n_valid": 500,
      "n_val_total": 500,
      "n_val_valid": 500,
      "acc": 0.736,
      "f1": 0.6470588235294118,
      "pre": 0.9758064516129032,
      "recall": 0.484,
      "auroc": 0.8846079999999998,
      "optimal_threshold": 0.4696045219898224,
      "tpr_at_fpr_0_01": 0.464,
      "fpr95": 0.628,
      "aupr": 0.9008506572055236
    },
    "layer_7": {
      "n_total": 500,
      "n_valid": 500,
      "n_val_total": 500,
      "n_val_valid": 500,
      "acc": 0.742,
      "f1": 0.6596306068601583,
      "pre": 0.9689922480620154,
      "recall": 0.5,
      "auroc": 0.910176,
      "optimal_threshold": 0.5069593191146851,
      "tpr_at_fpr_0_01": 0.46,
      "fpr95": 0.552,
      "aupr": 0.9224769413312341
    },
    "layer_8": {
      "n_total": 500,
      "n_valid": 500,
      "n_val_total": 500,
      "n_val_valid": 500,
      "acc": 0.808,
      "f1": 0.7798165137614679,
      "pre": 0.9139784946236559,
      "recall": 0.68,
      "auroc": 0.89056,
      "optimal_threshold": 0.4423779845237732,
      "tpr_at_fpr_0_01": 0.48,
      "fpr95": 0.536,
      "aupr": 0.9068981472221638
    },
    "layer_9": {
      "n_total": 500,
      "n_valid": 500,
      "n_val_total": 500,
      "n_val_valid": 500,
      "acc": 0.792,
      "f1": 0.7678571428571429,
      "pre": 0.8686868686868687,
      "recall": 0.688,
      "auroc": 0.8578399999999999,
      "optimal_threshold": 0.42201173305511475,
      "tpr_at_fpr_0_01": 0.364,
      "fpr95": 0.684,
      "aupr": 0.8808014861318677
    },
    "layer_10": {
      "n_total": 500,
      "n_valid": 500,
      "n_val_total": 500,
      "n_val_valid": 500,
      "acc": 0.776,
      "f1": 0.7477477477477478,
      "pre": 0.8556701030927835,
      "recall": 0.664,
      "auroc": 0.8558079999999999,
      "optimal_threshold": 0.42691633105278015,
      "tpr_at_fpr_0_01": 0.416,
      "fpr95": 0.728,
      "aupr": 0.8836276477155078
    },
    "layer_11": {
      "n_total": 500,
      "n_valid": 500,
      "n_val_total": 500,
      "n_val_valid": 500,
      "acc": 0.858,
      "f1": 0.8473118279569892,
      "pre": 0.9162790697674419,
      "recall": 0.788,
      "auroc": 0.918992,
      "optimal_threshold": 0.36760959029197693,
      "tpr_at_fpr_0_01": 0.572,
      "fpr95": 0.496,
      "aupr": 0.9350915643181256
    },
    "layer_12": {
      "n_total": 500,
      "n_valid": 500,
      "n_val_total": 500,
      "n_val_valid": 500,
      "acc": 0.832,
      "f1": 0.8271604938271605,
      "pre": 0.8516949152542372,
      "recall": 0.804,
      "auroc": 0.9096479999999999,
      "optimal_threshold": 0.3667290508747101,
      "tpr_at_fpr_0_01": 0.572,
      "fpr95": 0.536,
      "aupr": 0.925862766147216
    },
    "layer_13": {
      "n_total": 500,
      "n_valid": 500,
      "n_val_total": 500,
      "n_val_valid": 500,
      "acc": 0.84,
      "f1": 0.8290598290598291,
      "pre": 0.8899082568807339,
      "recall": 0.776,
      "auroc": 0.917248,
      "optimal_threshold": 0.3578614294528961,
      "tpr_at_fpr_0_01": 0.544,
      "fpr95": 0.46,
      "aupr": 0.9318222602457491
    },
    "layer_14": {
      "n_total": 500,
      "n_valid": 500,
      "n_val_total": 500,
      "n_val_valid": 500,
      "acc": 0.856,
      "f1": 0.8434782608695652,
      "pre": 0.9238095238095239,
      "recall": 0.776,
      "auroc": 0.9276800000000001,
      "optimal_threshold": 0.3447636067867279,
      "tpr_at_fpr_0_01": 0.512,
      "fpr95": 0.376,
      "aupr": 0.9396779682175282
    },
    "layer_15": {
      "n_total": 500,
      "n_valid": 500,
      "n_val_total": 500,
      "n_val_valid": 500,
      "acc": 0.862,
      "f1": 0.8435374149659864,
      "pre": 0.9738219895287958,
      "recall": 0.744,
      "auroc": 0.9451999999999999,
      "optimal_threshold": 0.34239462018013,
      "tpr_at_fpr_0_01": 0.588,
      "fpr95": 0.3,
      "aupr": 0.9533618471081255
    },
    "layer_16": {
      "n_total": 500,
      "n_valid": 500,
      "n_val_total": 500,
      "n_val_valid": 500,
      "acc": 0.868,
      "f1": 0.8577586206896551,
      "pre": 0.9299065420560748,
      "recall": 0.796,
      "auroc": 0.9442079999999999,
      "optimal_threshold": 0.3346458077430725,
      "tpr_at_fpr_0_01": 0.58,
      "fpr95": 0.316,
      "aupr": 0.9521957059461162
    },
    "layer_17": {
      "n_total": 500,
      "n_valid": 500,
      "n_val_total": 500,
      "n_val_valid": 500,
      "acc": 0.846,
      "f1": 0.819672131147541,
      "pre": 0.9887005649717514,
      "recall": 0.7,
      "auroc": 0.9452,
      "optimal_threshold": 0.4208426773548126,
      "tpr_at_fpr_0_01": 0.712,
      "fpr95": 0.38,
      "aupr": 0.955910454044202
    },
    "layer_18": {
      "n_total": 500,
      "n_valid": 500,
      "n_val_total": 500,
      "n_val_valid": 500,
      "acc": 0.864,
      "f1": 0.8502202643171806,
      "pre": 0.946078431372549,
      "recall": 0.772,
      "auroc": 0.950576,
      "optimal_threshold": 0.3651109039783478,
      "tpr_at_fpr_0_01": 0.692,
      "fpr95": 0.36,
      "aupr": 0.9587915511392727
    },
    "layer_19": {
      "n_total": 500,
      "n_valid": 500,
      "n_val_total": 500,
      "n_val_valid": 500,
      "acc": 0.782,
      "f1": 0.7212276214833759,
      "pre": 1.0,
      "recall": 0.564,
      "auroc": 0.95544,