{
  "args": {
    "model": "llama_8b",
    "dataset": "multitude_en",
    "mode": "clean_topic_val",
    "token_mode": "last_token",
    "prefix": false,
    "smoke_test": false,
    "ood": [
      "multitude_de",
      "multitude_nl",
      "multitude_pt",
      "multitude_ro",
      "multitude_uk"
    ],
    "pca_components": 0,
    "normalize_scores": true,
    "ablation_set": "human",
    "manifold": true
  },
  "steering_domain": "multitude_en",
  "eval_domain": "multitude_pt",
  "n_samples": 500,
  "n_layers": 33,
  "metrics_per_layer": {
    "layer_1": {
      "n_total": 500,
      "n_valid": 500,
      "n_val_total": 500,
      "n_val_valid": 500,
      "acc": 0.46,
      "f1": 0.0,
      "pre": 0.0,
      "recall": 0.0,
      "auroc": 0.588288,
      "optimal_threshold": 0.8830054998397827,
      "tpr_at_fpr_0_01": 0.0,
      "fpr95": 0.728,
      "aupr": 0.5740446697291304
    },
    "layer_2": {
      "n_total": 500,
      "n_valid": 500,
      "n_val_total": 500,
      "n_val_valid": 500,
      "acc": 0.53,
      "f1": 0.1198501872659176,
      "pre": 0.9411764705882353,
      "recall": 0.064,
      "auroc": 0.8231519999999999,
      "optimal_threshold": 0.7257143259048462,
      "tpr_at_fpr_0_01": 0.104,
      "fpr95": 0.652,
      "aupr": 0.8200385908601453
    },
    "layer_3": {
      "n_total": 500,
      "n_valid": 500,
      "n_val_total": 500,
      "n_val_valid": 500,
      "acc": 0.738,
      "f1": 0.6543535620052771,
      "pre": 0.9612403100775194,
      "recall": 0.496,
      "auroc": 0.923536,
      "optimal_threshold": 0.6773491501808167,
      "tpr_at_fpr_0_01": 0.464,
      "fpr95": 0.436,
      "aupr": 0.9313780699221562
    },
    "layer_4": {
      "n_total": 500,
      "n_valid": 500,
      "n_val_total": 500,
      "n_val_valid": 500,
      "acc": 0.88,
      "f1": 0.8636363636363636,
      "pre": 1.0,
      "recall": 0.76,
      "auroc": 0.986624,
      "optimal_threshold": 0.6237577199935913,
      "tpr_at_fpr_0_01": 0.872,
      "fpr95": 0.132,
      "aupr": 0.9879705551304846
    },
    "layer_5": {
      "n_total": 500,
      "n_valid": 500,
      "n_val_total": 500,
      "n_val_valid": 500,
      "acc": 0.952,
      "f1": 0.9495798319327731,
      "pre": 1.0,
      "recall": 0.904,
      "auroc": 0.99072,
      "optimal_threshold": 0.4474397599697113,
      "tpr_at_fpr_0_01": 0.924,
      "fpr95": 0.048,
      "aupr": 0.992246475615085
    },
    "layer_6": {
      "n_total": 500,
      "n_valid": 500,
      "n_val_total": 500,
      "n_val_valid": 500,
      "acc": 0.952,
      "f1": 0.9497907949790795,
      "pre": 0.9956140350877193,
      "recall": 0.908,
      "auroc": 0.994592,
      "optimal_threshold": 0.3870142102241516,
      "tpr_at_fpr_0_01": 0.936,
      "fpr95": 0.012,
      "aupr": 0.9953507725574317
    },
    "layer_7": {
      "n_total": 500,
      "n_valid": 500,
      "n_val_total": 500,
      "n_val_valid": 500,
      "acc": 0.942,
      "f1": 0.9386892177589852,
      "pre": 0.9955156950672646,
      "recall": 0.888,
      "auroc": 0.985728,
      "optimal_threshold": 0.38794150948524475,
      "tpr_at_fpr_0_01": 0.92,
      "fpr95": 0.064,
      "aupr": 0.9888460028928701
    },
    "layer_8": {
      "n_total": 500,
      "n_valid": 500,
      "n_val_total": 500,
      "n_val_valid": 500,
      "acc": 0.926,
      "f1": 0.9207708779443254,
      "pre": 0.9907834101382489,
      "recall": 0.86,
      "auroc": 0.986496,
      "optimal_threshold": 0.4557459056377411,
      "tpr_at_fpr_0_01": 0.892,
      "fpr95": 0.1,
      "aupr": 0.988408148992745
    },
    "layer_9": {
      "n_total": 500,
      "n_valid": 500,
      "n_val_total": 500,
      "n_val_valid": 500,
      "acc": 0.936,
      "f1": 0.9324894514767933,
      "pre": 0.9866071428571429,
      "recall": 0.884,
      "auroc": 0.986288,
      "optimal_threshold": 0.4196299910545349,
      "tpr_at_fpr_0_01": 0.86,
      "fpr95": 0.084,
      "aupr": 0.9882057857216184
    },
    "layer_10": {
      "n_total": 500,
      "n_valid": 500,
      "n_val_total": 500,
      "n_val_valid": 500,
      "acc": 0.94,
      "f1": 0.9372384937238494,
      "pre": 0.9824561403508771,
      "recall": 0.896,
      "auroc": 0.988704,
      "optimal_threshold": 0.39616668224334717,
      "tpr_at_fpr_0_01": 0.868,
      "fpr95": 0.076,
      "aupr": 0.9900519042269854
    },
    "layer_11": {
      "n_total": 500,
      "n_valid": 500,
      "n_val_total": 500,
      "n_val_valid": 500,
      "acc": 0.942,
      "f1": 0.939203354297694,
      "pre": 0.986784140969163,
      "recall": 0.896,
      "auroc": 0.992848,
      "optimal_threshold": 0.3839450478553772,
      "tpr_at_fpr_0_01": 0.88,
      "fpr95": 0.028,
      "aupr": 0.9934618649428262
    },
    "layer_12": {
      "n_total": 500,
      "n_valid": 500,
      "n_val_total": 500,
      "n_val_valid": 500,
      "acc": 0.934,
      "f1": 0.9311064718162839,
      "pre": 0.9737991266375546,
      "recall": 0.892,
      "auroc": 0.9891040000000001,
      "optimal_threshold": 0.3736219108104706,
      "tpr_at_fpr_0_01": 0.864,
      "fpr95": 0.064,
      "aupr": 0.990317025748966
    },
    "layer_13": {
      "n_total": 500,
      "n_valid": 500,
      "n_val_total": 500,
      "n_val_valid": 500,
      "acc": 0.932,
      "f1": 0.9282700421940928,
      "pre": 0.9821428571428571,
      "recall": 0.88,
      "auroc": 0.9897119999999999,
      "optimal_threshold": 0.37913429737091064,
      "tpr_at_fpr_0_01": 0.864,
      "fpr95": 0.056,
      "aupr": 0.9905889905971633
    },
    "layer_14": {
      "n_total": 500,
      "n_valid": 500,
      "n_val_total": 500,
      "n_val_valid": 500,
      "acc": 0.928,
      "f1": 0.925,
      "pre": 0.9652173913043478,
      "recall": 0.888,
      "auroc": 0.98776,
      "optimal_threshold": 0.3737965524196625,
      "tpr_at_fpr_0_01": 0.856,
      "fpr95": 0.088,
      "aupr": 0.9887202188153313
    },
    "layer_15": {
      "n_total": 500,
      "n_valid": 500,
      "n_val_total": 500,
      "n_val_valid": 500,
      "acc": 0.928,
      "f1": 0.9246861924686193,
      "pre": 0.9692982456140351,
      "recall": 0.884,
      "auroc": 0.987984,
      "optimal_threshold": 0.38020551204681396,
      "tpr_at_fpr_0_01": 0.856,
      "fpr95": 0.068,
      "aupr": 0.9889474339904181
    },
    "layer_16": {
      "n_total": 500,
      "n_valid": 500,
      "n_val_total": 500,
      "n_val_valid": 500,
      "acc": 0.912,
      "f1": 0.9094650205761317,
      "pre": 0.9364406779661016,
      "recall": 0.884,
      "auroc": 0.9842719999999999,
      "optimal_threshold": 0.3536906838417053,
      "tpr_at_fpr_0_01": 0.852,
      "fpr95": 0.096,
      "aupr": 0.9856736304695479
    },
    "layer_17": {
      "n_total": 500,
      "n_valid": 500,
      "n_val_total": 500,
      "n_val_valid": 500,
      "acc": 0.924,
      "f1": 0.924901185770751,
      "pre": 0.9140625,
      "recall": 0.936,
      "auroc": 0.985536,
      "optimal_threshold": 0.3412992060184479,
      "tpr_at_fpr_0_01": 0.856,
      "fpr95": 0.096,
      "aupr": 0.9866344826579464
    },
    "layer_18": {
      "n_total": 500,
      "n_valid": 500,
      "n_val_total": 500,
      "n_val_valid": 500,
      "acc": 0.908,
      "f1": 0.9094488188976378,
      "pre": 0.8953488372093024,
      "recall": 0.924,
      "auroc": 0.9808319999999999,
      "optimal_threshold": 0.34500160813331604,
      "tpr_at_fpr_0_01": 0.848,
      "fpr95": 0.112,
      "aupr": 0.9825711109153233
    },
    "layer_19": {
      "n_total": 500,
      "n_valid": 500,
      "n_val_total": 500,
      "n_val_valid": 500,
      "acc": 0.9,
      "f1": 0.8987854251012146,
      "pre": 0.9098360655737705,
      "recall": 0.888,
      "auroc": 0.977008,
      "optimal_threshold": 0.3487878143787384,
      "tpr_at_fpr_0_01": 0.836,
      "fpr95": 0.168,
      "aupr": 0.9796317472821024
    },
    "layer_20": {
      "n_total": 500,
      "n_valid": 500,
      "n_val_total": 500,
      "n_val_valid": 500,
      "acc": 0.888,