{
  "args": {
    "model": "llama_8b",
    "dataset": "tsm_paras_en_first_gpt4o",
    "mode": "clean_topic_val",
    "token_mode": "last_token",
    "prefix": false,
    "smoke_test": false,
    "ood": [
      "tsm_paras_en_first_gemini",
      "tsm_paras_en_first_deepseek",
      "tsm_paras_pt_first_gpt4o",
      "tsm_paras_pt_first_gemini",
      "tsm_paras_pt_first_deepseek",
      "tsm_paras_vi_first_gpt4o",
      "tsm_paras_vi_first_gemini",
      "tsm_paras_vi_first_deepseek"
    ],
    "pca_components": 0,
    "normalize_scores": true,
    "ablation_set": "human",
    "manifold": true
  },
  "steering_domain": "tsm_paras_en_first_gpt4o",
  "eval_domain": "tsm_paras_en_first_deepseek",
  "n_samples": 498,
  "n_layers": 33,
  "metrics_per_layer": {
    "layer_1": {
      "n_total": 498,
      "n_valid": 498,
      "n_val_total": 500,
      "n_val_valid": 500,
      "acc": 0.42570281124497994,
      "f1": 0.5705705705705706,
      "pre": 0.4556354916067146,
      "recall": 0.7630522088353414,
      "auroc": 0.41996096837147795,
      "optimal_threshold": 0.2659933865070343,
      "tpr_at_fpr_0_01": 0.004016064257028112,
      "fpr95": 0.9558232931726908,
      "aupr": 0.46484935642357406
    },
    "layer_2": {
      "n_total": 498,
      "n_valid": 498,
      "n_val_total": 500,
      "n_val_valid": 500,
      "acc": 0.5481927710843374,
      "f1": 0.4094488188976378,
      "pre": 0.5909090909090909,
      "recall": 0.3132530120481928,
      "auroc": 0.5245721843196077,
      "optimal_threshold": 0.6244306564331055,
      "tpr_at_fpr_0_01": 0.060240963855421686,
      "fpr95": 0.9839357429718876,
      "aupr": 0.5806452503387982
    },
    "layer_3": {
      "n_total": 498,
      "n_valid": 498,
      "n_val_total": 500,
      "n_val_valid": 500,
      "acc": 0.5562248995983936,
      "f1": 0.4648910411622276,
      "pre": 0.5853658536585366,
      "recall": 0.3855421686746988,
      "auroc": 0.5368784374445574,
      "optimal_threshold": 0.49087199568748474,
      "tpr_at_fpr_0_01": 0.04417670682730924,
      "fpr95": 0.9718875502008032,
      "aupr": 0.587297159564717
    },
    "layer_4": {
      "n_total": 498,
      "n_valid": 498,
      "n_val_total": 500,
      "n_val_valid": 500,
      "acc": 0.6004016064257028,
      "f1": 0.4456824512534819,
      "pre": 0.7272727272727273,
      "recall": 0.321285140562249,
      "auroc": 0.5670392413025597,
      "optimal_threshold": 0.6495636701583862,
      "tpr_at_fpr_0_01": 0.10843373493975904,
      "fpr95": 0.9799196787148594,
      "aupr": 0.6437641791543705
    },
    "layer_5": {
      "n_total": 498,
      "n_valid": 498,
      "n_val_total": 500,
      "n_val_valid": 500,
      "acc": 0.6887550200803213,
      "f1": 0.6469248291571754,
      "pre": 0.7473684210526316,
      "recall": 0.570281124497992,
      "auroc": 0.7251495943613813,
      "optimal_threshold": 0.47436872124671936,
      "tpr_at_fpr_0_01": 0.28112449799196787,
      "fpr95": 0.8674698795180723,
      "aupr": 0.7873772210192314
    },
    "layer_6": {
      "n_total": 498,
      "n_valid": 498,
      "n_val_total": 500,
      "n_val_valid": 500,
      "acc": 0.7449799196787149,
      "f1": 0.702576112412178,
      "pre": 0.8426966292134831,
      "recall": 0.6024096385542169,
      "auroc": 0.815793293656554,
      "optimal_threshold": 0.4696045219898224,
      "tpr_at_fpr_0_01": 0.3172690763052209,
      "fpr95": 0.7188755020080321,
      "aupr": 0.8504425742987195
    },
    "layer_7": {
      "n_total": 498,
      "n_valid": 498,
      "n_val_total": 500,
      "n_val_valid": 500,
      "acc": 0.7449799196787149,
      "f1": 0.6784810126582278,
      "pre": 0.9178082191780822,
      "recall": 0.5381526104417671,
      "auroc": 0.8393251721746422,
      "optimal_threshold": 0.5069593191146851,
      "tpr_at_fpr_0_01": 0.3132530120481928,
      "fpr95": 0.5863453815261044,
      "aupr": 0.8618547073644564
    },
    "layer_8": {
      "n_total": 498,
      "n_valid": 498,
      "n_val_total": 500,
      "n_val_valid": 500,
      "acc": 0.7389558232931727,
      "f1": 0.7031963470319634,
      "pre": 0.8148148148148148,
      "recall": 0.6184738955823293,
      "auroc": 0.8405993451718521,
      "optimal_threshold": 0.4423779845237732,
      "tpr_at_fpr_0_01": 0.3815261044176707,
      "fpr95": 0.5461847389558233,
      "aupr": 0.8618898712396457
    },
    "layer_9": {
      "n_total": 498,
      "n_valid": 498,
      "n_val_total": 500,
      "n_val_valid": 500,
      "acc": 0.7369477911646586,
      "f1": 0.7056179775280899,
      "pre": 0.8010204081632653,
      "recall": 0.6305220883534136,
      "auroc": 0.8595667811809486,
      "optimal_threshold": 0.42201173305511475,
      "tpr_at_fpr_0_01": 0.3855421686746988,
      "fpr95": 0.5060240963855421,
      "aupr": 0.8697999743953746
    },
    "layer_10": {
      "n_total": 498,
      "n_valid": 498,
      "n_val_total": 500,
      "n_val_valid": 500,
      "acc": 0.7449799196787149,
      "f1": 0.6939759036144578,
      "pre": 0.8674698795180723,
      "recall": 0.5783132530120482,
      "auroc": 0.8835663940904179,
      "optimal_threshold": 0.42691633105278015,
      "tpr_at_fpr_0_01": 0.36947791164658633,
      "fpr95": 0.4457831325301205,
      "aupr": 0.888136727348119
    },
    "layer_11": {
      "n_total": 498,
      "n_valid": 498,
      "n_val_total": 500,
      "n_val_valid": 500,
      "acc": 0.9016064257028112,
      "f1": 0.90020366598778,
      "pre": 0.9132231404958677,
      "recall": 0.8875502008032129,
      "auroc": 0.9606135384913147,
      "optimal_threshold": 0.36760959029197693,
      "tpr_at_fpr_0_01": 0.5341365461847389,
      "fpr95": 0.2289156626506024,
      "aupr": 0.9614938151391239
    },
    "layer_12": {
      "n_total": 498,
      "n_valid": 498,
      "n_val_total": 500,
      "n_val_valid": 500,
      "acc": 0.8815261044176707,
      "f1": 0.879837067209776,
      "pre": 0.8925619834710744,
      "recall": 0.8674698795180723,
      "auroc": 0.9515975548781471,
      "optimal_threshold": 0.3667290508747101,
      "tpr_at_fpr_0_01": 0.4939759036144578,
      "fpr95": 0.25301204819277107,
      "aupr": 0.9527114109581416
    },
    "layer_13": {
      "n_total": 498,
      "n_valid": 498,
      "n_val_total": 500,
      "n_val_valid": 500,
      "acc": 0.8674698795180723,
      "f1": 0.8669354838709677,
      "pre": 0.8704453441295547,
      "recall": 0.8634538152610441,
      "auroc": 0.9446137965516685,
      "optimal_threshold": 0.3578614294528961,
      "tpr_at_fpr_0_01": 0.4819277108433735,
      "fpr95": 0.2971887550200803,
      "aupr": 0.9460572649844703
    },
    "layer_14": {
      "n_total": 498,
      "n_valid": 498,
      "n_val_total": 500,
      "n_val_valid": 500,
      "acc": 0.8855421686746988,
      "f1": 0.8862275449101796,
      "pre": 0.8809523809523809,
      "recall": 0.891566265060241,
      "auroc": 0.9483395429105982,
      "optimal_threshold": 0.3447636067867279,
      "tpr_at_fpr_0_01": 0.46184738955823296,
      "fpr95": 0.28112449799196787,
      "aupr": 0.9497234910554277
    },
    "layer_15": {
      "n_total": 498,
      "n_valid": 498,
      "n_val_total": 500,
      "n_val_valid": 500,
      "acc": 0.8855421686746988,
      "f1": 0.88,
      "pre": 0.9247787610619469,
      "recall": 0.8393574297188755,
      "auroc": 0.9486459895808131,
      "optimal_threshold": 0.34239462018013,
      "tpr_at_fpr_0_01": 0.44176706827309237,
      "fpr95": 0.28112449799196787,
      "aupr": 0.9502294900282701
    },
    "layer_16": {
      "n_total": 498,
      "n_valid": 498,
      "n_val_total": 500,
      "n_val_valid": 500,
      "acc": 0.8835341365461847,
      "f1": 0.8816326530612245,
      "pre": 0.8962655601659751,
      "recall": 0.8674698795180723,
      "auroc": 0.9438073579458396,
      "optimal_threshold": 0.3346458077430725,
      "tpr_at_fpr_0_01": 0.4497991967871486,
      "fpr95": 0.2570281124497992,
      "aupr": 0.9462335529873647
    },
    "layer_17": {
      "n_total": 498,