{
  "args": {
    "model": "llama_8b",
    "dataset": "multitude_en",
    "mode": "clean_topic_val",
    "token_mode": "last_token",
    "prefix": false,
    "smoke_test": false,
    "ood": [
      "multitude_de",
      "multitude_nl",
      "multitude_pt",
      "multitude_ro",
      "multitude_uk"
    ],
    "pca_components": 0,
    "normalize_scores": true,
    "ablation_set": "human",
    "manifold": true
  },
  "steering_domain": "multitude_en",
  "eval_domain": "multitude_ro",
  "n_samples": 500,
  "n_layers": 33,
  "metrics_per_layer": {
    "layer_1": {
      "n_total": 500,
      "n_valid": 500,
      "n_val_total": 500,
      "n_val_valid": 500,
      "acc": 0.486,
      "f1": 0.0,
      "pre": 0.0,
      "recall": 0.0,
      "auroc": 0.556072,
      "optimal_threshold": 0.8830054998397827,
      "tpr_at_fpr_0_01": 0.0,
      "fpr95": 0.848,
      "aupr": 0.5378382168560332
    },
    "layer_2": {
      "n_total": 500,
      "n_valid": 500,
      "n_val_total": 500,
      "n_val_valid": 500,
      "acc": 0.5,
      "f1": 0.0,
      "pre": 0.0,
      "recall": 0.0,
      "auroc": 0.839472,
      "optimal_threshold": 0.7257143259048462,
      "tpr_at_fpr_0_01": 0.224,
      "fpr95": 0.564,
      "aupr": 0.8467243654113644
    },
    "layer_3": {
      "n_total": 500,
      "n_valid": 500,
      "n_val_total": 500,
      "n_val_valid": 500,
      "acc": 0.63,
      "f1": 0.4200626959247649,
      "pre": 0.9710144927536232,
      "recall": 0.268,
      "auroc": 0.9176159999999999,
      "optimal_threshold": 0.6773491501808167,
      "tpr_at_fpr_0_01": 0.28,
      "fpr95": 0.424,
      "aupr": 0.918502155422267
    },
    "layer_4": {
      "n_total": 500,
      "n_valid": 500,
      "n_val_total": 500,
      "n_val_valid": 500,
      "acc": 0.75,
      "f1": 0.6719160104986877,
      "pre": 0.9770992366412213,
      "recall": 0.512,
      "auroc": 0.9597279999999999,
      "optimal_threshold": 0.6237577199935913,
      "tpr_at_fpr_0_01": 0.484,
      "fpr95": 0.196,
      "aupr": 0.9597049392344977
    },
    "layer_5": {
      "n_total": 500,
      "n_valid": 500,
      "n_val_total": 500,
      "n_val_valid": 500,
      "acc": 0.92,
      "f1": 0.9134199134199135,
      "pre": 0.9952830188679245,
      "recall": 0.844,
      "auroc": 0.9880639999999998,
      "optimal_threshold": 0.4474397599697113,
      "tpr_at_fpr_0_01": 0.868,
      "fpr95": 0.068,
      "aupr": 0.9894865220183591
    },
    "layer_6": {
      "n_total": 500,
      "n_valid": 500,
      "n_val_total": 500,
      "n_val_valid": 500,
      "acc": 0.95,
      "f1": 0.9473684210526315,
      "pre": 1.0,
      "recall": 0.9,
      "auroc": 0.9949760000000001,
      "optimal_threshold": 0.3870142102241516,
      "tpr_at_fpr_0_01": 0.948,
      "fpr95": 0.02,
      "aupr": 0.9954993551219968
    },
    "layer_7": {
      "n_total": 500,
      "n_valid": 500,
      "n_val_total": 500,
      "n_val_valid": 500,
      "acc": 0.93,
      "f1": 0.9247311827956989,
      "pre": 1.0,
      "recall": 0.86,
      "auroc": 0.99,
      "optimal_threshold": 0.38794150948524475,
      "tpr_at_fpr_0_01": 0.88,
      "fpr95": 0.02,
      "aupr": 0.9917298951671162
    },
    "layer_8": {
      "n_total": 500,
      "n_valid": 500,
      "n_val_total": 500,
      "n_val_valid": 500,
      "acc": 0.916,
      "f1": 0.9082969432314411,
      "pre": 1.0,
      "recall": 0.832,
      "auroc": 0.9925759999999999,
      "optimal_threshold": 0.4557459056377411,
      "tpr_at_fpr_0_01": 0.956,
      "fpr95": 0.008,
      "aupr": 0.9935243065115358
    },
    "layer_9": {
      "n_total": 500,
      "n_valid": 500,
      "n_val_total": 500,
      "n_val_valid": 500,
      "acc": 0.952,
      "f1": 0.9497907949790795,
      "pre": 0.9956140350877193,
      "recall": 0.908,
      "auroc": 0.9932160000000001,
      "optimal_threshold": 0.4196299910545349,
      "tpr_at_fpr_0_01": 0.96,
      "fpr95": 0.008,
      "aupr": 0.9940625828241404
    },
    "layer_10": {
      "n_total": 500,
      "n_valid": 500,
      "n_val_total": 500,
      "n_val_valid": 500,
      "acc": 0.96,
      "f1": 0.9586776859504132,
      "pre": 0.9914529914529915,
      "recall": 0.928,
      "auroc": 0.9948159999999999,
      "optimal_threshold": 0.39616668224334717,
      "tpr_at_fpr_0_01": 0.948,
      "fpr95": 0.016,
      "aupr": 0.995485137602703
    },
    "layer_11": {
      "n_total": 500,
      "n_valid": 500,
      "n_val_total": 500,
      "n_val_valid": 500,
      "acc": 0.97,
      "f1": 0.9690721649484536,
      "pre": 1.0,
      "recall": 0.94,
      "auroc": 0.997344,
      "optimal_threshold": 0.3839450478553772,
      "tpr_at_fpr_0_01": 0.956,
      "fpr95": 0.008,
      "aupr": 0.9976195086590219
    },
    "layer_12": {
      "n_total": 500,
      "n_valid": 500,
      "n_val_total": 500,
      "n_val_valid": 500,
      "acc": 0.962,
      "f1": 0.9608247422680413,
      "pre": 0.9914893617021276,
      "recall": 0.932,
      "auroc": 0.995568,
      "optimal_threshold": 0.3736219108104706,
      "tpr_at_fpr_0_01": 0.948,
      "fpr95": 0.016,
      "aupr": 0.9960523010399251
    },
    "layer_13": {
      "n_total": 500,
      "n_valid": 500,
      "n_val_total": 500,
      "n_val_valid": 500,
      "acc": 0.964,
      "f1": 0.9628099173553719,
      "pre": 0.9957264957264957,
      "recall": 0.932,
      "auroc": 0.9950239999999999,
      "optimal_threshold": 0.37913429737091064,
      "tpr_at_fpr_0_01": 0.94,
      "fpr95": 0.012,
      "aupr": 0.9956191674311029
    },
    "layer_14": {
      "n_total": 500,
      "n_valid": 500,
      "n_val_total": 500,
      "n_val_valid": 500,
      "acc": 0.966,
      "f1": 0.9650924024640657,
      "pre": 0.9915611814345991,
      "recall": 0.94,
      "auroc": 0.99288,
      "optimal_threshold": 0.3737965524196625,
      "tpr_at_fpr_0_01": 0.944,
      "fpr95": 0.024,
      "aupr": 0.9938738260628843
    },
    "layer_15": {
      "n_total": 500,
      "n_valid": 500,
      "n_val_total": 500,
      "n_val_valid": 500,
      "acc": 0.968,
      "f1": 0.9672131147540983,
      "pre": 0.9915966386554622,
      "recall": 0.944,
      "auroc": 0.994224,
      "optimal_threshold": 0.38020551204681396,
      "tpr_at_fpr_0_01": 0.948,
      "fpr95": 0.016,
      "aupr": 0.9950088044870553
    },
    "layer_16": {
      "n_total": 500,
      "n_valid": 500,
      "n_val_total": 500,
      "n_val_valid": 500,
      "acc": 0.962,
      "f1": 0.9619238476953907,
      "pre": 0.963855421686747,
      "recall": 0.96,
      "auroc": 0.992208,
      "optimal_threshold": 0.3536906838417053,
      "tpr_at_fpr_0_01": 0.936,
      "fpr95": 0.02,
      "aupr": 0.9935839866559792
    },
    "layer_17": {
      "n_total": 500,
      "n_valid": 500,
      "n_val_total": 500,
      "n_val_valid": 500,
      "acc": 0.952,
      "f1": 0.952755905511811,
      "pre": 0.937984496124031,
      "recall": 0.968,
      "auroc": 0.99336,
      "optimal_threshold": 0.3412992060184479,
      "tpr_at_fpr_0_01": 0.952,
      "fpr95": 0.004,
      "aupr": 0.9946418626927964
    },
    "layer_18": {
      "n_total": 500,
      "n_valid": 500,
      "n_val_total": 500,
      "n_val_valid": 500,
      "acc": 0.928,
      "f1": 0.9307692307692308,
      "pre": 0.8962962962962963,
      "recall": 0.968,
      "auroc": 0.99008,
      "optimal_threshold": 0.34500160813331604,
      "tpr_at_fpr_0_01": 0.944,
      "fpr95": 0.044,
      "aupr": 0.9922041970109293
    },
    "layer_19": {
      "n_total": 500,
      "n_valid": 500,
      "n_val_total": 500,
      "n_val_valid": 500,
      "acc": 0.948,
      "f1": 0.9488188976377953,
      "pre": 0.9341085271317829,
      "recall": 0.964,
      "auroc": 0.989312,
      "optimal_threshold": 0.3487878143787384,
      "tpr_at_fpr_0_01": 0.936,
      "fpr95": 0.036,
      "aupr": 0.9915104965293934
    },
    "layer_20": {
      "n_total": 500,
      "n_valid": 500,
      "n_val_total": 500,
      "n_val_valid": 500,
      "acc": 0.928,