{
  "args": {
    "model": "llama_8b",
    "dataset": "tsm_paras_en_first_gpt4o",
    "mode": "clean_topic_val",
    "token_mode": "last_token",
    "prefix": false,
    "smoke_test": false,
    "ood": [
      "tsm_sums_en_gemini",
      "tsm_sums_en_deepseek",
      "tsm_sums_pt_gpt4o",
      "tsm_sums_pt_gemini",
      "tsm_sums_pt_deepseek",
      "tsm_sums_vi_gpt4o",
      "tsm_sums_vi_gemini",
      "tsm_sums_vi_deepseek"
    ],
    "pca_components": 0,
    "normalize_scores": true,
    "ablation_set": "human",
    "manifold": true
  },
  "steering_domain": "tsm_paras_en_first_gpt4o",
  "eval_domain": "tsm_sums_en_gemini",
  "n_samples": 500,
  "n_layers": 33,
  "metrics_per_layer": {
    "layer_1": {
      "n_total": 500,
      "n_valid": 500,
      "n_val_total": 500,
      "n_val_valid": 500,
      "acc": 0.518,
      "f1": 0.6685006877579092,
      "pre": 0.5094339622641509,
      "recall": 0.972,
      "auroc": 0.53096,
      "optimal_threshold": 0.2659933865070343,
      "tpr_at_fpr_0_01": 0.036,
      "fpr95": 0.936,
      "aupr": 0.5261441530653747
    },
    "layer_2": {
      "n_total": 500,
      "n_valid": 500,
      "n_val_total": 500,
      "n_val_valid": 500,
      "acc": 0.506,
      "f1": 0.2713864306784661,
      "pre": 0.5168539325842697,
      "recall": 0.184,
      "auroc": 0.502624,
      "optimal_threshold": 0.6244306564331055,
      "tpr_at_fpr_0_01": 0.016,
      "fpr95": 0.924,
      "aupr": 0.5152223162652105
    },
    "layer_3": {
      "n_total": 500,
      "n_valid": 500,
      "n_val_total": 500,
      "n_val_valid": 500,
      "acc": 0.498,
      "f1": 0.2507462686567164,
      "pre": 0.49411764705882355,
      "recall": 0.168,
      "auroc": 0.500208,
      "optimal_threshold": 0.49087199568748474,
      "tpr_at_fpr_0_01": 0.024,
      "fpr95": 0.916,
      "aupr": 0.5183766958487201
    },
    "layer_4": {
      "n_total": 500,
      "n_valid": 500,
      "n_val_total": 500,
      "n_val_valid": 500,
      "acc": 0.514,
      "f1": 0.22857142857142856,
      "pre": 0.5538461538461539,
      "recall": 0.144,
      "auroc": 0.51296,
      "optimal_threshold": 0.6495636701583862,
      "tpr_at_fpr_0_01": 0.02,
      "fpr95": 0.928,
      "aupr": 0.5297112297005714
    },
    "layer_5": {
      "n_total": 500,
      "n_valid": 500,
      "n_val_total": 500,
      "n_val_valid": 500,
      "acc": 0.582,
      "f1": 0.40793201133144474,
      "pre": 0.6990291262135923,
      "recall": 0.288,
      "auroc": 0.658512,
      "optimal_threshold": 0.47436872124671936,
      "tpr_at_fpr_0_01": 0.028,
      "fpr95": 0.868,
      "aupr": 0.6509297248211885
    },
    "layer_6": {
      "n_total": 500,
      "n_valid": 500,
      "n_val_total": 500,
      "n_val_valid": 500,
      "acc": 0.628,
      "f1": 0.4861878453038674,
      "pre": 0.7857142857142857,
      "recall": 0.352,
      "auroc": 0.698944,
      "optimal_threshold": 0.4696045219898224,
      "tpr_at_fpr_0_01": 0.056,
      "fpr95": 0.836,
      "aupr": 0.7093932851545033
    },
    "layer_7": {
      "n_total": 500,
      "n_valid": 500,
      "n_val_total": 500,
      "n_val_valid": 500,
      "acc": 0.602,
      "f1": 0.41297935103244837,
      "pre": 0.7865168539325843,
      "recall": 0.28,
      "auroc": 0.6981280000000001,
      "optimal_threshold": 0.5069593191146851,
      "tpr_at_fpr_0_01": 0.068,
      "fpr95": 0.824,
      "aupr": 0.707944952075238
    },
    "layer_8": {
      "n_total": 500,
      "n_valid": 500,
      "n_val_total": 500,
      "n_val_valid": 500,
      "acc": 0.61,
      "f1": 0.587737843551797,
      "pre": 0.6233183856502242,
      "recall": 0.556,
      "auroc": 0.6741440000000001,
      "optimal_threshold": 0.4423779845237732,
      "tpr_at_fpr_0_01": 0.068,
      "fpr95": 0.824,
      "aupr": 0.6840482382473578
    },
    "layer_9": {
      "n_total": 500,
      "n_valid": 500,
      "n_val_total": 500,
      "n_val_valid": 500,
      "acc": 0.592,
      "f1": 0.5603448275862069,
      "pre": 0.6074766355140186,
      "recall": 0.52,
      "auroc": 0.6428479999999999,
      "optimal_threshold": 0.42201173305511475,
      "tpr_at_fpr_0_01": 0.056,
      "fpr95": 0.888,
      "aupr": 0.650682567713732
    },
    "layer_10": {
      "n_total": 500,
      "n_valid": 500,
      "n_val_total": 500,
      "n_val_valid": 500,
      "acc": 0.61,
      "f1": 0.5598194130925508,
      "pre": 0.6424870466321243,
      "recall": 0.496,
      "auroc": 0.6573439999999999,
      "optimal_threshold": 0.42691633105278015,
      "tpr_at_fpr_0_01": 0.048,
      "fpr95": 0.84,
      "aupr": 0.6607050058217807
    },
    "layer_11": {
      "n_total": 500,
      "n_valid": 500,
      "n_val_total": 500,
      "n_val_valid": 500,
      "acc": 0.672,
      "f1": 0.6289592760180995,
      "pre": 0.7239583333333334,
      "recall": 0.556,
      "auroc": 0.746416,
      "optimal_threshold": 0.36760959029197693,
      "tpr_at_fpr_0_01": 0.108,
      "fpr95": 0.772,
      "aupr": 0.7529348624298331
    },
    "layer_12": {
      "n_total": 500,
      "n_valid": 500,
      "n_val_total": 500,
      "n_val_valid": 500,
      "acc": 0.666,
      "f1": 0.6408602150537634,
      "pre": 0.6930232558139535,
      "recall": 0.596,
      "auroc": 0.731024,
      "optimal_threshold": 0.3667290508747101,
      "tpr_at_fpr_0_01": 0.172,
      "fpr95": 0.768,
      "aupr": 0.7458959131319006
    },
    "layer_13": {
      "n_total": 500,
      "n_valid": 500,
      "n_val_total": 500,
      "n_val_valid": 500,
      "acc": 0.68,
      "f1": 0.6491228070175439,
      "pre": 0.7184466019417476,
      "recall": 0.592,
      "auroc": 0.734528,
      "optimal_threshold": 0.3578614294528961,
      "tpr_at_fpr_0_01": 0.148,
      "fpr95": 0.824,
      "aupr": 0.7437686536304922
    },
    "layer_14": {
      "n_total": 500,
      "n_valid": 500,
      "n_val_total": 500,
      "n_val_valid": 500,
      "acc": 0.674,
      "f1": 0.6337078651685393,
      "pre": 0.7230769230769231,
      "recall": 0.564,
      "auroc": 0.7350399999999999,
      "optimal_threshold": 0.3447636067867279,
      "tpr_at_fpr_0_01": 0.156,
      "fpr95": 0.792,
      "aupr": 0.7486232018103965
    },
    "layer_15": {
      "n_total": 500,
      "n_valid": 500,
      "n_val_total": 500,
      "n_val_valid": 500,
      "acc": 0.656,
      "f1": 0.5742574257425742,
      "pre": 0.7532467532467533,
      "recall": 0.464,
      "auroc": 0.7516160000000001,
      "optimal_threshold": 0.34239462018013,
      "tpr_at_fpr_0_01": 0.18,
      "fpr95": 0.812,
      "aupr": 0.7691234820182367
    },
    "layer_16": {
      "n_total": 500,
      "n_valid": 500,
      "n_val_total": 500,
      "n_val_valid": 500,
      "acc": 0.674,
      "f1": 0.6252873563218391,
      "pre": 0.7351351351351352,
      "recall": 0.544,
      "auroc": 0.7516479999999999,
      "optimal_threshold": 0.3346458077430725,
      "tpr_at_fpr_0_01": 0.164,
      "fpr95": 0.808,
      "aupr": 0.7697910854166199
    },
    "layer_17": {
      "n_total": 500,
      "n_valid": 500,
      "n_val_total": 500,
      "n_val_valid": 500,
      "acc": 0.648,
      "f1": 0.5111111111111111,
      "pre": 0.8363636363636363,
      "recall": 0.368,
      "auroc": 0.742288,
      "optimal_threshold": 0.4208426773548126,
      "tpr_at_fpr_0_01": 0.188,
      "fpr95": 0.86,
      "aupr": 0.7723355699910017
    },
    "layer_18": {
      "n_total": 500,
      "n_valid": 500,
      "n_val_total": 500,
      "n_val_valid": 500,
      "acc": 0.68,
      "f1": 0.6153846153846154,
      "pre": 0.7710843373493976,
      "recall": 0.512,
      "auroc": 0.7361920000000001,
      "optimal_threshold": 0.3651109039783478,
      "tpr_at_fpr_0_01": 0.168,
      "fpr95": 0.852,
      "aupr": 0.7715099387334331
    },
    "layer_19": {
      "n_total": 500,
      "n_valid": 500,
      "n_val_total": 500,
      "n_val_valid": 500,
      "acc": 0.638,
      "f1": 0.46607669616519176,
      "pre": 0.8876404494382022,
      "recall": 0.316,
      "auroc": 0.742928,