{
  "args": {
    "model": "llama_8b",
    "dataset": "tsm_paras_en_first_gpt4o",
    "mode": "clean_topic_val",
    "token_mode": "last_token",
    "prefix": false,
    "smoke_test": false,
    "ood": [
      "tsm_paras_en_first_gemini",
      "tsm_paras_en_first_deepseek",
      "tsm_paras_pt_first_gpt4o",
      "tsm_paras_pt_first_gemini",
      "tsm_paras_pt_first_deepseek",
      "tsm_paras_vi_first_gpt4o",
      "tsm_paras_vi_first_gemini",
      "tsm_paras_vi_first_deepseek"
    ],
    "pca_components": 0,
    "normalize_scores": true,
    "ablation_set": "human",
    "manifold": true
  },
  "steering_domain": "tsm_paras_en_first_gpt4o",
  "eval_domain": "tsm_paras_pt_first_gemini",
  "n_samples": 500,
  "n_layers": 33,
  "metrics_per_layer": {
    "layer_1": {
      "n_total": 500,
      "n_valid": 500,
      "n_val_total": 500,
      "n_val_valid": 500,
      "acc": 0.512,
      "f1": 0.6514285714285715,
      "pre": 0.5066666666666667,
      "recall": 0.912,
      "auroc": 0.50972,
      "optimal_threshold": 0.2659933865070343,
      "tpr_at_fpr_0_01": 0.02,
      "fpr95": 1.0,
      "aupr": 0.5147398436389481
    },
    "layer_2": {
      "n_total": 500,
      "n_valid": 500,
      "n_val_total": 500,
      "n_val_valid": 500,
      "acc": 0.486,
      "f1": 0.15737704918032788,
      "pre": 0.43636363636363634,
      "recall": 0.096,
      "auroc": 0.45824000000000004,
      "optimal_threshold": 0.6244306564331055,
      "tpr_at_fpr_0_01": 0.004,
      "fpr95": 0.96,
      "aupr": 0.46836400303668146
    },
    "layer_3": {
      "n_total": 500,
      "n_valid": 500,
      "n_val_total": 500,
      "n_val_valid": 500,
      "acc": 0.48,
      "f1": 0.12162162162162163,
      "pre": 0.391304347826087,
      "recall": 0.072,
      "auroc": 0.450032,
      "optimal_threshold": 0.49087199568748474,
      "tpr_at_fpr_0_01": 0.008,
      "fpr95": 0.944,
      "aupr": 0.4666366687920671
    },
    "layer_4": {
      "n_total": 500,
      "n_valid": 500,
      "n_val_total": 500,
      "n_val_valid": 500,
      "acc": 0.512,
      "f1": 0.05426356589147287,
      "pre": 0.875,
      "recall": 0.028,
      "auroc": 0.525568,
      "optimal_threshold": 0.6495636701583862,
      "tpr_at_fpr_0_01": 0.028,
      "fpr95": 0.912,
      "aupr": 0.5395786694413813
    },
    "layer_5": {
      "n_total": 500,
      "n_valid": 500,
      "n_val_total": 500,
      "n_val_valid": 500,
      "acc": 0.55,
      "f1": 0.25249169435215946,
      "pre": 0.7450980392156863,
      "recall": 0.152,
      "auroc": 0.6312800000000001,
      "optimal_threshold": 0.47436872124671936,
      "tpr_at_fpr_0_01": 0.052,
      "fpr95": 0.916,
      "aupr": 0.6383465504967261
    },
    "layer_6": {
      "n_total": 500,
      "n_valid": 500,
      "n_val_total": 500,
      "n_val_valid": 500,
      "acc": 0.534,
      "f1": 0.14652014652014653,
      "pre": 0.8695652173913043,
      "recall": 0.08,
      "auroc": 0.7014239999999999,
      "optimal_threshold": 0.4696045219898224,
      "tpr_at_fpr_0_01": 0.068,
      "fpr95": 0.856,
      "aupr": 0.7080069969311205
    },
    "layer_7": {
      "n_total": 500,
      "n_valid": 500,
      "n_val_total": 500,
      "n_val_valid": 500,
      "acc": 0.534,
      "f1": 0.14022140221402213,
      "pre": 0.9047619047619048,
      "recall": 0.076,
      "auroc": 0.704112,
      "optimal_threshold": 0.5069593191146851,
      "tpr_at_fpr_0_01": 0.076,
      "fpr95": 0.816,
      "aupr": 0.6970305174395903
    },
    "layer_8": {
      "n_total": 500,
      "n_valid": 500,
      "n_val_total": 500,
      "n_val_valid": 500,
      "acc": 0.554,
      "f1": 0.23890784982935154,
      "pre": 0.813953488372093,
      "recall": 0.14,
      "auroc": 0.6941919999999999,
      "optimal_threshold": 0.4423779845237732,
      "tpr_at_fpr_0_01": 0.064,
      "fpr95": 0.84,
      "aupr": 0.690362732024005
    },
    "layer_9": {
      "n_total": 500,
      "n_valid": 500,
      "n_val_total": 500,
      "n_val_valid": 500,
      "acc": 0.562,
      "f1": 0.3177570093457944,
      "pre": 0.7183098591549296,
      "recall": 0.204,
      "auroc": 0.637888,
      "optimal_threshold": 0.42201173305511475,
      "tpr_at_fpr_0_01": 0.052,
      "fpr95": 0.904,
      "aupr": 0.6445307849887518
    },
    "layer_10": {
      "n_total": 500,
      "n_valid": 500,
      "n_val_total": 500,
      "n_val_valid": 500,
      "acc": 0.548,
      "f1": 0.23648648648648649,
      "pre": 0.7608695652173914,
      "recall": 0.14,
      "auroc": 0.648352,
      "optimal_threshold": 0.42691633105278015,
      "tpr_at_fpr_0_01": 0.06,
      "fpr95": 0.888,
      "aupr": 0.6570355644885549
    },
    "layer_11": {
      "n_total": 500,
      "n_valid": 500,
      "n_val_total": 500,
      "n_val_valid": 500,
      "acc": 0.602,
      "f1": 0.3951367781155015,
      "pre": 0.8227848101265823,
      "recall": 0.26,
      "auroc": 0.7196,
      "optimal_threshold": 0.36760959029197693,
      "tpr_at_fpr_0_01": 0.104,
      "fpr95": 0.8,
      "aupr": 0.733223633429326
    },
    "layer_12": {
      "n_total": 500,
      "n_valid": 500,
      "n_val_total": 500,
      "n_val_valid": 500,
      "acc": 0.596,
      "f1": 0.39520958083832336,
      "pre": 0.7857142857142857,
      "recall": 0.264,
      "auroc": 0.7012959999999999,
      "optimal_threshold": 0.3667290508747101,
      "tpr_at_fpr_0_01": 0.116,
      "fpr95": 0.816,
      "aupr": 0.7144514761082708
    },
    "layer_13": {
      "n_total": 500,
      "n_valid": 500,
      "n_val_total": 500,
      "n_val_valid": 500,
      "acc": 0.576,
      "f1": 0.3375,
      "pre": 0.7714285714285715,
      "recall": 0.216,
      "auroc": 0.6974400000000001,
      "optimal_threshold": 0.3578614294528961,
      "tpr_at_fpr_0_01": 0.104,
      "fpr95": 0.828,
      "aupr": 0.7139361618793134
    },
    "layer_14": {
      "n_total": 500,
      "n_valid": 500,
      "n_val_total": 500,
      "n_val_valid": 500,
      "acc": 0.58,
      "f1": 0.34375,
      "pre": 0.7857142857142857,
      "recall": 0.22,
      "auroc": 0.6934400000000001,
      "optimal_threshold": 0.3447636067867279,
      "tpr_at_fpr_0_01": 0.1,
      "fpr95": 0.9,
      "aupr": 0.7077293413082346
    },
    "layer_15": {
      "n_total": 500,
      "n_valid": 500,
      "n_val_total": 500,
      "n_val_valid": 500,
      "acc": 0.572,
      "f1": 0.272108843537415,
      "pre": 0.9090909090909091,
      "recall": 0.16,
      "auroc": 0.71816,
      "optimal_threshold": 0.34239462018013,
      "tpr_at_fpr_0_01": 0.12,
      "fpr95": 0.852,
      "aupr": 0.7279250721748949
    },
    "layer_16": {
      "n_total": 500,
      "n_valid": 500,
      "n_val_total": 500,
      "n_val_valid": 500,
      "acc": 0.578,
      "f1": 0.3258785942492013,
      "pre": 0.8095238095238095,
      "recall": 0.204,
      "auroc": 0.706208,
      "optimal_threshold": 0.3346458077430725,
      "tpr_at_fpr_0_01": 0.124,
      "fpr95": 0.832,
      "aupr": 0.7103059243242228
    },
    "layer_17": {
      "n_total": 500,
      "n_valid": 500,
      "n_val_total": 500,
      "n_val_valid": 500,
      "acc": 0.578,
      "f1": 0.3127035830618892,
      "pre": 0.8421052631578947,
      "recall": 0.192,
      "auroc": 0.7282720000000001,
      "optimal_threshold": 0.4208426773548126,
      "tpr_at_fpr_0_01": 0.084,
      "fpr95": 0.8,
      "aupr": 0.7341928314359164
    },
    "layer_18": {
      "n_total": 500,
      "n_valid": 500,
      "n_val_total": 500,
      "n_val_valid": 500,
      "acc": 0.61,
      "f1": 0.4314868804664723,
      "pre": 0.7956989247311828,
      "recall": 0.296,
      "auroc": 0.7309760000000001,
      "optimal_threshold": 0.3651109039783478,
      "tpr_at_fpr_0_01": 0.116,
      "fpr95": 0.812,
      "aupr": 0.7333335690183442
    },
    "layer_19": {
      "n_total": 500,
      "n_valid": 500,
      "n_val_total": 500,
      "n_val_valid": 500,
      "acc": 0.548,
      "f1": 0.19858156028368795,
      "pre": 0.875,
      "recall": 0.112,