{
  "args": {
    "model": "llama_8b",
    "dataset": "tsm_paras_en_first_gpt4o",
    "mode": "clean_topic_val",
    "token_mode": "last_token",
    "prefix": false,
    "smoke_test": false,
    "ood": [
      "tsm_paras_en_first_gemini",
      "tsm_paras_en_first_deepseek",
      "tsm_paras_pt_first_gpt4o",
      "tsm_paras_pt_first_gemini",
      "tsm_paras_pt_first_deepseek",
      "tsm_paras_vi_first_gpt4o",
      "tsm_paras_vi_first_gemini",
      "tsm_paras_vi_first_deepseek"
    ],
    "pca_components": 0,
    "normalize_scores": true,
    "ablation_set": "human",
    "manifold": true
  },
  "steering_domain": "tsm_paras_en_first_gpt4o",
  "eval_domain": "tsm_paras_pt_first_gpt4o",
  "n_samples": 500,
  "n_layers": 33,
  "metrics_per_layer": {
    "layer_1": {
      "n_total": 500,
      "n_valid": 500,
      "n_val_total": 500,
      "n_val_valid": 500,
      "acc": 0.562,
      "f1": 0.694560669456067,
      "pre": 0.5331905781584583,
      "recall": 0.996,
      "auroc": 0.558848,
      "optimal_threshold": 0.2659933865070343,
      "tpr_at_fpr_0_01": 0.008,
      "fpr95": 0.872,
      "aupr": 0.5352031326028948
    },
    "layer_2": {
      "n_total": 500,
      "n_valid": 500,
      "n_val_total": 500,
      "n_val_valid": 500,
      "acc": 0.582,
      "f1": 0.3870967741935484,
      "pre": 0.7252747252747253,
      "recall": 0.264,
      "auroc": 0.6554879999999998,
      "optimal_threshold": 0.6244306564331055,
      "tpr_at_fpr_0_01": 0.048,
      "fpr95": 0.908,
      "aupr": 0.6542128271541846
    },
    "layer_3": {
      "n_total": 500,
      "n_valid": 500,
      "n_val_total": 500,
      "n_val_valid": 500,
      "acc": 0.608,
      "f1": 0.44,
      "pre": 0.77,
      "recall": 0.308,
      "auroc": 0.687608,
      "optimal_threshold": 0.49087199568748474,
      "tpr_at_fpr_0_01": 0.1,
      "fpr95": 0.92,
      "aupr": 0.7017610318189517
    },
    "layer_4": {
      "n_total": 500,
      "n_valid": 500,
      "n_val_total": 500,
      "n_val_valid": 500,
      "acc": 0.574,
      "f1": 0.2578397212543554,
      "pre": 1.0,
      "recall": 0.148,
      "auroc": 0.771488,
      "optimal_threshold": 0.6495636701583862,
      "tpr_at_fpr_0_01": 0.26,
      "fpr95": 0.864,
      "aupr": 0.810863779019938
    },
    "layer_5": {
      "n_total": 500,
      "n_valid": 500,
      "n_val_total": 500,
      "n_val_valid": 500,
      "acc": 0.742,
      "f1": 0.684596577017115,
      "pre": 0.8805031446540881,
      "recall": 0.56,
      "auroc": 0.818848,
      "optimal_threshold": 0.47436872124671936,
      "tpr_at_fpr_0_01": 0.324,
      "fpr95": 0.852,
      "aupr": 0.8525864335341726
    },
    "layer_6": {
      "n_total": 500,
      "n_valid": 500,
      "n_val_total": 500,
      "n_val_valid": 500,
      "acc": 0.742,
      "f1": 0.6578249336870027,
      "pre": 0.9763779527559056,
      "recall": 0.496,
      "auroc": 0.867872,
      "optimal_threshold": 0.4696045219898224,
      "tpr_at_fpr_0_01": 0.44,
      "fpr95": 0.808,
      "aupr": 0.8984370752076163
    },
    "layer_7": {
      "n_total": 500,
      "n_valid": 500,
      "n_val_total": 500,
      "n_val_valid": 500,
      "acc": 0.724,
      "f1": 0.6229508196721312,
      "pre": 0.9827586206896551,
      "recall": 0.456,
      "auroc": 0.8784160000000001,
      "optimal_threshold": 0.5069593191146851,
      "tpr_at_fpr_0_01": 0.48,
      "fpr95": 0.652,
      "aupr": 0.9036625848657599
    },
    "layer_8": {
      "n_total": 500,
      "n_valid": 500,
      "n_val_total": 500,
      "n_val_valid": 500,
      "acc": 0.772,
      "f1": 0.7164179104477612,
      "pre": 0.9473684210526315,
      "recall": 0.576,
      "auroc": 0.8888639999999999,
      "optimal_threshold": 0.4423779845237732,
      "tpr_at_fpr_0_01": 0.448,
      "fpr95": 0.636,
      "aupr": 0.9088472561783464
    },
    "layer_9": {
      "n_total": 500,
      "n_valid": 500,
      "n_val_total": 500,
      "n_val_valid": 500,
      "acc": 0.782,
      "f1": 0.7494252873563219,
      "pre": 0.8810810810810811,
      "recall": 0.652,
      "auroc": 0.8706240000000001,
      "optimal_threshold": 0.42201173305511475,
      "tpr_at_fpr_0_01": 0.372,
      "fpr95": 0.596,
      "aupr": 0.8887093117371547
    },
    "layer_10": {
      "n_total": 500,
      "n_valid": 500,
      "n_val_total": 500,
      "n_val_valid": 500,
      "acc": 0.76,
      "f1": 0.7029702970297029,
      "pre": 0.922077922077922,
      "recall": 0.568,
      "auroc": 0.8795519999999999,
      "optimal_threshold": 0.42691633105278015,
      "tpr_at_fpr_0_01": 0.4,
      "fpr95": 0.556,
      "aupr": 0.8945964294682707
    },
    "layer_11": {
      "n_total": 500,
      "n_valid": 500,
      "n_val_total": 500,
      "n_val_valid": 500,
      "acc": 0.806,
      "f1": 0.7790432801822323,
      "pre": 0.9047619047619048,
      "recall": 0.684,
      "auroc": 0.917024,
      "optimal_threshold": 0.36760959029197693,
      "tpr_at_fpr_0_01": 0.504,
      "fpr95": 0.46,
      "aupr": 0.9280726527945486
    },
    "layer_12": {
      "n_total": 500,
      "n_valid": 500,
      "n_val_total": 500,
      "n_val_valid": 500,
      "acc": 0.826,
      "f1": 0.8070953436807096,
      "pre": 0.9054726368159204,
      "recall": 0.728,
      "auroc": 0.908288,
      "optimal_threshold": 0.3667290508747101,
      "tpr_at_fpr_0_01": 0.492,
      "fpr95": 0.52,
      "aupr": 0.9213464518010958
    },
    "layer_13": {
      "n_total": 500,
      "n_valid": 500,
      "n_val_total": 500,
      "n_val_valid": 500,
      "acc": 0.784,
      "f1": 0.7476635514018691,
      "pre": 0.898876404494382,
      "recall": 0.64,
      "auroc": 0.90168,
      "optimal_threshold": 0.3578614294528961,
      "tpr_at_fpr_0_01": 0.504,
      "fpr95": 0.488,
      "aupr": 0.914978615871324
    },
    "layer_14": {
      "n_total": 500,
      "n_valid": 500,
      "n_val_total": 500,
      "n_val_valid": 500,
      "acc": 0.804,
      "f1": 0.7731481481481481,
      "pre": 0.9175824175824175,
      "recall": 0.668,
      "auroc": 0.900288,
      "optimal_threshold": 0.3447636067867279,
      "tpr_at_fpr_0_01": 0.48,
      "fpr95": 0.508,
      "aupr": 0.9120150105112328
    },
    "layer_15": {
      "n_total": 500,
      "n_valid": 500,
      "n_val_total": 500,
      "n_val_valid": 500,
      "acc": 0.776,
      "f1": 0.72,
      "pre": 0.96,
      "recall": 0.576,
      "auroc": 0.9005280000000001,
      "optimal_threshold": 0.34239462018013,
      "tpr_at_fpr_0_01": 0.532,
      "fpr95": 0.456,
      "aupr": 0.9124176324880255
    },
    "layer_16": {
      "n_total": 500,
      "n_valid": 500,
      "n_val_total": 500,
      "n_val_valid": 500,
      "acc": 0.776,
      "f1": 0.7294685990338164,
      "pre": 0.9207317073170732,
      "recall": 0.604,
      "auroc": 0.8923039999999999,
      "optimal_threshold": 0.3346458077430725,
      "tpr_at_fpr_0_01": 0.492,
      "fpr95": 0.476,
      "aupr": 0.9045346272027317
    },
    "layer_17": {
      "n_total": 500,
      "n_valid": 500,
      "n_val_total": 500,
      "n_val_valid": 500,
      "acc": 0.768,
      "f1": 0.7114427860696517,
      "pre": 0.9407894736842105,
      "recall": 0.572,
      "auroc": 0.89752,
      "optimal_threshold": 0.4208426773548126,
      "tpr_at_fpr_0_01": 0.508,
      "fpr95": 0.48,
      "aupr": 0.9098609152938063
    },
    "layer_18": {
      "n_total": 500,
      "n_valid": 500,
      "n_val_total": 500,
      "n_val_valid": 500,
      "acc": 0.788,
      "f1": 0.7568807339449541,
      "pre": 0.8870967741935484,
      "recall": 0.66,
      "auroc": 0.8840319999999999,
      "optimal_threshold": 0.3651109039783478,
      "tpr_at_fpr_0_01": 0.536,
      "fpr95": 0.524,
      "aupr": 0.9004097962957172
    },
    "layer_19": {
      "n_total": 500,
      "n_valid": 500,
      "n_val_total": 500,
      "n_val_valid": 500,
      "acc": 0.734,
      "f1": 0.6395663956639567,
      "pre": 0.9915966386554622,
      "recall": 0.472,
      "auroc": 0.893344,