{
  "args": {
    "model": "llama_8b",
    "dataset": "tsm_paras_en_first_gpt4o",
    "mode": "clean_topic_val",
    "token_mode": "last_token",
    "prefix": false,
    "smoke_test": false,
    "ood": [
      "tsm_sums_en_gemini",
      "tsm_sums_en_deepseek",
      "tsm_sums_pt_gpt4o",
      "tsm_sums_pt_gemini",
      "tsm_sums_pt_deepseek",
      "tsm_sums_vi_gpt4o",
      "tsm_sums_vi_gemini",
      "tsm_sums_vi_deepseek"
    ],
    "pca_components": 0,
    "normalize_scores": true,
    "ablation_set": "human",
    "manifold": true
  },
  "steering_domain": "tsm_paras_en_first_gpt4o",
  "eval_domain": "tsm_sums_vi_deepseek",
  "n_samples": 500,
  "n_layers": 33,
  "metrics_per_layer": {
    "layer_1": {
      "n_total": 500,
      "n_valid": 500,
      "n_val_total": 500,
      "n_val_valid": 500,
      "acc": 0.516,
      "f1": 0.6657458563535912,
      "pre": 0.5084388185654009,
      "recall": 0.964,
      "auroc": 0.5212159999999999,
      "optimal_threshold": 0.2659933865070343,
      "tpr_at_fpr_0_01": 0.02,
      "fpr95": 0.932,
      "aupr": 0.5179787187382124
    },
    "layer_2": {
      "n_total": 500,
      "n_valid": 500,
      "n_val_total": 500,
      "n_val_valid": 500,
      "acc": 0.524,
      "f1": 0.30409356725146197,
      "pre": 0.5652173913043478,
      "recall": 0.208,
      "auroc": 0.57856,
      "optimal_threshold": 0.6244306564331055,
      "tpr_at_fpr_0_01": 0.012,
      "fpr95": 0.904,
      "aupr": 0.5595019947114723
    },
    "layer_3": {
      "n_total": 500,
      "n_valid": 500,
      "n_val_total": 500,
      "n_val_valid": 500,
      "acc": 0.51,
      "f1": 0.1694915254237288,
      "pre": 0.5555555555555556,
      "recall": 0.1,
      "auroc": 0.556616,
      "optimal_threshold": 0.49087199568748474,
      "tpr_at_fpr_0_01": 0.016,
      "fpr95": 0.916,
      "aupr": 0.5508443123681847
    },
    "layer_4": {
      "n_total": 500,
      "n_valid": 500,
      "n_val_total": 500,
      "n_val_valid": 500,
      "acc": 0.51,
      "f1": 0.05405405405405406,
      "pre": 0.7777777777777778,
      "recall": 0.028,
      "auroc": 0.588368,
      "optimal_threshold": 0.6495636701583862,
      "tpr_at_fpr_0_01": 0.064,
      "fpr95": 0.904,
      "aupr": 0.6101642702451532
    },
    "layer_5": {
      "n_total": 500,
      "n_valid": 500,
      "n_val_total": 500,
      "n_val_valid": 500,
      "acc": 0.692,
      "f1": 0.5625,
      "pre": 0.9705882352941176,
      "recall": 0.396,
      "auroc": 0.8464,
      "optimal_threshold": 0.47436872124671936,
      "tpr_at_fpr_0_01": 0.348,
      "fpr95": 0.592,
      "aupr": 0.862492506616709
    },
    "layer_6": {
      "n_total": 500,
      "n_valid": 500,
      "n_val_total": 500,
      "n_val_valid": 500,
      "acc": 0.63,
      "f1": 0.4126984126984127,
      "pre": 1.0,
      "recall": 0.26,
      "auroc": 0.876864,
      "optimal_threshold": 0.4696045219898224,
      "tpr_at_fpr_0_01": 0.432,
      "fpr95": 0.612,
      "aupr": 0.899524280311869
    },
    "layer_7": {
      "n_total": 500,
      "n_valid": 500,
      "n_val_total": 500,
      "n_val_valid": 500,
      "acc": 0.632,
      "f1": 0.4177215189873418,
      "pre": 1.0,
      "recall": 0.264,
      "auroc": 0.902864,
      "optimal_threshold": 0.5069593191146851,
      "tpr_at_fpr_0_01": 0.464,
      "fpr95": 0.512,
      "aupr": 0.9168578935789451
    },
    "layer_8": {
      "n_total": 500,
      "n_valid": 500,
      "n_val_total": 500,
      "n_val_valid": 500,
      "acc": 0.726,
      "f1": 0.6385224274406333,
      "pre": 0.937984496124031,
      "recall": 0.484,
      "auroc": 0.878256,
      "optimal_threshold": 0.4423779845237732,
      "tpr_at_fpr_0_01": 0.408,
      "fpr95": 0.528,
      "aupr": 0.893014887978159
    },
    "layer_9": {
      "n_total": 500,
      "n_valid": 500,
      "n_val_total": 500,
      "n_val_valid": 500,
      "acc": 0.736,
      "f1": 0.6872037914691943,
      "pre": 0.8430232558139535,
      "recall": 0.58,
      "auroc": 0.843456,
      "optimal_threshold": 0.42201173305511475,
      "tpr_at_fpr_0_01": 0.272,
      "fpr95": 0.632,
      "aupr": 0.8603658817412488
    },
    "layer_10": {
      "n_total": 500,
      "n_valid": 500,
      "n_val_total": 500,
      "n_val_valid": 500,
      "acc": 0.75,
      "f1": 0.691358024691358,
      "pre": 0.9032258064516129,
      "recall": 0.56,
      "auroc": 0.850128,
      "optimal_threshold": 0.42691633105278015,
      "tpr_at_fpr_0_01": 0.264,
      "fpr95": 0.624,
      "aupr": 0.866654052624383
    },
    "layer_11": {
      "n_total": 500,
      "n_valid": 500,
      "n_val_total": 500,
      "n_val_valid": 500,
      "acc": 0.81,
      "f1": 0.7764705882352941,
      "pre": 0.9428571428571428,
      "recall": 0.66,
      "auroc": 0.9159999999999999,
      "optimal_threshold": 0.36760959029197693,
      "tpr_at_fpr_0_01": 0.48,
      "fpr95": 0.48,
      "aupr": 0.9260333919965043
    },
    "layer_12": {
      "n_total": 500,
      "n_valid": 500,
      "n_val_total": 500,
      "n_val_valid": 500,
      "acc": 0.804,
      "f1": 0.7941176470588235,
      "pre": 0.8362831858407079,
      "recall": 0.756,
      "auroc": 0.8978079999999999,
      "optimal_threshold": 0.3667290508747101,
      "tpr_at_fpr_0_01": 0.424,
      "fpr95": 0.488,
      "aupr": 0.9093833804040968
    },
    "layer_13": {
      "n_total": 500,
      "n_valid": 500,
      "n_val_total": 500,
      "n_val_valid": 500,
      "acc": 0.8,
      "f1": 0.7757847533632287,
      "pre": 0.8826530612244898,
      "recall": 0.692,
      "auroc": 0.9037439999999999,
      "optimal_threshold": 0.3578614294528961,
      "tpr_at_fpr_0_01": 0.448,
      "fpr95": 0.508,
      "aupr": 0.916729591436937
    },
    "layer_14": {
      "n_total": 500,
      "n_valid": 500,
      "n_val_total": 500,
      "n_val_valid": 500,
      "acc": 0.82,
      "f1": 0.7991071428571429,
      "pre": 0.9040404040404041,
      "recall": 0.716,
      "auroc": 0.913216,
      "optimal_threshold": 0.3447636067867279,
      "tpr_at_fpr_0_01": 0.512,
      "fpr95": 0.52,
      "aupr": 0.9241347998948322
    },
    "layer_15": {
      "n_total": 500,
      "n_valid": 500,
      "n_val_total": 500,
      "n_val_valid": 500,
      "acc": 0.776,
      "f1": 0.7185929648241206,
      "pre": 0.9662162162162162,
      "recall": 0.572,
      "auroc": 0.91752,
      "optimal_threshold": 0.34239462018013,
      "tpr_at_fpr_0_01": 0.484,
      "fpr95": 0.396,
      "aupr": 0.9261804306186792
    },
    "layer_16": {
      "n_total": 500,
      "n_valid": 500,
      "n_val_total": 500,
      "n_val_valid": 500,
      "acc": 0.794,
      "f1": 0.7529976019184652,
      "pre": 0.9401197604790419,
      "recall": 0.628,
      "auroc": 0.914256,
      "optimal_threshold": 0.3346458077430725,
      "tpr_at_fpr_0_01": 0.432,
      "fpr95": 0.436,
      "aupr": 0.9216576996268101
    },
    "layer_17": {
      "n_total": 500,
      "n_valid": 500,
      "n_val_total": 500,
      "n_val_valid": 500,
      "acc": 0.732,
      "f1": 0.6417112299465241,
      "pre": 0.967741935483871,
      "recall": 0.48,
      "auroc": 0.9179839999999999,
      "optimal_threshold": 0.4208426773548126,
      "tpr_at_fpr_0_01": 0.468,
      "fpr95": 0.468,
      "aupr": 0.9282349178885283
    },
    "layer_18": {
      "n_total": 500,
      "n_valid": 500,
      "n_val_total": 500,
      "n_val_valid": 500,
      "acc": 0.78,
      "f1": 0.729064039408867,
      "pre": 0.9487179487179487,
      "recall": 0.592,
      "auroc": 0.9200159999999998,
      "optimal_threshold": 0.3651109039783478,
      "tpr_at_fpr_0_01": 0.448,
      "fpr95": 0.44,
      "aupr": 0.9290907076159025
    },
    "layer_19": {
      "n_total": 500,
      "n_valid": 500,
      "n_val_total": 500,
      "n_val_valid": 500,
      "acc": 0.67,
      "f1": 0.5074626865671642,
      "pre": 1.0,
      "recall": 0.34,
      "auroc": 0.928656,
      "optimal_threshold": 0.44847968220710754,
      "tpr_at_fpr_0_01": 0.528,
      "fpr95": 0.392,