{
  "args": {
    "model": "llama_8b",
    "dataset": "multitude_en",
    "mode": "clean_topic_val",
    "token_mode": "last_token",
    "prefix": false,
    "smoke_test": false,
    "ood": [
      "multitude_de",
      "multitude_nl",
      "multitude_pt",
      "multitude_ro",
      "multitude_uk"
    ],
    "pca_components": 0,
    "normalize_scores": true,
    "ablation_set": "human",
    "manifold": true
  },
  "steering_domain": "multitude_en",
  "eval_domain": "multitude_nl",
  "n_samples": 500,
  "n_layers": 33,
  "metrics_per_layer": {
    "layer_1": {
      "n_total": 500,
      "n_valid": 500,
      "n_val_total": 500,
      "n_val_valid": 500,
      "acc": 0.5,
      "f1": 0.0,
      "pre": 0.0,
      "recall": 0.0,
      "auroc": 0.574808,
      "optimal_threshold": 0.8830054998397827,
      "tpr_at_fpr_0_01": 0.0,
      "fpr95": 0.812,
      "aupr": 0.5417364076181836
    },
    "layer_2": {
      "n_total": 500,
      "n_valid": 500,
      "n_val_total": 500,
      "n_val_valid": 500,
      "acc": 0.51,
      "f1": 0.0392156862745098,
      "pre": 1.0,
      "recall": 0.02,
      "auroc": 0.8052,
      "optimal_threshold": 0.7257143259048462,
      "tpr_at_fpr_0_01": 0.044,
      "fpr95": 0.576,
      "aupr": 0.7763223115804001
    },
    "layer_3": {
      "n_total": 500,
      "n_valid": 500,
      "n_val_total": 500,
      "n_val_valid": 500,
      "acc": 0.66,
      "f1": 0.49404761904761907,
      "pre": 0.9651162790697675,
      "recall": 0.332,
      "auroc": 0.8939039999999999,
      "optimal_threshold": 0.6773491501808167,
      "tpr_at_fpr_0_01": 0.324,
      "fpr95": 0.444,
      "aupr": 0.8924476778428889
    },
    "layer_4": {
      "n_total": 500,
      "n_valid": 500,
      "n_val_total": 500,
      "n_val_valid": 500,
      "acc": 0.808,
      "f1": 0.7658536585365854,
      "pre": 0.98125,
      "recall": 0.628,
      "auroc": 0.9754720000000001,
      "optimal_threshold": 0.6237577199935913,
      "tpr_at_fpr_0_01": 0.516,
      "fpr95": 0.1,
      "aupr": 0.9773074147107894
    },
    "layer_5": {
      "n_total": 500,
      "n_valid": 500,
      "n_val_total": 500,
      "n_val_valid": 500,
      "acc": 0.948,
      "f1": 0.9458333333333333,
      "pre": 0.9869565217391304,
      "recall": 0.908,
      "auroc": 0.98848,
      "optimal_threshold": 0.4474397599697113,
      "tpr_at_fpr_0_01": 0.876,
      "fpr95": 0.036,
      "aupr": 0.9900951900451793
    },
    "layer_6": {
      "n_total": 500,
      "n_valid": 500,
      "n_val_total": 500,
      "n_val_valid": 500,
      "acc": 0.944,
      "f1": 0.9411764705882353,
      "pre": 0.9911504424778761,
      "recall": 0.896,
      "auroc": 0.9902880000000001,
      "optimal_threshold": 0.3870142102241516,
      "tpr_at_fpr_0_01": 0.896,
      "fpr95": 0.04,
      "aupr": 0.9918722722126854
    },
    "layer_7": {
      "n_total": 500,
      "n_valid": 500,
      "n_val_total": 500,
      "n_val_valid": 500,
      "acc": 0.952,
      "f1": 0.950207468879668,
      "pre": 0.9870689655172413,
      "recall": 0.916,
      "auroc": 0.9884000000000001,
      "optimal_threshold": 0.38794150948524475,
      "tpr_at_fpr_0_01": 0.916,
      "fpr95": 0.044,
      "aupr": 0.9908097854246978
    },
    "layer_8": {
      "n_total": 500,
      "n_valid": 500,
      "n_val_total": 500,
      "n_val_valid": 500,
      "acc": 0.952,
      "f1": 0.9495798319327731,
      "pre": 1.0,
      "recall": 0.904,
      "auroc": 0.992928,
      "optimal_threshold": 0.4557459056377411,
      "tpr_at_fpr_0_01": 0.928,
      "fpr95": 0.04,
      "aupr": 0.9937099269686969
    },
    "layer_9": {
      "n_total": 500,
      "n_valid": 500,
      "n_val_total": 500,
      "n_val_valid": 500,
      "acc": 0.958,
      "f1": 0.9565217391304348,
      "pre": 0.9914163090128756,
      "recall": 0.924,
      "auroc": 0.9916959999999999,
      "optimal_threshold": 0.4196299910545349,
      "tpr_at_fpr_0_01": 0.924,
      "fpr95": 0.036,
      "aupr": 0.9929202893350132
    },
    "layer_10": {
      "n_total": 500,
      "n_valid": 500,
      "n_val_total": 500,
      "n_val_valid": 500,
      "acc": 0.972,
      "f1": 0.9711934156378601,
      "pre": 1.0,
      "recall": 0.944,
      "auroc": 0.993216,
      "optimal_threshold": 0.39616668224334717,
      "tpr_at_fpr_0_01": 0.944,
      "fpr95": 0.024,
      "aupr": 0.9941673393471112
    },
    "layer_11": {
      "n_total": 500,
      "n_valid": 500,
      "n_val_total": 500,
      "n_val_valid": 500,
      "acc": 0.97,
      "f1": 0.9690721649484536,
      "pre": 1.0,
      "recall": 0.94,
      "auroc": 0.995664,
      "optimal_threshold": 0.3839450478553772,
      "tpr_at_fpr_0_01": 0.944,
      "fpr95": 0.024,
      "aupr": 0.9960256421975461
    },
    "layer_12": {
      "n_total": 500,
      "n_valid": 500,
      "n_val_total": 500,
      "n_val_valid": 500,
      "acc": 0.964,
      "f1": 0.9631147540983607,
      "pre": 0.9873949579831933,
      "recall": 0.94,
      "auroc": 0.9936480000000001,
      "optimal_threshold": 0.3736219108104706,
      "tpr_at_fpr_0_01": 0.94,
      "fpr95": 0.032,
      "aupr": 0.9944148998211814
    },
    "layer_13": {
      "n_total": 500,
      "n_valid": 500,
      "n_val_total": 500,
      "n_val_valid": 500,
      "acc": 0.968,
      "f1": 0.9670781893004116,
      "pre": 0.9957627118644068,
      "recall": 0.94,
      "auroc": 0.9943839999999999,
      "optimal_threshold": 0.37913429737091064,
      "tpr_at_fpr_0_01": 0.94,
      "fpr95": 0.036,
      "aupr": 0.9949959983401884
    },
    "layer_14": {
      "n_total": 500,
      "n_valid": 500,
      "n_val_total": 500,
      "n_val_valid": 500,
      "acc": 0.964,
      "f1": 0.963265306122449,
      "pre": 0.9833333333333333,
      "recall": 0.944,
      "auroc": 0.995056,
      "optimal_threshold": 0.3737965524196625,
      "tpr_at_fpr_0_01": 0.94,
      "fpr95": 0.02,
      "aupr": 0.995475187031358
    },
    "layer_15": {
      "n_total": 500,
      "n_valid": 500,
      "n_val_total": 500,
      "n_val_valid": 500,
      "acc": 0.964,
      "f1": 0.9631147540983607,
      "pre": 0.9873949579831933,
      "recall": 0.94,
      "auroc": 0.995536,
      "optimal_threshold": 0.38020551204681396,
      "tpr_at_fpr_0_01": 0.936,
      "fpr95": 0.016,
      "aupr": 0.9958974492075346
    },
    "layer_16": {
      "n_total": 500,
      "n_valid": 500,
      "n_val_total": 500,
      "n_val_valid": 500,
      "acc": 0.954,
      "f1": 0.9535353535353536,
      "pre": 0.963265306122449,
      "recall": 0.944,
      "auroc": 0.9930239999999999,
      "optimal_threshold": 0.3536906838417053,
      "tpr_at_fpr_0_01": 0.936,
      "fpr95": 0.036,
      "aupr": 0.9938964298740955
    },
    "layer_17": {
      "n_total": 500,
      "n_valid": 500,
      "n_val_total": 500,
      "n_val_valid": 500,
      "acc": 0.954,
      "f1": 0.9546351084812623,
      "pre": 0.9416342412451362,
      "recall": 0.968,
      "auroc": 0.99408,
      "optimal_threshold": 0.3412992060184479,
      "tpr_at_fpr_0_01": 0.948,
      "fpr95": 0.012,
      "aupr": 0.9948453005909388
    },
    "layer_18": {
      "n_total": 500,
      "n_valid": 500,
      "n_val_total": 500,
      "n_val_valid": 500,
      "acc": 0.934,
      "f1": 0.9359223300970874,
      "pre": 0.909433962264151,
      "recall": 0.964,
      "auroc": 0.991264,
      "optimal_threshold": 0.34500160813331604,
      "tpr_at_fpr_0_01": 0.94,
      "fpr95": 0.052,
      "aupr": 0.9925842044287101
    },
    "layer_19": {
      "n_total": 500,
      "n_valid": 500,
      "n_val_total": 500,
      "n_val_valid": 500,
      "acc": 0.93,
      "f1": 0.9315068493150684,
      "pre": 0.9118773946360154,
      "recall": 0.952,
      "auroc": 0.98568,
      "optimal_threshold": 0.3487878143787384,
      "tpr_at_fpr_0_01": 0.94,
      "fpr95": 0.036,
      "aupr": 0.9891920230900784
    },
    "layer_20": {
      "n_total": 500,
      "n_valid": 500,
      "n_val_total": 500,
      "n_val_valid": 500,
      "acc": 0.924,