{
  "args": {
    "model": "llama_8b",
    "dataset": "multitude_en",
    "mode": "clean_topic_val",
    "token_mode": "last_token",
    "prefix": false,
    "smoke_test": false,
    "ood": [
      "multitude_de",
      "multitude_nl",
      "multitude_pt",
      "multitude_uk"
    ],
    "pca_components": 0,
    "normalize_scores": true,
    "manifold": true
  },
  "steering_domain": "multitude_en",
  "eval_domain": "multitude_en",
  "n_samples": 500,
  "n_layers": 33,
  "metrics_per_layer": {
    "layer_1": {
      "n_total": 500,
      "n_valid": 500,
      "n_val_total": 500,
      "n_val_valid": 500,
      "acc": 0.426,
      "f1": 0.0,
      "pre": 0.0,
      "recall": 0.0,
      "auroc": 0.49244000000000004,
      "optimal_threshold": 0.8609009981155396,
      "tpr_at_fpr_0_01": 0.0,
      "fpr95": 0.864,
      "aupr": 0.5354516401252212
    },
    "layer_2": {
      "n_total": 500,
      "n_valid": 500,
      "n_val_total": 500,
      "n_val_valid": 500,
      "acc": 0.85,
      "f1": 0.857685009487666,
      "pre": 0.8158844765342961,
      "recall": 0.904,
      "auroc": 0.903216,
      "optimal_threshold": 0.7109655737876892,
      "tpr_at_fpr_0_01": 0.136,
      "fpr95": 0.308,
      "aupr": 0.8619675221874331
    },
    "layer_3": {
      "n_total": 500,
      "n_valid": 500,
      "n_val_total": 500,
      "n_val_valid": 500,
      "acc": 0.856,
      "f1": 0.8690909090909091,
      "pre": 0.7966666666666666,
      "recall": 0.956,
      "auroc": 0.8884479999999999,
      "optimal_threshold": 0.6182051301002502,
      "tpr_at_fpr_0_01": 0.012,
      "fpr95": 0.24,
      "aupr": 0.80178292572899
    },
    "layer_4": {
      "n_total": 500,
      "n_valid": 500,
      "n_val_total": 500,
      "n_val_valid": 500,
      "acc": 0.872,
      "f1": 0.8832116788321168,
      "pre": 0.8120805369127517,
      "recall": 0.968,
      "auroc": 0.867248,
      "optimal_threshold": 0.4886014461517334,
      "tpr_at_fpr_0_01": 0.0,
      "fpr95": 0.196,
      "aupr": 0.7346064577473388
    },
    "layer_5": {
      "n_total": 500,
      "n_valid": 500,
      "n_val_total": 500,
      "n_val_valid": 500,
      "acc": 0.844,
      "f1": 0.8597122302158273,
      "pre": 0.7810457516339869,
      "recall": 0.956,
      "auroc": 0.826272,
      "optimal_threshold": 0.3158639669418335,
      "tpr_at_fpr_0_01": 0.0,
      "fpr95": 0.264,
      "aupr": 0.6774353590264973
    },
    "layer_6": {
      "n_total": 500,
      "n_valid": 500,
      "n_val_total": 500,
      "n_val_valid": 500,
      "acc": 0.856,
      "f1": 0.8676470588235294,
      "pre": 0.8027210884353742,
      "recall": 0.944,
      "auroc": 0.845424,
      "optimal_threshold": 0.2976037859916687,
      "tpr_at_fpr_0_01": 0.0,
      "fpr95": 0.24,
      "aupr": 0.702209004993025
    },
    "layer_7": {
      "n_total": 500,
      "n_valid": 500,
      "n_val_total": 500,
      "n_val_valid": 500,
      "acc": 0.832,
      "f1": 0.852112676056338,
      "pre": 0.7610062893081762,
      "recall": 0.968,
      "auroc": 0.795872,
      "optimal_threshold": 0.29311108589172363,
      "tpr_at_fpr_0_01": 0.0,
      "fpr95": 0.3,
      "aupr": 0.6499679011434263
    },
    "layer_8": {
      "n_total": 500,
      "n_valid": 500,
      "n_val_total": 500,
      "n_val_valid": 500,
      "acc": 0.802,
      "f1": 0.818348623853211,
      "pre": 0.7559322033898305,
      "recall": 0.892,
      "auroc": 0.780864,
      "optimal_threshold": 0.34488433599472046,
      "tpr_at_fpr_0_01": 0.0,
      "fpr95": 0.312,
      "aupr": 0.6355027735532133
    },
    "layer_9": {
      "n_total": 500,
      "n_valid": 500,
      "n_val_total": 500,
      "n_val_valid": 500,
      "acc": 0.636,
      "f1": 0.6738351254480287,
      "pre": 0.6103896103896104,
      "recall": 0.752,
      "auroc": 0.6730719999999999,
      "optimal_threshold": 0.44631874561309814,
      "tpr_at_fpr_0_01": 0.0,
      "fpr95": 0.696,
      "aupr": 0.582890107617458
    },
    "layer_10": {
      "n_total": 500,
      "n_valid": 500,
      "n_val_total": 500,
      "n_val_valid": 500,
      "acc": 0.564,
      "f1": 0.6666666666666666,
      "pre": 0.5396039603960396,
      "recall": 0.872,
      "auroc": 0.6382399999999999,
      "optimal_threshold": 0.3318435251712799,
      "tpr_at_fpr_0_01": 0.092,
      "fpr95": 0.836,
      "aupr": 0.6539918253648229
    },
    "layer_11": {
      "n_total": 500,
      "n_valid": 500,
      "n_val_total": 500,
      "n_val_valid": 500,
      "acc": 0.578,
      "f1": 0.418732782369146,
      "pre": 0.672566371681416,
      "recall": 0.304,
      "auroc": 0.618976,
      "optimal_threshold": 0.6048626899719238,
      "tpr_at_fpr_0_01": 0.108,
      "fpr95": 0.844,
      "aupr": 0.643085885133552
    },
    "layer_12": {
      "n_total": 500,
      "n_valid": 500,
      "n_val_total": 500,
      "n_val_valid": 500,
      "acc": 0.58,
      "f1": 0.35185185185185186,
      "pre": 0.7702702702702703,
      "recall": 0.228,
      "auroc": 0.623888,
      "optimal_threshold": 0.549531102180481,
      "tpr_at_fpr_0_01": 0.164,
      "fpr95": 0.832,
      "aupr": 0.6700374014357884
    },
    "layer_13": {
      "n_total": 500,
      "n_valid": 500,
      "n_val_total": 500,
      "n_val_valid": 500,
      "acc": 0.568,
      "f1": 0.29411764705882354,
      "pre": 0.8035714285714286,
      "recall": 0.18,
      "auroc": 0.6275999999999999,
      "optimal_threshold": 0.6029462814331055,
      "tpr_at_fpr_0_01": 0.14,
      "fpr95": 0.816,
      "aupr": 0.6622048374774462
    },
    "layer_14": {
      "n_total": 500,
      "n_valid": 500,
      "n_val_total": 500,
      "n_val_valid": 500,
      "acc": 0.582,
      "f1": 0.473551637279597,
      "pre": 0.6394557823129252,
      "recall": 0.376,
      "auroc": 0.6264480000000001,
      "optimal_threshold": 0.5099002718925476,
      "tpr_at_fpr_0_01": 0.164,
      "fpr95": 0.884,
      "aupr": 0.6727068119958044
    },
    "layer_15": {
      "n_total": 500,
      "n_valid": 500,
      "n_val_total": 500,
      "n_val_valid": 500,
      "acc": 0.604,
      "f1": 0.5025125628140703,
      "pre": 0.6756756756756757,
      "recall": 0.4,
      "auroc": 0.640416,
      "optimal_threshold": 0.5348193645477295,
      "tpr_at_fpr_0_01": 0.208,
      "fpr95": 0.928,
      "aupr": 0.6969958465977186
    },
    "layer_16": {
      "n_total": 500,
      "n_valid": 500,
      "n_val_total": 500,
      "n_val_valid": 500,
      "acc": 0.602,
      "f1": 0.4884318766066838,
      "pre": 0.6834532374100719,
      "recall": 0.38,
      "auroc": 0.6419360000000001,
      "optimal_threshold": 0.5365638136863708,
      "tpr_at_fpr_0_01": 0.204,
      "fpr95": 0.936,
      "aupr": 0.6989737010687194
    },
    "layer_17": {
      "n_total": 500,
      "n_valid": 500,
      "n_val_total": 500,
      "n_val_valid": 500,
      "acc": 0.596,
      "f1": 0.38414634146341464,
      "pre": 0.8076923076923077,
      "recall": 0.252,
      "auroc": 0.642352,
      "optimal_threshold": 0.5984854102134705,
      "tpr_at_fpr_0_01": 0.108,
      "fpr95": 0.88,
      "aupr": 0.6709861894692201
    },
    "layer_18": {
      "n_total": 500,
      "n_valid": 500,
      "n_val_total": 500,
      "n_val_valid": 500,
      "acc": 0.606,
      "f1": 0.54292343387471,
      "pre": 0.6464088397790055,
      "recall": 0.468,
      "auroc": 0.6637600000000001,
      "optimal_threshold": 0.5029227137565613,
      "tpr_at_fpr_0_01": 0.096,
      "fpr95": 0.844,
      "aupr": 0.674211810674725
    },
    "layer_19": {
      "n_total": 500,
      "n_valid": 500,
      "n_val_total": 500,
      "n_val_valid": 500,
      "acc": 0.582,
      "f1": 0.4178272980501393,
      "pre": 0.6880733944954128,
      "recall": 0.3,
      "auroc": 0.6479039999999999,
      "optimal_threshold": 0.572501003742218,
      "tpr_at_fpr_0_01": 0.116,
      "fpr95": 0.844,
      "aupr": 0.6687957236571374
    },
    "layer_20": {
      "n_total": 500,
      "n_valid": 500,
      "n_val_total": 500,
      "n_val_valid": 500,