{
  "args": {
    "model": "llama_8b",
    "dataset": "multitude_en",
    "mode": "clean_topic_val",
    "token_mode": "last_token",
    "prefix": false,
    "smoke_test": false,
    "ood": [
      "multitude_de",
      "multitude_nl",
      "multitude_pt",
      "multitude_uk"
    ],
    "pca_components": 0,
    "normalize_scores": true,
    "manifold": true
  },
  "steering_domain": "multitude_en",
  "eval_domain": "multitude_nl",
  "n_samples": 500,
  "n_layers": 33,
  "metrics_per_layer": {
    "layer_1": {
      "n_total": 500,
      "n_valid": 500,
      "n_val_total": 500,
      "n_val_valid": 500,
      "acc": 0.5,
      "f1": 0.0,
      "pre": 0.0,
      "recall": 0.0,
      "auroc": 0.574936,
      "optimal_threshold": 0.8609009981155396,
      "tpr_at_fpr_0_01": 0.0,
      "fpr95": 0.812,
      "aupr": 0.5417700697180254
    },
    "layer_2": {
      "n_total": 500,
      "n_valid": 500,
      "n_val_total": 500,
      "n_val_valid": 500,
      "acc": 0.492,
      "f1": 0.03787878787878788,
      "pre": 0.35714285714285715,
      "recall": 0.02,
      "auroc": 0.7611679999999998,
      "optimal_threshold": 0.7109655737876892,
      "tpr_at_fpr_0_01": 0.0,
      "fpr95": 0.592,
      "aupr": 0.6705329697578695
    },
    "layer_3": {
      "n_total": 500,
      "n_valid": 500,
      "n_val_total": 500,
      "n_val_valid": 500,
      "acc": 0.658,
      "f1": 0.5390835579514824,
      "pre": 0.8264462809917356,
      "recall": 0.4,
      "auroc": 0.84416,
      "optimal_threshold": 0.6182051301002502,
      "tpr_at_fpr_0_01": 0.0,
      "fpr95": 0.416,
      "aupr": 0.7636682129557575
    },
    "layer_4": {
      "n_total": 500,
      "n_valid": 500,
      "n_val_total": 500,
      "n_val_valid": 500,
      "acc": 0.876,
      "f1": 0.8697478991596639,
      "pre": 0.915929203539823,
      "recall": 0.828,
      "auroc": 0.931632,
      "optimal_threshold": 0.4886014461517334,
      "tpr_at_fpr_0_01": 0.0,
      "fpr95": 0.196,
      "aupr": 0.868211634942263
    },
    "layer_5": {
      "n_total": 500,
      "n_valid": 500,
      "n_val_total": 500,
      "n_val_valid": 500,
      "acc": 0.876,
      "f1": 0.8713692946058091,
      "pre": 0.9051724137931034,
      "recall": 0.84,
      "auroc": 0.9281119999999998,
      "optimal_threshold": 0.3158639669418335,
      "tpr_at_fpr_0_01": 0.0,
      "fpr95": 0.2,
      "aupr": 0.8520987541049457
    },
    "layer_6": {
      "n_total": 500,
      "n_valid": 500,
      "n_val_total": 500,
      "n_val_valid": 500,
      "acc": 0.832,
      "f1": 0.8090909090909091,
      "pre": 0.9368421052631579,
      "recall": 0.712,
      "auroc": 0.9402880000000001,
      "optimal_threshold": 0.2976037859916687,
      "tpr_at_fpr_0_01": 0.0,
      "fpr95": 0.196,
      "aupr": 0.8757970768091384
    },
    "layer_7": {
      "n_total": 500,
      "n_valid": 500,
      "n_val_total": 500,
      "n_val_valid": 500,
      "acc": 0.9,
      "f1": 0.9074074074074074,
      "pre": 0.8448275862068966,
      "recall": 0.98,
      "auroc": 0.9334720000000001,
      "optimal_threshold": 0.29311108589172363,
      "tpr_at_fpr_0_01": 0.0,
      "fpr95": 0.128,
      "aupr": 0.8540140429234806
    },
    "layer_8": {
      "n_total": 500,
      "n_valid": 500,
      "n_val_total": 500,
      "n_val_valid": 500,
      "acc": 0.854,
      "f1": 0.8604206500956023,
      "pre": 0.8241758241758241,
      "recall": 0.9,
      "auroc": 0.906416,
      "optimal_threshold": 0.34488433599472046,
      "tpr_at_fpr_0_01": 0.0,
      "fpr95": 0.272,
      "aupr": 0.8351958787115257
    },
    "layer_9": {
      "n_total": 500,
      "n_valid": 500,
      "n_val_total": 500,
      "n_val_valid": 500,
      "acc": 0.584,
      "f1": 0.659016393442623,
      "pre": 0.5583333333333333,
      "recall": 0.804,
      "auroc": 0.66032,
      "optimal_threshold": 0.44631874561309814,
      "tpr_at_fpr_0_01": 0.008,
      "fpr95": 0.892,
      "aupr": 0.6426953518213856
    },
    "layer_10": {
      "n_total": 500,
      "n_valid": 500,
      "n_val_total": 500,
      "n_val_valid": 500,
      "acc": 0.492,
      "f1": 0.6412429378531074,
      "pre": 0.49563318777292575,
      "recall": 0.908,
      "auroc": 0.567712,
      "optimal_threshold": 0.3318435251712799,
      "tpr_at_fpr_0_01": 0.06,
      "fpr95": 0.956,
      "aupr": 0.6017529328061085
    },
    "layer_11": {
      "n_total": 500,
      "n_valid": 500,
      "n_val_total": 500,
      "n_val_valid": 500,
      "acc": 0.55,
      "f1": 0.3076923076923077,
      "pre": 0.6666666666666666,
      "recall": 0.2,
      "auroc": 0.5572159999999999,
      "optimal_threshold": 0.6048626899719238,
      "tpr_at_fpr_0_01": 0.048,
      "fpr95": 0.976,
      "aupr": 0.5929166934841468
    },
    "layer_12": {
      "n_total": 500,
      "n_valid": 500,
      "n_val_total": 500,
      "n_val_valid": 500,
      "acc": 0.55,
      "f1": 0.28115015974440893,
      "pre": 0.6984126984126984,
      "recall": 0.176,
      "auroc": 0.584128,
      "optimal_threshold": 0.549531102180481,
      "tpr_at_fpr_0_01": 0.032,
      "fpr95": 0.976,
      "aupr": 0.6078025598725871
    },
    "layer_13": {
      "n_total": 500,
      "n_valid": 500,
      "n_val_total": 500,
      "n_val_valid": 500,
      "acc": 0.528,
      "f1": 0.19727891156462585,
      "pre": 0.6590909090909091,
      "recall": 0.116,
      "auroc": 0.6079999999999999,
      "optimal_threshold": 0.6029462814331055,
      "tpr_at_fpr_0_01": 0.028,
      "fpr95": 0.96,
      "aupr": 0.6192511062112183
    },
    "layer_14": {
      "n_total": 500,
      "n_valid": 500,
      "n_val_total": 500,
      "n_val_valid": 500,
      "acc": 0.608,
      "f1": 0.5701754385964912,
      "pre": 0.6310679611650486,
      "recall": 0.52,
      "auroc": 0.6483840000000001,
      "optimal_threshold": 0.5099002718925476,
      "tpr_at_fpr_0_01": 0.044,
      "fpr95": 0.928,
      "aupr": 0.6650080434280251
    },
    "layer_15": {
      "n_total": 500,
      "n_valid": 500,
      "n_val_total": 500,
      "n_val_valid": 500,
      "acc": 0.554,
      "f1": 0.46522781774580335,
      "pre": 0.5808383233532934,
      "recall": 0.388,
      "auroc": 0.5436319999999999,
      "optimal_threshold": 0.5348193645477295,
      "tpr_at_fpr_0_01": 0.024,
      "fpr95": 0.96,
      "aupr": 0.5791888164507926
    },
    "layer_16": {
      "n_total": 500,
      "n_valid": 500,
      "n_val_total": 500,
      "n_val_valid": 500,
      "acc": 0.556,
      "f1": 0.3546511627906977,
      "pre": 0.648936170212766,
      "recall": 0.244,
      "auroc": 0.522576,
      "optimal_threshold": 0.5365638136863708,
      "tpr_at_fpr_0_01": 0.024,
      "fpr95": 0.956,
      "aupr": 0.5713203532883601
    },
    "layer_17": {
      "n_total": 500,
      "n_valid": 500,
      "n_val_total": 500,
      "n_val_valid": 500,
      "acc": 0.52,
      "f1": 0.14285714285714285,
      "pre": 0.6666666666666666,
      "recall": 0.08,
      "auroc": 0.440576,
      "optimal_threshold": 0.5984854102134705,
      "tpr_at_fpr_0_01": 0.028,
      "fpr95": 0.956,
      "aupr": 0.51530138326471
    },
    "layer_18": {
      "n_total": 500,
      "n_valid": 500,
      "n_val_total": 500,
      "n_val_valid": 500,
      "acc": 0.492,
      "f1": 0.4147465437788018,
      "pre": 0.4891304347826087,
      "recall": 0.36,
      "auroc": 0.48075199999999996,
      "optimal_threshold": 0.5029227137565613,
      "tpr_at_fpr_0_01": 0.024,
      "fpr95": 0.964,
      "aupr": 0.5413700511581407
    },
    "layer_19": {
      "n_total": 500,
      "n_valid": 500,
      "n_val_total": 500,
      "n_val_valid": 500,
      "acc": 0.484,
      "f1": 0.31016042780748665,
      "pre": 0.46774193548387094,
      "recall": 0.232,
      "auroc": 0.419632,
      "optimal_threshold": 0.572501003742218,
      "tpr_at_fpr_0_01": 0.032,
      "fpr95": 0.964,
      "aupr": 0.4916766772012364
    },
    "layer_20": {
      "n_total": 500,
      "n_valid": 500,
      "n_val_total": 500,
      "n_val_valid": 500,