{
  "args": {
    "model": "llama_8b",
    "dataset": "tsm_paras_en_first_gpt4o",
    "mode": "clean_topic_val",
    "token_mode": "last_token",
    "prefix": false,
    "smoke_test": false,
    "ood": [
      "tsm_sums_en_gemini",
      "tsm_sums_en_deepseek",
      "tsm_sums_pt_gpt4o",
      "tsm_sums_pt_gemini",
      "tsm_sums_pt_deepseek",
      "tsm_sums_vi_gpt4o",
      "tsm_sums_vi_gemini",
      "tsm_sums_vi_deepseek"
    ],
    "pca_components": 0,
    "normalize_scores": true,
    "ablation_set": "human",
    "manifold": true
  },
  "steering_domain": "tsm_paras_en_first_gpt4o",
  "eval_domain": "tsm_sums_pt_gemini",
  "n_samples": 500,
  "n_layers": 33,
  "metrics_per_layer": {
    "layer_1": {
      "n_total": 500,
      "n_valid": 500,
      "n_val_total": 500,
      "n_val_valid": 500,
      "acc": 0.512,
      "f1": 0.6648351648351648,
      "pre": 0.5062761506276151,
      "recall": 0.968,
      "auroc": 0.519656,
      "optimal_threshold": 0.2659933865070343,
      "tpr_at_fpr_0_01": 0.02,
      "fpr95": 0.944,
      "aupr": 0.5154060749479846
    },
    "layer_2": {
      "n_total": 500,
      "n_valid": 500,
      "n_val_total": 500,
      "n_val_valid": 500,
      "acc": 0.476,
      "f1": 0.12080536912751678,
      "pre": 0.375,
      "recall": 0.072,
      "auroc": 0.46792,
      "optimal_threshold": 0.6244306564331055,
      "tpr_at_fpr_0_01": 0.008,
      "fpr95": 0.912,
      "aupr": 0.4688569144992094
    },
    "layer_3": {
      "n_total": 500,
      "n_valid": 500,
      "n_val_total": 500,
      "n_val_valid": 500,
      "acc": 0.49,
      "f1": 0.07272727272727272,
      "pre": 0.4,
      "recall": 0.04,
      "auroc": 0.453664,
      "optimal_threshold": 0.49087199568748474,
      "tpr_at_fpr_0_01": 0.0,
      "fpr95": 0.952,
      "aupr": 0.4664829507094316
    },
    "layer_4": {
      "n_total": 500,
      "n_valid": 500,
      "n_val_total": 500,
      "n_val_valid": 500,
      "acc": 0.5,
      "f1": 0.015748031496062992,
      "pre": 0.5,
      "recall": 0.008,
      "auroc": 0.4572,
      "optimal_threshold": 0.6495636701583862,
      "tpr_at_fpr_0_01": 0.008,
      "fpr95": 0.92,
      "aupr": 0.48069343185894076
    },
    "layer_5": {
      "n_total": 500,
      "n_valid": 500,
      "n_val_total": 500,
      "n_val_valid": 500,
      "acc": 0.516,
      "f1": 0.12949640287769784,
      "pre": 0.6428571428571429,
      "recall": 0.072,
      "auroc": 0.54848,
      "optimal_threshold": 0.47436872124671936,
      "tpr_at_fpr_0_01": 0.024,
      "fpr95": 0.9,
      "aupr": 0.5654164947405848
    },
    "layer_6": {
      "n_total": 500,
      "n_valid": 500,
      "n_val_total": 500,
      "n_val_valid": 500,
      "acc": 0.534,
      "f1": 0.12734082397003746,
      "pre": 1.0,
      "recall": 0.068,
      "auroc": 0.583696,
      "optimal_threshold": 0.4696045219898224,
      "tpr_at_fpr_0_01": 0.076,
      "fpr95": 0.928,
      "aupr": 0.6092674212626126
    },
    "layer_7": {
      "n_total": 500,
      "n_valid": 500,
      "n_val_total": 500,
      "n_val_valid": 500,
      "acc": 0.528,
      "f1": 0.11278195488721804,
      "pre": 0.9375,
      "recall": 0.06,
      "auroc": 0.617696,
      "optimal_threshold": 0.5069593191146851,
      "tpr_at_fpr_0_01": 0.064,
      "fpr95": 0.944,
      "aupr": 0.6358488398316038
    },
    "layer_8": {
      "n_total": 500,
      "n_valid": 500,
      "n_val_total": 500,
      "n_val_valid": 500,
      "acc": 0.558,
      "f1": 0.28938906752411575,
      "pre": 0.7377049180327869,
      "recall": 0.18,
      "auroc": 0.6157600000000001,
      "optimal_threshold": 0.4423779845237732,
      "tpr_at_fpr_0_01": 0.056,
      "fpr95": 0.924,
      "aupr": 0.6357327725606369
    },
    "layer_9": {
      "n_total": 500,
      "n_valid": 500,
      "n_val_total": 500,
      "n_val_valid": 500,
      "acc": 0.556,
      "f1": 0.3018867924528302,
      "pre": 0.7058823529411765,
      "recall": 0.192,
      "auroc": 0.564656,
      "optimal_threshold": 0.42201173305511475,
      "tpr_at_fpr_0_01": 0.064,
      "fpr95": 0.956,
      "aupr": 0.608335028188234
    },
    "layer_10": {
      "n_total": 500,
      "n_valid": 500,
      "n_val_total": 500,
      "n_val_valid": 500,
      "acc": 0.552,
      "f1": 0.28662420382165604,
      "pre": 0.703125,
      "recall": 0.18,
      "auroc": 0.5743199999999999,
      "optimal_threshold": 0.42691633105278015,
      "tpr_at_fpr_0_01": 0.1,
      "fpr95": 0.928,
      "aupr": 0.6171323728637016
    },
    "layer_11": {
      "n_total": 500,
      "n_valid": 500,
      "n_val_total": 500,
      "n_val_valid": 500,
      "acc": 0.556,
      "f1": 0.2838709677419355,
      "pre": 0.7333333333333333,
      "recall": 0.176,
      "auroc": 0.635136,
      "optimal_threshold": 0.36760959029197693,
      "tpr_at_fpr_0_01": 0.112,
      "fpr95": 0.9,
      "aupr": 0.6577381828948681
    },
    "layer_12": {
      "n_total": 500,
      "n_valid": 500,
      "n_val_total": 500,
      "n_val_valid": 500,
      "acc": 0.552,
      "f1": 0.3212121212121212,
      "pre": 0.6625,
      "recall": 0.212,
      "auroc": 0.604384,
      "optimal_threshold": 0.3667290508747101,
      "tpr_at_fpr_0_01": 0.08,
      "fpr95": 0.9,
      "aupr": 0.6245648330887578
    },
    "layer_13": {
      "n_total": 500,
      "n_valid": 500,
      "n_val_total": 500,
      "n_val_valid": 500,
      "acc": 0.562,
      "f1": 0.2958199356913183,
      "pre": 0.7540983606557377,
      "recall": 0.184,
      "auroc": 0.622272,
      "optimal_threshold": 0.3578614294528961,
      "tpr_at_fpr_0_01": 0.096,
      "fpr95": 0.932,
      "aupr": 0.646808619449827
    },
    "layer_14": {
      "n_total": 500,
      "n_valid": 500,
      "n_val_total": 500,
      "n_val_valid": 500,
      "acc": 0.552,
      "f1": 0.27741935483870966,
      "pre": 0.7166666666666667,
      "recall": 0.172,
      "auroc": 0.613896,
      "optimal_threshold": 0.3447636067867279,
      "tpr_at_fpr_0_01": 0.1,
      "fpr95": 0.892,
      "aupr": 0.6354591025950553
    },
    "layer_15": {
      "n_total": 500,
      "n_valid": 500,
      "n_val_total": 500,
      "n_val_valid": 500,
      "acc": 0.55,
      "f1": 0.1935483870967742,
      "pre": 0.9310344827586207,
      "recall": 0.108,
      "auroc": 0.623248,
      "optimal_threshold": 0.34239462018013,
      "tpr_at_fpr_0_01": 0.108,
      "fpr95": 0.888,
      "aupr": 0.6516479334750027
    },
    "layer_16": {
      "n_total": 500,
      "n_valid": 500,
      "n_val_total": 500,
      "n_val_valid": 500,
      "acc": 0.564,
      "f1": 0.2534246575342466,
      "pre": 0.8809523809523809,
      "recall": 0.148,
      "auroc": 0.6290560000000001,
      "optimal_threshold": 0.3346458077430725,
      "tpr_at_fpr_0_01": 0.132,
      "fpr95": 0.904,
      "aupr": 0.6626552902704861
    },
    "layer_17": {
      "n_total": 500,
      "n_valid": 500,
      "n_val_total": 500,
      "n_val_valid": 500,
      "acc": 0.528,
      "f1": 0.11940298507462686,
      "pre": 0.8888888888888888,
      "recall": 0.064,
      "auroc": 0.62808,
      "optimal_threshold": 0.4208426773548126,
      "tpr_at_fpr_0_01": 0.068,
      "fpr95": 0.892,
      "aupr": 0.6494816485561168
    },
    "layer_18": {
      "n_total": 500,
      "n_valid": 500,
      "n_val_total": 500,
      "n_val_valid": 500,
      "acc": 0.556,
      "f1": 0.23448275862068965,
      "pre": 0.85,
      "recall": 0.136,
      "auroc": 0.645616,
      "optimal_threshold": 0.3651109039783478,
      "tpr_at_fpr_0_01": 0.092,
      "fpr95": 0.92,
      "aupr": 0.6615677542613329
    },
    "layer_19": {
      "n_total": 500,
      "n_valid": 500,
      "n_val_total": 500,
      "n_val_valid": 500,
      "acc": 0.516,
      "f1": 0.06201550387596899,
      "pre": 1.0,
      "recall": 0.032,
      "auroc": 0.6559200000000001,
      "optimal_threshold": 0.44847968220710754,
      "tpr_at_fpr_0_01": 0.056,
      "fpr95": 0.86,
      "aupr": 0.655608759500245
    },