{
  "args": {
    "model": "llama_8b",
    "dataset": "tsm_paras_en_first_gpt4o",
    "mode": "clean_topic_val",
    "token_mode": "last_token",
    "prefix": false,
    "smoke_test": false,
    "ood": [
      "tsm_paras_en_first_gemini",
      "tsm_paras_en_first_deepseek",
      "tsm_paras_pt_first_gpt4o",
      "tsm_paras_pt_first_gemini",
      "tsm_paras_pt_first_deepseek",
      "tsm_paras_vi_first_gpt4o",
      "tsm_paras_vi_first_gemini",
      "tsm_paras_vi_first_deepseek"
    ],
    "pca_components": 0,
    "normalize_scores": true,
    "ablation_set": "human",
    "manifold": true
  },
  "steering_domain": "tsm_paras_en_first_gpt4o",
  "eval_domain": "tsm_paras_pt_first_deepseek",
  "n_samples": 500,
  "n_layers": 33,
  "metrics_per_layer": {
    "layer_1": {
      "n_total": 500,
      "n_valid": 500,
      "n_val_total": 500,
      "n_val_valid": 500,
      "acc": 0.53,
      "f1": 0.6628407460545194,
      "pre": 0.5167785234899329,
      "recall": 0.924,
      "auroc": 0.5468240000000001,
      "optimal_threshold": 0.2659933865070343,
      "tpr_at_fpr_0_01": 0.056,
      "fpr95": 0.936,
      "aupr": 0.5367754943217627
    },
    "layer_2": {
      "n_total": 500,
      "n_valid": 500,
      "n_val_total": 500,
      "n_val_valid": 500,
      "acc": 0.56,
      "f1": 0.32098765432098764,
      "pre": 0.7027027027027027,
      "recall": 0.208,
      "auroc": 0.6315200000000001,
      "optimal_threshold": 0.6244306564331055,
      "tpr_at_fpr_0_01": 0.06,
      "fpr95": 0.912,
      "aupr": 0.6306103534034688
    },
    "layer_3": {
      "n_total": 500,
      "n_valid": 500,
      "n_val_total": 500,
      "n_val_valid": 500,
      "acc": 0.528,
      "f1": 0.2185430463576159,
      "pre": 0.6346153846153846,
      "recall": 0.132,
      "auroc": 0.61336,
      "optimal_threshold": 0.49087199568748474,
      "tpr_at_fpr_0_01": 0.024,
      "fpr95": 0.968,
      "aupr": 0.5990612714097672
    },
    "layer_4": {
      "n_total": 500,
      "n_valid": 500,
      "n_val_total": 500,
      "n_val_valid": 500,
      "acc": 0.53,
      "f1": 0.11320754716981132,
      "pre": 1.0,
      "recall": 0.06,
      "auroc": 0.66384,
      "optimal_threshold": 0.6495636701583862,
      "tpr_at_fpr_0_01": 0.1,
      "fpr95": 0.908,
      "aupr": 0.6972096075785044
    },
    "layer_5": {
      "n_total": 500,
      "n_valid": 500,
      "n_val_total": 500,
      "n_val_valid": 500,
      "acc": 0.718,
      "f1": 0.6412213740458015,
      "pre": 0.8811188811188811,
      "recall": 0.504,
      "auroc": 0.8400319999999999,
      "optimal_threshold": 0.47436872124671936,
      "tpr_at_fpr_0_01": 0.304,
      "fpr95": 0.724,
      "aupr": 0.8586859422011168
    },
    "layer_6": {
      "n_total": 500,
      "n_valid": 500,
      "n_val_total": 500,
      "n_val_valid": 500,
      "acc": 0.714,
      "f1": 0.6038781163434903,
      "pre": 0.9819819819819819,
      "recall": 0.436,
      "auroc": 0.906096,
      "optimal_threshold": 0.4696045219898224,
      "tpr_at_fpr_0_01": 0.484,
      "fpr95": 0.436,
      "aupr": 0.9145423186053132
    },
    "layer_7": {
      "n_total": 500,
      "n_valid": 500,
      "n_val_total": 500,
      "n_val_valid": 500,
      "acc": 0.698,
      "f1": 0.5698005698005698,
      "pre": 0.9900990099009901,
      "recall": 0.4,
      "auroc": 0.909296,
      "optimal_threshold": 0.5069593191146851,
      "tpr_at_fpr_0_01": 0.476,
      "fpr95": 0.4,
      "aupr": 0.915572075538529
    },
    "layer_8": {
      "n_total": 500,
      "n_valid": 500,
      "n_val_total": 500,
      "n_val_valid": 500,
      "acc": 0.74,
      "f1": 0.6649484536082474,
      "pre": 0.9347826086956522,
      "recall": 0.516,
      "auroc": 0.9053920000000001,
      "optimal_threshold": 0.4423779845237732,
      "tpr_at_fpr_0_01": 0.444,
      "fpr95": 0.384,
      "aupr": 0.910417778239604
    },
    "layer_9": {
      "n_total": 500,
      "n_valid": 500,
      "n_val_total": 500,
      "n_val_valid": 500,
      "acc": 0.748,
      "f1": 0.6941747572815534,
      "pre": 0.8827160493827161,
      "recall": 0.572,
      "auroc": 0.878768,
      "optimal_threshold": 0.42201173305511475,
      "tpr_at_fpr_0_01": 0.364,
      "fpr95": 0.524,
      "aupr": 0.8866284647701025
    },
    "layer_10": {
      "n_total": 500,
      "n_valid": 500,
      "n_val_total": 500,
      "n_val_valid": 500,
      "acc": 0.744,
      "f1": 0.673469387755102,
      "pre": 0.9295774647887324,
      "recall": 0.528,
      "auroc": 0.8915039999999999,
      "optimal_threshold": 0.42691633105278015,
      "tpr_at_fpr_0_01": 0.368,
      "fpr95": 0.456,
      "aupr": 0.902005263652543
    },
    "layer_11": {
      "n_total": 500,
      "n_valid": 500,
      "n_val_total": 500,
      "n_val_valid": 500,
      "acc": 0.848,
      "f1": 0.8303571428571429,
      "pre": 0.9393939393939394,
      "recall": 0.744,
      "auroc": 0.943072,
      "optimal_threshold": 0.36760959029197693,
      "tpr_at_fpr_0_01": 0.596,
      "fpr95": 0.28,
      "aupr": 0.9499986932806553
    },
    "layer_12": {
      "n_total": 500,
      "n_valid": 500,
      "n_val_total": 500,
      "n_val_valid": 500,
      "acc": 0.848,
      "f1": 0.8311111111111111,
      "pre": 0.935,
      "recall": 0.748,
      "auroc": 0.93352,
      "optimal_threshold": 0.3667290508747101,
      "tpr_at_fpr_0_01": 0.596,
      "fpr95": 0.38,
      "aupr": 0.9431778418114556
    },
    "layer_13": {
      "n_total": 500,
      "n_valid": 500,
      "n_val_total": 500,
      "n_val_valid": 500,
      "acc": 0.832,
      "f1": 0.8082191780821918,
      "pre": 0.9414893617021277,
      "recall": 0.708,
      "auroc": 0.931328,
      "optimal_threshold": 0.3578614294528961,
      "tpr_at_fpr_0_01": 0.452,
      "fpr95": 0.352,
      "aupr": 0.9408038299076036
    },
    "layer_14": {
      "n_total": 500,
      "n_valid": 500,
      "n_val_total": 500,
      "n_val_valid": 500,
      "acc": 0.838,
      "f1": 0.8154897494305239,
      "pre": 0.9470899470899471,
      "recall": 0.716,
      "auroc": 0.936688,
      "optimal_threshold": 0.3447636067867279,
      "tpr_at_fpr_0_01": 0.52,
      "fpr95": 0.296,
      "aupr": 0.9445273734742013
    },
    "layer_15": {
      "n_total": 500,
      "n_valid": 500,
      "n_val_total": 500,
      "n_val_valid": 500,
      "acc": 0.792,
      "f1": 0.7438423645320197,
      "pre": 0.967948717948718,
      "recall": 0.604,
      "auroc": 0.935008,
      "optimal_threshold": 0.34239462018013,
      "tpr_at_fpr_0_01": 0.544,
      "fpr95": 0.34,
      "aupr": 0.9426378715014616
    },
    "layer_16": {
      "n_total": 500,
      "n_valid": 500,
      "n_val_total": 500,
      "n_val_valid": 500,
      "acc": 0.8,
      "f1": 0.7596153846153846,
      "pre": 0.9518072289156626,
      "recall": 0.632,
      "auroc": 0.9288959999999999,
      "optimal_threshold": 0.3346458077430725,
      "tpr_at_fpr_0_01": 0.464,
      "fpr95": 0.348,
      "aupr": 0.9359146674117427
    },
    "layer_17": {
      "n_total": 500,
      "n_valid": 500,
      "n_val_total": 500,
      "n_val_valid": 500,
      "acc": 0.792,
      "f1": 0.7523809523809524,
      "pre": 0.9294117647058824,
      "recall": 0.632,
      "auroc": 0.943904,
      "optimal_threshold": 0.4208426773548126,
      "tpr_at_fpr_0_01": 0.5,
      "fpr95": 0.236,
      "aupr": 0.9461968939740041
    },
    "layer_18": {
      "n_total": 500,
      "n_valid": 500,
      "n_val_total": 500,
      "n_val_valid": 500,
      "acc": 0.832,
      "f1": 0.8108108108108109,
      "pre": 0.9278350515463918,
      "recall": 0.72,
      "auroc": 0.933856,
      "optimal_threshold": 0.3651109039783478,
      "tpr_at_fpr_0_01": 0.5,
      "fpr95": 0.332,
      "aupr": 0.9386972086958909
    },
    "layer_19": {
      "n_total": 500,
      "n_valid": 500,
      "n_val_total": 500,
      "n_val_valid": 500,
      "acc": 0.762,
      "f1": 0.6925064599483204,
      "pre": 0.9781021897810219,
      "recall": 0.536,
      "auroc": 0.946864,