{
  "args": {
    "model": "llama_8b",
    "dataset": "multisocial_en",
    "mode": "clean_topic_val",
    "token_mode": "last_token",
    "prefix": false,
    "smoke_test": false,
    "ood": [
      "multisocial_de",
      "multisocial_nl",
      "multisocial_pt",
      "multisocial_ar"
    ],
    "pca_components": 0,
    "normalize_scores": true,
    "ablation_set": "human",
    "manifold": true
  },
  "steering_domain": "multisocial_en",
  "eval_domain": "multisocial_nl",
  "n_samples": 500,
  "n_layers": 33,
  "metrics_per_layer": {
    "layer_1": {
      "n_total": 500,
      "n_valid": 500,
      "n_val_total": 500,
      "n_val_valid": 500,
      "acc": 0.668,
      "f1": 0.5808080808080808,
      "pre": 0.7876712328767124,
      "recall": 0.46,
      "auroc": 0.688584,
      "optimal_threshold": 0.5752249360084534,
      "tpr_at_fpr_0_01": 0.0,
      "fpr95": 0.828,
      "aupr": 0.6862997711353064
    },
    "layer_2": {
      "n_total": 500,
      "n_valid": 500,
      "n_val_total": 500,
      "n_val_valid": 500,
      "acc": 0.722,
      "f1": 0.6890380313199105,
      "pre": 0.7817258883248731,
      "recall": 0.616,
      "auroc": 0.776816,
      "optimal_threshold": 0.4714035987854004,
      "tpr_at_fpr_0_01": 0.028,
      "fpr95": 0.796,
      "aupr": 0.7424261045192029
    },
    "layer_3": {
      "n_total": 500,
      "n_valid": 500,
      "n_val_total": 500,
      "n_val_valid": 500,
      "acc": 0.716,
      "f1": 0.7090163934426229,
      "pre": 0.726890756302521,
      "recall": 0.692,
      "auroc": 0.7918080000000001,
      "optimal_threshold": 0.4308863878250122,
      "tpr_at_fpr_0_01": 0.028,
      "fpr95": 0.648,
      "aupr": 0.7551097611853299
    },
    "layer_4": {
      "n_total": 500,
      "n_valid": 500,
      "n_val_total": 500,
      "n_val_valid": 500,
      "acc": 0.674,
      "f1": 0.6337078651685393,
      "pre": 0.7230769230769231,
      "recall": 0.564,
      "auroc": 0.773744,
      "optimal_threshold": 0.527847170829773,
      "tpr_at_fpr_0_01": 0.104,
      "fpr95": 0.672,
      "aupr": 0.7658996354514935
    },
    "layer_5": {
      "n_total": 500,
      "n_valid": 500,
      "n_val_total": 500,
      "n_val_valid": 500,
      "acc": 0.704,
      "f1": 0.6740088105726872,
      "pre": 0.75,
      "recall": 0.612,
      "auroc": 0.792208,
      "optimal_threshold": 0.5249301195144653,
      "tpr_at_fpr_0_01": 0.156,
      "fpr95": 0.672,
      "aupr": 0.7920866829581463
    },
    "layer_6": {
      "n_total": 500,
      "n_valid": 500,
      "n_val_total": 500,
      "n_val_valid": 500,
      "acc": 0.666,
      "f1": 0.6033254156769596,
      "pre": 0.7426900584795322,
      "recall": 0.508,
      "auroc": 0.7656639999999999,
      "optimal_threshold": 0.5264154076576233,
      "tpr_at_fpr_0_01": 0.236,
      "fpr95": 0.72,
      "aupr": 0.7847221878593678
    },
    "layer_7": {
      "n_total": 500,
      "n_valid": 500,
      "n_val_total": 500,
      "n_val_valid": 500,
      "acc": 0.712,
      "f1": 0.6571428571428571,
      "pre": 0.8117647058823529,
      "recall": 0.552,
      "auroc": 0.7694240000000001,
      "optimal_threshold": 0.5138208270072937,
      "tpr_at_fpr_0_01": 0.152,
      "fpr95": 0.696,
      "aupr": 0.7871509652143203
    },
    "layer_8": {
      "n_total": 500,
      "n_valid": 500,
      "n_val_total": 500,
      "n_val_valid": 500,
      "acc": 0.728,
      "f1": 0.6807511737089202,
      "pre": 0.8238636363636364,
      "recall": 0.58,
      "auroc": 0.7829759999999999,
      "optimal_threshold": 0.5010337233543396,
      "tpr_at_fpr_0_01": 0.136,
      "fpr95": 0.764,
      "aupr": 0.8020897021042375
    },
    "layer_9": {
      "n_total": 500,
      "n_valid": 500,
      "n_val_total": 500,
      "n_val_valid": 500,
      "acc": 0.732,
      "f1": 0.6839622641509434,
      "pre": 0.8333333333333334,
      "recall": 0.58,
      "auroc": 0.7909120000000001,
      "optimal_threshold": 0.4833190143108368,
      "tpr_at_fpr_0_01": 0.104,
      "fpr95": 0.78,
      "aupr": 0.8024398187169736
    },
    "layer_10": {
      "n_total": 500,
      "n_valid": 500,
      "n_val_total": 500,
      "n_val_valid": 500,
      "acc": 0.722,
      "f1": 0.6516290726817042,
      "pre": 0.87248322147651,
      "recall": 0.52,
      "auroc": 0.80512,
      "optimal_threshold": 0.5384681820869446,
      "tpr_at_fpr_0_01": 0.112,
      "fpr95": 0.76,
      "aupr": 0.8195582494827018
    },
    "layer_11": {
      "n_total": 500,
      "n_valid": 500,
      "n_val_total": 500,
      "n_val_valid": 500,
      "acc": 0.738,
      "f1": 0.691764705882353,
      "pre": 0.84,
      "recall": 0.588,
      "auroc": 0.811904,
      "optimal_threshold": 0.4529675245285034,
      "tpr_at_fpr_0_01": 0.16,
      "fpr95": 0.74,
      "aupr": 0.829785683691932
    },
    "layer_12": {
      "n_total": 500,
      "n_valid": 500,
      "n_val_total": 500,
      "n_val_valid": 500,
      "acc": 0.714,
      "f1": 0.6451612903225806,
      "pre": 0.8496732026143791,
      "recall": 0.52,
      "auroc": 0.807936,
      "optimal_threshold": 0.4803987443447113,
      "tpr_at_fpr_0_01": 0.172,
      "fpr95": 0.784,
      "aupr": 0.8230980185239852
    },
    "layer_13": {
      "n_total": 500,
      "n_valid": 500,
      "n_val_total": 500,
      "n_val_valid": 500,
      "acc": 0.724,
      "f1": 0.6986899563318777,
      "pre": 0.7692307692307693,
      "recall": 0.64,
      "auroc": 0.8018719999999999,
      "optimal_threshold": 0.38296958804130554,
      "tpr_at_fpr_0_01": 0.156,
      "fpr95": 0.772,
      "aupr": 0.8244063556579664
    },
    "layer_14": {
      "n_total": 500,
      "n_valid": 500,
      "n_val_total": 500,
      "n_val_valid": 500,
      "acc": 0.73,
      "f1": 0.6715328467153284,
      "pre": 0.8571428571428571,
      "recall": 0.552,
      "auroc": 0.7972480000000001,
      "optimal_threshold": 0.48070722818374634,
      "tpr_at_fpr_0_01": 0.164,
      "fpr95": 0.756,
      "aupr": 0.818831745797935
    },
    "layer_15": {
      "n_total": 500,
      "n_valid": 500,
      "n_val_total": 500,
      "n_val_valid": 500,
      "acc": 0.722,
      "f1": 0.6567901234567901,
      "pre": 0.8580645161290322,
      "recall": 0.532,
      "auroc": 0.8036639999999999,
      "optimal_threshold": 0.46123525500297546,
      "tpr_at_fpr_0_01": 0.18,
      "fpr95": 0.776,
      "aupr": 0.8252979924492658
    },
    "layer_16": {
      "n_total": 500,
      "n_valid": 500,
      "n_val_total": 500,
      "n_val_valid": 500,
      "acc": 0.728,
      "f1": 0.7004405286343612,
      "pre": 0.7794117647058824,
      "recall": 0.636,
      "auroc": 0.7887519999999999,
      "optimal_threshold": 0.3622097969055176,
      "tpr_at_fpr_0_01": 0.248,
      "fpr95": 0.788,
      "aupr": 0.8182585668395319
    },
    "layer_17": {
      "n_total": 500,
      "n_valid": 500,
      "n_val_total": 500,
      "n_val_valid": 500,
      "acc": 0.718,
      "f1": 0.6618705035971223,
      "pre": 0.8263473053892215,
      "recall": 0.552,
      "auroc": 0.782656,
      "optimal_threshold": 0.42039600014686584,
      "tpr_at_fpr_0_01": 0.208,
      "fpr95": 0.756,
      "aupr": 0.8057760232486455
    },
    "layer_18": {
      "n_total": 500,
      "n_valid": 500,
      "n_val_total": 500,
      "n_val_valid": 500,
      "acc": 0.71,
      "f1": 0.6506024096385542,
      "pre": 0.8181818181818182,
      "recall": 0.54,
      "auroc": 0.765792,
      "optimal_threshold": 0.4161229431629181,
      "tpr_at_fpr_0_01": 0.16,
      "fpr95": 0.816,
      "aupr": 0.7903662779393119
    },
    "layer_19": {
      "n_total": 500,
      "n_valid": 500,
      "n_val_total": 500,
      "n_val_valid": 500,
      "acc": 0.712,
      "f1": 0.6712328767123288,
      "pre": 0.7819148936170213,
      "recall": 0.588,
      "auroc": 0.7663040000000001,
      "optimal_threshold": 0.3623839318752289,
      "tpr_at_fpr_0_01": 0.16,
      "fpr95": 0.868,
      "aupr": 0.7876633697497424
    },
    "layer_20": {
      "n_total": 500,