{
  "args": {
    "model": "llama_8b",
    "dataset": "tsm_paras_en_first_gpt4o",
    "mode": "clean_topic_val",
    "token_mode": "last_token",
    "prefix": false,
    "smoke_test": false,
    "ood": [
      "tsm_paras_en_first_gemini",
      "tsm_paras_en_first_deepseek",
      "tsm_paras_pt_first_gpt4o",
      "tsm_paras_pt_first_gemini",
      "tsm_paras_pt_first_deepseek",
      "tsm_paras_vi_first_gpt4o",
      "tsm_paras_vi_first_gemini",
      "tsm_paras_vi_first_deepseek"
    ],
    "pca_components": 0,
    "normalize_scores": true,
    "ablation_set": "human",
    "manifold": true
  },
  "steering_domain": "tsm_paras_en_first_gpt4o",
  "eval_domain": "tsm_paras_vi_first_deepseek",
  "n_samples": 500,
  "n_layers": 33,
  "metrics_per_layer": {
    "layer_1": {
      "n_total": 500,
      "n_valid": 500,
      "n_val_total": 500,
      "n_val_valid": 500,
      "acc": 0.498,
      "f1": 0.6378066378066378,
      "pre": 0.49887133182844245,
      "recall": 0.884,
      "auroc": 0.48294399999999993,
      "optimal_threshold": 0.2659933865070343,
      "tpr_at_fpr_0_01": 0.0,
      "fpr95": 1.0,
      "aupr": 0.4971061094293853
    },
    "layer_2": {
      "n_total": 500,
      "n_valid": 500,
      "n_val_total": 500,
      "n_val_valid": 500,
      "acc": 0.472,
      "f1": 0.22807017543859648,
      "pre": 0.42391304347826086,
      "recall": 0.156,
      "auroc": 0.49035199999999995,
      "optimal_threshold": 0.6244306564331055,
      "tpr_at_fpr_0_01": 0.004,
      "fpr95": 0.956,
      "aupr": 0.47975458244026203
    },
    "layer_3": {
      "n_total": 500,
      "n_valid": 500,
      "n_val_total": 500,
      "n_val_valid": 500,
      "acc": 0.488,
      "f1": 0.152317880794702,
      "pre": 0.4423076923076923,
      "recall": 0.092,
      "auroc": 0.476256,
      "optimal_threshold": 0.49087199568748474,
      "tpr_at_fpr_0_01": 0.004,
      "fpr95": 0.992,
      "aupr": 0.4773779822519644
    },
    "layer_4": {
      "n_total": 500,
      "n_valid": 500,
      "n_val_total": 500,
      "n_val_valid": 500,
      "acc": 0.506,
      "f1": 0.04633204633204633,
      "pre": 0.6666666666666666,
      "recall": 0.024,
      "auroc": 0.56528,
      "optimal_threshold": 0.6495636701583862,
      "tpr_at_fpr_0_01": 0.016,
      "fpr95": 0.908,
      "aupr": 0.5654606578410694
    },
    "layer_5": {
      "n_total": 500,
      "n_valid": 500,
      "n_val_total": 500,
      "n_val_valid": 500,
      "acc": 0.63,
      "f1": 0.4444444444444444,
      "pre": 0.891566265060241,
      "recall": 0.296,
      "auroc": 0.71224,
      "optimal_threshold": 0.47436872124671936,
      "tpr_at_fpr_0_01": 0.196,
      "fpr95": 0.876,
      "aupr": 0.7463797791238967
    },
    "layer_6": {
      "n_total": 500,
      "n_valid": 500,
      "n_val_total": 500,
      "n_val_valid": 500,
      "acc": 0.584,
      "f1": 0.2876712328767123,
      "pre": 1.0,
      "recall": 0.168,
      "auroc": 0.799632,
      "optimal_threshold": 0.4696045219898224,
      "tpr_at_fpr_0_01": 0.376,
      "fpr95": 0.716,
      "aupr": 0.8306550611137324
    },
    "layer_7": {
      "n_total": 500,
      "n_valid": 500,
      "n_val_total": 500,
      "n_val_valid": 500,
      "acc": 0.566,
      "f1": 0.2332155477031802,
      "pre": 1.0,
      "recall": 0.132,
      "auroc": 0.825088,
      "optimal_threshold": 0.5069593191146851,
      "tpr_at_fpr_0_01": 0.32,
      "fpr95": 0.744,
      "aupr": 0.8504756825064137
    },
    "layer_8": {
      "n_total": 500,
      "n_valid": 500,
      "n_val_total": 500,
      "n_val_valid": 500,
      "acc": 0.606,
      "f1": 0.3583061889250814,
      "pre": 0.9649122807017544,
      "recall": 0.22,
      "auroc": 0.7989280000000001,
      "optimal_threshold": 0.4423779845237732,
      "tpr_at_fpr_0_01": 0.224,
      "fpr95": 0.792,
      "aupr": 0.8162840188317935
    },
    "layer_9": {
      "n_total": 500,
      "n_valid": 500,
      "n_val_total": 500,
      "n_val_valid": 500,
      "acc": 0.638,
      "f1": 0.4813753581661891,
      "pre": 0.8484848484848485,
      "recall": 0.336,
      "auroc": 0.754768,
      "optimal_threshold": 0.42201173305511475,
      "tpr_at_fpr_0_01": 0.168,
      "fpr95": 0.82,
      "aupr": 0.7779012317179477
    },
    "layer_10": {
      "n_total": 500,
      "n_valid": 500,
      "n_val_total": 500,
      "n_val_valid": 500,
      "acc": 0.618,
      "f1": 0.4086687306501548,
      "pre": 0.9041095890410958,
      "recall": 0.264,
      "auroc": 0.774744,
      "optimal_threshold": 0.42691633105278015,
      "tpr_at_fpr_0_01": 0.216,
      "fpr95": 0.764,
      "aupr": 0.7942812802242594
    },
    "layer_11": {
      "n_total": 500,
      "n_valid": 500,
      "n_val_total": 500,
      "n_val_valid": 500,
      "acc": 0.706,
      "f1": 0.6016260162601627,
      "pre": 0.9327731092436975,
      "recall": 0.444,
      "auroc": 0.837008,
      "optimal_threshold": 0.36760959029197693,
      "tpr_at_fpr_0_01": 0.332,
      "fpr95": 0.648,
      "aupr": 0.8591685356709141
    },
    "layer_12": {
      "n_total": 500,
      "n_valid": 500,
      "n_val_total": 500,
      "n_val_valid": 500,
      "acc": 0.712,
      "f1": 0.6345177664974619,
      "pre": 0.8680555555555556,
      "recall": 0.5,
      "auroc": 0.816384,
      "optimal_threshold": 0.3667290508747101,
      "tpr_at_fpr_0_01": 0.284,
      "fpr95": 0.724,
      "aupr": 0.8403546141342213
    },
    "layer_13": {
      "n_total": 500,
      "n_valid": 500,
      "n_val_total": 500,
      "n_val_valid": 500,
      "acc": 0.7,
      "f1": 0.601063829787234,
      "pre": 0.8968253968253969,
      "recall": 0.452,
      "auroc": 0.818272,
      "optimal_threshold": 0.3578614294528961,
      "tpr_at_fpr_0_01": 0.272,
      "fpr95": 0.748,
      "aupr": 0.8415247651499714
    },
    "layer_14": {
      "n_total": 500,
      "n_valid": 500,
      "n_val_total": 500,
      "n_val_valid": 500,
      "acc": 0.688,
      "f1": 0.5783783783783784,
      "pre": 0.8916666666666667,
      "recall": 0.428,
      "auroc": 0.8075199999999999,
      "optimal_threshold": 0.3447636067867279,
      "tpr_at_fpr_0_01": 0.236,
      "fpr95": 0.76,
      "aupr": 0.8322417950797646
    },
    "layer_15": {
      "n_total": 500,
      "n_valid": 500,
      "n_val_total": 500,
      "n_val_valid": 500,
      "acc": 0.644,
      "f1": 0.46060606060606063,
      "pre": 0.95,
      "recall": 0.304,
      "auroc": 0.8133440000000001,
      "optimal_threshold": 0.34239462018013,
      "tpr_at_fpr_0_01": 0.252,
      "fpr95": 0.7,
      "aupr": 0.8359306695113751
    },
    "layer_16": {
      "n_total": 500,
      "n_valid": 500,
      "n_val_total": 500,
      "n_val_valid": 500,
      "acc": 0.652,
      "f1": 0.49122807017543857,
      "pre": 0.9130434782608695,
      "recall": 0.336,
      "auroc": 0.801328,
      "optimal_threshold": 0.3346458077430725,
      "tpr_at_fpr_0_01": 0.248,
      "fpr95": 0.748,
      "aupr": 0.8270891119641042
    },
    "layer_17": {
      "n_total": 500,
      "n_valid": 500,
      "n_val_total": 500,
      "n_val_valid": 500,
      "acc": 0.66,
      "f1": 0.4970414201183432,
      "pre": 0.9545454545454546,
      "recall": 0.336,
      "auroc": 0.849696,
      "optimal_threshold": 0.4208426773548126,
      "tpr_at_fpr_0_01": 0.288,
      "fpr95": 0.628,
      "aupr": 0.8660379770477635
    },
    "layer_18": {
      "n_total": 500,
      "n_valid": 500,
      "n_val_total": 500,
      "n_val_valid": 500,
      "acc": 0.692,
      "f1": 0.5815217391304348,
      "pre": 0.9067796610169492,
      "recall": 0.428,
      "auroc": 0.8374079999999999,
      "optimal_threshold": 0.3651109039783478,
      "tpr_at_fpr_0_01": 0.248,
      "fpr95": 0.632,
      "aupr": 0.8518805074757463
    },
    "layer_19": {
      "n_total": 500,
      "n_valid": 500,
      "n_val_total": 500,
      "n_val_valid": 500,
      "acc": 0.616,
      "f1": 0.38064516129032255,
      "pre": 0.9833333333333333,
      "recall": 0.236,