{
  "args": {
    "model": "llama_8b",
    "dataset": "tsm_paras_en_first_gpt4o",
    "mode": "clean_topic_val",
    "token_mode": "last_token",
    "prefix": false,
    "smoke_test": false,
    "ood": [
      "tsm_paras_en_first_gemini",
      "tsm_paras_en_first_deepseek",
      "tsm_paras_pt_first_gpt4o",
      "tsm_paras_pt_first_gemini",
      "tsm_paras_pt_first_deepseek",
      "tsm_paras_vi_first_gpt4o",
      "tsm_paras_vi_first_gemini",
      "tsm_paras_vi_first_deepseek"
    ],
    "pca_components": 0,
    "normalize_scores": true,
    "ablation_set": "human",
    "manifold": true
  },
  "steering_domain": "tsm_paras_en_first_gpt4o",
  "eval_domain": "tsm_paras_vi_first_gemini",
  "n_samples": 500,
  "n_layers": 33,
  "metrics_per_layer": {
    "layer_1": {
      "n_total": 500,
      "n_valid": 500,
      "n_val_total": 500,
      "n_val_valid": 500,
      "acc": 0.508,
      "f1": 0.6403508771929824,
      "pre": 0.5046082949308756,
      "recall": 0.876,
      "auroc": 0.5063599999999999,
      "optimal_threshold": 0.2659933865070343,
      "tpr_at_fpr_0_01": 0.024,
      "fpr95": 1.0,
      "aupr": 0.515652861348511
    },
    "layer_2": {
      "n_total": 500,
      "n_valid": 500,
      "n_val_total": 500,
      "n_val_valid": 500,
      "acc": 0.5,
      "f1": 0.28160919540229884,
      "pre": 0.5,
      "recall": 0.196,
      "auroc": 0.5360800000000001,
      "optimal_threshold": 0.6244306564331055,
      "tpr_at_fpr_0_01": 0.004,
      "fpr95": 0.928,
      "aupr": 0.5104159203857123
    },
    "layer_3": {
      "n_total": 500,
      "n_valid": 500,
      "n_val_total": 500,
      "n_val_valid": 500,
      "acc": 0.496,
      "f1": 0.16556291390728478,
      "pre": 0.4807692307692308,
      "recall": 0.1,
      "auroc": 0.5305519999999999,
      "optimal_threshold": 0.49087199568748474,
      "tpr_at_fpr_0_01": 0.004,
      "fpr95": 0.924,
      "aupr": 0.5116899091148722
    },
    "layer_4": {
      "n_total": 500,
      "n_valid": 500,
      "n_val_total": 500,
      "n_val_valid": 500,
      "acc": 0.502,
      "f1": 0.0311284046692607,
      "pre": 0.5714285714285714,
      "recall": 0.016,
      "auroc": 0.58716,
      "optimal_threshold": 0.6495636701583862,
      "tpr_at_fpr_0_01": 0.016,
      "fpr95": 0.872,
      "aupr": 0.5683571368044771
    },
    "layer_5": {
      "n_total": 500,
      "n_valid": 500,
      "n_val_total": 500,
      "n_val_valid": 500,
      "acc": 0.546,
      "f1": 0.2408026755852843,
      "pre": 0.7346938775510204,
      "recall": 0.144,
      "auroc": 0.6910080000000001,
      "optimal_threshold": 0.47436872124671936,
      "tpr_at_fpr_0_01": 0.072,
      "fpr95": 0.812,
      "aupr": 0.6844474387213362
    },
    "layer_6": {
      "n_total": 500,
      "n_valid": 500,
      "n_val_total": 500,
      "n_val_valid": 500,
      "acc": 0.52,
      "f1": 0.07692307692307693,
      "pre": 1.0,
      "recall": 0.04,
      "auroc": 0.7250399999999999,
      "optimal_threshold": 0.4696045219898224,
      "tpr_at_fpr_0_01": 0.112,
      "fpr95": 0.796,
      "aupr": 0.7375518620334942
    },
    "layer_7": {
      "n_total": 500,
      "n_valid": 500,
      "n_val_total": 500,
      "n_val_valid": 500,
      "acc": 0.514,
      "f1": 0.054474708171206226,
      "pre": 1.0,
      "recall": 0.028,
      "auroc": 0.72712,
      "optimal_threshold": 0.5069593191146851,
      "tpr_at_fpr_0_01": 0.136,
      "fpr95": 0.78,
      "aupr": 0.7451656435491867
    },
    "layer_8": {
      "n_total": 500,
      "n_valid": 500,
      "n_val_total": 500,
      "n_val_valid": 500,
      "acc": 0.54,
      "f1": 0.14814814814814814,
      "pre": 1.0,
      "recall": 0.08,
      "auroc": 0.703888,
      "optimal_threshold": 0.4423779845237732,
      "tpr_at_fpr_0_01": 0.116,
      "fpr95": 0.836,
      "aupr": 0.7191905039883169
    },
    "layer_9": {
      "n_total": 500,
      "n_valid": 500,
      "n_val_total": 500,
      "n_val_valid": 500,
      "acc": 0.566,
      "f1": 0.3022508038585209,
      "pre": 0.7704918032786885,
      "recall": 0.188,
      "auroc": 0.6754639999999998,
      "optimal_threshold": 0.42201173305511475,
      "tpr_at_fpr_0_01": 0.112,
      "fpr95": 0.876,
      "aupr": 0.6939250734975898
    },
    "layer_10": {
      "n_total": 500,
      "n_valid": 500,
      "n_val_total": 500,
      "n_val_valid": 500,
      "acc": 0.554,
      "f1": 0.2229965156794425,
      "pre": 0.8648648648648649,
      "recall": 0.128,
      "auroc": 0.689512,
      "optimal_threshold": 0.42691633105278015,
      "tpr_at_fpr_0_01": 0.096,
      "fpr95": 0.86,
      "aupr": 0.6992203894756668
    },
    "layer_11": {
      "n_total": 500,
      "n_valid": 500,
      "n_val_total": 500,
      "n_val_valid": 500,
      "acc": 0.584,
      "f1": 0.3202614379084967,
      "pre": 0.875,
      "recall": 0.196,
      "auroc": 0.748048,
      "optimal_threshold": 0.36760959029197693,
      "tpr_at_fpr_0_01": 0.156,
      "fpr95": 0.78,
      "aupr": 0.7575087599747186
    },
    "layer_12": {
      "n_total": 500,
      "n_valid": 500,
      "n_val_total": 500,
      "n_val_valid": 500,
      "acc": 0.598,
      "f1": 0.39274924471299094,
      "pre": 0.8024691358024691,
      "recall": 0.26,
      "auroc": 0.712224,
      "optimal_threshold": 0.3667290508747101,
      "tpr_at_fpr_0_01": 0.136,
      "fpr95": 0.788,
      "aupr": 0.7249960937900164
    },
    "layer_13": {
      "n_total": 500,
      "n_valid": 500,
      "n_val_total": 500,
      "n_val_valid": 500,
      "acc": 0.584,
      "f1": 0.3333333333333333,
      "pre": 0.8387096774193549,
      "recall": 0.208,
      "auroc": 0.7273840000000001,
      "optimal_threshold": 0.3578614294528961,
      "tpr_at_fpr_0_01": 0.14,
      "fpr95": 0.784,
      "aupr": 0.73863367687518
    },
    "layer_14": {
      "n_total": 500,
      "n_valid": 500,
      "n_val_total": 500,
      "n_val_valid": 500,
      "acc": 0.58,
      "f1": 0.3092105263157895,
      "pre": 0.8703703703703703,
      "recall": 0.188,
      "auroc": 0.719584,
      "optimal_threshold": 0.3447636067867279,
      "tpr_at_fpr_0_01": 0.132,
      "fpr95": 0.812,
      "aupr": 0.7320093974982992
    },
    "layer_15": {
      "n_total": 500,
      "n_valid": 500,
      "n_val_total": 500,
      "n_val_valid": 500,
      "acc": 0.558,
      "f1": 0.21908127208480566,
      "pre": 0.9393939393939394,
      "recall": 0.124,
      "auroc": 0.752672,
      "optimal_threshold": 0.34239462018013,
      "tpr_at_fpr_0_01": 0.128,
      "fpr95": 0.748,
      "aupr": 0.7604337256767086
    },
    "layer_16": {
      "n_total": 500,
      "n_valid": 500,
      "n_val_total": 500,
      "n_val_valid": 500,
      "acc": 0.564,
      "f1": 0.2482758620689655,
      "pre": 0.9,
      "recall": 0.144,
      "auroc": 0.7446879999999998,
      "optimal_threshold": 0.3346458077430725,
      "tpr_at_fpr_0_01": 0.124,
      "fpr95": 0.776,
      "aupr": 0.7488595925360358
    },
    "layer_17": {
      "n_total": 500,
      "n_valid": 500,
      "n_val_total": 500,
      "n_val_valid": 500,
      "acc": 0.554,
      "f1": 0.20640569395017794,
      "pre": 0.9354838709677419,
      "recall": 0.116,
      "auroc": 0.7844960000000001,
      "optimal_threshold": 0.4208426773548126,
      "tpr_at_fpr_0_01": 0.164,
      "fpr95": 0.712,
      "aupr": 0.7879607504967019
    },
    "layer_18": {
      "n_total": 500,
      "n_valid": 500,
      "n_val_total": 500,
      "n_val_valid": 500,
      "acc": 0.586,
      "f1": 0.32131147540983607,
      "pre": 0.8909090909090909,
      "recall": 0.196,
      "auroc": 0.771792,
      "optimal_threshold": 0.3651109039783478,
      "tpr_at_fpr_0_01": 0.16,
      "fpr95": 0.776,
      "aupr": 0.7743880917283712
    },
    "layer_19": {
      "n_total": 500,
      "n_valid": 500,
      "n_val_total": 500,
      "n_val_valid": 500,
      "acc": 0.528,
      "f1": 0.11940298507462686,
      "pre": 0.8888888888888888,
      "recall": 0.064,
      "auroc": 0.7892159999999999,