{
  "args": {
    "model": "llama_8b",
    "dataset": "tsm_paras_en_first_gpt4o",
    "mode": "clean_topic_val",
    "token_mode": "last_token",
    "prefix": false,
    "smoke_test": false,
    "ood": [
      "tsm_paras_en_first_gemini",
      "tsm_paras_en_first_deepseek",
      "tsm_paras_pt_first_gpt4o",
      "tsm_paras_pt_first_gemini",
      "tsm_paras_pt_first_deepseek",
      "tsm_paras_vi_first_gpt4o",
      "tsm_paras_vi_first_gemini",
      "tsm_paras_vi_first_deepseek"
    ],
    "pca_components": 0,
    "normalize_scores": true,
    "ablation_set": "human",
    "manifold": true
  },
  "steering_domain": "tsm_paras_en_first_gpt4o",
  "eval_domain": "tsm_paras_en_first_gemini",
  "n_samples": 500,
  "n_layers": 33,
  "metrics_per_layer": {
    "layer_1": {
      "n_total": 500,
      "n_valid": 500,
      "n_val_total": 500,
      "n_val_valid": 500,
      "acc": 0.518,
      "f1": 0.6610407876230661,
      "pre": 0.5097613882863341,
      "recall": 0.94,
      "auroc": 0.5043039999999999,
      "optimal_threshold": 0.2659933865070343,
      "tpr_at_fpr_0_01": 0.008,
      "fpr95": 0.928,
      "aupr": 0.5122824327850438
    },
    "layer_2": {
      "n_total": 500,
      "n_valid": 500,
      "n_val_total": 500,
      "n_val_valid": 500,
      "acc": 0.494,
      "f1": 0.3106267029972752,
      "pre": 0.48717948717948717,
      "recall": 0.228,
      "auroc": 0.5185759999999999,
      "optimal_threshold": 0.6244306564331055,
      "tpr_at_fpr_0_01": 0.04,
      "fpr95": 0.936,
      "aupr": 0.528291974229879
    },
    "layer_3": {
      "n_total": 500,
      "n_valid": 500,
      "n_val_total": 500,
      "n_val_valid": 500,
      "acc": 0.49,
      "f1": 0.3163538873994638,
      "pre": 0.4796747967479675,
      "recall": 0.236,
      "auroc": 0.507904,
      "optimal_threshold": 0.49087199568748474,
      "tpr_at_fpr_0_01": 0.028,
      "fpr95": 0.944,
      "aupr": 0.5190607294274528
    },
    "layer_4": {
      "n_total": 500,
      "n_valid": 500,
      "n_val_total": 500,
      "n_val_valid": 500,
      "acc": 0.53,
      "f1": 0.27692307692307694,
      "pre": 0.6,
      "recall": 0.18,
      "auroc": 0.547856,
      "optimal_threshold": 0.6495636701583862,
      "tpr_at_fpr_0_01": 0.06,
      "fpr95": 0.916,
      "aupr": 0.5743745908434557
    },
    "layer_5": {
      "n_total": 500,
      "n_valid": 500,
      "n_val_total": 500,
      "n_val_valid": 500,
      "acc": 0.606,
      "f1": 0.5087281795511222,
      "pre": 0.6754966887417219,
      "recall": 0.408,
      "auroc": 0.660016,
      "optimal_threshold": 0.47436872124671936,
      "tpr_at_fpr_0_01": 0.108,
      "fpr95": 0.88,
      "aupr": 0.6913813573778829
    },
    "layer_6": {
      "n_total": 500,
      "n_valid": 500,
      "n_val_total": 500,
      "n_val_valid": 500,
      "acc": 0.656,
      "f1": 0.5401069518716578,
      "pre": 0.8145161290322581,
      "recall": 0.404,
      "auroc": 0.7404640000000001,
      "optimal_threshold": 0.4696045219898224,
      "tpr_at_fpr_0_01": 0.18,
      "fpr95": 0.824,
      "aupr": 0.7720178919796788
    },
    "layer_7": {
      "n_total": 500,
      "n_valid": 500,
      "n_val_total": 500,
      "n_val_valid": 500,
      "acc": 0.62,
      "f1": 0.40625,
      "pre": 0.9285714285714286,
      "recall": 0.26,
      "auroc": 0.7459199999999999,
      "optimal_threshold": 0.5069593191146851,
      "tpr_at_fpr_0_01": 0.144,
      "fpr95": 0.788,
      "aupr": 0.7699105319784574
    },
    "layer_8": {
      "n_total": 500,
      "n_valid": 500,
      "n_val_total": 500,
      "n_val_valid": 500,
      "acc": 0.654,
      "f1": 0.5411140583554377,
      "pre": 0.8031496062992126,
      "recall": 0.408,
      "auroc": 0.72204,
      "optimal_threshold": 0.4423779845237732,
      "tpr_at_fpr_0_01": 0.14,
      "fpr95": 0.844,
      "aupr": 0.7465849657555241
    },
    "layer_9": {
      "n_total": 500,
      "n_valid": 500,
      "n_val_total": 500,
      "n_val_valid": 500,
      "acc": 0.628,
      "f1": 0.5181347150259067,
      "pre": 0.7352941176470589,
      "recall": 0.4,
      "auroc": 0.679456,
      "optimal_threshold": 0.42201173305511475,
      "tpr_at_fpr_0_01": 0.112,
      "fpr95": 0.892,
      "aupr": 0.7037464866375933
    },
    "layer_10": {
      "n_total": 500,
      "n_valid": 500,
      "n_val_total": 500,
      "n_val_valid": 500,
      "acc": 0.618,
      "f1": 0.45272206303724927,
      "pre": 0.797979797979798,
      "recall": 0.316,
      "auroc": 0.68568,
      "optimal_threshold": 0.42691633105278015,
      "tpr_at_fpr_0_01": 0.124,
      "fpr95": 0.912,
      "aupr": 0.7104216597263413
    },
    "layer_11": {
      "n_total": 500,
      "n_valid": 500,
      "n_val_total": 500,
      "n_val_valid": 500,
      "acc": 0.706,
      "f1": 0.6334164588528678,
      "pre": 0.8410596026490066,
      "recall": 0.508,
      "auroc": 0.791792,
      "optimal_threshold": 0.36760959029197693,
      "tpr_at_fpr_0_01": 0.22,
      "fpr95": 0.768,
      "aupr": 0.8113530039136527
    },
    "layer_12": {
      "n_total": 500,
      "n_valid": 500,
      "n_val_total": 500,
      "n_val_valid": 500,
      "acc": 0.69,
      "f1": 0.6115288220551378,
      "pre": 0.8187919463087249,
      "recall": 0.488,
      "auroc": 0.769952,
      "optimal_threshold": 0.3667290508747101,
      "tpr_at_fpr_0_01": 0.196,
      "fpr95": 0.772,
      "aupr": 0.7885380280087223
    },
    "layer_13": {
      "n_total": 500,
      "n_valid": 500,
      "n_val_total": 500,
      "n_val_valid": 500,
      "acc": 0.692,
      "f1": 0.6130653266331658,
      "pre": 0.8243243243243243,
      "recall": 0.488,
      "auroc": 0.776592,
      "optimal_threshold": 0.3578614294528961,
      "tpr_at_fpr_0_01": 0.2,
      "fpr95": 0.76,
      "aupr": 0.7981830955719639
    },
    "layer_14": {
      "n_total": 500,
      "n_valid": 500,
      "n_val_total": 500,
      "n_val_valid": 500,
      "acc": 0.69,
      "f1": 0.6015424164524421,
      "pre": 0.841726618705036,
      "recall": 0.468,
      "auroc": 0.7665280000000001,
      "optimal_threshold": 0.3447636067867279,
      "tpr_at_fpr_0_01": 0.18,
      "fpr95": 0.848,
      "aupr": 0.7938298380624302
    },
    "layer_15": {
      "n_total": 500,
      "n_valid": 500,
      "n_val_total": 500,
      "n_val_valid": 500,
      "acc": 0.69,
      "f1": 0.5866666666666667,
      "pre": 0.88,
      "recall": 0.44,
      "auroc": 0.796416,
      "optimal_threshold": 0.34239462018013,
      "tpr_at_fpr_0_01": 0.244,
      "fpr95": 0.824,
      "aupr": 0.8209138951474078
    },
    "layer_16": {
      "n_total": 500,
      "n_valid": 500,
      "n_val_total": 500,
      "n_val_valid": 500,
      "acc": 0.706,
      "f1": 0.6297229219143576,
      "pre": 0.8503401360544217,
      "recall": 0.5,
      "auroc": 0.7972159999999999,
      "optimal_threshold": 0.3346458077430725,
      "tpr_at_fpr_0_01": 0.216,
      "fpr95": 0.776,
      "aupr": 0.819906132054655
    },
    "layer_17": {
      "n_total": 500,
      "n_valid": 500,
      "n_val_total": 500,
      "n_val_valid": 500,
      "acc": 0.712,
      "f1": 0.6307692307692307,
      "pre": 0.8785714285714286,
      "recall": 0.492,
      "auroc": 0.816208,
      "optimal_threshold": 0.4208426773548126,
      "tpr_at_fpr_0_01": 0.316,
      "fpr95": 0.8,
      "aupr": 0.8445837453262026
    },
    "layer_18": {
      "n_total": 500,
      "n_valid": 500,
      "n_val_total": 500,
      "n_val_valid": 500,
      "acc": 0.748,
      "f1": 0.72,
      "pre": 0.81,
      "recall": 0.648,
      "auroc": 0.8157920000000001,
      "optimal_threshold": 0.3651109039783478,
      "tpr_at_fpr_0_01": 0.308,
      "fpr95": 0.796,
      "aupr": 0.8447225198611233
    },
    "layer_19": {
      "n_total": 500,
      "n_valid": 500,
      "n_val_total": 500,
      "n_val_valid": 500,
      "acc": 0.74,
      "f1": 0.6733668341708543,
      "pre": 0.9054054054054054,
      "recall": 0.536,
      "auroc": 0.8336160000000001,