{
  "args": {
    "model": "llama_8b",
    "dataset": "tsm_paras_en_first_deepseek",
    "mode": "clean_topic",
    "token_mode": "last_token",
    "prefix": false,
    "smoke_test": false,
    "ood": [
      "tsm_paras_pt_first_deepseek",
      "tsm_paras_vi_first_deepseek"
    ],
    "pca_components": 0,
    "normalize_scores": true,
    "manifold": true
  },
  "steering_domain": "tsm_paras_en_first_deepseek",
  "eval_domain": "tsm_paras_vi_first_deepseek",
  "n_samples": 500,
  "n_layers": 33,
  "metrics_per_layer": {
    "layer_1": {
      "n_total": 500,
      "n_valid": 500,
      "n_val_total": 498,
      "n_val_valid": 498,
      "acc": 0.51,
      "f1": 0.0392156862745098,
      "pre": 1.0,
      "recall": 0.02,
      "auroc": 0.532016,
      "optimal_threshold": 0.6907309293746948,
      "tpr_at_fpr_0_01": 0.02,
      "fpr95": 0.916,
      "aupr": 0.5223066290560641
    },
    "layer_2": {
      "n_total": 500,
      "n_valid": 500,
      "n_val_total": 498,
      "n_val_valid": 498,
      "acc": 0.65,
      "f1": 0.6956521739130435,
      "pre": 0.6153846153846154,
      "recall": 0.8,
      "auroc": 0.788688,
      "optimal_threshold": 0.6327738761901855,
      "tpr_at_fpr_0_01": 0.428,
      "fpr95": 0.808,
      "aupr": 0.8442183057525727
    },
    "layer_3": {
      "n_total": 500,
      "n_valid": 500,
      "n_val_total": 498,
      "n_val_valid": 498,
      "acc": 0.734,
      "f1": 0.684085510688836,
      "pre": 0.8421052631578947,
      "recall": 0.576,
      "auroc": 0.7855519999999999,
      "optimal_threshold": 0.5937094688415527,
      "tpr_at_fpr_0_01": 0.26,
      "fpr95": 0.82,
      "aupr": 0.8222710356580525
    },
    "layer_4": {
      "n_total": 500,
      "n_valid": 500,
      "n_val_total": 498,
      "n_val_valid": 498,
      "acc": 0.748,
      "f1": 0.6785714285714286,
      "pre": 0.9366197183098591,
      "recall": 0.532,
      "auroc": 0.858528,
      "optimal_threshold": 0.6309184432029724,
      "tpr_at_fpr_0_01": 0.408,
      "fpr95": 0.724,
      "aupr": 0.8834088923727585
    },
    "layer_5": {
      "n_total": 500,
      "n_valid": 500,
      "n_val_total": 498,
      "n_val_valid": 498,
      "acc": 0.82,
      "f1": 0.7906976744186046,
      "pre": 0.9444444444444444,
      "recall": 0.68,
      "auroc": 0.919552,
      "optimal_threshold": 0.4541573226451874,
      "tpr_at_fpr_0_01": 0.592,
      "fpr95": 0.512,
      "aupr": 0.9348546744387095
    },
    "layer_6": {
      "n_total": 500,
      "n_valid": 500,
      "n_val_total": 498,
      "n_val_valid": 498,
      "acc": 0.828,
      "f1": 0.7942583732057417,
      "pre": 0.9880952380952381,
      "recall": 0.664,
      "auroc": 0.9365119999999999,
      "optimal_threshold": 0.3838306665420532,
      "tpr_at_fpr_0_01": 0.672,
      "fpr95": 0.448,
      "aupr": 0.948936694073
    },
    "layer_7": {
      "n_total": 500,
      "n_valid": 500,
      "n_val_total": 498,
      "n_val_valid": 498,
      "acc": 0.778,
      "f1": 0.7189873417721518,
      "pre": 0.9793103448275862,
      "recall": 0.568,
      "auroc": 0.920288,
      "optimal_threshold": 0.4119635224342346,
      "tpr_at_fpr_0_01": 0.524,
      "fpr95": 0.492,
      "aupr": 0.9366373451187946
    },
    "layer_8": {
      "n_total": 500,
      "n_valid": 500,
      "n_val_total": 498,
      "n_val_valid": 498,
      "acc": 0.746,
      "f1": 0.6631299734748011,
      "pre": 0.984251968503937,
      "recall": 0.5,
      "auroc": 0.899072,
      "optimal_threshold": 0.327446848154068,
      "tpr_at_fpr_0_01": 0.536,
      "fpr95": 0.58,
      "aupr": 0.917320479443081
    },
    "layer_9": {
      "n_total": 500,
      "n_valid": 500,
      "n_val_total": 498,
      "n_val_valid": 498,
      "acc": 0.754,
      "f1": 0.6854219948849105,
      "pre": 0.950354609929078,
      "recall": 0.536,
      "auroc": 0.8678239999999999,
      "optimal_threshold": 0.3620912730693817,
      "tpr_at_fpr_0_01": 0.424,
      "fpr95": 0.64,
      "aupr": 0.8897940827061606
    },
    "layer_10": {
      "n_total": 500,
      "n_valid": 500,
      "n_val_total": 498,
      "n_val_valid": 498,
      "acc": 0.794,
      "f1": 0.7685393258426966,
      "pre": 0.8769230769230769,
      "recall": 0.684,
      "auroc": 0.878224,
      "optimal_threshold": 0.3170550465583801,
      "tpr_at_fpr_0_01": 0.412,
      "fpr95": 0.56,
      "aupr": 0.8961027238505213
    },
    "layer_11": {
      "n_total": 500,
      "n_valid": 500,
      "n_val_total": 498,
      "n_val_valid": 498,
      "acc": 0.74,
      "f1": 0.6505376344086021,
      "pre": 0.9918032786885246,
      "recall": 0.484,
      "auroc": 0.916624,
      "optimal_threshold": 0.3559999465942383,
      "tpr_at_fpr_0_01": 0.612,
      "fpr95": 0.428,
      "aupr": 0.9298126665910994
    },
    "layer_12": {
      "n_total": 500,
      "n_valid": 500,
      "n_val_total": 498,
      "n_val_valid": 498,
      "acc": 0.766,
      "f1": 0.7022900763358778,
      "pre": 0.965034965034965,
      "recall": 0.552,
      "auroc": 0.8957120000000001,
      "optimal_threshold": 0.37465959787368774,
      "tpr_at_fpr_0_01": 0.464,
      "fpr95": 0.484,
      "aupr": 0.9109958021518529
    },
    "layer_13": {
      "n_total": 500,
      "n_valid": 500,
      "n_val_total": 498,
      "n_val_valid": 498,
      "acc": 0.726,
      "f1": 0.6327077747989276,
      "pre": 0.959349593495935,
      "recall": 0.472,
      "auroc": 0.886944,
      "optimal_threshold": 0.38409915566444397,
      "tpr_at_fpr_0_01": 0.344,
      "fpr95": 0.496,
      "aupr": 0.8999847927960453
    },
    "layer_14": {
      "n_total": 500,
      "n_valid": 500,
      "n_val_total": 498,
      "n_val_valid": 498,
      "acc": 0.754,
      "f1": 0.6805194805194805,
      "pre": 0.9703703703703703,
      "recall": 0.524,
      "auroc": 0.8671200000000001,
      "optimal_threshold": 0.41542676091194153,
      "tpr_at_fpr_0_01": 0.328,
      "fpr95": 0.592,
      "aupr": 0.888161754752511
    },
    "layer_15": {
      "n_total": 500,
      "n_valid": 500,
      "n_val_total": 498,
      "n_val_valid": 498,
      "acc": 0.748,
      "f1": 0.6752577319587629,
      "pre": 0.9492753623188406,
      "recall": 0.524,
      "auroc": 0.860512,
      "optimal_threshold": 0.4009118974208832,
      "tpr_at_fpr_0_01": 0.272,
      "fpr95": 0.624,
      "aupr": 0.8808144678291117
    },
    "layer_16": {
      "n_total": 500,
      "n_valid": 500,
      "n_val_total": 498,
      "n_val_valid": 498,
      "acc": 0.74,
      "f1": 0.6649484536082474,
      "pre": 0.9347826086956522,
      "recall": 0.516,
      "auroc": 0.85616,
      "optimal_threshold": 0.39241939783096313,
      "tpr_at_fpr_0_01": 0.312,
      "fpr95": 0.588,
      "aupr": 0.8757435515885158
    },
    "layer_17": {
      "n_total": 500,
      "n_valid": 500,
      "n_val_total": 498,
      "n_val_valid": 498,
      "acc": 0.754,
      "f1": 0.6805194805194805,
      "pre": 0.9703703703703703,
      "recall": 0.524,
      "auroc": 0.8801439999999999,
      "optimal_threshold": 0.42489156126976013,
      "tpr_at_fpr_0_01": 0.396,
      "fpr95": 0.568,
      "aupr": 0.9005545431611205
    },
    "layer_18": {
      "n_total": 500,
      "n_valid": 500,
      "n_val_total": 498,
      "n_val_valid": 498,
      "acc": 0.736,
      "f1": 0.6544502617801047,
      "pre": 0.946969696969697,
      "recall": 0.5,
      "auroc": 0.8759039999999999,
      "optimal_threshold": 0.42213961482048035,
      "tpr_at_fpr_0_01": 0.34,
      "fpr95": 0.572,
      "aupr": 0.8935114292232953
    },
    "layer_19": {
      "n_total": 500,
      "n_valid": 500,
      "n_val_total": 498,
      "n_val_valid": 498,
      "acc": 0.734,
      "f1": 0.6434316353887399,
      "pre": 0.975609756097561,
      "recall": 0.48,
      "auroc": 0.889376,
      "optimal_threshold": 0.45219331979751587,
      "tpr_at_fpr_0_01": 0.48,
      "fpr95": 0.588,
      "aupr": 0.9095640046166317
    },
    "layer_20": {
      "n_total": 500,
      "n_valid": 500,