{
  "args": {
    "model": "llama_8b",
    "dataset": "multisocial_full",
    "mode": "clean_topic",
    "token_mode": "last_token",
    "prefix": false,
    "smoke_test": false,
    "ood": [
      "multisocial_ar"
    ],
    "pca_components": 50,
    "normalize_scores": true,
    "manifold": true
  },
  "steering_domain": "multisocial_full",
  "eval_domain": "multisocial_full",
  "n_samples": 500,
  "n_layers": 33,
  "metrics_per_layer": {
    "layer_1": {
      "n_total": 500,
      "n_valid": 500,
      "n_val_total": 500,
      "n_val_valid": 500,
      "acc": 0.668,
      "f1": 0.6795366795366795,
      "pre": 0.6567164179104478,
      "recall": 0.704,
      "auroc": 0.6868559999999999,
      "optimal_threshold": 0.6488199830055237,
      "tpr_at_fpr_0_01": 0.068,
      "fpr95": 0.852,
      "aupr": 0.6846956904961117
    },
    "layer_2": {
      "n_total": 500,
      "n_valid": 500,
      "n_val_total": 500,
      "n_val_valid": 500,
      "acc": 0.684,
      "f1": 0.6788617886178862,
      "pre": 0.6900826446280992,
      "recall": 0.668,
      "auroc": 0.7538239999999999,
      "optimal_threshold": 0.5576888918876648,
      "tpr_at_fpr_0_01": 0.036,
      "fpr95": 0.808,
      "aupr": 0.719083130849389
    },
    "layer_3": {
      "n_total": 500,
      "n_valid": 500,
      "n_val_total": 500,
      "n_val_valid": 500,
      "acc": 0.692,
      "f1": 0.6467889908256881,
      "pre": 0.7580645161290323,
      "recall": 0.564,
      "auroc": 0.777584,
      "optimal_threshold": 0.6788238883018494,
      "tpr_at_fpr_0_01": 0.196,
      "fpr95": 0.768,
      "aupr": 0.7811642397533374
    },
    "layer_4": {
      "n_total": 500,
      "n_valid": 500,
      "n_val_total": 500,
      "n_val_valid": 500,
      "acc": 0.726,
      "f1": 0.702819956616052,
      "pre": 0.7677725118483413,
      "recall": 0.648,
      "auroc": 0.78784,
      "optimal_threshold": 0.5777190923690796,
      "tpr_at_fpr_0_01": 0.132,
      "fpr95": 0.712,
      "aupr": 0.8014234578155452
    },
    "layer_5": {
      "n_total": 500,
      "n_valid": 500,
      "n_val_total": 500,
      "n_val_valid": 500,
      "acc": 0.734,
      "f1": 0.7366336633663366,
      "pre": 0.7294117647058823,
      "recall": 0.744,
      "auroc": 0.7994080000000001,
      "optimal_threshold": 0.5152588486671448,
      "tpr_at_fpr_0_01": 0.08,
      "fpr95": 0.62,
      "aupr": 0.7898685301204246
    },
    "layer_6": {
      "n_total": 500,
      "n_valid": 500,
      "n_val_total": 500,
      "n_val_valid": 500,
      "acc": 0.724,
      "f1": 0.684931506849315,
      "pre": 0.7978723404255319,
      "recall": 0.6,
      "auroc": 0.8143199999999999,
      "optimal_threshold": 0.5325604677200317,
      "tpr_at_fpr_0_01": 0.172,
      "fpr95": 0.736,
      "aupr": 0.8217922872872427
    },
    "layer_7": {
      "n_total": 500,
      "n_valid": 500,
      "n_val_total": 500,
      "n_val_valid": 500,
      "acc": 0.756,
      "f1": 0.7607843137254902,
      "pre": 0.7461538461538462,
      "recall": 0.776,
      "auroc": 0.8243360000000001,
      "optimal_threshold": 0.5142145752906799,
      "tpr_at_fpr_0_01": 0.2,
      "fpr95": 0.68,
      "aupr": 0.8310992635316856
    },
    "layer_8": {
      "n_total": 500,
      "n_valid": 500,
      "n_val_total": 500,
      "n_val_valid": 500,
      "acc": 0.714,
      "f1": 0.7477954144620811,
      "pre": 0.668769716088328,
      "recall": 0.848,
      "auroc": 0.8003680000000001,
      "optimal_threshold": 0.4801715314388275,
      "tpr_at_fpr_0_01": 0.232,
      "fpr95": 0.664,
      "aupr": 0.8134922871276742
    },
    "layer_9": {
      "n_total": 500,
      "n_valid": 500,
      "n_val_total": 500,
      "n_val_valid": 500,
      "acc": 0.716,
      "f1": 0.75,
      "pre": 0.6698113207547169,
      "recall": 0.852,
      "auroc": 0.7583679999999999,
      "optimal_threshold": 0.535542905330658,
      "tpr_at_fpr_0_01": 0.02,
      "fpr95": 0.596,
      "aupr": 0.68156539902302
    },
    "layer_10": {
      "n_total": 500,
      "n_valid": 500,
      "n_val_total": 500,
      "n_val_valid": 500,
      "acc": 0.71,
      "f1": 0.720616570327553,
      "pre": 0.6951672862453532,
      "recall": 0.748,
      "auroc": 0.7954240000000001,
      "optimal_threshold": 0.5725575685501099,
      "tpr_at_fpr_0_01": 0.248,
      "fpr95": 0.72,
      "aupr": 0.8100364438215475
    },
    "layer_11": {
      "n_total": 500,
      "n_valid": 500,
      "n_val_total": 500,
      "n_val_valid": 500,
      "acc": 0.708,
      "f1": 0.7159533073929961,
      "pre": 0.696969696969697,
      "recall": 0.736,
      "auroc": 0.7929039999999999,
      "optimal_threshold": 0.5815528631210327,
      "tpr_at_fpr_0_01": 0.24,
      "fpr95": 0.648,
      "aupr": 0.8013256131188348
    },
    "layer_12": {
      "n_total": 500,
      "n_valid": 500,
      "n_val_total": 500,
      "n_val_valid": 500,
      "acc": 0.716,
      "f1": 0.7300380228136882,
      "pre": 0.6956521739130435,
      "recall": 0.768,
      "auroc": 0.795584,
      "optimal_threshold": 0.5450192093849182,
      "tpr_at_fpr_0_01": 0.26,
      "fpr95": 0.66,
      "aupr": 0.8102715551926282
    },
    "layer_13": {
      "n_total": 500,
      "n_valid": 500,
      "n_val_total": 500,
      "n_val_valid": 500,
      "acc": 0.726,
      "f1": 0.7103594080338267,
      "pre": 0.7533632286995515,
      "recall": 0.672,
      "auroc": 0.8066720000000001,
      "optimal_threshold": 0.5393393635749817,
      "tpr_at_fpr_0_01": 0.224,
      "fpr95": 0.664,
      "aupr": 0.8200851570874026
    },
    "layer_14": {
      "n_total": 500,
      "n_valid": 500,
      "n_val_total": 500,
      "n_val_valid": 500,
      "acc": 0.722,
      "f1": 0.7539823008849558,
      "pre": 0.6761904761904762,
      "recall": 0.852,
      "auroc": 0.817408,
      "optimal_threshold": 0.5139362215995789,
      "tpr_at_fpr_0_01": 0.264,
      "fpr95": 0.54,
      "aupr": 0.8223321420764894
    },
    "layer_15": {
      "n_total": 500,
      "n_valid": 500,
      "n_val_total": 500,
      "n_val_valid": 500,
      "acc": 0.74,
      "f1": 0.7627737226277372,
      "pre": 0.7013422818791947,
      "recall": 0.836,
      "auroc": 0.834128,
      "optimal_threshold": 0.49974799156188965,
      "tpr_at_fpr_0_01": 0.372,
      "fpr95": 0.556,
      "aupr": 0.8433670888675908
    },
    "layer_16": {
      "n_total": 500,
      "n_valid": 500,
      "n_val_total": 500,
      "n_val_valid": 500,
      "acc": 0.744,
      "f1": 0.7602996254681648,
      "pre": 0.7147887323943662,
      "recall": 0.812,
      "auroc": 0.8350559999999999,
      "optimal_threshold": 0.5213441848754883,
      "tpr_at_fpr_0_01": 0.32,
      "fpr95": 0.552,
      "aupr": 0.845810048615651
    },
    "layer_17": {
      "n_total": 500,
      "n_valid": 500,
      "n_val_total": 500,
      "n_val_valid": 500,
      "acc": 0.744,
      "f1": 0.7398373983739838,
      "pre": 0.7520661157024794,
      "recall": 0.728,
      "auroc": 0.832128,
      "optimal_threshold": 0.5109522342681885,
      "tpr_at_fpr_0_01": 0.344,
      "fpr95": 0.612,
      "aupr": 0.8486528750091324
    },
    "layer_18": {
      "n_total": 500,
      "n_valid": 500,
      "n_val_total": 500,
      "n_val_valid": 500,
      "acc": 0.766,
      "f1": 0.7515923566878981,
      "pre": 0.8009049773755657,
      "recall": 0.708,
      "auroc": 0.8406559999999998,
      "optimal_threshold": 0.524080753326416,
      "tpr_at_fpr_0_01": 0.292,
      "fpr95": 0.652,
      "aupr": 0.8543142320513522
    },
    "layer_19": {
      "n_total": 500,
      "n_valid": 500,
      "n_val_total": 500,
      "n_val_valid": 500,
      "acc": 0.766,
      "f1": 0.7683168316831683,
      "pre": 0.7607843137254902,
      "recall": 0.776,
      "auroc": 0.840816,
      "optimal_threshold": 0.485250324010849,
      "tpr_at_fpr_0_01": 0.284,
      "fpr95": 0.668,
      "aupr": 0.8546222093575859
    },
    "layer_20": {
      "n_total": 500,
      "n_valid": 500,
      "n_val_total": 500,
      "n_val_valid": 500,