{
  "args": {
    "model": "llama_8b",
    "dataset": "multisocial_en",
    "mode": "clean_topic",
    "token_mode": "last_token",
    "prefix": false,
    "smoke_test": false,
    "ood": [
      "multisocial_de",
      "multisocial_nl"
    ],
    "pca_components": 0,
    "normalize_scores": true,
    "manifold": true
  },
  "steering_domain": "multisocial_en",
  "eval_domain": "multisocial_de",
  "n_samples": 500,
  "n_layers": 33,
  "metrics_per_layer": {
    "layer_1": {
      "n_total": 500,
      "n_valid": 500,
      "n_val_total": 500,
      "n_val_valid": 500,
      "acc": 0.67,
      "f1": 0.6869070208728653,
      "pre": 0.6534296028880866,
      "recall": 0.724,
      "auroc": 0.660096,
      "optimal_threshold": 0.5023671984672546,
      "tpr_at_fpr_0_01": 0.032,
      "fpr95": 0.752,
      "aupr": 0.6297158504185834
    },
    "layer_2": {
      "n_total": 500,
      "n_valid": 500,
      "n_val_total": 500,
      "n_val_valid": 500,
      "acc": 0.542,
      "f1": 0.3400576368876081,
      "pre": 0.6082474226804123,
      "recall": 0.236,
      "auroc": 0.6665120000000001,
      "optimal_threshold": 0.49596959352493286,
      "tpr_at_fpr_0_01": 0.0,
      "fpr95": 0.804,
      "aupr": 0.6040390467278599
    },
    "layer_3": {
      "n_total": 500,
      "n_valid": 500,
      "n_val_total": 500,
      "n_val_valid": 500,
      "acc": 0.588,
      "f1": 0.48756218905472637,
      "pre": 0.6447368421052632,
      "recall": 0.392,
      "auroc": 0.668544,
      "optimal_threshold": 0.606058657169342,
      "tpr_at_fpr_0_01": 0.004,
      "fpr95": 0.8,
      "aupr": 0.6265355593947401
    },
    "layer_4": {
      "n_total": 500,
      "n_valid": 500,
      "n_val_total": 500,
      "n_val_valid": 500,
      "acc": 0.612,
      "f1": 0.5076142131979695,
      "pre": 0.6944444444444444,
      "recall": 0.4,
      "auroc": 0.647504,
      "optimal_threshold": 0.5600548386573792,
      "tpr_at_fpr_0_01": 0.052,
      "fpr95": 0.868,
      "aupr": 0.6638918151003055
    },
    "layer_5": {
      "n_total": 500,
      "n_valid": 500,
      "n_val_total": 500,
      "n_val_valid": 500,
      "acc": 0.584,
      "f1": 0.44086021505376344,
      "pre": 0.6721311475409836,
      "recall": 0.328,
      "auroc": 0.6353120000000001,
      "optimal_threshold": 0.5664138793945312,
      "tpr_at_fpr_0_01": 0.1,
      "fpr95": 0.844,
      "aupr": 0.6555612292754491
    },
    "layer_6": {
      "n_total": 500,
      "n_valid": 500,
      "n_val_total": 500,
      "n_val_valid": 500,
      "acc": 0.622,
      "f1": 0.5846153846153846,
      "pre": 0.6487804878048781,
      "recall": 0.532,
      "auroc": 0.62056,
      "optimal_threshold": 0.48620110750198364,
      "tpr_at_fpr_0_01": 0.004,
      "fpr95": 0.832,
      "aupr": 0.5823101629725304
    },
    "layer_7": {
      "n_total": 500,
      "n_valid": 500,
      "n_val_total": 500,
      "n_val_valid": 500,
      "acc": 0.57,
      "f1": 0.4529262086513995,
      "pre": 0.6223776223776224,
      "recall": 0.356,
      "auroc": 0.610816,
      "optimal_threshold": 0.5402657985687256,
      "tpr_at_fpr_0_01": 0.0,
      "fpr95": 0.824,
      "aupr": 0.5834867931847701
    },
    "layer_8": {
      "n_total": 500,
      "n_valid": 500,
      "n_val_total": 500,
      "n_val_valid": 500,
      "acc": 0.566,
      "f1": 0.5488565488565489,
      "pre": 0.5714285714285714,
      "recall": 0.528,
      "auroc": 0.6075679999999999,
      "optimal_threshold": 0.4985330402851105,
      "tpr_at_fpr_0_01": 0.0,
      "fpr95": 0.832,
      "aupr": 0.5681528582343586
    },
    "layer_9": {
      "n_total": 500,
      "n_valid": 500,
      "n_val_total": 500,
      "n_val_valid": 500,
      "acc": 0.618,
      "f1": 0.6333973128598849,
      "pre": 0.6088560885608856,
      "recall": 0.66,
      "auroc": 0.6473760000000001,
      "optimal_threshold": 0.5226522088050842,
      "tpr_at_fpr_0_01": 0.004,
      "fpr95": 0.732,
      "aupr": 0.5921862351498892
    },
    "layer_10": {
      "n_total": 500,
      "n_valid": 500,
      "n_val_total": 500,
      "n_val_valid": 500,
      "acc": 0.606,
      "f1": 0.650088809946714,
      "pre": 0.5846645367412141,
      "recall": 0.732,
      "auroc": 0.6568480000000001,
      "optimal_threshold": 0.4962800443172455,
      "tpr_at_fpr_0_01": 0.02,
      "fpr95": 0.732,
      "aupr": 0.6188476164939567
    },
    "layer_11": {
      "n_total": 500,
      "n_valid": 500,
      "n_val_total": 500,
      "n_val_valid": 500,
      "acc": 0.592,
      "f1": 0.6194029850746269,
      "pre": 0.5804195804195804,
      "recall": 0.664,
      "auroc": 0.6353439999999999,
      "optimal_threshold": 0.5173560380935669,
      "tpr_at_fpr_0_01": 0.1,
      "fpr95": 0.784,
      "aupr": 0.6405786388421585
    },
    "layer_12": {
      "n_total": 500,
      "n_valid": 500,
      "n_val_total": 500,
      "n_val_valid": 500,
      "acc": 0.564,
      "f1": 0.5133928571428571,
      "pre": 0.5808080808080808,
      "recall": 0.46,
      "auroc": 0.633552,
      "optimal_threshold": 0.6047534346580505,
      "tpr_at_fpr_0_01": 0.108,
      "fpr95": 0.808,
      "aupr": 0.6562033121960134
    },
    "layer_13": {
      "n_total": 500,
      "n_valid": 500,
      "n_val_total": 500,
      "n_val_valid": 500,
      "acc": 0.584,
      "f1": 0.4975845410628019,
      "pre": 0.6280487804878049,
      "recall": 0.412,
      "auroc": 0.635456,
      "optimal_threshold": 0.6143584847450256,
      "tpr_at_fpr_0_01": 0.104,
      "fpr95": 0.812,
      "aupr": 0.6583369380764171
    },
    "layer_14": {
      "n_total": 500,
      "n_valid": 500,
      "n_val_total": 500,
      "n_val_valid": 500,
      "acc": 0.65,
      "f1": 0.6788990825688074,
      "pre": 0.6271186440677966,
      "recall": 0.74,
      "auroc": 0.6853119999999999,
      "optimal_threshold": 0.45327019691467285,
      "tpr_at_fpr_0_01": 0.092,
      "fpr95": 0.624,
      "aupr": 0.6558723744147592
    },
    "layer_15": {
      "n_total": 500,
      "n_valid": 500,
      "n_val_total": 500,
      "n_val_valid": 500,
      "acc": 0.624,
      "f1": 0.6544117647058824,
      "pre": 0.6054421768707483,
      "recall": 0.712,
      "auroc": 0.655536,
      "optimal_threshold": 0.46541285514831543,
      "tpr_at_fpr_0_01": 0.06,
      "fpr95": 0.78,
      "aupr": 0.6544440245706066
    },
    "layer_16": {
      "n_total": 500,
      "n_valid": 500,
      "n_val_total": 500,
      "n_val_valid": 500,
      "acc": 0.66,
      "f1": 0.724025974025974,
      "pre": 0.6092896174863388,
      "recall": 0.892,
      "auroc": 0.669632,
      "optimal_threshold": 0.3922500014305115,
      "tpr_at_fpr_0_01": 0.072,
      "fpr95": 0.708,
      "aupr": 0.6379833131596644
    },
    "layer_17": {
      "n_total": 500,
      "n_valid": 500,
      "n_val_total": 500,
      "n_val_valid": 500,
      "acc": 0.634,
      "f1": 0.6642201834862386,
      "pre": 0.6135593220338983,
      "recall": 0.724,
      "auroc": 0.680176,
      "optimal_threshold": 0.4908473789691925,
      "tpr_at_fpr_0_01": 0.084,
      "fpr95": 0.716,
      "aupr": 0.6728373081899369
    },
    "layer_18": {
      "n_total": 500,
      "n_valid": 500,
      "n_val_total": 500,
      "n_val_valid": 500,
      "acc": 0.66,
      "f1": 0.6222222222222222,
      "pre": 0.7,
      "recall": 0.56,
      "auroc": 0.7208640000000001,
      "optimal_threshold": 0.5250353813171387,
      "tpr_at_fpr_0_01": 0.168,
      "fpr95": 0.784,
      "aupr": 0.7457252464054379
    },
    "layer_19": {
      "n_total": 500,
      "n_valid": 500,
      "n_val_total": 500,
      "n_val_valid": 500,
      "acc": 0.658,
      "f1": 0.5938242280285035,
      "pre": 0.7309941520467836,
      "recall": 0.5,
      "auroc": 0.7155360000000001,
      "optimal_threshold": 0.5631085634231567,
      "tpr_at_fpr_0_01": 0.168,
      "fpr95": 0.8,
      "aupr": 0.7482152664720074
    },
    "layer_20": {
      "n_total": 500,
      "n_valid": 500,
      "n_val_total": 500,
      "n_val_valid": 500,