{
  "args": {
    "model": "llama_8b",
    "dataset": "tsm_paras_en_first_deepseek",
    "mode": "clean_topic",
    "token_mode": "last_token",
    "prefix": false,
    "smoke_test": false,
    "ood": [
      "tsm_paras_pt_first_deepseek",
      "tsm_paras_vi_first_deepseek"
    ],
    "pca_components": 0,
    "normalize_scores": true,
    "manifold": true
  },
  "steering_domain": "tsm_paras_en_first_deepseek",
  "eval_domain": "tsm_paras_en_first_deepseek",
  "n_samples": 498,
  "n_layers": 33,
  "metrics_per_layer": {
    "layer_1": {
      "n_total": 498,
      "n_valid": 498,
      "n_val_total": 498,
      "n_val_valid": 498,
      "acc": 0.6004016064257028,
      "f1": 0.33444816053511706,
      "pre": 1.0,
      "recall": 0.20080321285140562,
      "auroc": 0.6260705472492379,
      "optimal_threshold": 0.6907309293746948,
      "tpr_at_fpr_0_01": 0.20080321285140562,
      "fpr95": 0.9036144578313253,
      "aupr": 0.6166561205358964
    },
    "layer_2": {
      "n_total": 498,
      "n_valid": 498,
      "n_val_total": 498,
      "n_val_valid": 498,
      "acc": 0.7730923694779116,
      "f1": 0.7303102625298329,
      "pre": 0.9,
      "recall": 0.6144578313253012,
      "auroc": 0.8284705085401849,
      "optimal_threshold": 0.6327738761901855,
      "tpr_at_fpr_0_01": 0.4497991967871486,
      "fpr95": 0.8433734939759037,
      "aupr": 0.8709498333213953
    },
    "layer_3": {
      "n_total": 498,
      "n_valid": 498,
      "n_val_total": 498,
      "n_val_valid": 498,
      "acc": 0.7931726907630522,
      "f1": 0.7893660531697342,
      "pre": 0.8041666666666667,
      "recall": 0.7751004016064257,
      "auroc": 0.8654699117756165,
      "optimal_threshold": 0.5937094688415527,
      "tpr_at_fpr_0_01": 0.4457831325301205,
      "fpr95": 0.7630522088353414,
      "aupr": 0.8938428538687635
    },
    "layer_4": {
      "n_total": 498,
      "n_valid": 498,
      "n_val_total": 498,
      "n_val_valid": 498,
      "acc": 0.8273092369477911,
      "f1": 0.8130434782608695,
      "pre": 0.8862559241706162,
      "recall": 0.751004016064257,
      "auroc": 0.9062273189142112,
      "optimal_threshold": 0.6309184432029724,
      "tpr_at_fpr_0_01": 0.6184738955823293,
      "fpr95": 0.5140562248995983,
      "aupr": 0.9234787426161271
    },
    "layer_5": {
      "n_total": 498,
      "n_valid": 498,
      "n_val_total": 498,
      "n_val_valid": 498,
      "acc": 0.8775100401606426,
      "f1": 0.8762677484787018,
      "pre": 0.8852459016393442,
      "recall": 0.8674698795180723,
      "auroc": 0.9456782955113627,
      "optimal_threshold": 0.4541573226451874,
      "tpr_at_fpr_0_01": 0.5582329317269076,
      "fpr95": 0.2931726907630522,
      "aupr": 0.9523081827379872
    },
    "layer_6": {
      "n_total": 498,
      "n_valid": 498,
      "n_val_total": 498,
      "n_val_valid": 498,
      "acc": 0.9036144578313253,
      "f1": 0.90625,
      "pre": 0.8821292775665399,
      "recall": 0.9317269076305221,
      "auroc": 0.9608554700730633,
      "optimal_threshold": 0.3838306665420532,
      "tpr_at_fpr_0_01": 0.5903614457831325,
      "fpr95": 0.18473895582329317,
      "aupr": 0.963503120265471
    },
    "layer_7": {
      "n_total": 498,
      "n_valid": 498,
      "n_val_total": 498,
      "n_val_valid": 498,
      "acc": 0.9036144578313253,
      "f1": 0.9051383399209486,
      "pre": 0.8910505836575876,
      "recall": 0.9196787148594378,
      "auroc": 0.9565490879179367,
      "optimal_threshold": 0.4119635224342346,
      "tpr_at_fpr_0_01": 0.5381526104417671,
      "fpr95": 0.21686746987951808,
      "aupr": 0.9604388883327625
    },
    "layer_8": {
      "n_total": 498,
      "n_valid": 498,
      "n_val_total": 498,
      "n_val_valid": 498,
      "acc": 0.9016064257028112,
      "f1": 0.902970297029703,
      "pre": 0.890625,
      "recall": 0.9156626506024096,
      "auroc": 0.961903840260641,
      "optimal_threshold": 0.327446848154068,
      "tpr_at_fpr_0_01": 0.5140562248995983,
      "fpr95": 0.20080321285140562,
      "aupr": 0.9649748377469076
    },
    "layer_9": {
      "n_total": 498,
      "n_valid": 498,
      "n_val_total": 498,
      "n_val_valid": 498,
      "acc": 0.8614457831325302,
      "f1": 0.8600405679513184,
      "pre": 0.8688524590163934,
      "recall": 0.8514056224899599,
      "auroc": 0.9362752213673972,
      "optimal_threshold": 0.3620912730693817,
      "tpr_at_fpr_0_01": 0.4979919678714859,
      "fpr95": 0.2570281124497992,
      "aupr": 0.9409607184366029
    },
    "layer_10": {
      "n_total": 498,
      "n_valid": 498,
      "n_val_total": 498,
      "n_val_valid": 498,
      "acc": 0.8353413654618473,
      "f1": 0.8492647058823529,
      "pre": 0.7830508474576271,
      "recall": 0.927710843373494,
      "auroc": 0.9307107949871776,
      "optimal_threshold": 0.3170550465583801,
      "tpr_at_fpr_0_01": 0.4819277108433735,
      "fpr95": 0.3293172690763052,
      "aupr": 0.9348828969678398
    },
    "layer_11": {
      "n_total": 498,
      "n_valid": 498,
      "n_val_total": 498,
      "n_val_valid": 498,
      "acc": 0.8634538152610441,
      "f1": 0.851528384279476,
      "pre": 0.9330143540669856,
      "recall": 0.7831325301204819,
      "auroc": 0.9431460782890598,
      "optimal_threshold": 0.3559999465942383,
      "tpr_at_fpr_0_01": 0.6305220883534136,
      "fpr95": 0.3092369477911647,
      "aupr": 0.9494465716736381
    },
    "layer_12": {
      "n_total": 498,
      "n_valid": 498,
      "n_val_total": 498,
      "n_val_valid": 498,
      "acc": 0.8534136546184738,
      "f1": 0.840958605664488,
      "pre": 0.919047619047619,
      "recall": 0.7751004016064257,
      "auroc": 0.9343881550297576,
      "optimal_threshold": 0.37465959787368774,
      "tpr_at_fpr_0_01": 0.5180722891566265,
      "fpr95": 0.3453815261044177,
      "aupr": 0.9410744510249702
    },
    "layer_13": {
      "n_total": 498,
      "n_valid": 498,
      "n_val_total": 498,
      "n_val_valid": 498,
      "acc": 0.8293172690763052,
      "f1": 0.811529933481153,
      "pre": 0.905940594059406,
      "recall": 0.7349397590361446,
      "auroc": 0.9240173545587974,
      "optimal_threshold": 0.38409915566444397,
      "tpr_at_fpr_0_01": 0.5180722891566265,
      "fpr95": 0.37751004016064255,
      "aupr": 0.9321850950772527
    },
    "layer_14": {
      "n_total": 498,
      "n_valid": 498,
      "n_val_total": 498,
      "n_val_valid": 498,
      "acc": 0.8393574297188755,
      "f1": 0.8245614035087719,
      "pre": 0.9082125603864735,
      "recall": 0.7550200803212851,
      "auroc": 0.9292592054966855,
      "optimal_threshold": 0.41542676091194153,
      "tpr_at_fpr_0_01": 0.5542168674698795,
      "fpr95": 0.3333333333333333,
      "aupr": 0.9354175996115494
    },
    "layer_15": {
      "n_total": 498,
      "n_valid": 498,
      "n_val_total": 498,
      "n_val_valid": 498,
      "acc": 0.8192771084337349,
      "f1": 0.8068669527896996,
      "pre": 0.8663594470046083,
      "recall": 0.7550200803212851,
      "auroc": 0.9255173303656392,
      "optimal_threshold": 0.4009118974208832,
      "tpr_at_fpr_0_01": 0.5421686746987951,
      "fpr95": 0.3172690763052209,
      "aupr": 0.93084989442983
    },
    "layer_16": {
      "n_total": 498,
      "n_valid": 498,
      "n_val_total": 498,
      "n_val_valid": 498,
      "acc": 0.8132530120481928,
      "f1": 0.8113590263691683,
      "pre": 0.819672131147541,
      "recall": 0.8032128514056225,
      "auroc": 0.9231786584087355,
      "optimal_threshold": 0.39241939783096313,
      "tpr_at_fpr_0_01": 0.5662650602409639,
      "fpr95": 0.3092369477911647,
      "aupr": 0.9286194724348745
    },
    "layer_17": {
      "n_total": 498,
      "n_valid": 498,
      "n_val_total": 498,
      "n_val_valid": 498,
      "acc": 0.8755020080321285,
      "f1": 0.8755020080321285,
      "pre": 0.8755020080321285,
      "recall": 0.8755020080321285,
      "auroc": 0.9420815793293656,
      "optimal_threshold": 0.42489156126976013,