{
  "args": {
    "model": "llama_8b",
    "dataset": "multisocial_en",
    "mode": "m_logistic",
    "token_mode": "last_token",
    "prefix": false,
    "smoke_test": false,
    "ood": [
      "multisocial_ar",
      "multisocial_de"
    ],
    "pca_components": 50,
    "normalize_scores": true,
    "ablation_set": "human",
    "manifold": true
  },
  "steering_domain": "multisocial_en",
  "eval_domain": "multisocial_ar",
  "n_samples": 500,
  "n_layers": 33,
  "metrics_per_layer": {
    "layer_1": {
      "n_total": 500,
      "n_valid": 500,
      "n_val_total": 500,
      "n_val_valid": 500,
      "acc": 0.67,
      "f1": 0.5691906005221932,
      "pre": 0.8195488721804511,
      "recall": 0.436,
      "auroc": 0.6993040000000001,
      "optimal_threshold": 0.3911319971084595,
      "tpr_at_fpr_0_01": 0.0,
      "fpr95": 0.84,
      "aupr": 0.7180594808994126
    },
    "layer_2": {
      "n_total": 500,
      "n_valid": 500,
      "n_val_total": 500,
      "n_val_valid": 500,
      "acc": 0.672,
      "f1": 0.5773195876288659,
      "pre": 0.8115942028985508,
      "recall": 0.448,
      "auroc": 0.688576,
      "optimal_threshold": 0.43204283714294434,
      "tpr_at_fpr_0_01": 0.072,
      "fpr95": 0.832,
      "aupr": 0.7258936264518633
    },
    "layer_3": {
      "n_total": 500,
      "n_valid": 500,
      "n_val_total": 500,
      "n_val_valid": 500,
      "acc": 0.668,
      "f1": 0.5608465608465608,
      "pre": 0.828125,
      "recall": 0.424,
      "auroc": 0.777584,
      "optimal_threshold": 0.4952571988105774,
      "tpr_at_fpr_0_01": 0.064,
      "fpr95": 0.788,
      "aupr": 0.7699211676227813
    },
    "layer_4": {
      "n_total": 500,
      "n_valid": 500,
      "n_val_total": 500,
      "n_val_valid": 500,
      "acc": 0.654,
      "f1": 0.5126760563380282,
      "pre": 0.8666666666666667,
      "recall": 0.364,
      "auroc": 0.743088,
      "optimal_threshold": 0.5408902764320374,
      "tpr_at_fpr_0_01": 0.12,
      "fpr95": 0.868,
      "aupr": 0.7664669188879317
    },
    "layer_5": {
      "n_total": 500,
      "n_valid": 500,
      "n_val_total": 500,
      "n_val_valid": 500,
      "acc": 0.68,
      "f1": 0.5721925133689839,
      "pre": 0.8629032258064516,
      "recall": 0.428,
      "auroc": 0.788304,
      "optimal_threshold": 0.5454686284065247,
      "tpr_at_fpr_0_01": 0.152,
      "fpr95": 0.8,
      "aupr": 0.7934043145968475
    },
    "layer_6": {
      "n_total": 500,
      "n_valid": 500,
      "n_val_total": 500,
      "n_val_valid": 500,
      "acc": 0.682,
      "f1": 0.6074074074074074,
      "pre": 0.7935483870967742,
      "recall": 0.492,
      "auroc": 0.744896,
      "optimal_threshold": 0.43745654821395874,
      "tpr_at_fpr_0_01": 0.248,
      "fpr95": 0.764,
      "aupr": 0.7736717255358646
    },
    "layer_7": {
      "n_total": 500,
      "n_valid": 500,
      "n_val_total": 500,
      "n_val_valid": 500,
      "acc": 0.66,
      "f1": 0.532967032967033,
      "pre": 0.8508771929824561,
      "recall": 0.388,
      "auroc": 0.760304,
      "optimal_threshold": 0.5496273636817932,
      "tpr_at_fpr_0_01": 0.204,
      "fpr95": 0.84,
      "aupr": 0.7901426744221597
    },
    "layer_8": {
      "n_total": 500,
      "n_valid": 500,
      "n_val_total": 500,
      "n_val_valid": 500,
      "acc": 0.65,
      "f1": 0.4956772334293948,
      "pre": 0.8865979381443299,
      "recall": 0.344,
      "auroc": 0.7391999999999999,
      "optimal_threshold": 0.5221724510192871,
      "tpr_at_fpr_0_01": 0.16,
      "fpr95": 0.864,
      "aupr": 0.7747779268523673
    },
    "layer_9": {
      "n_total": 500,
      "n_valid": 500,
      "n_val_total": 500,
      "n_val_valid": 500,
      "acc": 0.692,
      "f1": 0.6111111111111112,
      "pre": 0.8287671232876712,
      "recall": 0.484,
      "auroc": 0.75468,
      "optimal_threshold": 0.4380614459514618,
      "tpr_at_fpr_0_01": 0.116,
      "fpr95": 0.844,
      "aupr": 0.7843839942303599
    },
    "layer_10": {
      "n_total": 500,
      "n_valid": 500,
      "n_val_total": 500,
      "n_val_valid": 500,
      "acc": 0.674,
      "f1": 0.5534246575342465,
      "pre": 0.8782608695652174,
      "recall": 0.404,
      "auroc": 0.778288,
      "optimal_threshold": 0.46514198184013367,
      "tpr_at_fpr_0_01": 0.164,
      "fpr95": 0.836,
      "aupr": 0.8027414056146667
    },
    "layer_11": {
      "n_total": 500,
      "n_valid": 500,
      "n_val_total": 500,
      "n_val_valid": 500,
      "acc": 0.718,
      "f1": 0.6466165413533834,
      "pre": 0.8657718120805369,
      "recall": 0.516,
      "auroc": 0.828272,
      "optimal_threshold": 0.4216096103191376,
      "tpr_at_fpr_0_01": 0.176,
      "fpr95": 0.7,
      "aupr": 0.8323703602690358
    },
    "layer_12": {
      "n_total": 500,
      "n_valid": 500,
      "n_val_total": 500,
      "n_val_valid": 500,
      "acc": 0.744,
      "f1": 0.681592039800995,
      "pre": 0.9013157894736842,
      "recall": 0.548,
      "auroc": 0.8604160000000001,
      "optimal_threshold": 0.40309882164001465,
      "tpr_at_fpr_0_01": 0.136,
      "fpr95": 0.624,
      "aupr": 0.8564798743047632
    },
    "layer_13": {
      "n_total": 500,
      "n_valid": 500,
      "n_val_total": 500,
      "n_val_valid": 500,
      "acc": 0.74,
      "f1": 0.6813725490196079,
      "pre": 0.879746835443038,
      "recall": 0.556,
      "auroc": 0.852832,
      "optimal_threshold": 0.4219961166381836,
      "tpr_at_fpr_0_01": 0.16,
      "fpr95": 0.684,
      "aupr": 0.8566266824117321
    },
    "layer_14": {
      "n_total": 500,
      "n_valid": 500,
      "n_val_total": 500,
      "n_val_valid": 500,
      "acc": 0.682,
      "f1": 0.5619834710743802,
      "pre": 0.9026548672566371,
      "recall": 0.408,
      "auroc": 0.857664,
      "optimal_threshold": 0.44751062989234924,
      "tpr_at_fpr_0_01": 0.156,
      "fpr95": 0.664,
      "aupr": 0.8559500124344981
    },
    "layer_15": {
      "n_total": 500,
      "n_valid": 500,
      "n_val_total": 500,
      "n_val_valid": 500,
      "acc": 0.704,
      "f1": 0.6084656084656085,
      "pre": 0.8984375,
      "recall": 0.46,
      "auroc": 0.858688,
      "optimal_threshold": 0.4116652309894562,
      "tpr_at_fpr_0_01": 0.184,
      "fpr95": 0.66,
      "aupr": 0.8574668401967228
    },
    "layer_16": {
      "n_total": 500,
      "n_valid": 500,
      "n_val_total": 500,
      "n_val_valid": 500,
      "acc": 0.744,
      "f1": 0.68,
      "pre": 0.9066666666666666,
      "recall": 0.544,
      "auroc": 0.8599840000000001,
      "optimal_threshold": 0.4064379334449768,
      "tpr_at_fpr_0_01": 0.172,
      "fpr95": 0.72,
      "aupr": 0.8623510572958014
    },
    "layer_17": {
      "n_total": 500,
      "n_valid": 500,
      "n_val_total": 500,
      "n_val_valid": 500,
      "acc": 0.748,
      "f1": 0.6911764705882353,
      "pre": 0.8924050632911392,
      "recall": 0.564,
      "auroc": 0.8696640000000001,
      "optimal_threshold": 0.4038804769515991,
      "tpr_at_fpr_0_01": 0.228,
      "fpr95": 0.688,
      "aupr": 0.8705106539740688
    },
    "layer_18": {
      "n_total": 500,
      "n_valid": 500,
      "n_val_total": 500,
      "n_val_valid": 500,
      "acc": 0.784,
      "f1": 0.7545454545454545,
      "pre": 0.8736842105263158,
      "recall": 0.664,
      "auroc": 0.869456,
      "optimal_threshold": 0.39345481991767883,
      "tpr_at_fpr_0_01": 0.18,
      "fpr95": 0.708,
      "aupr": 0.8710590804279067
    },
    "layer_19": {
      "n_total": 500,
      "n_valid": 500,
      "n_val_total": 500,
      "n_val_valid": 500,
      "acc": 0.804,
      "f1": 0.7782805429864253,
      "pre": 0.8958333333333334,
      "recall": 0.688,
      "auroc": 0.876128,
      "optimal_threshold": 0.3924606144428253,
      "tpr_at_fpr_0_01": 0.144,
      "fpr95": 0.744,
      "aupr": 0.8802321879918853
    },
    "layer_20": {
      "n_total": 500,
      "n_valid": 500,
      "n_val_total": 500,
      "n_val_valid": 500,
      "acc": 0.782,