{
  "args": {
    "model": "llama_8b",
    "dataset": "multisocial_en",
    "mode": "m_logistic",
    "token_mode": "last_token",
    "prefix": false,
    "smoke_test": false,
    "ood": [
      "multisocial_ar",
      "multisocial_de"
    ],
    "pca_components": 25,
    "normalize_scores": true,
    "ablation_set": "human",
    "manifold": true
  },
  "steering_domain": "multisocial_en",
  "eval_domain": "multisocial_de",
  "n_samples": 500,
  "n_layers": 33,
  "metrics_per_layer": {
    "layer_1": {
      "n_total": 500,
      "n_valid": 500,
      "n_val_total": 500,
      "n_val_valid": 500,
      "acc": 0.666,
      "f1": 0.6769825918762089,
      "pre": 0.6554307116104869,
      "recall": 0.7,
      "auroc": 0.72296,
      "optimal_threshold": 0.3403763175010681,
      "tpr_at_fpr_0_01": 0.0,
      "fpr95": 0.908,
      "aupr": 0.7260215332805688
    },
    "layer_2": {
      "n_total": 500,
      "n_valid": 500,
      "n_val_total": 500,
      "n_val_valid": 500,
      "acc": 0.706,
      "f1": 0.7006109979633401,
      "pre": 0.7136929460580913,
      "recall": 0.688,
      "auroc": 0.768432,
      "optimal_threshold": 0.4416379928588867,
      "tpr_at_fpr_0_01": 0.088,
      "fpr95": 0.772,
      "aupr": 0.7635368580084805
    },
    "layer_3": {
      "n_total": 500,
      "n_valid": 500,
      "n_val_total": 500,
      "n_val_valid": 500,
      "acc": 0.748,
      "f1": 0.7428571428571429,
      "pre": 0.7583333333333333,
      "recall": 0.728,
      "auroc": 0.80088,
      "optimal_threshold": 0.4246702492237091,
      "tpr_at_fpr_0_01": 0.08,
      "fpr95": 0.748,
      "aupr": 0.7806968913029658
    },
    "layer_4": {
      "n_total": 500,
      "n_valid": 500,
      "n_val_total": 500,
      "n_val_valid": 500,
      "acc": 0.738,
      "f1": 0.6974595842956121,
      "pre": 0.825136612021858,
      "recall": 0.604,
      "auroc": 0.819232,
      "optimal_threshold": 0.45321255922317505,
      "tpr_at_fpr_0_01": 0.092,
      "fpr95": 0.664,
      "aupr": 0.8088360568048998
    },
    "layer_5": {
      "n_total": 500,
      "n_valid": 500,
      "n_val_total": 500,
      "n_val_valid": 500,
      "acc": 0.698,
      "f1": 0.6138107416879796,
      "pre": 0.851063829787234,
      "recall": 0.48,
      "auroc": 0.8386560000000001,
      "optimal_threshold": 0.46418818831443787,
      "tpr_at_fpr_0_01": 0.136,
      "fpr95": 0.596,
      "aupr": 0.8333385603496973
    },
    "layer_6": {
      "n_total": 500,
      "n_valid": 500,
      "n_val_total": 500,
      "n_val_valid": 500,
      "acc": 0.77,
      "f1": 0.7404063205417607,
      "pre": 0.8497409326424871,
      "recall": 0.656,
      "auroc": 0.8390880000000001,
      "optimal_threshold": 0.40175923705101013,
      "tpr_at_fpr_0_01": 0.216,
      "fpr95": 0.624,
      "aupr": 0.8443183993870449
    },
    "layer_7": {
      "n_total": 500,
      "n_valid": 500,
      "n_val_total": 500,
      "n_val_valid": 500,
      "acc": 0.758,
      "f1": 0.7420042643923241,
      "pre": 0.7945205479452054,
      "recall": 0.696,
      "auroc": 0.840832,
      "optimal_threshold": 0.3459339737892151,
      "tpr_at_fpr_0_01": 0.156,
      "fpr95": 0.6,
      "aupr": 0.8413223605968764
    },
    "layer_8": {
      "n_total": 500,
      "n_valid": 500,
      "n_val_total": 500,
      "n_val_valid": 500,
      "acc": 0.78,
      "f1": 0.7577092511013216,
      "pre": 0.8431372549019608,
      "recall": 0.688,
      "auroc": 0.847808,
      "optimal_threshold": 0.38876083493232727,
      "tpr_at_fpr_0_01": 0.232,
      "fpr95": 0.588,
      "aupr": 0.8485848734357375
    },
    "layer_9": {
      "n_total": 500,
      "n_valid": 500,
      "n_val_total": 500,
      "n_val_valid": 500,
      "acc": 0.758,
      "f1": 0.7218390804597701,
      "pre": 0.8486486486486486,
      "recall": 0.628,
      "auroc": 0.846128,
      "optimal_threshold": 0.3392275869846344,
      "tpr_at_fpr_0_01": 0.216,
      "fpr95": 0.6,
      "aupr": 0.8511905592655067
    },
    "layer_10": {
      "n_total": 500,
      "n_valid": 500,
      "n_val_total": 500,
      "n_val_valid": 500,
      "acc": 0.76,
      "f1": 0.7235023041474654,
      "pre": 0.8532608695652174,
      "recall": 0.628,
      "auroc": 0.8686560000000001,
      "optimal_threshold": 0.3675124943256378,
      "tpr_at_fpr_0_01": 0.164,
      "fpr95": 0.532,
      "aupr": 0.8633237622368828
    },
    "layer_11": {
      "n_total": 500,
      "n_valid": 500,
      "n_val_total": 500,
      "n_val_valid": 500,
      "acc": 0.772,
      "f1": 0.7443946188340808,
      "pre": 0.8469387755102041,
      "recall": 0.664,
      "auroc": 0.883184,
      "optimal_threshold": 0.3465588092803955,
      "tpr_at_fpr_0_01": 0.184,
      "fpr95": 0.46,
      "aupr": 0.8739312618725158
    },
    "layer_12": {
      "n_total": 500,
      "n_valid": 500,
      "n_val_total": 500,
      "n_val_valid": 500,
      "acc": 0.78,
      "f1": 0.7555555555555555,
      "pre": 0.85,
      "recall": 0.68,
      "auroc": 0.885888,
      "optimal_threshold": 0.41186919808387756,
      "tpr_at_fpr_0_01": 0.212,
      "fpr95": 0.452,
      "aupr": 0.87815514459301
    },
    "layer_13": {
      "n_total": 500,
      "n_valid": 500,
      "n_val_total": 500,
      "n_val_valid": 500,
      "acc": 0.79,
      "f1": 0.7619047619047619,
      "pre": 0.8795811518324608,
      "recall": 0.672,
      "auroc": 0.88464,
      "optimal_threshold": 0.4657965898513794,
      "tpr_at_fpr_0_01": 0.264,
      "fpr95": 0.532,
      "aupr": 0.8870375766558943
    },
    "layer_14": {
      "n_total": 500,
      "n_valid": 500,
      "n_val_total": 500,
      "n_val_valid": 500,
      "acc": 0.78,
      "f1": 0.75,
      "pre": 0.868421052631579,
      "recall": 0.66,
      "auroc": 0.884528,
      "optimal_threshold": 0.3807045519351959,
      "tpr_at_fpr_0_01": 0.22,
      "fpr95": 0.452,
      "aupr": 0.8761790425674689
    },
    "layer_15": {
      "n_total": 500,
      "n_valid": 500,
      "n_val_total": 500,
      "n_val_valid": 500,
      "acc": 0.756,
      "f1": 0.7136150234741784,
      "pre": 0.8636363636363636,
      "recall": 0.608,
      "auroc": 0.8837119999999999,
      "optimal_threshold": 0.33868101239204407,
      "tpr_at_fpr_0_01": 0.22,
      "fpr95": 0.44,
      "aupr": 0.8746636563202912
    },
    "layer_16": {
      "n_total": 500,
      "n_valid": 500,
      "n_val_total": 500,
      "n_val_valid": 500,
      "acc": 0.768,
      "f1": 0.7339449541284404,
      "pre": 0.8602150537634409,
      "recall": 0.64,
      "auroc": 0.882368,
      "optimal_threshold": 0.3053757846355438,
      "tpr_at_fpr_0_01": 0.208,
      "fpr95": 0.496,
      "aupr": 0.8769622401795496
    },
    "layer_17": {
      "n_total": 500,
      "n_valid": 500,
      "n_val_total": 500,
      "n_val_valid": 500,
      "acc": 0.81,
      "f1": 0.7983014861995754,
      "pre": 0.8506787330316742,
      "recall": 0.752,
      "auroc": 0.880992,
      "optimal_threshold": 0.2809278070926666,
      "tpr_at_fpr_0_01": 0.24,
      "fpr95": 0.504,
      "aupr": 0.8742410420911154
    },
    "layer_18": {
      "n_total": 500,
      "n_valid": 500,
      "n_val_total": 500,
      "n_val_valid": 500,
      "acc": 0.766,
      "f1": 0.7297921478060047,
      "pre": 0.8633879781420765,
      "recall": 0.632,
      "auroc": 0.8854560000000001,
      "optimal_threshold": 0.3248692750930786,
      "tpr_at_fpr_0_01": 0.212,
      "fpr95": 0.428,
      "aupr": 0.8748916920580239
    },
    "layer_19": {
      "n_total": 500,
      "n_valid": 500,
      "n_val_total": 500,
      "n_val_valid": 500,
      "acc": 0.764,
      "f1": 0.728110599078341,
      "pre": 0.8586956521739131,
      "recall": 0.632,
      "auroc": 0.8836479999999999,
      "optimal_threshold": 0.3275274634361267,
      "tpr_at_fpr_0_01": 0.18,
      "fpr95": 0.456,
      "aupr": 0.872766319425536
    },
    "layer_20": {
      "n_total": 500,
      "n_valid": 500,
      "n_val_total": 500,
      "n_val_valid": 500,
      "acc": 0.778,