{
  "args": {
    "model": "llama_8b",
    "dataset": "multisocial_en",
    "mode": "m_logistic",
    "token_mode": "last_token",
    "prefix": false,
    "smoke_test": false,
    "ood": [
      "multisocial_ar",
      "multisocial_de"
    ],
    "pca_components": 100,
    "normalize_scores": true,
    "ablation_set": "human",
    "manifold": true
  },
  "steering_domain": "multisocial_en",
  "eval_domain": "multisocial_de",
  "n_samples": 500,
  "n_layers": 33,
  "metrics_per_layer": {
    "layer_1": {
      "n_total": 500,
      "n_valid": 500,
      "n_val_total": 500,
      "n_val_valid": 500,
      "acc": 0.7,
      "f1": 0.6975806451612904,
      "pre": 0.7032520325203252,
      "recall": 0.692,
      "auroc": 0.7247999999999999,
      "optimal_threshold": 0.37180641293525696,
      "tpr_at_fpr_0_01": 0.0,
      "fpr95": 0.936,
      "aupr": 0.7281078300678555
    },
    "layer_2": {
      "n_total": 500,
      "n_valid": 500,
      "n_val_total": 500,
      "n_val_valid": 500,
      "acc": 0.716,
      "f1": 0.714859437751004,
      "pre": 0.717741935483871,
      "recall": 0.712,
      "auroc": 0.7720959999999999,
      "optimal_threshold": 0.433025985956192,
      "tpr_at_fpr_0_01": 0.08,
      "fpr95": 0.828,
      "aupr": 0.7641232540462904
    },
    "layer_3": {
      "n_total": 500,
      "n_valid": 500,
      "n_val_total": 500,
      "n_val_valid": 500,
      "acc": 0.748,
      "f1": 0.7296137339055794,
      "pre": 0.7870370370370371,
      "recall": 0.68,
      "auroc": 0.812864,
      "optimal_threshold": 0.4624232053756714,
      "tpr_at_fpr_0_01": 0.092,
      "fpr95": 0.696,
      "aupr": 0.7963969630890702
    },
    "layer_4": {
      "n_total": 500,
      "n_valid": 500,
      "n_val_total": 500,
      "n_val_valid": 500,
      "acc": 0.776,
      "f1": 0.7695473251028807,
      "pre": 0.7923728813559322,
      "recall": 0.748,
      "auroc": 0.834704,
      "optimal_threshold": 0.45305708050727844,
      "tpr_at_fpr_0_01": 0.152,
      "fpr95": 0.668,
      "aupr": 0.8316636996570268
    },
    "layer_5": {
      "n_total": 500,
      "n_valid": 500,
      "n_val_total": 500,
      "n_val_valid": 500,
      "acc": 0.78,
      "f1": 0.7649572649572649,
      "pre": 0.8211009174311926,
      "recall": 0.716,
      "auroc": 0.8429120000000001,
      "optimal_threshold": 0.513058066368103,
      "tpr_at_fpr_0_01": 0.204,
      "fpr95": 0.636,
      "aupr": 0.8489784480117348
    },
    "layer_6": {
      "n_total": 500,
      "n_valid": 500,
      "n_val_total": 500,
      "n_val_valid": 500,
      "acc": 0.754,
      "f1": 0.711943793911007,
      "pre": 0.8587570621468926,
      "recall": 0.608,
      "auroc": 0.8495679999999999,
      "optimal_threshold": 0.5020024180412292,
      "tpr_at_fpr_0_01": 0.236,
      "fpr95": 0.656,
      "aupr": 0.8645262764946096
    },
    "layer_7": {
      "n_total": 500,
      "n_valid": 500,
      "n_val_total": 500,
      "n_val_valid": 500,
      "acc": 0.776,
      "f1": 0.7488789237668162,
      "pre": 0.8520408163265306,
      "recall": 0.668,
      "auroc": 0.8521440000000001,
      "optimal_threshold": 0.513481855392456,
      "tpr_at_fpr_0_01": 0.184,
      "fpr95": 0.588,
      "aupr": 0.8570445825172446
    },
    "layer_8": {
      "n_total": 500,
      "n_valid": 500,
      "n_val_total": 500,
      "n_val_valid": 500,
      "acc": 0.756,
      "f1": 0.7201834862385321,
      "pre": 0.8440860215053764,
      "recall": 0.628,
      "auroc": 0.853184,
      "optimal_threshold": 0.4856601357460022,
      "tpr_at_fpr_0_01": 0.192,
      "fpr95": 0.592,
      "aupr": 0.861849101904139
    },
    "layer_9": {
      "n_total": 500,
      "n_valid": 500,
      "n_val_total": 500,
      "n_val_valid": 500,
      "acc": 0.774,
      "f1": 0.7600849256900213,
      "pre": 0.8099547511312217,
      "recall": 0.716,
      "auroc": 0.8622719999999999,
      "optimal_threshold": 0.5286403894424438,
      "tpr_at_fpr_0_01": 0.252,
      "fpr95": 0.584,
      "aupr": 0.8681505348553038
    },
    "layer_10": {
      "n_total": 500,
      "n_valid": 500,
      "n_val_total": 500,
      "n_val_valid": 500,
      "acc": 0.762,
      "f1": 0.7186761229314421,
      "pre": 0.8786127167630058,
      "recall": 0.608,
      "auroc": 0.879664,
      "optimal_threshold": 0.558785617351532,
      "tpr_at_fpr_0_01": 0.28,
      "fpr95": 0.54,
      "aupr": 0.881120665370735
    },
    "layer_11": {
      "n_total": 500,
      "n_valid": 500,
      "n_val_total": 500,
      "n_val_valid": 500,
      "acc": 0.81,
      "f1": 0.8,
      "pre": 0.8444444444444444,
      "recall": 0.76,
      "auroc": 0.8889599999999999,
      "optimal_threshold": 0.45492151379585266,
      "tpr_at_fpr_0_01": 0.276,
      "fpr95": 0.532,
      "aupr": 0.8904782889303138
    },
    "layer_12": {
      "n_total": 500,
      "n_valid": 500,
      "n_val_total": 500,
      "n_val_valid": 500,
      "acc": 0.776,
      "f1": 0.7320574162679426,
      "pre": 0.9107142857142857,
      "recall": 0.612,
      "auroc": 0.8950560000000001,
      "optimal_threshold": 0.49409425258636475,
      "tpr_at_fpr_0_01": 0.268,
      "fpr95": 0.464,
      "aupr": 0.8958625620901353
    },
    "layer_13": {
      "n_total": 500,
      "n_valid": 500,
      "n_val_total": 500,
      "n_val_valid": 500,
      "acc": 0.786,
      "f1": 0.7528868360277137,
      "pre": 0.8907103825136612,
      "recall": 0.652,
      "auroc": 0.897152,
      "optimal_threshold": 0.49831774830818176,
      "tpr_at_fpr_0_01": 0.336,
      "fpr95": 0.472,
      "aupr": 0.9033753880047184
    },
    "layer_14": {
      "n_total": 500,
      "n_valid": 500,
      "n_val_total": 500,
      "n_val_valid": 500,
      "acc": 0.772,
      "f1": 0.7311320754716981,
      "pre": 0.8908045977011494,
      "recall": 0.62,
      "auroc": 0.893408,
      "optimal_threshold": 0.49081936478614807,
      "tpr_at_fpr_0_01": 0.336,
      "fpr95": 0.496,
      "aupr": 0.8996461003954442
    },
    "layer_15": {
      "n_total": 500,
      "n_valid": 500,
      "n_val_total": 500,
      "n_val_valid": 500,
      "acc": 0.804,
      "f1": 0.7822222222222223,
      "pre": 0.88,
      "recall": 0.704,
      "auroc": 0.895296,
      "optimal_threshold": 0.44319531321525574,
      "tpr_at_fpr_0_01": 0.3,
      "fpr95": 0.492,
      "aupr": 0.9000355485163268
    },
    "layer_16": {
      "n_total": 500,
      "n_valid": 500,
      "n_val_total": 500,
      "n_val_valid": 500,
      "acc": 0.818,
      "f1": 0.8017429193899782,
      "pre": 0.8803827751196173,
      "recall": 0.736,
      "auroc": 0.901424,
      "optimal_threshold": 0.43625330924987793,
      "tpr_at_fpr_0_01": 0.268,
      "fpr95": 0.472,
      "aupr": 0.9015702194449473
    },
    "layer_17": {
      "n_total": 500,
      "n_valid": 500,
      "n_val_total": 500,
      "n_val_valid": 500,
      "acc": 0.806,
      "f1": 0.780045351473923,
      "pre": 0.900523560209424,
      "recall": 0.688,
      "auroc": 0.906608,
      "optimal_threshold": 0.34912994503974915,
      "tpr_at_fpr_0_01": 0.436,
      "fpr95": 0.468,
      "aupr": 0.9161553691292044
    },
    "layer_18": {
      "n_total": 500,
      "n_valid": 500,
      "n_val_total": 500,
      "n_val_valid": 500,
      "acc": 0.802,
      "f1": 0.7703016241299304,
      "pre": 0.9171270718232044,
      "recall": 0.664,
      "auroc": 0.903328,
      "optimal_threshold": 0.38718801736831665,
      "tpr_at_fpr_0_01": 0.4,
      "fpr95": 0.48,
      "aupr": 0.9108156849572977
    },
    "layer_19": {
      "n_total": 500,
      "n_valid": 500,
      "n_val_total": 500,
      "n_val_valid": 500,
      "acc": 0.802,
      "f1": 0.7744874715261959,
      "pre": 0.8994708994708994,
      "recall": 0.68,
      "auroc": 0.903024,
      "optimal_threshold": 0.41338050365448,
      "tpr_at_fpr_0_01": 0.308,
      "fpr95": 0.448,
      "aupr": 0.9064629387915053
    },
    "layer_20": {
      "n_total": 500,
      "n_valid": 500,
      "n_val_total": 500,
      "n_val_valid": 500,