{
  "args": {
    "model": "llama_8b",
    "dataset": "multisocial_en",
    "mode": "m_logistic",
    "token_mode": "last_token",
    "prefix": false,
    "smoke_test": false,
    "ood": [
      "multisocial_ar",
      "multisocial_de"
    ],
    "pca_components": 50,
    "normalize_scores": true,
    "ablation_set": "human",
    "manifold": true
  },
  "steering_domain": "multisocial_en",
  "eval_domain": "multisocial_de",
  "n_samples": 500,
  "n_layers": 33,
  "metrics_per_layer": {
    "layer_1": {
      "n_total": 500,
      "n_valid": 500,
      "n_val_total": 500,
      "n_val_valid": 500,
      "acc": 0.698,
      "f1": 0.694949494949495,
      "pre": 0.7020408163265306,
      "recall": 0.688,
      "auroc": 0.726016,
      "optimal_threshold": 0.3911319971084595,
      "tpr_at_fpr_0_01": 0.0,
      "fpr95": 0.924,
      "aupr": 0.728170922490616
    },
    "layer_2": {
      "n_total": 500,
      "n_valid": 500,
      "n_val_total": 500,
      "n_val_valid": 500,
      "acc": 0.706,
      "f1": 0.7054108216432866,
      "pre": 0.7068273092369478,
      "recall": 0.704,
      "auroc": 0.767392,
      "optimal_threshold": 0.43204283714294434,
      "tpr_at_fpr_0_01": 0.084,
      "fpr95": 0.808,
      "aupr": 0.7622574985674582
    },
    "layer_3": {
      "n_total": 500,
      "n_valid": 500,
      "n_val_total": 500,
      "n_val_valid": 500,
      "acc": 0.746,
      "f1": 0.728051391862955,
      "pre": 0.783410138248848,
      "recall": 0.68,
      "auroc": 0.806704,
      "optimal_threshold": 0.4952571988105774,
      "tpr_at_fpr_0_01": 0.068,
      "fpr95": 0.724,
      "aupr": 0.7901602701097085
    },
    "layer_4": {
      "n_total": 500,
      "n_valid": 500,
      "n_val_total": 500,
      "n_val_valid": 500,
      "acc": 0.732,
      "f1": 0.6824644549763034,
      "pre": 0.8372093023255814,
      "recall": 0.576,
      "auroc": 0.824032,
      "optimal_threshold": 0.5408902764320374,
      "tpr_at_fpr_0_01": 0.116,
      "fpr95": 0.66,
      "aupr": 0.8203787545042323
    },
    "layer_5": {
      "n_total": 500,
      "n_valid": 500,
      "n_val_total": 500,
      "n_val_valid": 500,
      "acc": 0.746,
      "f1": 0.7066974595842956,
      "pre": 0.8360655737704918,
      "recall": 0.612,
      "auroc": 0.8336,
      "optimal_threshold": 0.5454686284065247,
      "tpr_at_fpr_0_01": 0.132,
      "fpr95": 0.648,
      "aupr": 0.8353555595198232
    },
    "layer_6": {
      "n_total": 500,
      "n_valid": 500,
      "n_val_total": 500,
      "n_val_valid": 500,
      "acc": 0.778,
      "f1": 0.7623126338329764,
      "pre": 0.8202764976958525,
      "recall": 0.712,
      "auroc": 0.840832,
      "optimal_threshold": 0.43745654821395874,
      "tpr_at_fpr_0_01": 0.224,
      "fpr95": 0.656,
      "aupr": 0.849848958949897
    },
    "layer_7": {
      "n_total": 500,
      "n_valid": 500,
      "n_val_total": 500,
      "n_val_valid": 500,
      "acc": 0.758,
      "f1": 0.717948717948718,
      "pre": 0.8603351955307262,
      "recall": 0.616,
      "auroc": 0.8476480000000001,
      "optimal_threshold": 0.5496273636817932,
      "tpr_at_fpr_0_01": 0.164,
      "fpr95": 0.62,
      "aupr": 0.847391042055269
    },
    "layer_8": {
      "n_total": 500,
      "n_valid": 500,
      "n_val_total": 500,
      "n_val_valid": 500,
      "acc": 0.732,
      "f1": 0.6633165829145728,
      "pre": 0.8918918918918919,
      "recall": 0.528,
      "auroc": 0.848512,
      "optimal_threshold": 0.5221724510192871,
      "tpr_at_fpr_0_01": 0.208,
      "fpr95": 0.576,
      "aupr": 0.8550777348247461
    },
    "layer_9": {
      "n_total": 500,
      "n_valid": 500,
      "n_val_total": 500,
      "n_val_valid": 500,
      "acc": 0.75,
      "f1": 0.7240618101545254,
      "pre": 0.8078817733990148,
      "recall": 0.656,
      "auroc": 0.8506400000000001,
      "optimal_threshold": 0.4380614459514618,
      "tpr_at_fpr_0_01": 0.24,
      "fpr95": 0.504,
      "aupr": 0.8517091323657962
    },
    "layer_10": {
      "n_total": 500,
      "n_valid": 500,
      "n_val_total": 500,
      "n_val_valid": 500,
      "acc": 0.766,
      "f1": 0.7259953161592506,
      "pre": 0.8757062146892656,
      "recall": 0.62,
      "auroc": 0.870288,
      "optimal_threshold": 0.46514198184013367,
      "tpr_at_fpr_0_01": 0.188,
      "fpr95": 0.48,
      "aupr": 0.8683008400546351
    },
    "layer_11": {
      "n_total": 500,
      "n_valid": 500,
      "n_val_total": 500,
      "n_val_valid": 500,
      "acc": 0.758,
      "f1": 0.7205542725173211,
      "pre": 0.8524590163934426,
      "recall": 0.624,
      "auroc": 0.874544,
      "optimal_threshold": 0.4216096103191376,
      "tpr_at_fpr_0_01": 0.168,
      "fpr95": 0.5,
      "aupr": 0.8697609614811049
    },
    "layer_12": {
      "n_total": 500,
      "n_valid": 500,
      "n_val_total": 500,
      "n_val_valid": 500,
      "acc": 0.784,
      "f1": 0.7534246575342466,
      "pre": 0.8776595744680851,
      "recall": 0.66,
      "auroc": 0.884864,
      "optimal_threshold": 0.40309882164001465,
      "tpr_at_fpr_0_01": 0.168,
      "fpr95": 0.54,
      "aupr": 0.8813081686153049
    },
    "layer_13": {
      "n_total": 500,
      "n_valid": 500,
      "n_val_total": 500,
      "n_val_valid": 500,
      "acc": 0.796,
      "f1": 0.7713004484304933,
      "pre": 0.8775510204081632,
      "recall": 0.688,
      "auroc": 0.890064,
      "optimal_threshold": 0.4219961166381836,
      "tpr_at_fpr_0_01": 0.272,
      "fpr95": 0.524,
      "aupr": 0.8945480882166517
    },
    "layer_14": {
      "n_total": 500,
      "n_valid": 500,
      "n_val_total": 500,
      "n_val_valid": 500,
      "acc": 0.762,
      "f1": 0.711864406779661,
      "pre": 0.901840490797546,
      "recall": 0.588,
      "auroc": 0.8902240000000001,
      "optimal_threshold": 0.44751062989234924,
      "tpr_at_fpr_0_01": 0.132,
      "fpr95": 0.496,
      "aupr": 0.8844416369711261
    },
    "layer_15": {
      "n_total": 500,
      "n_valid": 500,
      "n_val_total": 500,
      "n_val_valid": 500,
      "acc": 0.762,
      "f1": 0.7159904534606205,
      "pre": 0.8875739644970414,
      "recall": 0.6,
      "auroc": 0.889312,
      "optimal_threshold": 0.4116652309894562,
      "tpr_at_fpr_0_01": 0.148,
      "fpr95": 0.504,
      "aupr": 0.8835028901660269
    },
    "layer_16": {
      "n_total": 500,
      "n_valid": 500,
      "n_val_total": 500,
      "n_val_valid": 500,
      "acc": 0.786,
      "f1": 0.7540229885057471,
      "pre": 0.8864864864864865,
      "recall": 0.656,
      "auroc": 0.89344,
      "optimal_threshold": 0.4064379334449768,
      "tpr_at_fpr_0_01": 0.204,
      "fpr95": 0.464,
      "aupr": 0.887576202490288
    },
    "layer_17": {
      "n_total": 500,
      "n_valid": 500,
      "n_val_total": 500,
      "n_val_valid": 500,
      "acc": 0.78,
      "f1": 0.7429906542056075,
      "pre": 0.8932584269662921,
      "recall": 0.636,
      "auroc": 0.884848,
      "optimal_threshold": 0.4038804769515991,
      "tpr_at_fpr_0_01": 0.236,
      "fpr95": 0.528,
      "aupr": 0.886049112587495
    },
    "layer_18": {
      "n_total": 500,
      "n_valid": 500,
      "n_val_total": 500,
      "n_val_valid": 500,
      "acc": 0.814,
      "f1": 0.8017057569296375,
      "pre": 0.8584474885844748,
      "recall": 0.752,
      "auroc": 0.8844960000000001,
      "optimal_threshold": 0.39345481991767883,
      "tpr_at_fpr_0_01": 0.216,
      "fpr95": 0.544,
      "aupr": 0.8862676976228344
    },
    "layer_19": {
      "n_total": 500,
      "n_valid": 500,
      "n_val_total": 500,
      "n_val_valid": 500,
      "acc": 0.804,
      "f1": 0.7923728813559322,
      "pre": 0.8423423423423423,
      "recall": 0.748,
      "auroc": 0.886032,
      "optimal_threshold": 0.3924606144428253,
      "tpr_at_fpr_0_01": 0.224,
      "fpr95": 0.512,
      "aupr": 0.8874760876149447
    },
    "layer_20": {
      "n_total": 500,
      "n_valid": 500,
      "n_val_total": 500,
      "n_val_valid": 500,