{
  "args": {
    "model": "llama_8b",
    "dataset": "multisocial_en",
    "mode": "m_logistic",
    "token_mode": "last_token",
    "prefix": false,
    "smoke_test": false,
    "ood": [
      "multisocial_ar",
      "multisocial_de"
    ],
    "pca_components": 100,
    "normalize_scores": true,
    "ablation_set": "human",
    "manifold": true
  },
  "steering_domain": "multisocial_en",
  "eval_domain": "multisocial_ar",
  "n_samples": 500,
  "n_layers": 33,
  "metrics_per_layer": {
    "layer_1": {
      "n_total": 500,
      "n_valid": 500,
      "n_val_total": 500,
      "n_val_valid": 500,
      "acc": 0.67,
      "f1": 0.5736434108527132,
      "pre": 0.8102189781021898,
      "recall": 0.444,
      "auroc": 0.6981200000000001,
      "optimal_threshold": 0.37180641293525696,
      "tpr_at_fpr_0_01": 0.0,
      "fpr95": 0.836,
      "aupr": 0.7176542041839403
    },
    "layer_2": {
      "n_total": 500,
      "n_valid": 500,
      "n_val_total": 500,
      "n_val_valid": 500,
      "acc": 0.678,
      "f1": 0.5882352941176471,
      "pre": 0.8156028368794326,
      "recall": 0.46,
      "auroc": 0.6926399999999999,
      "optimal_threshold": 0.433025985956192,
      "tpr_at_fpr_0_01": 0.064,
      "fpr95": 0.82,
      "aupr": 0.7253020038421127
    },
    "layer_3": {
      "n_total": 500,
      "n_valid": 500,
      "n_val_total": 500,
      "n_val_valid": 500,
      "acc": 0.67,
      "f1": 0.5646437994722955,
      "pre": 0.8294573643410853,
      "recall": 0.428,
      "auroc": 0.761168,
      "optimal_threshold": 0.4624232053756714,
      "tpr_at_fpr_0_01": 0.06,
      "fpr95": 0.8,
      "aupr": 0.7623397717663466
    },
    "layer_4": {
      "n_total": 500,
      "n_valid": 500,
      "n_val_total": 500,
      "n_val_valid": 500,
      "acc": 0.71,
      "f1": 0.6506024096385542,
      "pre": 0.8181818181818182,
      "recall": 0.54,
      "auroc": 0.746384,
      "optimal_threshold": 0.45305708050727844,
      "tpr_at_fpr_0_01": 0.104,
      "fpr95": 0.88,
      "aupr": 0.7701812443067788
    },
    "layer_5": {
      "n_total": 500,
      "n_valid": 500,
      "n_val_total": 500,
      "n_val_valid": 500,
      "acc": 0.71,
      "f1": 0.6506024096385542,
      "pre": 0.8181818181818182,
      "recall": 0.54,
      "auroc": 0.7784639999999998,
      "optimal_threshold": 0.513058066368103,
      "tpr_at_fpr_0_01": 0.168,
      "fpr95": 0.74,
      "aupr": 0.7925041449577975
    },
    "layer_6": {
      "n_total": 500,
      "n_valid": 500,
      "n_val_total": 500,
      "n_val_valid": 500,
      "acc": 0.664,
      "f1": 0.5384615384615384,
      "pre": 0.8596491228070176,
      "recall": 0.392,
      "auroc": 0.7554719999999999,
      "optimal_threshold": 0.5020024180412292,
      "tpr_at_fpr_0_01": 0.276,
      "fpr95": 0.768,
      "aupr": 0.7885749941165234
    },
    "layer_7": {
      "n_total": 500,
      "n_valid": 500,
      "n_val_total": 500,
      "n_val_valid": 500,
      "acc": 0.714,
      "f1": 0.6379746835443038,
      "pre": 0.8689655172413793,
      "recall": 0.504,
      "auroc": 0.773904,
      "optimal_threshold": 0.513481855392456,
      "tpr_at_fpr_0_01": 0.196,
      "fpr95": 0.804,
      "aupr": 0.8046053877098229
    },
    "layer_8": {
      "n_total": 500,
      "n_valid": 500,
      "n_val_total": 500,
      "n_val_valid": 500,
      "acc": 0.67,
      "f1": 0.5454545454545454,
      "pre": 0.8761061946902655,
      "recall": 0.396,
      "auroc": 0.7510079999999999,
      "optimal_threshold": 0.4856601357460022,
      "tpr_at_fpr_0_01": 0.2,
      "fpr95": 0.836,
      "aupr": 0.7861391208715118
    },
    "layer_9": {
      "n_total": 500,
      "n_valid": 500,
      "n_val_total": 500,
      "n_val_valid": 500,
      "acc": 0.708,
      "f1": 0.6386138613861386,
      "pre": 0.8376623376623377,
      "recall": 0.516,
      "auroc": 0.7832319999999999,
      "optimal_threshold": 0.5286403894424438,
      "tpr_at_fpr_0_01": 0.216,
      "fpr95": 0.832,
      "aupr": 0.8079542311705239
    },
    "layer_10": {
      "n_total": 500,
      "n_valid": 500,
      "n_val_total": 500,
      "n_val_valid": 500,
      "acc": 0.682,
      "f1": 0.5714285714285714,
      "pre": 0.8760330578512396,
      "recall": 0.424,
      "auroc": 0.7784,
      "optimal_threshold": 0.558785617351532,
      "tpr_at_fpr_0_01": 0.192,
      "fpr95": 0.8,
      "aupr": 0.8020817862281047
    },
    "layer_11": {
      "n_total": 500,
      "n_valid": 500,
      "n_val_total": 500,
      "n_val_valid": 500,
      "acc": 0.748,
      "f1": 0.6971153846153846,
      "pre": 0.8734939759036144,
      "recall": 0.58,
      "auroc": 0.824624,
      "optimal_threshold": 0.45492151379585266,
      "tpr_at_fpr_0_01": 0.188,
      "fpr95": 0.76,
      "aupr": 0.8368487532328447
    },
    "layer_12": {
      "n_total": 500,
      "n_valid": 500,
      "n_val_total": 500,
      "n_val_valid": 500,
      "acc": 0.68,
      "f1": 0.5604395604395604,
      "pre": 0.8947368421052632,
      "recall": 0.408,
      "auroc": 0.8451839999999999,
      "optimal_threshold": 0.49409425258636475,
      "tpr_at_fpr_0_01": 0.192,
      "fpr95": 0.712,
      "aupr": 0.8556850782881337
    },
    "layer_13": {
      "n_total": 500,
      "n_valid": 500,
      "n_val_total": 500,
      "n_val_valid": 500,
      "acc": 0.706,
      "f1": 0.6058981233243967,
      "pre": 0.9186991869918699,
      "recall": 0.452,
      "auroc": 0.8240799999999999,
      "optimal_threshold": 0.49831774830818176,
      "tpr_at_fpr_0_01": 0.256,
      "fpr95": 0.772,
      "aupr": 0.8459781712231175
    },
    "layer_14": {
      "n_total": 500,
      "n_valid": 500,
      "n_val_total": 500,
      "n_val_valid": 500,
      "acc": 0.69,
      "f1": 0.5822102425876011,
      "pre": 0.8925619834710744,
      "recall": 0.432,
      "auroc": 0.8168479999999999,
      "optimal_threshold": 0.49081936478614807,
      "tpr_at_fpr_0_01": 0.224,
      "fpr95": 0.744,
      "aupr": 0.8298248631250295
    },
    "layer_15": {
      "n_total": 500,
      "n_valid": 500,
      "n_val_total": 500,
      "n_val_valid": 500,
      "acc": 0.722,
      "f1": 0.6463104325699746,
      "pre": 0.8881118881118881,
      "recall": 0.508,
      "auroc": 0.8511199999999999,
      "optimal_threshold": 0.44319531321525574,
      "tpr_at_fpr_0_01": 0.208,
      "fpr95": 0.72,
      "aupr": 0.8613038267243591
    },
    "layer_16": {
      "n_total": 500,
      "n_valid": 500,
      "n_val_total": 500,
      "n_val_valid": 500,
      "acc": 0.772,
      "f1": 0.7385321100917431,
      "pre": 0.8655913978494624,
      "recall": 0.644,
      "auroc": 0.854768,
      "optimal_threshold": 0.43625330924987793,
      "tpr_at_fpr_0_01": 0.18,
      "fpr95": 0.74,
      "aupr": 0.8616821650459162
    },
    "layer_17": {
      "n_total": 500,
      "n_valid": 500,
      "n_val_total": 500,
      "n_val_valid": 500,
      "acc": 0.778,
      "f1": 0.7375886524822695,
      "pre": 0.9017341040462428,
      "recall": 0.624,
      "auroc": 0.877088,
      "optimal_threshold": 0.34912994503974915,
      "tpr_at_fpr_0_01": 0.188,
      "fpr95": 0.66,
      "aupr": 0.8825808768582334
    },
    "layer_18": {
      "n_total": 500,
      "n_valid": 500,
      "n_val_total": 500,
      "n_val_valid": 500,
      "acc": 0.762,
      "f1": 0.7104622871046229,
      "pre": 0.906832298136646,
      "recall": 0.584,
      "auroc": 0.868064,
      "optimal_threshold": 0.38718801736831665,
      "tpr_at_fpr_0_01": 0.168,
      "fpr95": 0.62,
      "aupr": 0.8695835479462504
    },
    "layer_19": {
      "n_total": 500,
      "n_valid": 500,
      "n_val_total": 500,
      "n_val_valid": 500,
      "acc": 0.774,
      "f1": 0.7290167865707434,
      "pre": 0.9101796407185628,
      "recall": 0.608,
      "auroc": 0.871232,
      "optimal_threshold": 0.41338050365448,
      "tpr_at_fpr_0_01": 0.156,
      "fpr95": 0.696,
      "aupr": 0.8730029194285083
    },
    "layer_20": {
      "n_total": 500,
      "n_valid": 500,