{
  "args": {
    "model": "llama_8b",
    "dataset": "multisocial_en",
    "mode": "m_logistic",
    "token_mode": "last_token",
    "prefix": false,
    "smoke_test": false,
    "ood": [
      "multisocial_ar",
      "multisocial_de"
    ],
    "pca_components": 100,
    "normalize_scores": true,
    "ablation_set": "human",
    "manifold": true
  },
  "steering_domain": "multisocial_en",
  "eval_domain": "multisocial_en",
  "n_samples": 500,
  "n_layers": 33,
  "metrics_per_layer": {
    "layer_1": {
      "n_total": 500,
      "n_valid": 500,
      "n_val_total": 500,
      "n_val_valid": 500,
      "acc": 0.724,
      "f1": 0.7172131147540983,
      "pre": 0.7352941176470589,
      "recall": 0.7,
      "auroc": 0.789976,
      "optimal_threshold": 0.37180641293525696,
      "tpr_at_fpr_0_01": 0.0,
      "fpr95": 0.776,
      "aupr": 0.7929859293036274
    },
    "layer_2": {
      "n_total": 500,
      "n_valid": 500,
      "n_val_total": 500,
      "n_val_valid": 500,
      "acc": 0.764,
      "f1": 0.7722007722007722,
      "pre": 0.746268656716418,
      "recall": 0.8,
      "auroc": 0.8351359999999999,
      "optimal_threshold": 0.433025985956192,
      "tpr_at_fpr_0_01": 0.344,
      "fpr95": 0.768,
      "aupr": 0.8650025302915377
    },
    "layer_3": {
      "n_total": 500,
      "n_valid": 500,
      "n_val_total": 500,
      "n_val_valid": 500,
      "acc": 0.802,
      "f1": 0.7975460122699386,
      "pre": 0.8158995815899581,
      "recall": 0.78,
      "auroc": 0.8810399999999999,
      "optimal_threshold": 0.4624232053756714,
      "tpr_at_fpr_0_01": 0.276,
      "fpr95": 0.56,
      "aupr": 0.8924981027928687
    },
    "layer_4": {
      "n_total": 500,
      "n_valid": 500,
      "n_val_total": 500,
      "n_val_valid": 500,
      "acc": 0.814,
      "f1": 0.8201160541586073,
      "pre": 0.7940074906367042,
      "recall": 0.848,
      "auroc": 0.899264,
      "optimal_threshold": 0.45305708050727844,
      "tpr_at_fpr_0_01": 0.448,
      "fpr95": 0.552,
      "aupr": 0.9128768930106171
    },
    "layer_5": {
      "n_total": 500,
      "n_valid": 500,
      "n_val_total": 500,
      "n_val_valid": 500,
      "acc": 0.83,
      "f1": 0.8296593186372746,
      "pre": 0.8313253012048193,
      "recall": 0.828,
      "auroc": 0.9183839999999999,
      "optimal_threshold": 0.513058066368103,
      "tpr_at_fpr_0_01": 0.572,
      "fpr95": 0.436,
      "aupr": 0.9284223425794171
    },
    "layer_6": {
      "n_total": 500,
      "n_valid": 500,
      "n_val_total": 500,
      "n_val_valid": 500,
      "acc": 0.848,
      "f1": 0.8416666666666667,
      "pre": 0.8782608695652174,
      "recall": 0.808,
      "auroc": 0.9129600000000001,
      "optimal_threshold": 0.5020024180412292,
      "tpr_at_fpr_0_01": 0.612,
      "fpr95": 0.544,
      "aupr": 0.929502762792975
    },
    "layer_7": {
      "n_total": 500,
      "n_valid": 500,
      "n_val_total": 500,
      "n_val_valid": 500,
      "acc": 0.862,
      "f1": 0.8594704684317719,
      "pre": 0.8755186721991701,
      "recall": 0.844,
      "auroc": 0.925856,
      "optimal_threshold": 0.513481855392456,
      "tpr_at_fpr_0_01": 0.564,
      "fpr95": 0.452,
      "aupr": 0.9363179919582434
    },
    "layer_8": {
      "n_total": 500,
      "n_valid": 500,
      "n_val_total": 500,
      "n_val_valid": 500,
      "acc": 0.862,
      "f1": 0.8571428571428571,
      "pre": 0.8884120171673819,
      "recall": 0.828,
      "auroc": 0.9302879999999999,
      "optimal_threshold": 0.4856601357460022,
      "tpr_at_fpr_0_01": 0.512,
      "fpr95": 0.352,
      "aupr": 0.9403522605755064
    },
    "layer_9": {
      "n_total": 500,
      "n_valid": 500,
      "n_val_total": 500,
      "n_val_valid": 500,
      "acc": 0.854,
      "f1": 0.8542914171656687,
      "pre": 0.852589641434263,
      "recall": 0.856,
      "auroc": 0.9343839999999999,
      "optimal_threshold": 0.5286403894424438,
      "tpr_at_fpr_0_01": 0.568,
      "fpr95": 0.368,
      "aupr": 0.9419053874895466
    },
    "layer_10": {
      "n_total": 500,
      "n_valid": 500,
      "n_val_total": 500,
      "n_val_valid": 500,
      "acc": 0.86,
      "f1": 0.8541666666666666,
      "pre": 0.8913043478260869,
      "recall": 0.82,
      "auroc": 0.938624,
      "optimal_threshold": 0.558785617351532,
      "tpr_at_fpr_0_01": 0.596,
      "fpr95": 0.288,
      "aupr": 0.944979138495499
    },
    "layer_11": {
      "n_total": 500,
      "n_valid": 500,
      "n_val_total": 500,
      "n_val_valid": 500,
      "acc": 0.862,
      "f1": 0.8617234468937875,
      "pre": 0.8634538152610441,
      "recall": 0.86,
      "auroc": 0.94192,
      "optimal_threshold": 0.45492151379585266,
      "tpr_at_fpr_0_01": 0.536,
      "fpr95": 0.296,
      "aupr": 0.9489673141992477
    },
    "layer_12": {
      "n_total": 500,
      "n_valid": 500,
      "n_val_total": 500,
      "n_val_valid": 500,
      "acc": 0.862,
      "f1": 0.8565488565488566,
      "pre": 0.8917748917748918,
      "recall": 0.824,
      "auroc": 0.9419360000000001,
      "optimal_threshold": 0.49409425258636475,
      "tpr_at_fpr_0_01": 0.54,
      "fpr95": 0.28,
      "aupr": 0.9503728092328761
    },
    "layer_13": {
      "n_total": 500,
      "n_valid": 500,
      "n_val_total": 500,
      "n_val_valid": 500,
      "acc": 0.856,
      "f1": 0.8536585365853658,
      "pre": 0.8677685950413223,
      "recall": 0.84,
      "auroc": 0.9410719999999999,
      "optimal_threshold": 0.49831774830818176,
      "tpr_at_fpr_0_01": 0.54,
      "fpr95": 0.3,
      "aupr": 0.9483057827708784
    },
    "layer_14": {
      "n_total": 500,
      "n_valid": 500,
      "n_val_total": 500,
      "n_val_valid": 500,
      "acc": 0.858,
      "f1": 0.8553971486761711,
      "pre": 0.8713692946058091,
      "recall": 0.84,
      "auroc": 0.9428,
      "optimal_threshold": 0.49081936478614807,
      "tpr_at_fpr_0_01": 0.656,
      "fpr95": 0.284,
      "aupr": 0.9500582348928117
    },
    "layer_15": {
      "n_total": 500,
      "n_valid": 500,
      "n_val_total": 500,
      "n_val_valid": 500,
      "acc": 0.876,
      "f1": 0.8744939271255061,
      "pre": 0.8852459016393442,
      "recall": 0.864,
      "auroc": 0.9436479999999999,
      "optimal_threshold": 0.44319531321525574,
      "tpr_at_fpr_0_01": 0.544,
      "fpr95": 0.276,
      "aupr": 0.9512929732790584
    },
    "layer_16": {
      "n_total": 500,
      "n_valid": 500,
      "n_val_total": 500,
      "n_val_valid": 500,
      "acc": 0.866,
      "f1": 0.8704061895551257,
      "pre": 0.8426966292134831,
      "recall": 0.9,
      "auroc": 0.9450080000000001,
      "optimal_threshold": 0.43625330924987793,
      "tpr_at_fpr_0_01": 0.56,
      "fpr95": 0.24,
      "aupr": 0.9501291394734575
    },
    "layer_17": {
      "n_total": 500,
      "n_valid": 500,
      "n_val_total": 500,
      "n_val_valid": 500,
      "acc": 0.862,
      "f1": 0.8606060606060606,
      "pre": 0.8693877551020408,
      "recall": 0.852,
      "auroc": 0.9452480000000001,
      "optimal_threshold": 0.34912994503974915,
      "tpr_at_fpr_0_01": 0.608,
      "fpr95": 0.272,
      "aupr": 0.9512008525155414
    },
    "layer_18": {
      "n_total": 500,
      "n_valid": 500,
      "n_val_total": 500,
      "n_val_valid": 500,
      "acc": 0.866,
      "f1": 0.8640973630831643,
      "pre": 0.8765432098765432,
      "recall": 0.852,
      "auroc": 0.94112,
      "optimal_threshold": 0.38718801736831665,
      "tpr_at_fpr_0_01": 0.56,
      "fpr95": 0.312,
      "aupr": 0.9479608234388059
    },
    "layer_19": {
      "n_total": 500,
      "n_valid": 500,
      "n_val_total": 500,
      "n_val_valid": 500,
      "acc": 0.864,
      "f1": 0.8600823045267489,
      "pre": 0.885593220338983,
      "recall": 0.836,
      "auroc": 0.9414399999999999,
      "optimal_threshold": 0.41338050365448,
      "tpr_at_fpr_0_01": 0.544,
      "fpr95": 0.336,
      "aupr": 0.9481970128492925
    },
    "layer_20": {
      "n_total": 500,