{
  "metrics": {
    "n_total": 500,
    "n_valid": 500,
    "acc": 0.7,
    "f1": 0.6359223300970874,
    "pre": 0.808641975308642,
    "recall": 0.524,
    "auroc": 0.713472,
    "optimal_threshold": 0.4354114532470703,
    "tpr_at_fpr_0_01": 0.372,
    "fpr95": 0.824,
    "aupr": 0.781842167263254
  },
  "args": {
    "dataset": "tsm_mulit",
    "model": "encoder",
    "smoke_test": false,
    "prefix": false,
    "base_model_1": "meta-llama/Meta-Llama-3-8B",
    "base_model_2": "meta-llama/Meta-Llama-3-8B-instruct",
    "n": 500
  }
}