{
  "metrics": {
    "n_total": 500,
    "n_valid": 500,
    "acc": 0.556,
    "f1": 0.5088495575221239,
    "pre": 0.5693069306930693,
    "recall": 0.46,
    "auroc": 0.54824,
    "optimal_threshold": 2.0676104350770603,
    "tpr_at_fpr_0_01": 0.02,
    "fpr95": 0.924,
    "aupr": 0.5518988962146971
  },
  "args": {
    "dataset": "tsm_mulit",
    "model": "llr",
    "smoke_test": false,
    "prefix": false,
    "base_model_1": "meta-llama/Meta-Llama-3-8B",
    "base_model_2": "meta-llama/Meta-Llama-3-8B-instruct",
    "n": 500
  }
}