{
  "default": {
    "detectrl": {
      "n_pairs": 16,
      "mean_auroc": 0.987824,
      "min_auroc": 0.9473119999999999,
      "max_auroc": 1.0
    },
    "multisocial": {
      "n_pairs": 25,
      "mean_auroc": 0.91825088,
      "min_auroc": 0.8447359999999999,
      "max_auroc": 0.9640639999999999
    },
    "tsm": {
      "n_pairs": 36,
      "mean_auroc": 0.9431444444444443,
      "min_auroc": 0.8365120000000001,
      "max_auroc": 0.987392
    }
  },
  "meta_attn": {
    "detectrl": {
      "n_pairs": 16,
      "mean_auroc": 0.965016,
      "min_auroc": 0.842592,
      "max_auroc": 1.0
    },
    "multisocial": {
      "n_pairs": 25,
      "mean_auroc": 0.88102208,
      "min_auroc": 0.7931999999999999,
      "max_auroc": 0.95792
    },
    "tsm": {
      "n_pairs": 36,
      "mean_auroc": 0.9041017777777777,
      "min_auroc": 0.7331839999999998,
      "max_auroc": 0.973488
    }
  },
  "meta": {
    "detectrl": {
      "n_pairs": 16,
      "mean_auroc": 0.972413,
      "min_auroc": 0.871056,
      "max_auroc": 1.0
    },
    "multisocial": {
      "n_pairs": 25,
      "mean_auroc": 0.87704992,
      "min_auroc": 0.786272,
      "max_auroc": 0.9555359999999999
    },
    "tsm": {
      "n_pairs": 36,
      "mean_auroc": 0.9020528888888888,
      "min_auroc": 0.7279519999999999,
      "max_auroc": 0.972992
    }
  },
  "pca": {
    "detectrl": {
      "n_pairs": 16,
      "mean_auroc": 0.973844,
      "min_auroc": 0.884752,
      "max_auroc": 1.0
    },
    "multisocial": {
      "n_pairs": 25,
      "mean_auroc": 0.90357184,
      "min_auroc": 0.8344,
      "max_auroc": 0.9534720000000001
    },
    "tsm": {
      "n_pairs": 36,
      "mean_auroc": 0.929588888888889,
      "min_auroc": 0.8627520000000001,
      "max_auroc": 0.971824
    }
  }
}