{
  "args": {
    "model": "llama_8b",
    "dataset": "drl_t1_perturbation",
    "mode": "last_token",
    "centering": false,
    "prefix": false,
    "smoke_test": false,
    "ood": false,
    "ood_set": "",
    "manifold": false,
    "pca_components": 0
  },
  "steering_domain": "drl_t1_perturbation",
  "eval_domain": "drl_t1_perturbation",
  "n_samples": 500,
  "n_layers": 33,
  "metrics_per_layer": {
    "layer_1": {
      "n_total": 500,
      "n_valid": 500,
      "n_val_total": 500,
      "n_val_valid": 500,
      "acc": 0.62,
      "f1": 0.7155688622754491,
      "pre": 0.5717703349282297,
      "recall": 0.956,
      "auroc": 0.621632,
      "optimal_threshold": 0.17987899482250214,
      "tpr_at_fpr_0_01": 0.0,
      "fpr95": 0.716,
      "aupr": 0.5704822984122453
    },
    "layer_2": {
      "n_total": 500,
      "n_valid": 500,
      "n_val_total": 500,
      "n_val_valid": 500,
      "acc": 0.776,
      "f1": 0.7821011673151751,
      "pre": 0.7613636363636364,
      "recall": 0.804,
      "auroc": 0.8552319999999999,
      "optimal_threshold": 0.1287887841463089,
      "tpr_at_fpr_0_01": 0.216,
      "fpr95": 0.596,
      "aupr": 0.8564911976736094
    },
    "layer_3": {
      "n_total": 500,
      "n_valid": 500,
      "n_val_total": 500,
      "n_val_valid": 500,
      "acc": 0.786,
      "f1": 0.7678958785249458,
      "pre": 0.8388625592417062,
      "recall": 0.708,
      "auroc": 0.8664800000000001,
      "optimal_threshold": 0.2653760612010956,
      "tpr_at_fpr_0_01": 0.288,
      "fpr95": 0.596,
      "aupr": 0.8803643686222892
    },
    "layer_4": {
      "n_total": 500,
      "n_valid": 500,
      "n_val_total": 500,
      "n_val_valid": 500,
      "acc": 0.828,
      "f1": 0.8009259259259259,
      "pre": 0.9505494505494505,
      "recall": 0.692,
      "auroc": 0.9100480000000001,
      "optimal_threshold": 0.4613599479198456,
      "tpr_at_fpr_0_01": 0.428,
      "fpr95": 0.444,
      "aupr": 0.9238081289183372
    },
    "layer_5": {
      "n_total": 500,
      "n_valid": 500,
      "n_val_total": 500,
      "n_val_valid": 500,
      "acc": 0.9,
      "f1": 0.895397489539749,
      "pre": 0.9385964912280702,
      "recall": 0.856,
      "auroc": 0.956496,
      "optimal_threshold": 0.5049293041229248,
      "tpr_at_fpr_0_01": 0.812,
      "fpr95": 0.32,
      "aupr": 0.9666151641113931
    },
    "layer_6": {
      "n_total": 500,
      "n_valid": 500,
      "n_val_total": 500,
      "n_val_valid": 500,
      "acc": 0.91,
      "f1": 0.9087221095334685,
      "pre": 0.9218106995884774,
      "recall": 0.896,
      "auroc": 0.970336,
      "optimal_threshold": 0.5570259690284729,
      "tpr_at_fpr_0_01": 0.828,
      "fpr95": 0.196,
      "aupr": 0.9762561018057658
    },
    "layer_7": {
      "n_total": 500,
      "n_valid": 500,
      "n_val_total": 500,
      "n_val_valid": 500,
      "acc": 0.908,
      "f1": 0.9057377049180327,
      "pre": 0.9285714285714286,
      "recall": 0.884,
      "auroc": 0.9689279999999999,
      "optimal_threshold": 0.9206559658050537,
      "tpr_at_fpr_0_01": 0.828,
      "fpr95": 0.264,
      "aupr": 0.9749890600733784
    },
    "layer_8": {
      "n_total": 500,
      "n_valid": 500,
      "n_val_total": 500,
      "n_val_valid": 500,
      "acc": 0.892,
      "f1": 0.889344262295082,
      "pre": 0.9117647058823529,
      "recall": 0.868,
      "auroc": 0.961328,
      "optimal_threshold": 0.957413911819458,
      "tpr_at_fpr_0_01": 0.76,
      "fpr95": 0.292,
      "aupr": 0.9678774033510945
    },
    "layer_9": {
      "n_total": 500,
      "n_valid": 500,
      "n_val_total": 500,
      "n_val_valid": 500,
      "acc": 0.894,
      "f1": 0.891170431211499,
      "pre": 0.9156118143459916,
      "recall": 0.868,
      "auroc": 0.9615520000000001,
      "optimal_threshold": 1.1641335487365723,
      "tpr_at_fpr_0_01": 0.78,
      "fpr95": 0.252,
      "aupr": 0.9683351055116618
    },
    "layer_10": {
      "n_total": 500,
      "n_valid": 500,
      "n_val_total": 500,
      "n_val_valid": 500,
      "acc": 0.904,
      "f1": 0.9016393442622951,
      "pre": 0.9243697478991597,
      "recall": 0.88,
      "auroc": 0.9679679999999999,
      "optimal_threshold": 1.2565348148345947,
      "tpr_at_fpr_0_01": 0.748,
      "fpr95": 0.2,
      "aupr": 0.9734367551558017
    },
    "layer_11": {
      "n_total": 500,
      "n_valid": 500,
      "n_val_total": 500,
      "n_val_valid": 500,
      "acc": 0.922,
      "f1": 0.920892494929006,
      "pre": 0.934156378600823,
      "recall": 0.908,
      "auroc": 0.982912,
      "optimal_threshold": 1.2867183685302734,
      "tpr_at_fpr_0_01": 0.872,
      "fpr95": 0.096,
      "aupr": 0.9856933580774849
    },
    "layer_12": {
      "n_total": 500,
      "n_valid": 500,
      "n_val_total": 500,
      "n_val_valid": 500,
      "acc": 0.91,
      "f1": 0.9090909090909091,
      "pre": 0.9183673469387755,
      "recall": 0.9,
      "auroc": 0.976464,
      "optimal_threshold": 1.3524549007415771,
      "tpr_at_fpr_0_01": 0.836,
      "fpr95": 0.176,
      "aupr": 0.9801519501135014
    },
    "layer_13": {
      "n_total": 500,
      "n_valid": 500,
      "n_val_total": 500,
      "n_val_valid": 500,
      "acc": 0.906,
      "f1": 0.9042769857433809,
      "pre": 0.921161825726141,
      "recall": 0.888,
      "auroc": 0.97736,
      "optimal_threshold": 1.5767744779586792,
      "tpr_at_fpr_0_01": 0.84,
      "fpr95": 0.148,
      "aupr": 0.9807128814507692
    },
    "layer_14": {
      "n_total": 500,
      "n_valid": 500,
      "n_val_total": 500,
      "n_val_valid": 500,
      "acc": 0.892,
      "f1": 0.8820960698689956,
      "pre": 0.9711538461538461,
      "recall": 0.808,
      "auroc": 0.9671040000000001,
      "optimal_threshold": 2.0806000232696533,
      "tpr_at_fpr_0_01": 0.784,
      "fpr95": 0.224,
      "aupr": 0.9716632718779981
    },
    "layer_15": {
      "n_total": 500,
      "n_valid": 500,
      "n_val_total": 500,
      "n_val_valid": 500,
      "acc": 0.9,
      "f1": 0.8949579831932774,
      "pre": 0.9424778761061947,
      "recall": 0.852,
      "auroc": 0.969328,
      "optimal_threshold": 1.8555494546890259,
      "tpr_at_fpr_0_01": 0.812,
      "fpr95": 0.204,
      "aupr": 0.9741066090415076
    },
    "layer_16": {
      "n_total": 500,
      "n_valid": 500,
      "n_val_total": 500,
      "n_val_valid": 500,
      "acc": 0.902,
      "f1": 0.8993839835728953,
      "pre": 0.9240506329113924,
      "recall": 0.876,
      "auroc": 0.965584,
      "optimal_threshold": 2.096043348312378,
      "tpr_at_fpr_0_01": 0.816,
      "fpr95": 0.272,
      "aupr": 0.972444845008461
    },
    "layer_17": {
      "n_total": 500,
      "n_valid": 500,
      "n_val_total": 500,
      "n_val_valid": 500,
      "acc": 0.93,
      "f1": 0.9269311064718163,
      "pre": 0.9694323144104804,
      "recall": 0.888,
      "auroc": 0.97272,
      "optimal_threshold": 2.46140193939209,
      "tpr_at_fpr_0_01": 0.828,
      "fpr95": 0.2,
      "aupr": 0.978623318435561
    },
    "layer_18": {
      "n_total": 500,
      "n_valid": 500,
      "n_val_total": 500,
      "n_val_valid": 500,
      "acc": 0.908,
      "f1": 0.9065040650406504,
      "pre": 0.9214876033057852,
      "recall": 0.892,
      "auroc": 0.9644959999999999,
      "optimal_threshold": 2.5472559928894043,
      "tpr_at_fpr_0_01": 0.808,
      "fpr95": 0.292,
      "aupr": 0.9721581270044176
    },
    "layer_19": {
      "n_total": 500,
      "n_valid": 500,
      "n_val_total": 500,
      "n_val_valid": 500,
      "acc": 0.938,
      "f1": 0.9360824742268041,
      "pre": 0.9659574468085106,
      "recall": 0.908,
      "auroc": 0.9748800000000001,
      "optimal_threshold": 3.0488061904907227,
      "tpr_at_fpr_0_01": 0.868,
      "fpr95": 0.208,
      "aupr": 0.9804714349545618
    },
    "layer_20": {
      "n_total": 500,
      "n_valid": 500,
      "n_val_total": 500,
      "n_val_valid": 500,
      "acc": 0.914,
      "f1": 0.9109730848861284,