{
  "args": {
    "model": "llama_8b",
    "dataset": "tsm_multi",
    "mode": "denoise",
    "token_mode": "last_token",
    "prefix": false,
    "smoke_test": false,
    "ood": [],
    "pca_components": 50,
    "normalize_scores": true,
    "manifold": true
  },
  "steering_domain": "tsm_multi",
  "eval_domain": "tsm_multi",
  "n_samples": 500,
  "n_layers": 33,
  "metrics_per_layer": {
    "layer_1": {
      "n_total": 500,
      "n_valid": 500,
      "n_val_total": 500,
      "n_val_valid": 500,
      "acc": 0.53,
      "f1": 0.6704067321178121,
      "pre": 0.5161987041036717,
      "recall": 0.956,
      "auroc": 0.5234880000000001,
      "optimal_threshold": 0.5777562260627747,
      "tpr_at_fpr_0_01": 0.0,
      "fpr95": 0.896,
      "aupr": 0.5119934610719014
    },
    "layer_2": {
      "n_total": 500,
      "n_valid": 500,
      "n_val_total": 500,
      "n_val_valid": 500,
      "acc": 0.592,
      "f1": 0.5936254980079682,
      "pre": 0.5912698412698413,
      "recall": 0.596,
      "auroc": 0.62144,
      "optimal_threshold": 0.716688334941864,
      "tpr_at_fpr_0_01": 0.06,
      "fpr95": 0.88,
      "aupr": 0.6365666445105841
    },
    "layer_3": {
      "n_total": 500,
      "n_valid": 500,
      "n_val_total": 500,
      "n_val_valid": 500,
      "acc": 0.572,
      "f1": 0.5541666666666667,
      "pre": 0.5782608695652174,
      "recall": 0.532,
      "auroc": 0.6308799999999999,
      "optimal_threshold": 0.7049134373664856,
      "tpr_at_fpr_0_01": 0.056,
      "fpr95": 0.852,
      "aupr": 0.6194363067474405
    },
    "layer_4": {
      "n_total": 500,
      "n_valid": 500,
      "n_val_total": 500,
      "n_val_valid": 500,
      "acc": 0.598,
      "f1": 0.5732484076433121,
      "pre": 0.6108597285067874,
      "recall": 0.54,
      "auroc": 0.667392,
      "optimal_threshold": 0.7662810683250427,
      "tpr_at_fpr_0_01": 0.036,
      "fpr95": 0.852,
      "aupr": 0.6429265808888246
    },
    "layer_5": {
      "n_total": 500,
      "n_valid": 500,
      "n_val_total": 500,
      "n_val_valid": 500,
      "acc": 0.626,
      "f1": 0.6396917148362236,
      "pre": 0.6171003717472119,
      "recall": 0.664,
      "auroc": 0.6881359999999999,
      "optimal_threshold": 0.6798521280288696,
      "tpr_at_fpr_0_01": 0.116,
      "fpr95": 0.82,
      "aupr": 0.7031416633343017
    },
    "layer_6": {
      "n_total": 500,
      "n_valid": 500,
      "n_val_total": 500,
      "n_val_valid": 500,
      "acc": 0.694,
      "f1": 0.6751592356687898,
      "pre": 0.7194570135746606,
      "recall": 0.636,
      "auroc": 0.7471840000000001,
      "optimal_threshold": 0.7452694177627563,
      "tpr_at_fpr_0_01": 0.148,
      "fpr95": 0.816,
      "aupr": 0.7697868686775953
    },
    "layer_7": {
      "n_total": 500,
      "n_valid": 500,
      "n_val_total": 500,
      "n_val_valid": 500,
      "acc": 0.708,
      "f1": 0.7032520325203252,
      "pre": 0.7148760330578512,
      "recall": 0.692,
      "auroc": 0.7712319999999999,
      "optimal_threshold": 0.7095224857330322,
      "tpr_at_fpr_0_01": 0.2,
      "fpr95": 0.772,
      "aupr": 0.7977450622226991
    },
    "layer_8": {
      "n_total": 500,
      "n_valid": 500,
      "n_val_total": 500,
      "n_val_valid": 500,
      "acc": 0.71,
      "f1": 0.7058823529411765,
      "pre": 0.7160493827160493,
      "recall": 0.696,
      "auroc": 0.7545599999999999,
      "optimal_threshold": 0.6435931324958801,
      "tpr_at_fpr_0_01": 0.14,
      "fpr95": 0.78,
      "aupr": 0.7671423172546534
    },
    "layer_9": {
      "n_total": 500,
      "n_valid": 500,
      "n_val_total": 500,
      "n_val_valid": 500,
      "acc": 0.668,
      "f1": 0.5891089108910891,
      "pre": 0.7727272727272727,
      "recall": 0.476,
      "auroc": 0.74448,
      "optimal_threshold": 0.6865501999855042,
      "tpr_at_fpr_0_01": 0.148,
      "fpr95": 0.796,
      "aupr": 0.7592177187234709
    },
    "layer_10": {
      "n_total": 500,
      "n_valid": 500,
      "n_val_total": 500,
      "n_val_valid": 500,
      "acc": 0.674,
      "f1": 0.6385809312638581,
      "pre": 0.7164179104477612,
      "recall": 0.576,
      "auroc": 0.7235520000000002,
      "optimal_threshold": 0.6913715600967407,
      "tpr_at_fpr_0_01": 0.06,
      "fpr95": 0.864,
      "aupr": 0.737061527925267
    },
    "layer_11": {
      "n_total": 500,
      "n_valid": 500,
      "n_val_total": 500,
      "n_val_valid": 500,
      "acc": 0.692,
      "f1": 0.631578947368421,
      "pre": 0.7857142857142857,
      "recall": 0.528,
      "auroc": 0.761152,
      "optimal_threshold": 0.721159040927887,
      "tpr_at_fpr_0_01": 0.148,
      "fpr95": 0.868,
      "aupr": 0.7793632415900689
    },
    "layer_12": {
      "n_total": 500,
      "n_valid": 500,
      "n_val_total": 500,
      "n_val_valid": 500,
      "acc": 0.706,
      "f1": 0.6969072164948453,
      "pre": 0.7191489361702128,
      "recall": 0.676,
      "auroc": 0.7827520000000001,
      "optimal_threshold": 0.6213255524635315,
      "tpr_at_fpr_0_01": 0.22,
      "fpr95": 0.808,
      "aupr": 0.8132171082558528
    },
    "layer_13": {
      "n_total": 500,
      "n_valid": 500,
      "n_val_total": 500,
      "n_val_valid": 500,
      "acc": 0.676,
      "f1": 0.6680327868852459,
      "pre": 0.6848739495798319,
      "recall": 0.652,
      "auroc": 0.7631359999999998,
      "optimal_threshold": 0.6728699803352356,
      "tpr_at_fpr_0_01": 0.224,
      "fpr95": 0.792,
      "aupr": 0.7871221295989065
    },
    "layer_14": {
      "n_total": 500,
      "n_valid": 500,
      "n_val_total": 500,
      "n_val_valid": 500,
      "acc": 0.68,
      "f1": 0.6380090497737556,
      "pre": 0.734375,
      "recall": 0.564,
      "auroc": 0.7520799999999999,
      "optimal_threshold": 0.7250252962112427,
      "tpr_at_fpr_0_01": 0.052,
      "fpr95": 0.764,
      "aupr": 0.7509109531070034
    },
    "layer_15": {
      "n_total": 500,
      "n_valid": 500,
      "n_val_total": 500,
      "n_val_valid": 500,
      "acc": 0.692,
      "f1": 0.6435185185185185,
      "pre": 0.7637362637362637,
      "recall": 0.556,
      "auroc": 0.7587039999999999,
      "optimal_threshold": 0.6898350119590759,
      "tpr_at_fpr_0_01": 0.184,
      "fpr95": 0.804,
      "aupr": 0.7902544288818225
    },
    "layer_16": {
      "n_total": 500,
      "n_valid": 500,
      "n_val_total": 500,
      "n_val_valid": 500,
      "acc": 0.692,
      "f1": 0.6262135922330098,
      "pre": 0.7962962962962963,
      "recall": 0.516,
      "auroc": 0.7608799999999999,
      "optimal_threshold": 0.7158131003379822,
      "tpr_at_fpr_0_01": 0.184,
      "fpr95": 0.82,
      "aupr": 0.7905279362969115
    },
    "layer_17": {
      "n_total": 500,
      "n_valid": 500,
      "n_val_total": 500,
      "n_val_valid": 500,
      "acc": 0.686,
      "f1": 0.6104218362282878,
      "pre": 0.803921568627451,
      "recall": 0.492,
      "auroc": 0.748704,
      "optimal_threshold": 0.6875143051147461,
      "tpr_at_fpr_0_01": 0.184,
      "fpr95": 0.832,
      "aupr": 0.7850780132551768
    },
    "layer_18": {
      "n_total": 500,
      "n_valid": 500,
      "n_val_total": 500,
      "n_val_valid": 500,
      "acc": 0.674,
      "f1": 0.6218097447795824,
      "pre": 0.7403314917127072,
      "recall": 0.536,
      "auroc": 0.748688,
      "optimal_threshold": 0.6159870624542236,
      "tpr_at_fpr_0_01": 0.2,
      "fpr95": 0.82,
      "aupr": 0.7787938843997873
    },
    "layer_19": {
      "n_total": 500,
      "n_valid": 500,
      "n_val_total": 500,
      "n_val_valid": 500,
      "acc": 0.672,
      "f1": 0.652542372881356,
      "pre": 0.6936936936936937,
      "recall": 0.616,
      "auroc": 0.7486079999999999,
      "optimal_threshold": 0.5602288842201233,
      "tpr_at_fpr_0_01": 0.216,
      "fpr95": 0.82,
      "aupr": 0.7818081216208476
    },
    "layer_20": {
      "n_total": 500,
      "n_valid": 500,
      "n_val_total": 500,
      "n_val_valid": 500,
      "acc": 0.676,