{
  "args": {
    "model": "llama_8b",
    "dataset": "multisocial_full",
    "mode": "last_token",
    "centering": false,
    "prefix": false,
    "smoke_test": false,
    "ood": false,
    "ood_set": "",
    "manifold": true,
    "pca_components": 15
  },
  "steering_domain": "multisocial_full",
  "eval_domain": "multisocial_full",
  "n_samples": 500,
  "n_layers": 33,
  "metrics_per_layer": {
    "layer_1": {
      "n_total": 500,
      "n_valid": 500,
      "n_val_total": 500,
      "n_val_valid": 500,
      "acc": 0.7,
      "f1": 0.6323529411764706,
      "pre": 0.8164556962025317,
      "recall": 0.516,
      "auroc": 0.7412880000000001,
      "optimal_threshold": 0.10977649688720703,
      "tpr_at_fpr_0_01": 0.0,
      "fpr95": 0.872,
      "aupr": 0.7568752048463141
    },
    "layer_2": {
      "n_total": 500,
      "n_valid": 500,
      "n_val_total": 500,
      "n_val_valid": 500,
      "acc": 0.7,
      "f1": 0.6861924686192469,
      "pre": 0.7192982456140351,
      "recall": 0.656,
      "auroc": 0.7671680000000001,
      "optimal_threshold": -0.04029659926891327,
      "tpr_at_fpr_0_01": 0.048,
      "fpr95": 0.816,
      "aupr": 0.778961661695461
    },
    "layer_3": {
      "n_total": 500,
      "n_valid": 500,
      "n_val_total": 500,
      "n_val_valid": 500,
      "acc": 0.7,
      "f1": 0.6938775510204082,
      "pre": 0.7083333333333334,
      "recall": 0.68,
      "auroc": 0.7876799999999999,
      "optimal_threshold": -0.0019016563892364502,
      "tpr_at_fpr_0_01": 0.16,
      "fpr95": 0.656,
      "aupr": 0.804663269411203
    },
    "layer_4": {
      "n_total": 500,
      "n_valid": 500,
      "n_val_total": 500,
      "n_val_valid": 500,
      "acc": 0.698,
      "f1": 0.6636971046770601,
      "pre": 0.7487437185929648,
      "recall": 0.596,
      "auroc": 0.792432,
      "optimal_threshold": 0.18283620476722717,
      "tpr_at_fpr_0_01": 0.204,
      "fpr95": 0.728,
      "aupr": 0.8163478218389841
    },
    "layer_5": {
      "n_total": 500,
      "n_valid": 500,
      "n_val_total": 500,
      "n_val_valid": 500,
      "acc": 0.72,
      "f1": 0.7142857142857143,
      "pre": 0.7291666666666666,
      "recall": 0.7,
      "auroc": 0.8164319999999998,
      "optimal_threshold": 0.009263372980058193,
      "tpr_at_fpr_0_01": 0.268,
      "fpr95": 0.608,
      "aupr": 0.8273859617024328
    },
    "layer_6": {
      "n_total": 500,
      "n_valid": 500,
      "n_val_total": 500,
      "n_val_valid": 500,
      "acc": 0.746,
      "f1": 0.758095238095238,
      "pre": 0.7236363636363636,
      "recall": 0.796,
      "auroc": 0.829216,
      "optimal_threshold": -0.009205272421240807,
      "tpr_at_fpr_0_01": 0.148,
      "fpr95": 0.552,
      "aupr": 0.8376428709067106
    },
    "layer_7": {
      "n_total": 500,
      "n_valid": 500,
      "n_val_total": 500,
      "n_val_valid": 500,
      "acc": 0.738,
      "f1": 0.7405940594059406,
      "pre": 0.7333333333333333,
      "recall": 0.748,
      "auroc": 0.8318399999999999,
      "optimal_threshold": 0.05134519934654236,
      "tpr_at_fpr_0_01": 0.128,
      "fpr95": 0.512,
      "aupr": 0.8326160098399211
    },
    "layer_8": {
      "n_total": 500,
      "n_valid": 500,
      "n_val_total": 500,
      "n_val_valid": 500,
      "acc": 0.75,
      "f1": 0.7390396659707724,
      "pre": 0.7729257641921398,
      "recall": 0.708,
      "auroc": 0.843248,
      "optimal_threshold": -0.00806371308863163,
      "tpr_at_fpr_0_01": 0.204,
      "fpr95": 0.552,
      "aupr": 0.8499291518994972
    },
    "layer_9": {
      "n_total": 500,
      "n_valid": 500,
      "n_val_total": 500,
      "n_val_valid": 500,
      "acc": 0.758,
      "f1": 0.7555555555555555,
      "pre": 0.763265306122449,
      "recall": 0.748,
      "auroc": 0.8434879999999999,
      "optimal_threshold": -0.05383353680372238,
      "tpr_at_fpr_0_01": 0.236,
      "fpr95": 0.556,
      "aupr": 0.8512848154848741
    },
    "layer_10": {
      "n_total": 500,
      "n_valid": 500,
      "n_val_total": 500,
      "n_val_valid": 500,
      "acc": 0.748,
      "f1": 0.7407407407407407,
      "pre": 0.7627118644067796,
      "recall": 0.72,
      "auroc": 0.845648,
      "optimal_threshold": 0.0994233712553978,
      "tpr_at_fpr_0_01": 0.248,
      "fpr95": 0.58,
      "aupr": 0.8492407297433441
    },
    "layer_11": {
      "n_total": 500,
      "n_valid": 500,
      "n_val_total": 500,
      "n_val_valid": 500,
      "acc": 0.758,
      "f1": 0.7441860465116279,
      "pre": 0.7892376681614349,
      "recall": 0.704,
      "auroc": 0.8518399999999998,
      "optimal_threshold": 0.22013242542743683,
      "tpr_at_fpr_0_01": 0.248,
      "fpr95": 0.588,
      "aupr": 0.8573461116341289
    },
    "layer_12": {
      "n_total": 500,
      "n_valid": 500,
      "n_val_total": 500,
      "n_val_valid": 500,
      "acc": 0.766,
      "f1": 0.755741127348643,
      "pre": 0.7903930131004366,
      "recall": 0.724,
      "auroc": 0.8508800000000001,
      "optimal_threshold": 0.24890103936195374,
      "tpr_at_fpr_0_01": 0.264,
      "fpr95": 0.532,
      "aupr": 0.8577216586712599
    },
    "layer_13": {
      "n_total": 500,
      "n_valid": 500,
      "n_val_total": 500,
      "n_val_valid": 500,
      "acc": 0.756,
      "f1": 0.7635658914728682,
      "pre": 0.7406015037593985,
      "recall": 0.788,
      "auroc": 0.849216,
      "optimal_threshold": 0.005762577056884766,
      "tpr_at_fpr_0_01": 0.232,
      "fpr95": 0.58,
      "aupr": 0.8578023077672754
    },
    "layer_14": {
      "n_total": 500,
      "n_valid": 500,
      "n_val_total": 500,
      "n_val_valid": 500,
      "acc": 0.748,
      "f1": 0.7248908296943232,
      "pre": 0.7980769230769231,
      "recall": 0.664,
      "auroc": 0.8373759999999999,
      "optimal_threshold": 0.5272821187973022,
      "tpr_at_fpr_0_01": 0.276,
      "fpr95": 0.588,
      "aupr": 0.8452380724688748
    },
    "layer_15": {
      "n_total": 500,
      "n_valid": 500,
      "n_val_total": 500,
      "n_val_valid": 500,
      "acc": 0.78,
      "f1": 0.7727272727272727,
      "pre": 0.7991452991452992,
      "recall": 0.748,
      "auroc": 0.8564479999999999,
      "optimal_threshold": 0.04388812184333801,
      "tpr_at_fpr_0_01": 0.256,
      "fpr95": 0.544,
      "aupr": 0.8631330881020574
    },
    "layer_16": {
      "n_total": 500,
      "n_valid": 500,
      "n_val_total": 500,
      "n_val_valid": 500,
      "acc": 0.766,
      "f1": 0.7536842105263157,
      "pre": 0.7955555555555556,
      "recall": 0.716,
      "auroc": 0.8520159999999999,
      "optimal_threshold": 0.37180840969085693,
      "tpr_at_fpr_0_01": 0.28,
      "fpr95": 0.6,
      "aupr": 0.8613853534012408
    },
    "layer_17": {
      "n_total": 500,
      "n_valid": 500,
      "n_val_total": 500,
      "n_val_valid": 500,
      "acc": 0.774,
      "f1": 0.7779960707269156,
      "pre": 0.7644787644787645,
      "recall": 0.792,
      "auroc": 0.853648,
      "optimal_threshold": 0.15389765799045563,
      "tpr_at_fpr_0_01": 0.264,
      "fpr95": 0.556,
      "aupr": 0.8612286353845797
    },
    "layer_18": {
      "n_total": 500,
      "n_valid": 500,
      "n_val_total": 500,
      "n_val_valid": 500,
      "acc": 0.76,
      "f1": 0.7402597402597403,
      "pre": 0.8066037735849056,
      "recall": 0.684,
      "auroc": 0.856848,
      "optimal_threshold": 0.41062474250793457,
      "tpr_at_fpr_0_01": 0.244,
      "fpr95": 0.56,
      "aupr": 0.8624744913778274
    },
    "layer_19": {
      "n_total": 500,
      "n_valid": 500,
      "n_val_total": 500,
      "n_val_valid": 500,
      "acc": 0.778,
      "f1": 0.7682672233820459,
      "pre": 0.8034934497816594,
      "recall": 0.736,
      "auroc": 0.8615360000000001,
      "optimal_threshold": 0.38021084666252136,
      "tpr_at_fpr_0_01": 0.3,
      "fpr95": 0.584,
      "aupr": 0.8662233268180219
    },
    "layer_20": {
      "n_total": 500,
      "n_valid": 500,
      "n_val_total": 500,
      "n_val_valid": 500,