{
  "args": {
    "model": "llama_8b",
    "dataset": "m4_multi",
    "mode": "last_token",
    "centering": false,
    "prefix": false,
    "smoke_test": false,
    "ood": false,
    "ood_set": "",
    "manifold": true,
    "pca_components": 20
  },
  "steering_domain": "m4_multi",
  "eval_domain": "m4_multi",
  "n_samples": 500,
  "n_layers": 33,
  "metrics_per_layer": {
    "layer_1": {
      "n_total": 500,
      "n_valid": 500,
      "n_val_total": 500,
      "n_val_valid": 500,
      "acc": 0.778,
      "f1": 0.7901701323251418,
      "pre": 0.7491039426523297,
      "recall": 0.836,
      "auroc": 0.816672,
      "optimal_threshold": 0.07226993888616562,
      "tpr_at_fpr_0_01": 0.0,
      "fpr95": 0.468,
      "aupr": 0.7462611437409896
    },
    "layer_2": {
      "n_total": 500,
      "n_valid": 500,
      "n_val_total": 500,
      "n_val_valid": 500,
      "acc": 0.766,
      "f1": 0.7884267631103075,
      "pre": 0.7194719471947195,
      "recall": 0.872,
      "auroc": 0.85408,
      "optimal_threshold": -0.003853241913020611,
      "tpr_at_fpr_0_01": 0.204,
      "fpr95": 0.572,
      "aupr": 0.8539922307735006
    },
    "layer_3": {
      "n_total": 500,
      "n_valid": 500,
      "n_val_total": 500,
      "n_val_valid": 500,
      "acc": 0.784,
      "f1": 0.7804878048780488,
      "pre": 0.7933884297520661,
      "recall": 0.768,
      "auroc": 0.8524320000000001,
      "optimal_threshold": 0.2839517891407013,
      "tpr_at_fpr_0_01": 0.212,
      "fpr95": 0.8,
      "aupr": 0.8615844677960443
    },
    "layer_4": {
      "n_total": 500,
      "n_valid": 500,
      "n_val_total": 500,
      "n_val_valid": 500,
      "acc": 0.798,
      "f1": 0.7900207900207901,
      "pre": 0.8225108225108225,
      "recall": 0.76,
      "auroc": 0.856992,
      "optimal_threshold": 0.5377280712127686,
      "tpr_at_fpr_0_01": 0.42,
      "fpr95": 0.8,
      "aupr": 0.8905512645353616
    },
    "layer_5": {
      "n_total": 500,
      "n_valid": 500,
      "n_val_total": 500,
      "n_val_valid": 500,
      "acc": 0.824,
      "f1": 0.8018018018018018,
      "pre": 0.9175257731958762,
      "recall": 0.712,
      "auroc": 0.8839520000000001,
      "optimal_threshold": 0.6653928756713867,
      "tpr_at_fpr_0_01": 0.528,
      "fpr95": 0.696,
      "aupr": 0.9118693227236273
    },
    "layer_6": {
      "n_total": 500,
      "n_valid": 500,
      "n_val_total": 500,
      "n_val_valid": 500,
      "acc": 0.824,
      "f1": 0.7962962962962963,
      "pre": 0.945054945054945,
      "recall": 0.688,
      "auroc": 0.8923519999999999,
      "optimal_threshold": 0.8391008377075195,
      "tpr_at_fpr_0_01": 0.528,
      "fpr95": 0.616,
      "aupr": 0.9177993585600963
    },
    "layer_7": {
      "n_total": 500,
      "n_valid": 500,
      "n_val_total": 500,
      "n_val_valid": 500,
      "acc": 0.83,
      "f1": 0.8072562358276644,
      "pre": 0.9319371727748691,
      "recall": 0.712,
      "auroc": 0.890624,
      "optimal_threshold": 1.0280334949493408,
      "tpr_at_fpr_0_01": 0.544,
      "fpr95": 0.628,
      "aupr": 0.9163419186469024
    },
    "layer_8": {
      "n_total": 500,
      "n_valid": 500,
      "n_val_total": 500,
      "n_val_valid": 500,
      "acc": 0.816,
      "f1": 0.7870370370370371,
      "pre": 0.9340659340659341,
      "recall": 0.68,
      "auroc": 0.885968,
      "optimal_threshold": 1.011228084564209,
      "tpr_at_fpr_0_01": 0.58,
      "fpr95": 0.62,
      "aupr": 0.9128151914161029
    },
    "layer_9": {
      "n_total": 500,
      "n_valid": 500,
      "n_val_total": 500,
      "n_val_valid": 500,
      "acc": 0.808,
      "f1": 0.7692307692307693,
      "pre": 0.963855421686747,
      "recall": 0.64,
      "auroc": 0.884496,
      "optimal_threshold": 1.2698363065719604,
      "tpr_at_fpr_0_01": 0.576,
      "fpr95": 0.744,
      "aupr": 0.9144340375095988
    },
    "layer_10": {
      "n_total": 500,
      "n_valid": 500,
      "n_val_total": 500,
      "n_val_valid": 500,
      "acc": 0.826,
      "f1": 0.8018223234624146,
      "pre": 0.9312169312169312,
      "recall": 0.704,
      "auroc": 0.88968,
      "optimal_threshold": 1.2929768562316895,
      "tpr_at_fpr_0_01": 0.596,
      "fpr95": 0.732,
      "aupr": 0.9186211991450675
    },
    "layer_11": {
      "n_total": 500,
      "n_valid": 500,
      "n_val_total": 500,
      "n_val_valid": 500,
      "acc": 0.854,
      "f1": 0.8402625820568927,
      "pre": 0.927536231884058,
      "recall": 0.768,
      "auroc": 0.894688,
      "optimal_threshold": 1.3196355104446411,
      "tpr_at_fpr_0_01": 0.68,
      "fpr95": 0.772,
      "aupr": 0.9254178079260541
    },
    "layer_12": {
      "n_total": 500,
      "n_valid": 500,
      "n_val_total": 500,
      "n_val_valid": 500,
      "acc": 0.834,
      "f1": 0.8159645232815964,
      "pre": 0.9154228855721394,
      "recall": 0.736,
      "auroc": 0.886704,
      "optimal_threshold": 1.3863744735717773,
      "tpr_at_fpr_0_01": 0.62,
      "fpr95": 0.768,
      "aupr": 0.9181460779632178
    },
    "layer_13": {
      "n_total": 500,
      "n_valid": 500,
      "n_val_total": 500,
      "n_val_valid": 500,
      "acc": 0.85,
      "f1": 0.8344370860927153,
      "pre": 0.9310344827586207,
      "recall": 0.756,
      "auroc": 0.896256,
      "optimal_threshold": 1.456262469291687,
      "tpr_at_fpr_0_01": 0.644,
      "fpr95": 0.78,
      "aupr": 0.9254089430611254
    },
    "layer_14": {
      "n_total": 500,
      "n_valid": 500,
      "n_val_total": 500,
      "n_val_valid": 500,
      "acc": 0.842,
      "f1": 0.8167053364269141,
      "pre": 0.9723756906077348,
      "recall": 0.704,
      "auroc": 0.9010239999999999,
      "optimal_threshold": 1.9129860401153564,
      "tpr_at_fpr_0_01": 0.668,
      "fpr95": 0.724,
      "aupr": 0.9279752609635612
    },
    "layer_15": {
      "n_total": 500,
      "n_valid": 500,
      "n_val_total": 500,
      "n_val_valid": 500,
      "acc": 0.836,
      "f1": 0.8225108225108225,
      "pre": 0.8962264150943396,
      "recall": 0.76,
      "auroc": 0.914048,
      "optimal_threshold": 1.6956239938735962,
      "tpr_at_fpr_0_01": 0.672,
      "fpr95": 0.604,
      "aupr": 0.9340612290957478
    },
    "layer_16": {
      "n_total": 500,
      "n_valid": 500,
      "n_val_total": 500,
      "n_val_valid": 500,
      "acc": 0.844,
      "f1": 0.8326180257510729,
      "pre": 0.8981481481481481,
      "recall": 0.776,
      "auroc": 0.915328,
      "optimal_threshold": 2.073780059814453,
      "tpr_at_fpr_0_01": 0.676,
      "fpr95": 0.612,
      "aupr": 0.9352595106459747
    },
    "layer_17": {
      "n_total": 500,
      "n_valid": 500,
      "n_val_total": 500,
      "n_val_valid": 500,
      "acc": 0.85,
      "f1": 0.8329621380846325,
      "pre": 0.9396984924623115,
      "recall": 0.748,
      "auroc": 0.9155840000000001,
      "optimal_threshold": 2.5668365955352783,
      "tpr_at_fpr_0_01": 0.716,
      "fpr95": 0.544,
      "aupr": 0.9371451587110344
    },
    "layer_18": {
      "n_total": 500,
      "n_valid": 500,
      "n_val_total": 500,
      "n_val_valid": 500,
      "acc": 0.868,
      "f1": 0.8571428571428571,
      "pre": 0.9339622641509434,
      "recall": 0.792,
      "auroc": 0.9323999999999999,
      "optimal_threshold": 2.6864771842956543,
      "tpr_at_fpr_0_01": 0.664,
      "fpr95": 0.444,
      "aupr": 0.9461391477551809
    },
    "layer_19": {
      "n_total": 500,
      "n_valid": 500,
      "n_val_total": 500,
      "n_val_valid": 500,
      "acc": 0.872,
      "f1": 0.8590308370044053,
      "pre": 0.9558823529411765,
      "recall": 0.78,
      "auroc": 0.938048,
      "optimal_threshold": 3.4153642654418945,
      "tpr_at_fpr_0_01": 0.656,
      "fpr95": 0.396,
      "aupr": 0.9497624636648125
    },
    "layer_20": {
      "n_total": 500,
      "n_valid": 500,
      "n_val_total": 500,
      "n_val_valid": 500,
      "acc": 0.868,
      "f1": 0.8589743589743589,
      "pre": 0.9220183486238532,
      "recall": 0.804,