{
  "args": {
    "model": "llama_8b",
    "dataset": "tsm_multi",
    "mode": "last_token",
    "prefix": false,
    "smoke_test": false,
    "ood": false,
    "ood_set": "",
    "manifold": true,
    "pca_components": 30
  },
  "steering_domain": "tsm_multi",
  "eval_domain": "tsm_multi",
  "n_samples": 500,
  "n_layers": 33,
  "metrics_per_layer": {
    "layer_1": {
      "n_total": 500,
      "n_valid": 500,
      "n_val_total": 500,
      "n_val_valid": 500,
      "acc": 0.528,
      "f1": 0.6666666666666666,
      "pre": 0.5152838427947598,
      "recall": 0.944,
      "auroc": 0.5233920000000001,
      "optimal_threshold": -0.12332746386528015,
      "tpr_at_fpr_0_01": 0.0,
      "fpr95": 0.888,
      "aupr": 0.5119717888318664
    },
    "layer_2": {
      "n_total": 500,
      "n_valid": 500,
      "n_val_total": 500,
      "n_val_valid": 500,
      "acc": 0.582,
      "f1": 0.40793201133144474,
      "pre": 0.6990291262135923,
      "recall": 0.288,
      "auroc": 0.641408,
      "optimal_threshold": 0.02597721293568611,
      "tpr_at_fpr_0_01": 0.092,
      "fpr95": 0.896,
      "aupr": 0.6705748022319781
    },
    "layer_3": {
      "n_total": 500,
      "n_valid": 500,
      "n_val_total": 500,
      "n_val_valid": 500,
      "acc": 0.574,
      "f1": 0.4607594936708861,
      "pre": 0.6275862068965518,
      "recall": 0.364,
      "auroc": 0.622576,
      "optimal_threshold": 0.045482635498046875,
      "tpr_at_fpr_0_01": 0.024,
      "fpr95": 0.888,
      "aupr": 0.6103686952064853
    },
    "layer_4": {
      "n_total": 500,
      "n_valid": 500,
      "n_val_total": 500,
      "n_val_valid": 500,
      "acc": 0.618,
      "f1": 0.562929061784897,
      "pre": 0.6577540106951871,
      "recall": 0.492,
      "auroc": 0.687824,
      "optimal_threshold": 0.050195202231407166,
      "tpr_at_fpr_0_01": 0.072,
      "fpr95": 0.92,
      "aupr": 0.6893712514761855
    },
    "layer_5": {
      "n_total": 500,
      "n_valid": 500,
      "n_val_total": 500,
      "n_val_valid": 500,
      "acc": 0.72,
      "f1": 0.6902654867256637,
      "pre": 0.7722772277227723,
      "recall": 0.624,
      "auroc": 0.7776959999999999,
      "optimal_threshold": 0.03508596867322922,
      "tpr_at_fpr_0_01": 0.2,
      "fpr95": 0.824,
      "aupr": 0.8017711900223349
    },
    "layer_6": {
      "n_total": 500,
      "n_valid": 500,
      "n_val_total": 500,
      "n_val_valid": 500,
      "acc": 0.746,
      "f1": 0.7120181405895691,
      "pre": 0.8219895287958116,
      "recall": 0.628,
      "auroc": 0.8228639999999999,
      "optimal_threshold": 0.03633337467908859,
      "tpr_at_fpr_0_01": 0.248,
      "fpr95": 0.724,
      "aupr": 0.8425529599761777
    },
    "layer_7": {
      "n_total": 500,
      "n_valid": 500,
      "n_val_total": 500,
      "n_val_valid": 500,
      "acc": 0.742,
      "f1": 0.7189542483660131,
      "pre": 0.7894736842105263,
      "recall": 0.66,
      "auroc": 0.8180959999999999,
      "optimal_threshold": 0.002888977527618408,
      "tpr_at_fpr_0_01": 0.216,
      "fpr95": 0.7,
      "aupr": 0.837800950119383
    },
    "layer_8": {
      "n_total": 500,
      "n_valid": 500,
      "n_val_total": 500,
      "n_val_valid": 500,
      "acc": 0.752,
      "f1": 0.7361702127659574,
      "pre": 0.7863636363636364,
      "recall": 0.692,
      "auroc": 0.8184640000000001,
      "optimal_threshold": -0.0114067941904068,
      "tpr_at_fpr_0_01": 0.264,
      "fpr95": 0.748,
      "aupr": 0.8372117838708102
    },
    "layer_9": {
      "n_total": 500,
      "n_valid": 500,
      "n_val_total": 500,
      "n_val_valid": 500,
      "acc": 0.732,
      "f1": 0.7254098360655737,
      "pre": 0.7436974789915967,
      "recall": 0.708,
      "auroc": 0.8105119999999999,
      "optimal_threshold": -0.055674850940704346,
      "tpr_at_fpr_0_01": 0.268,
      "fpr95": 0.764,
      "aupr": 0.8322002438744133
    },
    "layer_10": {
      "n_total": 500,
      "n_valid": 500,
      "n_val_total": 500,
      "n_val_valid": 500,
      "acc": 0.742,
      "f1": 0.7514450867052023,
      "pre": 0.724907063197026,
      "recall": 0.78,
      "auroc": 0.816384,
      "optimal_threshold": -0.15218007564544678,
      "tpr_at_fpr_0_01": 0.336,
      "fpr95": 0.772,
      "aupr": 0.8442098081222642
    },
    "layer_11": {
      "n_total": 500,
      "n_valid": 500,
      "n_val_total": 500,
      "n_val_valid": 500,
      "acc": 0.772,
      "f1": 0.7634854771784232,
      "pre": 0.7931034482758621,
      "recall": 0.736,
      "auroc": 0.8619999999999999,
      "optimal_threshold": -0.0994795560836792,
      "tpr_at_fpr_0_01": 0.488,
      "fpr95": 0.676,
      "aupr": 0.8872220565408687
    },
    "layer_12": {
      "n_total": 500,
      "n_valid": 500,
      "n_val_total": 500,
      "n_val_valid": 500,
      "acc": 0.78,
      "f1": 0.7453703703703703,
      "pre": 0.8846153846153846,
      "recall": 0.644,
      "auroc": 0.8570240000000001,
      "optimal_threshold": 0.11941291391849518,
      "tpr_at_fpr_0_01": 0.452,
      "fpr95": 0.7,
      "aupr": 0.8850072583382314
    },
    "layer_13": {
      "n_total": 500,
      "n_valid": 500,
      "n_val_total": 500,
      "n_val_valid": 500,
      "acc": 0.766,
      "f1": 0.728538283062645,
      "pre": 0.8674033149171271,
      "recall": 0.628,
      "auroc": 0.845056,
      "optimal_threshold": 0.12704741954803467,
      "tpr_at_fpr_0_01": 0.428,
      "fpr95": 0.76,
      "aupr": 0.8740482341650446
    },
    "layer_14": {
      "n_total": 500,
      "n_valid": 500,
      "n_val_total": 500,
      "n_val_valid": 500,
      "acc": 0.776,
      "f1": 0.7533039647577092,
      "pre": 0.8382352941176471,
      "recall": 0.684,
      "auroc": 0.8311679999999999,
      "optimal_threshold": 0.02452649548649788,
      "tpr_at_fpr_0_01": 0.408,
      "fpr95": 0.748,
      "aupr": 0.864193637546042
    },
    "layer_15": {
      "n_total": 500,
      "n_valid": 500,
      "n_val_total": 500,
      "n_val_valid": 500,
      "acc": 0.764,
      "f1": 0.7434782608695653,
      "pre": 0.8142857142857143,
      "recall": 0.684,
      "auroc": 0.8340960000000001,
      "optimal_threshold": -0.0038034915924072266,
      "tpr_at_fpr_0_01": 0.388,
      "fpr95": 0.784,
      "aupr": 0.868785880760176
    },
    "layer_16": {
      "n_total": 500,
      "n_valid": 500,
      "n_val_total": 500,
      "n_val_valid": 500,
      "acc": 0.762,
      "f1": 0.7213114754098361,
      "pre": 0.8700564971751412,
      "recall": 0.616,
      "auroc": 0.830832,
      "optimal_threshold": 0.18539534509181976,
      "tpr_at_fpr_0_01": 0.412,
      "fpr95": 0.796,
      "aupr": 0.8654961072604035
    },
    "layer_17": {
      "n_total": 500,
      "n_valid": 500,
      "n_val_total": 500,
      "n_val_valid": 500,
      "acc": 0.77,
      "f1": 0.7268408551068883,
      "pre": 0.8947368421052632,
      "recall": 0.612,
      "auroc": 0.8421919999999998,
      "optimal_threshold": 0.1551593840122223,
      "tpr_at_fpr_0_01": 0.48,
      "fpr95": 0.748,
      "aupr": 0.8763083476431167
    },
    "layer_18": {
      "n_total": 500,
      "n_valid": 500,
      "n_val_total": 500,
      "n_val_valid": 500,
      "acc": 0.772,
      "f1": 0.7298578199052133,
      "pre": 0.8953488372093024,
      "recall": 0.616,
      "auroc": 0.841616,
      "optimal_threshold": 0.18599539995193481,
      "tpr_at_fpr_0_01": 0.472,
      "fpr95": 0.756,
      "aupr": 0.8761761644883019
    },
    "layer_19": {
      "n_total": 500,
      "n_valid": 500,
      "n_val_total": 500,
      "n_val_valid": 500,
      "acc": 0.78,
      "f1": 0.7393364928909952,
      "pre": 0.9069767441860465,
      "recall": 0.624,
      "auroc": 0.852096,
      "optimal_threshold": 0.13294650614261627,
      "tpr_at_fpr_0_01": 0.52,
      "fpr95": 0.736,
      "aupr": 0.8847716801369911
    },
    "layer_20": {
      "n_total": 500,
      "n_valid": 500,
      "n_val_total": 500,
      "n_val_valid": 500,
      "acc": 0.776,
      "f1": 0.7345971563981043,