{
  "args": {
    "model": "llama_8b",
    "dataset": "multisocial_full",
    "mode": "last_token",
    "prefix": false,
    "smoke_test": false,
    "ood": false,
    "ood_set": "",
    "manifold": true,
    "pca_components": 20
  },
  "steering_domain": "multisocial_full",
  "eval_domain": "multisocial_full",
  "n_samples": 500,
  "n_layers": 33,
  "metrics_per_layer": {
    "layer_1": {
      "n_total": 500,
      "n_valid": 500,
      "n_val_total": 500,
      "n_val_valid": 500,
      "acc": 0.702,
      "f1": 0.6339066339066339,
      "pre": 0.821656050955414,
      "recall": 0.516,
      "auroc": 0.740152,
      "optimal_threshold": 0.0346892848610878,
      "tpr_at_fpr_0_01": 0.0,
      "fpr95": 0.86,
      "aupr": 0.7567655836056236
    },
    "layer_2": {
      "n_total": 500,
      "n_valid": 500,
      "n_val_total": 500,
      "n_val_valid": 500,
      "acc": 0.7,
      "f1": 0.6861924686192469,
      "pre": 0.7192982456140351,
      "recall": 0.656,
      "auroc": 0.7692159999999999,
      "optimal_threshold": -0.08344769477844238,
      "tpr_at_fpr_0_01": 0.044,
      "fpr95": 0.796,
      "aupr": 0.7799347067455378
    },
    "layer_3": {
      "n_total": 500,
      "n_valid": 500,
      "n_val_total": 500,
      "n_val_valid": 500,
      "acc": 0.702,
      "f1": 0.6977687626774848,
      "pre": 0.7078189300411523,
      "recall": 0.688,
      "auroc": 0.7907040000000001,
      "optimal_threshold": -0.10812010616064072,
      "tpr_at_fpr_0_01": 0.18,
      "fpr95": 0.648,
      "aupr": 0.8072281689444393
    },
    "layer_4": {
      "n_total": 500,
      "n_valid": 500,
      "n_val_total": 500,
      "n_val_valid": 500,
      "acc": 0.698,
      "f1": 0.6636971046770601,
      "pre": 0.7487437185929648,
      "recall": 0.596,
      "auroc": 0.7996159999999999,
      "optimal_threshold": -0.09190663695335388,
      "tpr_at_fpr_0_01": 0.208,
      "fpr95": 0.716,
      "aupr": 0.8205024292811824
    },
    "layer_5": {
      "n_total": 500,
      "n_valid": 500,
      "n_val_total": 500,
      "n_val_valid": 500,
      "acc": 0.736,
      "f1": 0.7370517928286853,
      "pre": 0.7341269841269841,
      "recall": 0.74,
      "auroc": 0.8203359999999998,
      "optimal_threshold": -0.21951282024383545,
      "tpr_at_fpr_0_01": 0.252,
      "fpr95": 0.592,
      "aupr": 0.8314022465367494
    },
    "layer_6": {
      "n_total": 500,
      "n_valid": 500,
      "n_val_total": 500,
      "n_val_valid": 500,
      "acc": 0.75,
      "f1": 0.7600767754318618,
      "pre": 0.7306273062730627,
      "recall": 0.792,
      "auroc": 0.8293279999999998,
      "optimal_threshold": -0.26174047589302063,
      "tpr_at_fpr_0_01": 0.164,
      "fpr95": 0.544,
      "aupr": 0.8378258284429031
    },
    "layer_7": {
      "n_total": 500,
      "n_valid": 500,
      "n_val_total": 500,
      "n_val_valid": 500,
      "acc": 0.746,
      "f1": 0.7543520309477756,
      "pre": 0.7303370786516854,
      "recall": 0.78,
      "auroc": 0.833536,
      "optimal_threshold": -0.30404406785964966,
      "tpr_at_fpr_0_01": 0.132,
      "fpr95": 0.512,
      "aupr": 0.8348686546271193
    },
    "layer_8": {
      "n_total": 500,
      "n_valid": 500,
      "n_val_total": 500,
      "n_val_valid": 500,
      "acc": 0.742,
      "f1": 0.7261146496815286,
      "pre": 0.7737556561085973,
      "recall": 0.684,
      "auroc": 0.8444959999999999,
      "optimal_threshold": -0.10681116580963135,
      "tpr_at_fpr_0_01": 0.22,
      "fpr95": 0.56,
      "aupr": 0.8508943064319747
    },
    "layer_9": {
      "n_total": 500,
      "n_valid": 500,
      "n_val_total": 500,
      "n_val_valid": 500,
      "acc": 0.758,
      "f1": 0.7650485436893204,
      "pre": 0.7433962264150943,
      "recall": 0.788,
      "auroc": 0.84752,
      "optimal_threshold": -0.25885874032974243,
      "tpr_at_fpr_0_01": 0.232,
      "fpr95": 0.556,
      "aupr": 0.8554545103478497
    },
    "layer_10": {
      "n_total": 500,
      "n_valid": 500,
      "n_val_total": 500,
      "n_val_valid": 500,
      "acc": 0.758,
      "f1": 0.7641325536062378,
      "pre": 0.7452471482889734,
      "recall": 0.784,
      "auroc": 0.849504,
      "optimal_threshold": -0.22694498300552368,
      "tpr_at_fpr_0_01": 0.256,
      "fpr95": 0.564,
      "aupr": 0.8553954895824081
    },
    "layer_11": {
      "n_total": 500,
      "n_valid": 500,
      "n_val_total": 500,
      "n_val_valid": 500,
      "acc": 0.76,
      "f1": 0.7777777777777778,
      "pre": 0.7241379310344828,
      "recall": 0.84,
      "auroc": 0.8539840000000001,
      "optimal_threshold": -0.34121277928352356,
      "tpr_at_fpr_0_01": 0.24,
      "fpr95": 0.572,
      "aupr": 0.8609893844040462
    },
    "layer_12": {
      "n_total": 500,
      "n_valid": 500,
      "n_val_total": 500,
      "n_val_valid": 500,
      "acc": 0.77,
      "f1": 0.7638603696098563,
      "pre": 0.7848101265822784,
      "recall": 0.744,
      "auroc": 0.85368,
      "optimal_threshold": -0.11073216795921326,
      "tpr_at_fpr_0_01": 0.236,
      "fpr95": 0.528,
      "aupr": 0.860706688715933
    },
    "layer_13": {
      "n_total": 500,
      "n_valid": 500,
      "n_val_total": 500,
      "n_val_valid": 500,
      "acc": 0.766,
      "f1": 0.7655310621242485,
      "pre": 0.7670682730923695,
      "recall": 0.764,
      "auroc": 0.8520639999999999,
      "optimal_threshold": -0.23221981525421143,
      "tpr_at_fpr_0_01": 0.24,
      "fpr95": 0.568,
      "aupr": 0.8607335882311823
    },
    "layer_14": {
      "n_total": 500,
      "n_valid": 500,
      "n_val_total": 500,
      "n_val_valid": 500,
      "acc": 0.76,
      "f1": 0.7435897435897436,
      "pre": 0.7981651376146789,
      "recall": 0.696,
      "auroc": 0.8411519999999999,
      "optimal_threshold": -0.04444669187068939,
      "tpr_at_fpr_0_01": 0.272,
      "fpr95": 0.584,
      "aupr": 0.8503831412678086
    },
    "layer_15": {
      "n_total": 500,
      "n_valid": 500,
      "n_val_total": 500,
      "n_val_valid": 500,
      "acc": 0.776,
      "f1": 0.7829457364341085,
      "pre": 0.7593984962406015,
      "recall": 0.808,
      "auroc": 0.859264,
      "optimal_threshold": -0.3475784659385681,
      "tpr_at_fpr_0_01": 0.276,
      "fpr95": 0.568,
      "aupr": 0.8672271708804871
    },
    "layer_16": {
      "n_total": 500,
      "n_valid": 500,
      "n_val_total": 500,
      "n_val_valid": 500,
      "acc": 0.77,
      "f1": 0.7589098532494759,
      "pre": 0.7973568281938326,
      "recall": 0.724,
      "auroc": 0.854944,
      "optimal_threshold": -0.17352008819580078,
      "tpr_at_fpr_0_01": 0.276,
      "fpr95": 0.608,
      "aupr": 0.8631621347289007
    },
    "layer_17": {
      "n_total": 500,
      "n_valid": 500,
      "n_val_total": 500,
      "n_val_valid": 500,
      "acc": 0.77,
      "f1": 0.7758284600389863,
      "pre": 0.7566539923954373,
      "recall": 0.796,
      "auroc": 0.8553599999999999,
      "optimal_threshold": -0.49234434962272644,
      "tpr_at_fpr_0_01": 0.272,
      "fpr95": 0.572,
      "aupr": 0.8628977361810177
    },
    "layer_18": {
      "n_total": 500,
      "n_valid": 500,
      "n_val_total": 500,
      "n_val_valid": 500,
      "acc": 0.77,
      "f1": 0.7558386411889597,
      "pre": 0.8054298642533937,
      "recall": 0.712,
      "auroc": 0.8577600000000001,
      "optimal_threshold": -0.2342981994152069,
      "tpr_at_fpr_0_01": 0.256,
      "fpr95": 0.564,
      "aupr": 0.8633043389967676
    },
    "layer_19": {
      "n_total": 500,
      "n_valid": 500,
      "n_val_total": 500,
      "n_val_valid": 500,
      "acc": 0.778,
      "f1": 0.7672955974842768,
      "pre": 0.8061674008810573,
      "recall": 0.732,
      "auroc": 0.861872,
      "optimal_threshold": -0.3718000650405884,
      "tpr_at_fpr_0_01": 0.304,
      "fpr95": 0.588,
      "aupr": 0.866442929644839
    },
    "layer_20": {
      "n_total": 500,
      "n_valid": 500,
      "n_val_total": 500,
      "n_val_valid": 500,
      "acc": 0.762,