{
  "args": {
    "model": "llama_8b",
    "dataset": "tsm_multi",
    "mode": "last_token",
    "prefix": false,
    "smoke_test": false,
    "ood": false,
    "ood_set": "",
    "manifold": true,
    "pca_components": 50
  },
  "steering_domain": "tsm_multi",
  "eval_domain": "tsm_multi",
  "n_samples": 500,
  "n_layers": 33,
  "metrics_per_layer": {
    "layer_1": {
      "n_total": 500,
      "n_valid": 500,
      "n_val_total": 500,
      "n_val_valid": 500,
      "acc": 0.528,
      "f1": 0.6666666666666666,
      "pre": 0.5152838427947598,
      "recall": 0.944,
      "auroc": 0.5233920000000001,
      "optimal_threshold": -0.12332746386528015,
      "tpr_at_fpr_0_01": 0.0,
      "fpr95": 0.888,
      "aupr": 0.5119717888318664
    },
    "layer_2": {
      "n_total": 500,
      "n_valid": 500,
      "n_val_total": 500,
      "n_val_valid": 500,
      "acc": 0.606,
      "f1": 0.45429362880886426,
      "pre": 0.7387387387387387,
      "recall": 0.328,
      "auroc": 0.649776,
      "optimal_threshold": 0.024337057024240494,
      "tpr_at_fpr_0_01": 0.112,
      "fpr95": 0.892,
      "aupr": 0.6823509458870243
    },
    "layer_3": {
      "n_total": 500,
      "n_valid": 500,
      "n_val_total": 500,
      "n_val_valid": 500,
      "acc": 0.58,
      "f1": 0.4827586206896552,
      "pre": 0.6282051282051282,
      "recall": 0.392,
      "auroc": 0.6395839999999999,
      "optimal_threshold": 0.03418378531932831,
      "tpr_at_fpr_0_01": 0.06,
      "fpr95": 0.844,
      "aupr": 0.6319492435037629
    },
    "layer_4": {
      "n_total": 500,
      "n_valid": 500,
      "n_val_total": 500,
      "n_val_valid": 500,
      "acc": 0.646,
      "f1": 0.612691466083151,
      "pre": 0.6763285024154589,
      "recall": 0.56,
      "auroc": 0.7093919999999998,
      "optimal_threshold": 0.03426139056682587,
      "tpr_at_fpr_0_01": 0.132,
      "fpr95": 0.876,
      "aupr": 0.7241232511222991
    },
    "layer_5": {
      "n_total": 500,
      "n_valid": 500,
      "n_val_total": 500,
      "n_val_valid": 500,
      "acc": 0.722,
      "f1": 0.6904231625835189,
      "pre": 0.7788944723618091,
      "recall": 0.62,
      "auroc": 0.789856,
      "optimal_threshold": 0.031297631561756134,
      "tpr_at_fpr_0_01": 0.212,
      "fpr95": 0.808,
      "aupr": 0.8122251162344751
    },
    "layer_6": {
      "n_total": 500,
      "n_valid": 500,
      "n_val_total": 500,
      "n_val_valid": 500,
      "acc": 0.728,
      "f1": 0.6807511737089202,
      "pre": 0.8238636363636364,
      "recall": 0.58,
      "auroc": 0.828768,
      "optimal_threshold": 0.051744528114795685,
      "tpr_at_fpr_0_01": 0.244,
      "fpr95": 0.696,
      "aupr": 0.8479199659116632
    },
    "layer_7": {
      "n_total": 500,
      "n_valid": 500,
      "n_val_total": 500,
      "n_val_valid": 500,
      "acc": 0.742,
      "f1": 0.7152317880794702,
      "pre": 0.7980295566502463,
      "recall": 0.648,
      "auroc": 0.8245279999999999,
      "optimal_threshold": 0.020321495831012726,
      "tpr_at_fpr_0_01": 0.232,
      "fpr95": 0.692,
      "aupr": 0.8435141896527124
    },
    "layer_8": {
      "n_total": 500,
      "n_valid": 500,
      "n_val_total": 500,
      "n_val_valid": 500,
      "acc": 0.758,
      "f1": 0.7408993576017131,
      "pre": 0.7972350230414746,
      "recall": 0.692,
      "auroc": 0.827696,
      "optimal_threshold": -0.011873230338096619,
      "tpr_at_fpr_0_01": 0.268,
      "fpr95": 0.704,
      "aupr": 0.8445378219783463
    },
    "layer_9": {
      "n_total": 500,
      "n_valid": 500,
      "n_val_total": 500,
      "n_val_valid": 500,
      "acc": 0.744,
      "f1": 0.7366255144032922,
      "pre": 0.7584745762711864,
      "recall": 0.716,
      "auroc": 0.8184480000000001,
      "optimal_threshold": -0.05283364653587341,
      "tpr_at_fpr_0_01": 0.3,
      "fpr95": 0.764,
      "aupr": 0.8400292676509019
    },
    "layer_10": {
      "n_total": 500,
      "n_valid": 500,
      "n_val_total": 500,
      "n_val_valid": 500,
      "acc": 0.758,
      "f1": 0.7613412228796844,
      "pre": 0.7509727626459144,
      "recall": 0.772,
      "auroc": 0.824624,
      "optimal_threshold": -0.10618573427200317,
      "tpr_at_fpr_0_01": 0.336,
      "fpr95": 0.736,
      "aupr": 0.851971380923317
    },
    "layer_11": {
      "n_total": 500,
      "n_valid": 500,
      "n_val_total": 500,
      "n_val_valid": 500,
      "acc": 0.772,
      "f1": 0.7644628099173554,
      "pre": 0.7905982905982906,
      "recall": 0.74,
      "auroc": 0.8651199999999999,
      "optimal_threshold": -0.11068199574947357,
      "tpr_at_fpr_0_01": 0.496,
      "fpr95": 0.696,
      "aupr": 0.890091256947572
    },
    "layer_12": {
      "n_total": 500,
      "n_valid": 500,
      "n_val_total": 500,
      "n_val_valid": 500,
      "acc": 0.78,
      "f1": 0.7465437788018433,
      "pre": 0.8804347826086957,
      "recall": 0.648,
      "auroc": 0.860064,
      "optimal_threshold": 0.10287600755691528,
      "tpr_at_fpr_0_01": 0.46,
      "fpr95": 0.724,
      "aupr": 0.8875895221114161
    },
    "layer_13": {
      "n_total": 500,
      "n_valid": 500,
      "n_val_total": 500,
      "n_val_valid": 500,
      "acc": 0.774,
      "f1": 0.7414187643020596,
      "pre": 0.8663101604278075,
      "recall": 0.648,
      "auroc": 0.847936,
      "optimal_threshold": 0.10811924934387207,
      "tpr_at_fpr_0_01": 0.452,
      "fpr95": 0.748,
      "aupr": 0.8766077589846395
    },
    "layer_14": {
      "n_total": 500,
      "n_valid": 500,
      "n_val_total": 500,
      "n_val_valid": 500,
      "acc": 0.778,
      "f1": 0.756043956043956,
      "pre": 0.8390243902439024,
      "recall": 0.688,
      "auroc": 0.837648,
      "optimal_threshold": 0.02613675594329834,
      "tpr_at_fpr_0_01": 0.46,
      "fpr95": 0.78,
      "aupr": 0.8704459101343813
    },
    "layer_15": {
      "n_total": 500,
      "n_valid": 500,
      "n_val_total": 500,
      "n_val_valid": 500,
      "acc": 0.766,
      "f1": 0.7462039045553145,
      "pre": 0.8151658767772512,
      "recall": 0.688,
      "auroc": 0.838624,
      "optimal_threshold": 0.0009902790188789368,
      "tpr_at_fpr_0_01": 0.416,
      "fpr95": 0.764,
      "aupr": 0.8725500277200026
    },
    "layer_16": {
      "n_total": 500,
      "n_valid": 500,
      "n_val_total": 500,
      "n_val_valid": 500,
      "acc": 0.77,
      "f1": 0.7392290249433107,
      "pre": 0.8534031413612565,
      "recall": 0.652,
      "auroc": 0.8340639999999999,
      "optimal_threshold": 0.10611593723297119,
      "tpr_at_fpr_0_01": 0.444,
      "fpr95": 0.792,
      "aupr": 0.8680670202633937
    },
    "layer_17": {
      "n_total": 500,
      "n_valid": 500,
      "n_val_total": 500,
      "n_val_valid": 500,
      "acc": 0.776,
      "f1": 0.7370892018779343,
      "pre": 0.8920454545454546,
      "recall": 0.628,
      "auroc": 0.8429759999999998,
      "optimal_threshold": 0.12383753061294556,
      "tpr_at_fpr_0_01": 0.484,
      "fpr95": 0.744,
      "aupr": 0.8767308094870647
    },
    "layer_18": {
      "n_total": 500,
      "n_valid": 500,
      "n_val_total": 500,
      "n_val_valid": 500,
      "acc": 0.776,
      "f1": 0.7358490566037735,
      "pre": 0.896551724137931,
      "recall": 0.624,
      "auroc": 0.8436480000000001,
      "optimal_threshold": 0.1891697645187378,
      "tpr_at_fpr_0_01": 0.476,
      "fpr95": 0.76,
      "aupr": 0.8773519224211198
    },
    "layer_19": {
      "n_total": 500,
      "n_valid": 500,
      "n_val_total": 500,
      "n_val_valid": 500,
      "acc": 0.784,
      "f1": 0.7440758293838863,
      "pre": 0.9127906976744186,
      "recall": 0.628,
      "auroc": 0.8537119999999999,
      "optimal_threshold": 0.14337338507175446,
      "tpr_at_fpr_0_01": 0.516,
      "fpr95": 0.712,
      "aupr": 0.8861455033422665
    },
    "layer_20": {
      "n_total": 500,
      "n_valid": 500,
      "n_val_total": 500,
      "n_val_valid": 500,
      "acc": 0.778,
      "f1": 0.7400468384074942,