{
  "args": {
    "model": "llama_8b",
    "dataset": "m4_multi",
    "mode": "last_token",
    "prefix": false,
    "smoke_test": false,
    "ood": false,
    "ood_set": "",
    "manifold": true,
    "pca_components": 50
  },
  "steering_domain": "m4_multi",
  "eval_domain": "m4_multi",
  "n_samples": 500,
  "n_layers": 33,
  "metrics_per_layer": {
    "layer_1": {
      "n_total": 500,
      "n_valid": 500,
      "n_val_total": 500,
      "n_val_valid": 500,
      "acc": 0.78,
      "f1": 0.7924528301886793,
      "pre": 0.75,
      "recall": 0.84,
      "auroc": 0.8176479999999999,
      "optimal_threshold": -0.011869601905345917,
      "tpr_at_fpr_0_01": 0.0,
      "fpr95": 0.46,
      "aupr": 0.7467497121739242
    },
    "layer_2": {
      "n_total": 500,
      "n_valid": 500,
      "n_val_total": 500,
      "n_val_valid": 500,
      "acc": 0.772,
      "f1": 0.7927272727272727,
      "pre": 0.7266666666666667,
      "recall": 0.872,
      "auroc": 0.855472,
      "optimal_threshold": -0.04791940003633499,
      "tpr_at_fpr_0_01": 0.204,
      "fpr95": 0.544,
      "aupr": 0.856265026609295
    },
    "layer_3": {
      "n_total": 500,
      "n_valid": 500,
      "n_val_total": 500,
      "n_val_valid": 500,
      "acc": 0.782,
      "f1": 0.7789046653144016,
      "pre": 0.7901234567901234,
      "recall": 0.768,
      "auroc": 0.853328,
      "optimal_threshold": 0.08558919280767441,
      "tpr_at_fpr_0_01": 0.26,
      "fpr95": 0.804,
      "aupr": 0.8660029975327642
    },
    "layer_4": {
      "n_total": 500,
      "n_valid": 500,
      "n_val_total": 500,
      "n_val_valid": 500,
      "acc": 0.794,
      "f1": 0.7876288659793814,
      "pre": 0.8127659574468085,
      "recall": 0.764,
      "auroc": 0.85992,
      "optimal_threshold": 0.1306682527065277,
      "tpr_at_fpr_0_01": 0.46,
      "fpr95": 0.8,
      "aupr": 0.8937463627784481
    },
    "layer_5": {
      "n_total": 500,
      "n_valid": 500,
      "n_val_total": 500,
      "n_val_valid": 500,
      "acc": 0.828,
      "f1": 0.8027522935779816,
      "pre": 0.9408602150537635,
      "recall": 0.7,
      "auroc": 0.8863840000000001,
      "optimal_threshold": 0.21499952673912048,
      "tpr_at_fpr_0_01": 0.564,
      "fpr95": 0.72,
      "aupr": 0.9146448646523253
    },
    "layer_6": {
      "n_total": 500,
      "n_valid": 500,
      "n_val_total": 500,
      "n_val_valid": 500,
      "acc": 0.834,
      "f1": 0.8109339407744874,
      "pre": 0.9417989417989417,
      "recall": 0.712,
      "auroc": 0.89592,
      "optimal_threshold": 0.23379208147525787,
      "tpr_at_fpr_0_01": 0.564,
      "fpr95": 0.624,
      "aupr": 0.9205239298844156
    },
    "layer_7": {
      "n_total": 500,
      "n_valid": 500,
      "n_val_total": 500,
      "n_val_valid": 500,
      "acc": 0.814,
      "f1": 0.7790973871733967,
      "pre": 0.9590643274853801,
      "recall": 0.656,
      "auroc": 0.89376,
      "optimal_threshold": 0.30557650327682495,
      "tpr_at_fpr_0_01": 0.572,
      "fpr95": 0.62,
      "aupr": 0.9188799438585945
    },
    "layer_8": {
      "n_total": 500,
      "n_valid": 500,
      "n_val_total": 500,
      "n_val_valid": 500,
      "acc": 0.816,
      "f1": 0.780952380952381,
      "pre": 0.9647058823529412,
      "recall": 0.656,
      "auroc": 0.8904000000000001,
      "optimal_threshold": 0.28684085607528687,
      "tpr_at_fpr_0_01": 0.584,
      "fpr95": 0.612,
      "aupr": 0.9165250023543687
    },
    "layer_9": {
      "n_total": 500,
      "n_valid": 500,
      "n_val_total": 500,
      "n_val_valid": 500,
      "acc": 0.808,
      "f1": 0.7692307692307693,
      "pre": 0.963855421686747,
      "recall": 0.64,
      "auroc": 0.8888800000000001,
      "optimal_threshold": 0.2737521827220917,
      "tpr_at_fpr_0_01": 0.592,
      "fpr95": 0.748,
      "aupr": 0.9179163049835702
    },
    "layer_10": {
      "n_total": 500,
      "n_valid": 500,
      "n_val_total": 500,
      "n_val_valid": 500,
      "acc": 0.834,
      "f1": 0.8167770419426048,
      "pre": 0.9113300492610837,
      "recall": 0.74,
      "auroc": 0.8933279999999999,
      "optimal_threshold": 0.08230102062225342,
      "tpr_at_fpr_0_01": 0.612,
      "fpr95": 0.724,
      "aupr": 0.9215230224904384
    },
    "layer_11": {
      "n_total": 500,
      "n_valid": 500,
      "n_val_total": 500,
      "n_val_valid": 500,
      "acc": 0.852,
      "f1": 0.8355555555555556,
      "pre": 0.94,
      "recall": 0.752,
      "auroc": 0.8989440000000001,
      "optimal_threshold": 0.09814530611038208,
      "tpr_at_fpr_0_01": 0.684,
      "fpr95": 0.772,
      "aupr": 0.9282904516084562
    },
    "layer_12": {
      "n_total": 500,
      "n_valid": 500,
      "n_val_total": 500,
      "n_val_valid": 500,
      "acc": 0.842,
      "f1": 0.8263736263736263,
      "pre": 0.9170731707317074,
      "recall": 0.752,
      "auroc": 0.8934880000000001,
      "optimal_threshold": 0.04321688413619995,
      "tpr_at_fpr_0_01": 0.628,
      "fpr95": 0.76,
      "aupr": 0.9230597914588645
    },
    "layer_13": {
      "n_total": 500,
      "n_valid": 500,
      "n_val_total": 500,
      "n_val_valid": 500,
      "acc": 0.848,
      "f1": 0.8311111111111111,
      "pre": 0.935,
      "recall": 0.748,
      "auroc": 0.899296,
      "optimal_threshold": 0.14991658926010132,
      "tpr_at_fpr_0_01": 0.656,
      "fpr95": 0.764,
      "aupr": 0.9273867076296298
    },
    "layer_14": {
      "n_total": 500,
      "n_valid": 500,
      "n_val_total": 500,
      "n_val_valid": 500,
      "acc": 0.844,
      "f1": 0.8235294117647058,
      "pre": 0.9479166666666666,
      "recall": 0.728,
      "auroc": 0.9052159999999999,
      "optimal_threshold": 0.22236165404319763,
      "tpr_at_fpr_0_01": 0.672,
      "fpr95": 0.7,
      "aupr": 0.9306547433449412
    },
    "layer_15": {
      "n_total": 500,
      "n_valid": 500,
      "n_val_total": 500,
      "n_val_valid": 500,
      "acc": 0.834,
      "f1": 0.8207343412526998,
      "pre": 0.892018779342723,
      "recall": 0.76,
      "auroc": 0.9166719999999999,
      "optimal_threshold": 0.06709608435630798,
      "tpr_at_fpr_0_01": 0.664,
      "fpr95": 0.576,
      "aupr": 0.9359421917020057
    },
    "layer_16": {
      "n_total": 500,
      "n_valid": 500,
      "n_val_total": 500,
      "n_val_valid": 500,
      "acc": 0.842,
      "f1": 0.8278867102396514,
      "pre": 0.9090909090909091,
      "recall": 0.76,
      "auroc": 0.917824,
      "optimal_threshold": 0.19602951407432556,
      "tpr_at_fpr_0_01": 0.68,
      "fpr95": 0.616,
      "aupr": 0.9370845257896853
    },
    "layer_17": {
      "n_total": 500,
      "n_valid": 500,
      "n_val_total": 500,
      "n_val_valid": 500,
      "acc": 0.852,
      "f1": 0.8405172413793104,
      "pre": 0.9112149532710281,
      "recall": 0.78,
      "auroc": 0.917264,
      "optimal_threshold": 0.17496038973331451,
      "tpr_at_fpr_0_01": 0.712,
      "fpr95": 0.532,
      "aupr": 0.9381434940428492
    },
    "layer_18": {
      "n_total": 500,
      "n_valid": 500,
      "n_val_total": 500,
      "n_val_valid": 500,
      "acc": 0.862,
      "f1": 0.8535031847133758,
      "pre": 0.9095022624434389,
      "recall": 0.804,
      "auroc": 0.9347039999999999,
      "optimal_threshold": 0.1821017563343048,
      "tpr_at_fpr_0_01": 0.672,
      "fpr95": 0.436,
      "aupr": 0.9478510970182794
    },
    "layer_19": {
      "n_total": 500,
      "n_valid": 500,
      "n_val_total": 500,
      "n_val_valid": 500,
      "acc": 0.874,
      "f1": 0.8609271523178808,
      "pre": 0.9605911330049262,
      "recall": 0.78,
      "auroc": 0.940208,
      "optimal_threshold": 0.6792339086532593,
      "tpr_at_fpr_0_01": 0.668,
      "fpr95": 0.388,
      "aupr": 0.9513996760042521
    },
    "layer_20": {
      "n_total": 500,
      "n_valid": 500,
      "n_val_total": 500,
      "n_val_valid": 500,
      "acc": 0.874,
      "f1": 0.8627450980392157,
      "pre": 0.9473684210526315,
      "recall": 0.792,