{
  "args": {
    "model": "llama_8b",
    "dataset": "multisocial_full",
    "mode": "last_token",
    "prefix": false,
    "smoke_test": false,
    "ood": false,
    "ood_set": "",
    "manifold": true,
    "pca_components": 50
  },
  "steering_domain": "multisocial_full",
  "eval_domain": "multisocial_full",
  "n_samples": 500,
  "n_layers": 33,
  "metrics_per_layer": {
    "layer_1": {
      "n_total": 500,
      "n_valid": 500,
      "n_val_total": 500,
      "n_val_valid": 500,
      "acc": 0.692,
      "f1": 0.6577777777777778,
      "pre": 0.74,
      "recall": 0.592,
      "auroc": 0.742856,
      "optimal_threshold": -0.03486236184835434,
      "tpr_at_fpr_0_01": 0.0,
      "fpr95": 0.868,
      "aupr": 0.7581896984887079
    },
    "layer_2": {
      "n_total": 500,
      "n_valid": 500,
      "n_val_total": 500,
      "n_val_valid": 500,
      "acc": 0.706,
      "f1": 0.6892177589852009,
      "pre": 0.7309417040358744,
      "recall": 0.652,
      "auroc": 0.775744,
      "optimal_threshold": -0.07874816656112671,
      "tpr_at_fpr_0_01": 0.04,
      "fpr95": 0.78,
      "aupr": 0.7836471725254569
    },
    "layer_3": {
      "n_total": 500,
      "n_valid": 500,
      "n_val_total": 500,
      "n_val_valid": 500,
      "acc": 0.702,
      "f1": 0.7049504950495049,
      "pre": 0.6980392156862745,
      "recall": 0.712,
      "auroc": 0.794672,
      "optimal_threshold": -0.12599949538707733,
      "tpr_at_fpr_0_01": 0.216,
      "fpr95": 0.644,
      "aupr": 0.8085610980905367
    },
    "layer_4": {
      "n_total": 500,
      "n_valid": 500,
      "n_val_total": 500,
      "n_val_valid": 500,
      "acc": 0.708,
      "f1": 0.6798245614035088,
      "pre": 0.7524271844660194,
      "recall": 0.62,
      "auroc": 0.805056,
      "optimal_threshold": -0.10480159521102905,
      "tpr_at_fpr_0_01": 0.216,
      "fpr95": 0.676,
      "aupr": 0.8234649829123633
    },
    "layer_5": {
      "n_total": 500,
      "n_valid": 500,
      "n_val_total": 500,
      "n_val_valid": 500,
      "acc": 0.736,
      "f1": 0.7509433962264151,
      "pre": 0.7107142857142857,
      "recall": 0.796,
      "auroc": 0.8244319999999999,
      "optimal_threshold": -0.26274752616882324,
      "tpr_at_fpr_0_01": 0.24,
      "fpr95": 0.56,
      "aupr": 0.8347395903666909
    },
    "layer_6": {
      "n_total": 500,
      "n_valid": 500,
      "n_val_total": 500,
      "n_val_valid": 500,
      "acc": 0.758,
      "f1": 0.768642447418738,
      "pre": 0.7362637362637363,
      "recall": 0.804,
      "auroc": 0.833216,
      "optimal_threshold": -0.26052242517471313,
      "tpr_at_fpr_0_01": 0.204,
      "fpr95": 0.576,
      "aupr": 0.8419294814638849
    },
    "layer_7": {
      "n_total": 500,
      "n_valid": 500,
      "n_val_total": 500,
      "n_val_valid": 500,
      "acc": 0.746,
      "f1": 0.75049115913556,
      "pre": 0.7374517374517374,
      "recall": 0.764,
      "auroc": 0.836144,
      "optimal_threshold": -0.2916930019855499,
      "tpr_at_fpr_0_01": 0.156,
      "fpr95": 0.512,
      "aupr": 0.8370158617319662
    },
    "layer_8": {
      "n_total": 500,
      "n_valid": 500,
      "n_val_total": 500,
      "n_val_valid": 500,
      "acc": 0.76,
      "f1": 0.7665369649805448,
      "pre": 0.7462121212121212,
      "recall": 0.788,
      "auroc": 0.8491999999999998,
      "optimal_threshold": -0.26662972569465637,
      "tpr_at_fpr_0_01": 0.224,
      "fpr95": 0.548,
      "aupr": 0.8546016568149506
    },
    "layer_9": {
      "n_total": 500,
      "n_valid": 500,
      "n_val_total": 500,
      "n_val_valid": 500,
      "acc": 0.756,
      "f1": 0.7550200803212851,
      "pre": 0.7580645161290323,
      "recall": 0.752,
      "auroc": 0.850704,
      "optimal_threshold": -0.16217291355133057,
      "tpr_at_fpr_0_01": 0.252,
      "fpr95": 0.544,
      "aupr": 0.8586131117440199
    },
    "layer_10": {
      "n_total": 500,
      "n_valid": 500,
      "n_val_total": 500,
      "n_val_valid": 500,
      "acc": 0.764,
      "f1": 0.7781954887218046,
      "pre": 0.7340425531914894,
      "recall": 0.828,
      "auroc": 0.8527199999999999,
      "optimal_threshold": -0.30698108673095703,
      "tpr_at_fpr_0_01": 0.264,
      "fpr95": 0.576,
      "aupr": 0.8586440463533092
    },
    "layer_11": {
      "n_total": 500,
      "n_valid": 500,
      "n_val_total": 500,
      "n_val_valid": 500,
      "acc": 0.764,
      "f1": 0.7806691449814126,
      "pre": 0.7291666666666666,
      "recall": 0.84,
      "auroc": 0.8573120000000001,
      "optimal_threshold": -0.3477843701839447,
      "tpr_at_fpr_0_01": 0.228,
      "fpr95": 0.552,
      "aupr": 0.8645467883581168
    },
    "layer_12": {
      "n_total": 500,
      "n_valid": 500,
      "n_val_total": 500,
      "n_val_valid": 500,
      "acc": 0.768,
      "f1": 0.7859778597785978,
      "pre": 0.7294520547945206,
      "recall": 0.852,
      "auroc": 0.857264,
      "optimal_threshold": -0.38651683926582336,
      "tpr_at_fpr_0_01": 0.24,
      "fpr95": 0.536,
      "aupr": 0.8645863016880287
    },
    "layer_13": {
      "n_total": 500,
      "n_valid": 500,
      "n_val_total": 500,
      "n_val_valid": 500,
      "acc": 0.776,
      "f1": 0.78125,
      "pre": 0.7633587786259542,
      "recall": 0.8,
      "auroc": 0.855552,
      "optimal_threshold": -0.26658380031585693,
      "tpr_at_fpr_0_01": 0.268,
      "fpr95": 0.556,
      "aupr": 0.8642950057226417
    },
    "layer_14": {
      "n_total": 500,
      "n_valid": 500,
      "n_val_total": 500,
      "n_val_valid": 500,
      "acc": 0.768,
      "f1": 0.7552742616033755,
      "pre": 0.7991071428571429,
      "recall": 0.716,
      "auroc": 0.8439840000000001,
      "optimal_threshold": -0.06862950325012207,
      "tpr_at_fpr_0_01": 0.256,
      "fpr95": 0.588,
      "aupr": 0.8529138169015975
    },
    "layer_15": {
      "n_total": 500,
      "n_valid": 500,
      "n_val_total": 500,
      "n_val_valid": 500,
      "acc": 0.792,
      "f1": 0.7928286852589641,
      "pre": 0.7896825396825397,
      "recall": 0.796,
      "auroc": 0.862864,
      "optimal_threshold": -0.2531244158744812,
      "tpr_at_fpr_0_01": 0.288,
      "fpr95": 0.564,
      "aupr": 0.8700717175047218
    },
    "layer_16": {
      "n_total": 500,
      "n_valid": 500,
      "n_val_total": 500,
      "n_val_valid": 500,
      "acc": 0.774,
      "f1": 0.769857433808554,
      "pre": 0.7842323651452282,
      "recall": 0.756,
      "auroc": 0.85768,
      "optimal_threshold": -0.24460047483444214,
      "tpr_at_fpr_0_01": 0.276,
      "fpr95": 0.608,
      "aupr": 0.8655854092865496
    },
    "layer_17": {
      "n_total": 500,
      "n_valid": 500,
      "n_val_total": 500,
      "n_val_valid": 500,
      "acc": 0.786,
      "f1": 0.7906066536203522,
      "pre": 0.7739463601532567,
      "recall": 0.808,
      "auroc": 0.8600639999999999,
      "optimal_threshold": -0.4673386812210083,
      "tpr_at_fpr_0_01": 0.292,
      "fpr95": 0.588,
      "aupr": 0.8669379336681611
    },
    "layer_18": {
      "n_total": 500,
      "n_valid": 500,
      "n_val_total": 500,
      "n_val_valid": 500,
      "acc": 0.78,
      "f1": 0.7679324894514767,
      "pre": 0.8125,
      "recall": 0.728,
      "auroc": 0.8607679999999999,
      "optimal_threshold": -0.2534373998641968,
      "tpr_at_fpr_0_01": 0.256,
      "fpr95": 0.532,
      "aupr": 0.8655713756662307
    },
    "layer_19": {
      "n_total": 500,
      "n_valid": 500,
      "n_val_total": 500,
      "n_val_valid": 500,
      "acc": 0.786,
      "f1": 0.7756813417190775,
      "pre": 0.8149779735682819,
      "recall": 0.74,
      "auroc": 0.8653279999999999,
      "optimal_threshold": -0.3611760139465332,
      "tpr_at_fpr_0_01": 0.316,
      "fpr95": 0.544,
      "aupr": 0.8696659724272657
    },
    "layer_20": {
      "n_total": 500,
      "n_valid": 500,
      "n_val_total": 500,
      "n_val_valid": 500,
      "acc": 0.766,
      "f1": 0.7473002159827213,
      "pre": 0.812206572769953,