{
  "args": {
    "model": "llama_8b",
    "dataset": "multisocial_full",
    "mode": "last_token",
    "prefix": false,
    "smoke_test": false,
    "ood": false,
    "ood_set": "",
    "manifold": false,
    "pca_components": 0
  },
  "steering_domain": "multisocial_full",
  "eval_domain": "multisocial_full",
  "n_samples": 500,
  "n_layers": 33,
  "metrics_per_layer": {
    "layer_1": {
      "n_total": 500,
      "n_valid": 500,
      "n_val_total": 500,
      "n_val_valid": 500,
      "acc": 0.648,
      "f1": 0.6955017301038062,
      "pre": 0.6128048780487805,
      "recall": 0.804,
      "auroc": 0.7509839999999999,
      "optimal_threshold": -0.011163393966853619,
      "tpr_at_fpr_0_01": 0.0,
      "fpr95": 0.836,
      "aupr": 0.7620429331430782
    },
    "layer_2": {
      "n_total": 500,
      "n_valid": 500,
      "n_val_total": 500,
      "n_val_valid": 500,
      "acc": 0.706,
      "f1": 0.6892177589852009,
      "pre": 0.7309417040358744,
      "recall": 0.652,
      "auroc": 0.7819679999999999,
      "optimal_threshold": -0.030001072213053703,
      "tpr_at_fpr_0_01": 0.06,
      "fpr95": 0.788,
      "aupr": 0.788324273988933
    },
    "layer_3": {
      "n_total": 500,
      "n_valid": 500,
      "n_val_total": 500,
      "n_val_valid": 500,
      "acc": 0.718,
      "f1": 0.7240704500978473,
      "pre": 0.7088122605363985,
      "recall": 0.74,
      "auroc": 0.7987199999999999,
      "optimal_threshold": -0.023328296840190887,
      "tpr_at_fpr_0_01": 0.216,
      "fpr95": 0.644,
      "aupr": 0.810320425557042
    },
    "layer_4": {
      "n_total": 500,
      "n_valid": 500,
      "n_val_total": 500,
      "n_val_valid": 500,
      "acc": 0.726,
      "f1": 0.7339805825242719,
      "pre": 0.7132075471698113,
      "recall": 0.756,
      "auroc": 0.808592,
      "optimal_threshold": 0.060517240315675735,
      "tpr_at_fpr_0_01": 0.248,
      "fpr95": 0.64,
      "aupr": 0.8266753346326523
    },
    "layer_5": {
      "n_total": 500,
      "n_valid": 500,
      "n_val_total": 500,
      "n_val_valid": 500,
      "acc": 0.738,
      "f1": 0.7395626242544732,
      "pre": 0.7351778656126482,
      "recall": 0.744,
      "auroc": 0.829312,
      "optimal_threshold": -0.01534215360879898,
      "tpr_at_fpr_0_01": 0.244,
      "fpr95": 0.508,
      "aupr": 0.8391390805124832
    },
    "layer_6": {
      "n_total": 500,
      "n_valid": 500,
      "n_val_total": 500,
      "n_val_valid": 500,
      "acc": 0.748,
      "f1": 0.75,
      "pre": 0.7440944881889764,
      "recall": 0.756,
      "auroc": 0.8361759999999998,
      "optimal_threshold": 0.02704758197069168,
      "tpr_at_fpr_0_01": 0.24,
      "fpr95": 0.544,
      "aupr": 0.8445457671090424
    },
    "layer_7": {
      "n_total": 500,
      "n_valid": 500,
      "n_val_total": 500,
      "n_val_valid": 500,
      "acc": 0.754,
      "f1": 0.7657142857142857,
      "pre": 0.730909090909091,
      "recall": 0.804,
      "auroc": 0.8399359999999998,
      "optimal_threshold": -0.0403050035238266,
      "tpr_at_fpr_0_01": 0.156,
      "fpr95": 0.512,
      "aupr": 0.8417709681754053
    },
    "layer_8": {
      "n_total": 500,
      "n_valid": 500,
      "n_val_total": 500,
      "n_val_valid": 500,
      "acc": 0.754,
      "f1": 0.7388535031847133,
      "pre": 0.7873303167420814,
      "recall": 0.696,
      "auroc": 0.852688,
      "optimal_threshold": 0.007003463804721832,
      "tpr_at_fpr_0_01": 0.256,
      "fpr95": 0.508,
      "aupr": 0.858505602233616
    },
    "layer_9": {
      "n_total": 500,
      "n_valid": 500,
      "n_val_total": 500,
      "n_val_valid": 500,
      "acc": 0.766,
      "f1": 0.7617107942973523,
      "pre": 0.7759336099585062,
      "recall": 0.748,
      "auroc": 0.8548319999999999,
      "optimal_threshold": -0.026058852672576904,
      "tpr_at_fpr_0_01": 0.252,
      "fpr95": 0.532,
      "aupr": 0.862038020305725
    },
    "layer_10": {
      "n_total": 500,
      "n_valid": 500,
      "n_val_total": 500,
      "n_val_valid": 500,
      "acc": 0.764,
      "f1": 0.7790262172284644,
      "pre": 0.7323943661971831,
      "recall": 0.832,
      "auroc": 0.8569599999999999,
      "optimal_threshold": -0.09524177014827728,
      "tpr_at_fpr_0_01": 0.272,
      "fpr95": 0.544,
      "aupr": 0.8621634629520609
    },
    "layer_11": {
      "n_total": 500,
      "n_valid": 500,
      "n_val_total": 500,
      "n_val_valid": 500,
      "acc": 0.764,
      "f1": 0.7846715328467153,
      "pre": 0.7214765100671141,
      "recall": 0.86,
      "auroc": 0.8613599999999999,
      "optimal_threshold": -0.1528443843126297,
      "tpr_at_fpr_0_01": 0.228,
      "fpr95": 0.56,
      "aupr": 0.8681361194202608
    },
    "layer_12": {
      "n_total": 500,
      "n_valid": 500,
      "n_val_total": 500,
      "n_val_valid": 500,
      "acc": 0.778,
      "f1": 0.7793240556660039,
      "pre": 0.7747035573122529,
      "recall": 0.784,
      "auroc": 0.8607520000000001,
      "optimal_threshold": 0.09954112023115158,
      "tpr_at_fpr_0_01": 0.248,
      "fpr95": 0.532,
      "aupr": 0.8672436777308079
    },
    "layer_13": {
      "n_total": 500,
      "n_valid": 500,
      "n_val_total": 500,
      "n_val_valid": 500,
      "acc": 0.784,
      "f1": 0.782258064516129,
      "pre": 0.7886178861788617,
      "recall": 0.776,
      "auroc": 0.859728,
      "optimal_threshold": 0.05737684667110443,
      "tpr_at_fpr_0_01": 0.284,
      "fpr95": 0.536,
      "aupr": 0.8680472123811782
    },
    "layer_14": {
      "n_total": 500,
      "n_valid": 500,
      "n_val_total": 500,
      "n_val_valid": 500,
      "acc": 0.774,
      "f1": 0.769857433808554,
      "pre": 0.7842323651452282,
      "recall": 0.756,
      "auroc": 0.8486720000000001,
      "optimal_threshold": 0.351668119430542,
      "tpr_at_fpr_0_01": 0.276,
      "fpr95": 0.576,
      "aupr": 0.8570434604653063
    },
    "layer_15": {
      "n_total": 500,
      "n_valid": 500,
      "n_val_total": 500,
      "n_val_valid": 500,
      "acc": 0.794,
      "f1": 0.7952286282306164,
      "pre": 0.7905138339920948,
      "recall": 0.8,
      "auroc": 0.867312,
      "optimal_threshold": -0.07184958457946777,
      "tpr_at_fpr_0_01": 0.284,
      "fpr95": 0.536,
      "aupr": 0.8735528886720688
    },
    "layer_16": {
      "n_total": 500,
      "n_valid": 500,
      "n_val_total": 500,
      "n_val_valid": 500,
      "acc": 0.778,
      "f1": 0.7748478701825557,
      "pre": 0.7860082304526749,
      "recall": 0.764,
      "auroc": 0.862624,
      "optimal_threshold": 0.19953401386737823,
      "tpr_at_fpr_0_01": 0.296,
      "fpr95": 0.58,
      "aupr": 0.8692275648690467
    },
    "layer_17": {
      "n_total": 500,
      "n_valid": 500,
      "n_val_total": 500,
      "n_val_valid": 500,
      "acc": 0.788,
      "f1": 0.79296875,
      "pre": 0.7748091603053435,
      "recall": 0.812,
      "auroc": 0.8642560000000001,
      "optimal_threshold": 0.15068969130516052,
      "tpr_at_fpr_0_01": 0.308,
      "fpr95": 0.548,
      "aupr": 0.8699159120636324
    },
    "layer_18": {
      "n_total": 500,
      "n_valid": 500,
      "n_val_total": 500,
      "n_val_valid": 500,
      "acc": 0.784,
      "f1": 0.7768595041322314,
      "pre": 0.8034188034188035,
      "recall": 0.752,
      "auroc": 0.8646879999999999,
      "optimal_threshold": 0.2595576047897339,
      "tpr_at_fpr_0_01": 0.288,
      "fpr95": 0.54,
      "aupr": 0.8690659808785635
    },
    "layer_19": {
      "n_total": 500,
      "n_valid": 500,
      "n_val_total": 500,
      "n_val_valid": 500,
      "acc": 0.784,
      "f1": 0.7804878048780488,
      "pre": 0.7933884297520661,
      "recall": 0.768,
      "auroc": 0.8697759999999999,
      "optimal_threshold": 0.2944854497909546,
      "tpr_at_fpr_0_01": 0.32,
      "fpr95": 0.548,
      "aupr": 0.8728383411654134
    },
    "layer_20": {
      "n_total": 500,
      "n_valid": 500,
      "n_val_total": 500,
      "n_val_valid": 500,
      "acc": 0.778,