{
  "args": {
    "model": "llama_8b",
    "dataset": "drl_t1_perturbation",
    "mode": "last_token",
    "prefix": false,
    "smoke_test": false,
    "ood": false,
    "ood_set": "",
    "manifold": true,
    "pca_components": 10
  },
  "steering_domain": "drl_t1_perturbation",
  "eval_domain": "drl_t1_perturbation",
  "n_samples": 500,
  "n_layers": 33,
  "metrics_per_layer": {
    "layer_1": {
      "n_total": 500,
      "n_valid": 500,
      "n_val_total": 500,
      "n_val_valid": 500,
      "acc": 0.62,
      "f1": 0.7155688622754491,
      "pre": 0.5717703349282297,
      "recall": 0.956,
      "auroc": 0.621696,
      "optimal_threshold": 0.04494214430451393,
      "tpr_at_fpr_0_01": 0.0,
      "fpr95": 0.716,
      "aupr": 0.5705028011780887
    },
    "layer_2": {
      "n_total": 500,
      "n_valid": 500,
      "n_val_total": 500,
      "n_val_valid": 500,
      "acc": 0.734,
      "f1": 0.7495291902071564,
      "pre": 0.708185053380783,
      "recall": 0.796,
      "auroc": 0.8083199999999999,
      "optimal_threshold": 0.03677372634410858,
      "tpr_at_fpr_0_01": 0.092,
      "fpr95": 0.592,
      "aupr": 0.7883422055748688
    },
    "layer_3": {
      "n_total": 500,
      "n_valid": 500,
      "n_val_total": 500,
      "n_val_valid": 500,
      "acc": 0.758,
      "f1": 0.7641325536062378,
      "pre": 0.7452471482889734,
      "recall": 0.784,
      "auroc": 0.8306079999999999,
      "optimal_threshold": 0.039676785469055176,
      "tpr_at_fpr_0_01": 0.144,
      "fpr95": 0.616,
      "aupr": 0.8333065391146596
    },
    "layer_4": {
      "n_total": 500,
      "n_valid": 500,
      "n_val_total": 500,
      "n_val_valid": 500,
      "acc": 0.788,
      "f1": 0.7725321888412017,
      "pre": 0.8333333333333334,
      "recall": 0.72,
      "auroc": 0.88176,
      "optimal_threshold": 0.11896828562021255,
      "tpr_at_fpr_0_01": 0.304,
      "fpr95": 0.476,
      "aupr": 0.8938364117136215
    },
    "layer_5": {
      "n_total": 500,
      "n_valid": 500,
      "n_val_total": 500,
      "n_val_valid": 500,
      "acc": 0.888,
      "f1": 0.8833333333333333,
      "pre": 0.9217391304347826,
      "recall": 0.848,
      "auroc": 0.945616,
      "optimal_threshold": 0.0475347638130188,
      "tpr_at_fpr_0_01": 0.732,
      "fpr95": 0.408,
      "aupr": 0.9580787454305464
    },
    "layer_6": {
      "n_total": 500,
      "n_valid": 500,
      "n_val_total": 500,
      "n_val_valid": 500,
      "acc": 0.898,
      "f1": 0.8957055214723927,
      "pre": 0.9163179916317992,
      "recall": 0.876,
      "auroc": 0.961904,
      "optimal_threshold": -0.00277701485902071,
      "tpr_at_fpr_0_01": 0.78,
      "fpr95": 0.264,
      "aupr": 0.9698858200259274
    },
    "layer_7": {
      "n_total": 500,
      "n_valid": 500,
      "n_val_total": 500,
      "n_val_valid": 500,
      "acc": 0.888,
      "f1": 0.8893280632411067,
      "pre": 0.87890625,
      "recall": 0.9,
      "auroc": 0.96096,
      "optimal_threshold": -0.08233892917633057,
      "tpr_at_fpr_0_01": 0.78,
      "fpr95": 0.3,
      "aupr": 0.9690831317068591
    },
    "layer_8": {
      "n_total": 500,
      "n_valid": 500,
      "n_val_total": 500,
      "n_val_valid": 500,
      "acc": 0.874,
      "f1": 0.8727272727272727,
      "pre": 0.8816326530612245,
      "recall": 0.864,
      "auroc": 0.951968,
      "optimal_threshold": -0.04874563217163086,
      "tpr_at_fpr_0_01": 0.712,
      "fpr95": 0.344,
      "aupr": 0.9604931186312249
    },
    "layer_9": {
      "n_total": 500,
      "n_valid": 500,
      "n_val_total": 500,
      "n_val_valid": 500,
      "acc": 0.884,
      "f1": 0.8806584362139918,
      "pre": 0.9067796610169492,
      "recall": 0.856,
      "auroc": 0.952352,
      "optimal_threshold": -0.07461082935333252,
      "tpr_at_fpr_0_01": 0.764,
      "fpr95": 0.332,
      "aupr": 0.9616090072031003
    },
    "layer_10": {
      "n_total": 500,
      "n_valid": 500,
      "n_val_total": 500,
      "n_val_valid": 500,
      "acc": 0.886,
      "f1": 0.8905950095969289,
      "pre": 0.8560885608856088,
      "recall": 0.928,
      "auroc": 0.9615999999999999,
      "optimal_threshold": -0.2746979892253876,
      "tpr_at_fpr_0_01": 0.724,
      "fpr95": 0.252,
      "aupr": 0.9685987219071315
    },
    "layer_11": {
      "n_total": 500,
      "n_valid": 500,
      "n_val_total": 500,
      "n_val_valid": 500,
      "acc": 0.922,
      "f1": 0.919917864476386,
      "pre": 0.9451476793248945,
      "recall": 0.896,
      "auroc": 0.979584,
      "optimal_threshold": -0.14847931265830994,
      "tpr_at_fpr_0_01": 0.864,
      "fpr95": 0.132,
      "aupr": 0.9831731661146879
    },
    "layer_12": {
      "n_total": 500,
      "n_valid": 500,
      "n_val_total": 500,
      "n_val_valid": 500,
      "acc": 0.906,
      "f1": 0.9034907597535934,
      "pre": 0.9282700421940928,
      "recall": 0.88,
      "auroc": 0.9726239999999999,
      "optimal_threshold": -0.14466696977615356,
      "tpr_at_fpr_0_01": 0.82,
      "fpr95": 0.204,
      "aupr": 0.9773824461222806
    },
    "layer_13": {
      "n_total": 500,
      "n_valid": 500,
      "n_val_total": 500,
      "n_val_valid": 500,
      "acc": 0.9,
      "f1": 0.8979591836734694,
      "pre": 0.9166666666666666,
      "recall": 0.88,
      "auroc": 0.973344,
      "optimal_threshold": -0.13605135679244995,
      "tpr_at_fpr_0_01": 0.832,
      "fpr95": 0.18,
      "aupr": 0.9776627018561355
    },
    "layer_14": {
      "n_total": 500,
      "n_valid": 500,
      "n_val_total": 500,
      "n_val_valid": 500,
      "acc": 0.886,
      "f1": 0.8805031446540881,
      "pre": 0.9251101321585903,
      "recall": 0.84,
      "auroc": 0.962192,
      "optimal_threshold": -0.023025691509246826,
      "tpr_at_fpr_0_01": 0.768,
      "fpr95": 0.28,
      "aupr": 0.9679088907187219
    },
    "layer_15": {
      "n_total": 500,
      "n_valid": 500,
      "n_val_total": 500,
      "n_val_valid": 500,
      "acc": 0.894,
      "f1": 0.8893528183716075,
      "pre": 0.9301310043668122,
      "recall": 0.852,
      "auroc": 0.963456,
      "optimal_threshold": -0.08623719215393066,
      "tpr_at_fpr_0_01": 0.804,
      "fpr95": 0.252,
      "aupr": 0.9697271648125404
    },
    "layer_16": {
      "n_total": 500,
      "n_valid": 500,
      "n_val_total": 500,
      "n_val_valid": 500,
      "acc": 0.9,
      "f1": 0.8936170212765957,
      "pre": 0.9545454545454546,
      "recall": 0.84,
      "auroc": 0.959248,
      "optimal_threshold": 0.01048135757446289,
      "tpr_at_fpr_0_01": 0.8,
      "fpr95": 0.324,
      "aupr": 0.9677096754478884
    },
    "layer_17": {
      "n_total": 500,
      "n_valid": 500,
      "n_val_total": 500,
      "n_val_valid": 500,
      "acc": 0.914,
      "f1": 0.9079229122055674,
      "pre": 0.9769585253456221,
      "recall": 0.848,
      "auroc": 0.968848,
      "optimal_threshold": 0.07633700966835022,
      "tpr_at_fpr_0_01": 0.82,
      "fpr95": 0.208,
      "aupr": 0.9760653554955793
    },
    "layer_18": {
      "n_total": 500,
      "n_valid": 500,
      "n_val_total": 500,
      "n_val_valid": 500,
      "acc": 0.896,
      "f1": 0.8947368421052632,
      "pre": 0.9057377049180327,
      "recall": 0.884,
      "auroc": 0.959424,
      "optimal_threshold": -0.22156274318695068,
      "tpr_at_fpr_0_01": 0.792,
      "fpr95": 0.348,
      "aupr": 0.9687054339889204
    },
    "layer_19": {
      "n_total": 500,
      "n_valid": 500,
      "n_val_total": 500,
      "n_val_valid": 500,
      "acc": 0.934,
      "f1": 0.9311064718162839,
      "pre": 0.9737991266375546,
      "recall": 0.892,
      "auroc": 0.971776,
      "optimal_threshold": 0.19931671023368835,
      "tpr_at_fpr_0_01": 0.848,
      "fpr95": 0.244,
      "aupr": 0.9783101555549707
    },
    "layer_20": {
      "n_total": 500,
      "n_valid": 500,
      "n_val_total": 500,
      "n_val_valid": 500,
      "acc": 0.918,
      "f1": 0.9154639175257732,
      "pre": 0.9446808510638298,