{
  "args": {
    "model": "llama_8b",
    "dataset": "drl_t1_paraphrase",
    "mode": "last_token",
    "prefix": false,
    "smoke_test": false,
    "ood": false,
    "ood_set": "",
    "manifold": false,
    "pca_components": 0
  },
  "steering_domain": "drl_t1_paraphrase",
  "eval_domain": "drl_t1_paraphrase",
  "n_samples": 500,
  "n_layers": 33,
  "metrics_per_layer": {
    "layer_1": {
      "n_total": 500,
      "n_valid": 500,
      "n_val_total": 500,
      "n_val_valid": 500,
      "acc": 0.628,
      "f1": 0.7232142857142857,
      "pre": 0.5758293838862559,
      "recall": 0.972,
      "auroc": 0.627432,
      "optimal_threshold": 0.1863904446363449,
      "tpr_at_fpr_0_01": 0.0,
      "fpr95": 0.716,
      "aupr": 0.5744123394991965
    },
    "layer_2": {
      "n_total": 500,
      "n_valid": 500,
      "n_val_total": 500,
      "n_val_valid": 500,
      "acc": 0.786,
      "f1": 0.7922330097087379,
      "pre": 0.769811320754717,
      "recall": 0.816,
      "auroc": 0.868624,
      "optimal_threshold": 0.15724916756153107,
      "tpr_at_fpr_0_01": 0.124,
      "fpr95": 0.604,
      "aupr": 0.8695777568088576
    },
    "layer_3": {
      "n_total": 500,
      "n_valid": 500,
      "n_val_total": 500,
      "n_val_valid": 500,
      "acc": 0.83,
      "f1": 0.8240165631469979,
      "pre": 0.8540772532188842,
      "recall": 0.796,
      "auroc": 0.899264,
      "optimal_threshold": 0.29364466667175293,
      "tpr_at_fpr_0_01": 0.42,
      "fpr95": 0.6,
      "aupr": 0.915310694313425
    },
    "layer_4": {
      "n_total": 500,
      "n_valid": 500,
      "n_val_total": 500,
      "n_val_valid": 500,
      "acc": 0.846,
      "f1": 0.8425357873210634,
      "pre": 0.8619246861924686,
      "recall": 0.824,
      "auroc": 0.930448,
      "optimal_threshold": 0.4727703332901001,
      "tpr_at_fpr_0_01": 0.608,
      "fpr95": 0.432,
      "aupr": 0.9431118739799899
    },
    "layer_5": {
      "n_total": 500,
      "n_valid": 500,
      "n_val_total": 500,
      "n_val_valid": 500,
      "acc": 0.92,
      "f1": 0.9180327868852459,
      "pre": 0.9411764705882353,
      "recall": 0.896,
      "auroc": 0.963216,
      "optimal_threshold": 0.49340200424194336,
      "tpr_at_fpr_0_01": 0.796,
      "fpr95": 0.316,
      "aupr": 0.971837536971616
    },
    "layer_6": {
      "n_total": 500,
      "n_valid": 500,
      "n_val_total": 500,
      "n_val_valid": 500,
      "acc": 0.918,
      "f1": 0.9164969450101833,
      "pre": 0.9336099585062241,
      "recall": 0.9,
      "auroc": 0.9715360000000001,
      "optimal_threshold": 0.5831440091133118,
      "tpr_at_fpr_0_01": 0.76,
      "fpr95": 0.124,
      "aupr": 0.9766037293047772
    },
    "layer_7": {
      "n_total": 500,
      "n_valid": 500,
      "n_val_total": 500,
      "n_val_valid": 500,
      "acc": 0.906,
      "f1": 0.9030927835051547,
      "pre": 0.9319148936170213,
      "recall": 0.876,
      "auroc": 0.965216,
      "optimal_threshold": 0.8894120454788208,
      "tpr_at_fpr_0_01": 0.748,
      "fpr95": 0.268,
      "aupr": 0.9714395979331318
    },
    "layer_8": {
      "n_total": 500,
      "n_valid": 500,
      "n_val_total": 500,
      "n_val_valid": 500,
      "acc": 0.886,
      "f1": 0.8834355828220859,
      "pre": 0.9037656903765691,
      "recall": 0.864,
      "auroc": 0.9550719999999999,
      "optimal_threshold": 0.9072976112365723,
      "tpr_at_fpr_0_01": 0.644,
      "fpr95": 0.256,
      "aupr": 0.9603671009394135
    },
    "layer_9": {
      "n_total": 500,
      "n_valid": 500,
      "n_val_total": 500,
      "n_val_valid": 500,
      "acc": 0.876,
      "f1": 0.875,
      "pre": 0.8821138211382114,
      "recall": 0.868,
      "auroc": 0.9489120000000001,
      "optimal_threshold": 0.987115740776062,
      "tpr_at_fpr_0_01": 0.644,
      "fpr95": 0.312,
      "aupr": 0.9546903397305142
    },
    "layer_10": {
      "n_total": 500,
      "n_valid": 500,
      "n_val_total": 500,
      "n_val_valid": 500,
      "acc": 0.872,
      "f1": 0.8677685950413223,
      "pre": 0.8974358974358975,
      "recall": 0.84,
      "auroc": 0.953168,
      "optimal_threshold": 1.158947467803955,
      "tpr_at_fpr_0_01": 0.648,
      "fpr95": 0.304,
      "aupr": 0.9583459973442954
    },
    "layer_11": {
      "n_total": 500,
      "n_valid": 500,
      "n_val_total": 500,
      "n_val_valid": 500,
      "acc": 0.884,
      "f1": 0.884,
      "pre": 0.884,
      "recall": 0.884,
      "auroc": 0.967584,
      "optimal_threshold": 1.0816153287887573,
      "tpr_at_fpr_0_01": 0.772,
      "fpr95": 0.216,
      "aupr": 0.9712434601066616
    },
    "layer_12": {
      "n_total": 500,
      "n_valid": 500,
      "n_val_total": 500,
      "n_val_valid": 500,
      "acc": 0.866,
      "f1": 0.8552915766738661,
      "pre": 0.9295774647887324,
      "recall": 0.792,
      "auroc": 0.951152,
      "optimal_threshold": 1.4439172744750977,
      "tpr_at_fpr_0_01": 0.708,
      "fpr95": 0.264,
      "aupr": 0.958766520192795
    },
    "layer_13": {
      "n_total": 500,
      "n_valid": 500,
      "n_val_total": 500,
      "n_val_valid": 500,
      "acc": 0.86,
      "f1": 0.851063829787234,
      "pre": 0.9090909090909091,
      "recall": 0.8,
      "auroc": 0.9577279999999999,
      "optimal_threshold": 1.566972017288208,
      "tpr_at_fpr_0_01": 0.748,
      "fpr95": 0.216,
      "aupr": 0.964357082544326
    },
    "layer_14": {
      "n_total": 500,
      "n_valid": 500,
      "n_val_total": 500,
      "n_val_valid": 500,
      "acc": 0.868,
      "f1": 0.8619246861924686,
      "pre": 0.9035087719298246,
      "recall": 0.824,
      "auroc": 0.9480000000000001,
      "optimal_threshold": 1.789463758468628,
      "tpr_at_fpr_0_01": 0.684,
      "fpr95": 0.316,
      "aupr": 0.9558241129758379
    },
    "layer_15": {
      "n_total": 500,
      "n_valid": 500,
      "n_val_total": 500,
      "n_val_valid": 500,
      "acc": 0.888,
      "f1": 0.8847736625514403,
      "pre": 0.9110169491525424,
      "recall": 0.86,
      "auroc": 0.9575359999999999,
      "optimal_threshold": 1.7535033226013184,
      "tpr_at_fpr_0_01": 0.748,
      "fpr95": 0.336,
      "aupr": 0.9650245210336683
    },
    "layer_16": {
      "n_total": 500,
      "n_valid": 500,
      "n_val_total": 500,
      "n_val_valid": 500,
      "acc": 0.892,
      "f1": 0.8820960698689956,
      "pre": 0.9711538461538461,
      "recall": 0.808,
      "auroc": 0.955728,
      "optimal_threshold": 2.256997585296631,
      "tpr_at_fpr_0_01": 0.752,
      "fpr95": 0.344,
      "aupr": 0.9648898309337576
    },
    "layer_17": {
      "n_total": 500,
      "n_valid": 500,
      "n_val_total": 500,
      "n_val_valid": 500,
      "acc": 0.922,
      "f1": 0.9175475687103594,
      "pre": 0.9730941704035875,
      "recall": 0.868,
      "auroc": 0.96528,
      "optimal_threshold": 2.6215291023254395,
      "tpr_at_fpr_0_01": 0.824,
      "fpr95": 0.3,
      "aupr": 0.9732909489925684
    },
    "layer_18": {
      "n_total": 500,
      "n_valid": 500,
      "n_val_total": 500,
      "n_val_valid": 500,
      "acc": 0.916,
      "f1": 0.9102564102564102,
      "pre": 0.9770642201834863,
      "recall": 0.852,
      "auroc": 0.96432,
      "optimal_threshold": 3.070704698562622,
      "tpr_at_fpr_0_01": 0.768,
      "fpr95": 0.284,
      "aupr": 0.9721456254455111
    },
    "layer_19": {
      "n_total": 500,
      "n_valid": 500,
      "n_val_total": 500,
      "n_val_valid": 500,
      "acc": 0.934,
      "f1": 0.931958762886598,
      "pre": 0.9617021276595744,
      "recall": 0.904,
      "auroc": 0.970368,
      "optimal_threshold": 3.209251880645752,
      "tpr_at_fpr_0_01": 0.812,
      "fpr95": 0.192,
      "aupr": 0.9782354399797356
    },
    "layer_20": {
      "n_total": 500,
      "n_valid": 500,
      "n_val_total": 500,
      "n_val_valid": 500,
      "acc": 0.912,
      "f1": 0.907563025210084,
      "pre": 0.9557522123893806,
      "recall": 0.864,
      "auroc": 0.9633759999999999,