{
  "args": {
    "model": "llama_8b",
    "dataset": "m4_multi",
    "mode": "last_token",
    "prefix": false,
    "smoke_test": false,
    "ood": false,
    "ood_set": "",
    "manifold": true,
    "pca_components": 5
  },
  "steering_domain": "m4_multi",
  "eval_domain": "m4_multi",
  "n_samples": 500,
  "n_layers": 33,
  "metrics_per_layer": {
    "layer_1": {
      "n_total": 500,
      "n_valid": 500,
      "n_val_total": 500,
      "n_val_valid": 500,
      "acc": 0.758,
      "f1": 0.7803992740471869,
      "pre": 0.7142857142857143,
      "recall": 0.86,
      "auroc": 0.8138559999999999,
      "optimal_threshold": -0.03628317266702652,
      "tpr_at_fpr_0_01": 0.0,
      "fpr95": 0.488,
      "aupr": 0.7448007958877292
    },
    "layer_2": {
      "n_total": 500,
      "n_valid": 500,
      "n_val_total": 500,
      "n_val_valid": 500,
      "acc": 0.78,
      "f1": 0.7916666666666666,
      "pre": 0.7517985611510791,
      "recall": 0.836,
      "auroc": 0.839344,
      "optimal_threshold": 0.002442307770252228,
      "tpr_at_fpr_0_01": 0.18,
      "fpr95": 0.624,
      "aupr": 0.8383095607794647
    },
    "layer_3": {
      "n_total": 500,
      "n_valid": 500,
      "n_val_total": 500,
      "n_val_valid": 500,
      "acc": 0.786,
      "f1": 0.7829614604462475,
      "pre": 0.7942386831275721,
      "recall": 0.772,
      "auroc": 0.8406399999999999,
      "optimal_threshold": 0.09559544175863266,
      "tpr_at_fpr_0_01": 0.136,
      "fpr95": 0.82,
      "aupr": 0.8512584094648232
    },
    "layer_4": {
      "n_total": 500,
      "n_valid": 500,
      "n_val_total": 500,
      "n_val_valid": 500,
      "acc": 0.79,
      "f1": 0.7835051546391752,
      "pre": 0.8085106382978723,
      "recall": 0.76,
      "auroc": 0.84552,
      "optimal_threshold": 0.13527557253837585,
      "tpr_at_fpr_0_01": 0.376,
      "fpr95": 0.812,
      "aupr": 0.8795717695998962
    },
    "layer_5": {
      "n_total": 500,
      "n_valid": 500,
      "n_val_total": 500,
      "n_val_valid": 500,
      "acc": 0.812,
      "f1": 0.8057851239669421,
      "pre": 0.8333333333333334,
      "recall": 0.78,
      "auroc": 0.8697920000000001,
      "optimal_threshold": 0.12808409333229065,
      "tpr_at_fpr_0_01": 0.5,
      "fpr95": 0.772,
      "aupr": 0.9004042176670166
    },
    "layer_6": {
      "n_total": 500,
      "n_valid": 500,
      "n_val_total": 500,
      "n_val_valid": 500,
      "acc": 0.82,
      "f1": 0.8051948051948052,
      "pre": 0.8773584905660378,
      "recall": 0.744,
      "auroc": 0.87656,
      "optimal_threshold": 0.1964249610900879,
      "tpr_at_fpr_0_01": 0.536,
      "fpr95": 0.708,
      "aupr": 0.9069982920851472
    },
    "layer_7": {
      "n_total": 500,
      "n_valid": 500,
      "n_val_total": 500,
      "n_val_valid": 500,
      "acc": 0.788,
      "f1": 0.7439613526570048,
      "pre": 0.9390243902439024,
      "recall": 0.616,
      "auroc": 0.876256,
      "optimal_threshold": 0.32350626587867737,
      "tpr_at_fpr_0_01": 0.5,
      "fpr95": 0.672,
      "aupr": 0.9054051823223028
    },
    "layer_8": {
      "n_total": 500,
      "n_valid": 500,
      "n_val_total": 500,
      "n_val_valid": 500,
      "acc": 0.794,
      "f1": 0.7565011820330969,
      "pre": 0.9248554913294798,
      "recall": 0.64,
      "auroc": 0.8602719999999999,
      "optimal_threshold": 0.25317177176475525,
      "tpr_at_fpr_0_01": 0.528,
      "fpr95": 0.744,
      "aupr": 0.893808734277667
    },
    "layer_9": {
      "n_total": 500,
      "n_valid": 500,
      "n_val_total": 500,
      "n_val_valid": 500,
      "acc": 0.776,
      "f1": 0.75,
      "pre": 0.8484848484848485,
      "recall": 0.672,
      "auroc": 0.8526559999999999,
      "optimal_threshold": 0.12691569328308105,
      "tpr_at_fpr_0_01": 0.56,
      "fpr95": 0.792,
      "aupr": 0.889232882066966
    },
    "layer_10": {
      "n_total": 500,
      "n_valid": 500,
      "n_val_total": 500,
      "n_val_valid": 500,
      "acc": 0.794,
      "f1": 0.7632183908045977,
      "pre": 0.8972972972972973,
      "recall": 0.664,
      "auroc": 0.858176,
      "optimal_threshold": 0.15123599767684937,
      "tpr_at_fpr_0_01": 0.508,
      "fpr95": 0.792,
      "aupr": 0.8927980623088974
    },
    "layer_11": {
      "n_total": 500,
      "n_valid": 500,
      "n_val_total": 500,
      "n_val_valid": 500,
      "acc": 0.814,
      "f1": 0.7919463087248322,
      "pre": 0.8984771573604061,
      "recall": 0.708,
      "auroc": 0.862048,
      "optimal_threshold": 0.07730904221534729,
      "tpr_at_fpr_0_01": 0.568,
      "fpr95": 0.82,
      "aupr": 0.8998363822127341
    },
    "layer_12": {
      "n_total": 500,
      "n_valid": 500,
      "n_val_total": 500,
      "n_val_valid": 500,
      "acc": 0.776,
      "f1": 0.7227722772277227,
      "pre": 0.948051948051948,
      "recall": 0.584,
      "auroc": 0.8442559999999999,
      "optimal_threshold": 0.3554795980453491,
      "tpr_at_fpr_0_01": 0.536,
      "fpr95": 0.816,
      "aupr": 0.8856503878021207
    },
    "layer_13": {
      "n_total": 500,
      "n_valid": 500,
      "n_val_total": 500,
      "n_val_valid": 500,
      "acc": 0.786,
      "f1": 0.7458432304038005,
      "pre": 0.9181286549707602,
      "recall": 0.628,
      "auroc": 0.8600319999999999,
      "optimal_threshold": 0.29142946004867554,
      "tpr_at_fpr_0_01": 0.516,
      "fpr95": 0.82,
      "aupr": 0.8963054234489548
    },
    "layer_14": {
      "n_total": 500,
      "n_valid": 500,
      "n_val_total": 500,
      "n_val_valid": 500,
      "acc": 0.81,
      "f1": 0.7921225382932167,
      "pre": 0.8743961352657005,
      "recall": 0.724,
      "auroc": 0.8704959999999999,
      "optimal_threshold": 0.10379213839769363,
      "tpr_at_fpr_0_01": 0.552,
      "fpr95": 0.796,
      "aupr": 0.9021140509835481
    },
    "layer_15": {
      "n_total": 500,
      "n_valid": 500,
      "n_val_total": 500,
      "n_val_valid": 500,
      "acc": 0.8,
      "f1": 0.7727272727272727,
      "pre": 0.8947368421052632,
      "recall": 0.68,
      "auroc": 0.8757119999999998,
      "optimal_threshold": 0.2380639910697937,
      "tpr_at_fpr_0_01": 0.544,
      "fpr95": 0.74,
      "aupr": 0.9036020411324179
    },
    "layer_16": {
      "n_total": 500,
      "n_valid": 500,
      "n_val_total": 500,
      "n_val_valid": 500,
      "acc": 0.804,
      "f1": 0.7731481481481481,
      "pre": 0.9175824175824175,
      "recall": 0.668,
      "auroc": 0.872128,
      "optimal_threshold": 0.41873234510421753,
      "tpr_at_fpr_0_01": 0.564,
      "fpr95": 0.808,
      "aupr": 0.9036208537464699
    },
    "layer_17": {
      "n_total": 500,
      "n_valid": 500,
      "n_val_total": 500,
      "n_val_valid": 500,
      "acc": 0.808,
      "f1": 0.7725118483412322,
      "pre": 0.9476744186046512,
      "recall": 0.652,
      "auroc": 0.876768,
      "optimal_threshold": 0.7216826677322388,
      "tpr_at_fpr_0_01": 0.604,
      "fpr95": 0.788,
      "aupr": 0.9091245651097204
    },
    "layer_18": {
      "n_total": 500,
      "n_valid": 500,
      "n_val_total": 500,
      "n_val_valid": 500,
      "acc": 0.83,
      "f1": 0.8131868131868132,
      "pre": 0.9024390243902439,
      "recall": 0.74,
      "auroc": 0.8881760000000001,
      "optimal_threshold": 0.47118473052978516,
      "tpr_at_fpr_0_01": 0.548,
      "fpr95": 0.74,
      "aupr": 0.9150157687122419
    },
    "layer_19": {
      "n_total": 500,
      "n_valid": 500,
      "n_val_total": 500,
      "n_val_valid": 500,
      "acc": 0.832,
      "f1": 0.8046511627906977,
      "pre": 0.9611111111111111,
      "recall": 0.692,
      "auroc": 0.9032639999999998,
      "optimal_threshold": 1.1447951793670654,
      "tpr_at_fpr_0_01": 0.636,
      "fpr95": 0.588,
      "aupr": 0.923874403085198
    },
    "layer_20": {
      "n_total": 500,
      "n_valid": 500,
      "n_val_total": 500,
      "n_val_valid": 500,
      "acc": 0.84,
      "f1": 0.820627802690583,
      "pre": 0.9336734693877551,