{
  "args": {
    "model": "llama_8b",
    "dataset": "drl_t1_paraphrase",
    "mode": "last_token",
    "prefix": false,
    "smoke_test": false,
    "ood": false,
    "ood_set": "",
    "manifold": true,
    "pca_components": 5
  },
  "steering_domain": "drl_t1_paraphrase",
  "eval_domain": "drl_t1_paraphrase",
  "n_samples": 500,
  "n_layers": 33,
  "metrics_per_layer": {
    "layer_1": {
      "n_total": 500,
      "n_valid": 500,
      "n_val_total": 500,
      "n_val_valid": 500,
      "acc": 0.5,
      "f1": 0.0,
      "pre": 0.0,
      "recall": 0.0,
      "auroc": 0.627416,
      "optimal_threshold": 0.04687056317925453,
      "tpr_at_fpr_0_01": 0.0,
      "fpr95": 0.716,
      "aupr": 0.5744072782815461
    },
    "layer_2": {
      "n_total": 500,
      "n_valid": 500,
      "n_val_total": 500,
      "n_val_valid": 500,
      "acc": 0.706,
      "f1": 0.7379679144385026,
      "pre": 0.6655948553054662,
      "recall": 0.828,
      "auroc": 0.7771199999999999,
      "optimal_threshold": 0.03371988609433174,
      "tpr_at_fpr_0_01": 0.056,
      "fpr95": 0.652,
      "aupr": 0.7449912902465643
    },
    "layer_3": {
      "n_total": 500,
      "n_valid": 500,
      "n_val_total": 500,
      "n_val_valid": 500,
      "acc": 0.784,
      "f1": 0.784,
      "pre": 0.784,
      "recall": 0.784,
      "auroc": 0.8601120000000001,
      "optimal_threshold": 0.052475910633802414,
      "tpr_at_fpr_0_01": 0.256,
      "fpr95": 0.64,
      "aupr": 0.873454915830399
    },
    "layer_4": {
      "n_total": 500,
      "n_valid": 500,
      "n_val_total": 500,
      "n_val_valid": 500,
      "acc": 0.792,
      "f1": 0.7805907172995781,
      "pre": 0.8258928571428571,
      "recall": 0.74,
      "auroc": 0.889696,
      "optimal_threshold": 0.11234720051288605,
      "tpr_at_fpr_0_01": 0.416,
      "fpr95": 0.512,
      "aupr": 0.9024409381880515
    },
    "layer_5": {
      "n_total": 500,
      "n_valid": 500,
      "n_val_total": 500,
      "n_val_valid": 500,
      "acc": 0.874,
      "f1": 0.8679245283018868,
      "pre": 0.9118942731277533,
      "recall": 0.828,
      "auroc": 0.937968,
      "optimal_threshold": 0.06324511766433716,
      "tpr_at_fpr_0_01": 0.664,
      "fpr95": 0.46,
      "aupr": 0.9508827201391226
    },
    "layer_6": {
      "n_total": 500,
      "n_valid": 500,
      "n_val_total": 500,
      "n_val_valid": 500,
      "acc": 0.876,
      "f1": 0.8755020080321285,
      "pre": 0.8790322580645161,
      "recall": 0.872,
      "auroc": 0.947488,
      "optimal_threshold": -0.0016631782054901123,
      "tpr_at_fpr_0_01": 0.628,
      "fpr95": 0.36,
      "aupr": 0.955886944835446
    },
    "layer_7": {
      "n_total": 500,
      "n_valid": 500,
      "n_val_total": 500,
      "n_val_valid": 500,
      "acc": 0.86,
      "f1": 0.8588709677419355,
      "pre": 0.8658536585365854,
      "recall": 0.852,
      "auroc": 0.9396639999999999,
      "optimal_threshold": -0.010401969775557518,
      "tpr_at_fpr_0_01": 0.624,
      "fpr95": 0.364,
      "aupr": 0.9491842862077058
    },
    "layer_8": {
      "n_total": 500,
      "n_valid": 500,
      "n_val_total": 500,
      "n_val_valid": 500,
      "acc": 0.824,
      "f1": 0.8151260504201681,
      "pre": 0.8584070796460177,
      "recall": 0.776,
      "auroc": 0.8995040000000001,
      "optimal_threshold": 0.07163670659065247,
      "tpr_at_fpr_0_01": 0.336,
      "fpr95": 0.44,
      "aupr": 0.9060473025610647
    },
    "layer_9": {
      "n_total": 500,
      "n_valid": 500,
      "n_val_total": 500,
      "n_val_valid": 500,
      "acc": 0.834,
      "f1": 0.826722338204593,
      "pre": 0.8646288209606987,
      "recall": 0.792,
      "auroc": 0.9043999999999999,
      "optimal_threshold": 0.014458343386650085,
      "tpr_at_fpr_0_01": 0.444,
      "fpr95": 0.484,
      "aupr": 0.9170031227996355
    },
    "layer_10": {
      "n_total": 500,
      "n_valid": 500,
      "n_val_total": 500,
      "n_val_valid": 500,
      "acc": 0.828,
      "f1": 0.8170212765957446,
      "pre": 0.8727272727272727,
      "recall": 0.768,
      "auroc": 0.910832,
      "optimal_threshold": 0.05169001221656799,
      "tpr_at_fpr_0_01": 0.524,
      "fpr95": 0.444,
      "aupr": 0.9220732303718626
    },
    "layer_11": {
      "n_total": 500,
      "n_valid": 500,
      "n_val_total": 500,
      "n_val_valid": 500,
      "acc": 0.842,
      "f1": 0.8308351177730193,
      "pre": 0.8940092165898618,
      "recall": 0.776,
      "auroc": 0.934928,
      "optimal_threshold": -0.014635711908340454,
      "tpr_at_fpr_0_01": 0.616,
      "fpr95": 0.356,
      "aupr": 0.9440418467392664
    },
    "layer_12": {
      "n_total": 500,
      "n_valid": 500,
      "n_val_total": 500,
      "n_val_valid": 500,
      "acc": 0.824,
      "f1": 0.8127659574468085,
      "pre": 0.8681818181818182,
      "recall": 0.764,
      "auroc": 0.90072,
      "optimal_threshold": 0.017334431409835815,
      "tpr_at_fpr_0_01": 0.528,
      "fpr95": 0.492,
      "aupr": 0.9167726826312872
    },
    "layer_13": {
      "n_total": 500,
      "n_valid": 500,
      "n_val_total": 500,
      "n_val_valid": 500,
      "acc": 0.852,
      "f1": 0.8432203389830508,
      "pre": 0.8963963963963963,
      "recall": 0.796,
      "auroc": 0.933536,
      "optimal_threshold": 0.044692084193229675,
      "tpr_at_fpr_0_01": 0.624,
      "fpr95": 0.376,
      "aupr": 0.9447199096073873
    },
    "layer_14": {
      "n_total": 500,
      "n_valid": 500,
      "n_val_total": 500,
      "n_val_valid": 500,
      "acc": 0.818,
      "f1": 0.8043010752688172,
      "pre": 0.8697674418604651,
      "recall": 0.748,
      "auroc": 0.908032,
      "optimal_threshold": 0.11864753812551498,
      "tpr_at_fpr_0_01": 0.56,
      "fpr95": 0.536,
      "aupr": 0.9237356939548547
    },
    "layer_15": {
      "n_total": 500,
      "n_valid": 500,
      "n_val_total": 500,
      "n_val_valid": 500,
      "acc": 0.846,
      "f1": 0.8285077951002228,
      "pre": 0.9346733668341709,
      "recall": 0.744,
      "auroc": 0.925456,
      "optimal_threshold": 0.29120588302612305,
      "tpr_at_fpr_0_01": 0.644,
      "fpr95": 0.42,
      "aupr": 0.9389899917186408
    },
    "layer_16": {
      "n_total": 500,
      "n_valid": 500,
      "n_val_total": 500,
      "n_val_valid": 500,
      "acc": 0.844,
      "f1": 0.8211009174311926,
      "pre": 0.9623655913978495,
      "recall": 0.716,
      "auroc": 0.9225120000000002,
      "optimal_threshold": 0.38708722591400146,
      "tpr_at_fpr_0_01": 0.6,
      "fpr95": 0.464,
      "aupr": 0.9374696281465482
    },
    "layer_17": {
      "n_total": 500,
      "n_valid": 500,
      "n_val_total": 500,
      "n_val_valid": 500,
      "acc": 0.896,
      "f1": 0.8879310344827587,
      "pre": 0.9626168224299065,
      "recall": 0.824,
      "auroc": 0.937344,
      "optimal_threshold": 0.22542065382003784,
      "tpr_at_fpr_0_01": 0.684,
      "fpr95": 0.424,
      "aupr": 0.9527285639198405
    },
    "layer_18": {
      "n_total": 500,
      "n_valid": 500,
      "n_val_total": 500,
      "n_val_valid": 500,
      "acc": 0.85,
      "f1": 0.8299319727891157,
      "pre": 0.9581151832460733,
      "recall": 0.732,
      "auroc": 0.9288800000000001,
      "optimal_threshold": 0.5502848625183105,
      "tpr_at_fpr_0_01": 0.572,
      "fpr95": 0.424,
      "aupr": 0.9410668215448502
    },
    "layer_19": {
      "n_total": 500,
      "n_valid": 500,
      "n_val_total": 500,
      "n_val_valid": 500,
      "acc": 0.898,
      "f1": 0.89171974522293,
      "pre": 0.9502262443438914,
      "recall": 0.84,
      "auroc": 0.947088,
      "optimal_threshold": 0.33509743213653564,
      "tpr_at_fpr_0_01": 0.688,
      "fpr95": 0.324,
      "aupr": 0.9585817409173136
    },
    "layer_20": {
      "n_total": 500,
      "n_valid": 500,
      "n_val_total": 500,
      "n_val_valid": 500,
      "acc": 0.874,
      "f1": 0.8706365503080082,
      "pre": 0.8945147679324894,
      "recall": 0.848,