{
  "args": {
    "model": "llama_8b",
    "dataset": "drl_t1_paraphrase",
    "mode": "last_token",
    "prefix": false,
    "smoke_test": false,
    "ood": false,
    "ood_set": "",
    "manifold": true,
    "pca_components": 50
  },
  "steering_domain": "drl_t1_paraphrase",
  "eval_domain": "drl_t1_paraphrase",
  "n_samples": 500,
  "n_layers": 33,
  "metrics_per_layer": {
    "layer_1": {
      "n_total": 500,
      "n_valid": 500,
      "n_val_total": 500,
      "n_val_valid": 500,
      "acc": 0.5,
      "f1": 0.0,
      "pre": 0.0,
      "recall": 0.0,
      "auroc": 0.627432,
      "optimal_threshold": 0.046780895441770554,
      "tpr_at_fpr_0_01": 0.0,
      "fpr95": 0.716,
      "aupr": 0.5744123394991965
    },
    "layer_2": {
      "n_total": 500,
      "n_valid": 500,
      "n_val_total": 500,
      "n_val_valid": 500,
      "acc": 0.78,
      "f1": 0.7900763358778626,
      "pre": 0.7554744525547445,
      "recall": 0.828,
      "auroc": 0.866336,
      "optimal_threshold": 0.03737210854887962,
      "tpr_at_fpr_0_01": 0.112,
      "fpr95": 0.608,
      "aupr": 0.8660044576080449
    },
    "layer_3": {
      "n_total": 500,
      "n_valid": 500,
      "n_val_total": 500,
      "n_val_valid": 500,
      "acc": 0.83,
      "f1": 0.8179871520342612,
      "pre": 0.880184331797235,
      "recall": 0.764,
      "auroc": 0.8964960000000001,
      "optimal_threshold": 0.06871885061264038,
      "tpr_at_fpr_0_01": 0.384,
      "fpr95": 0.612,
      "aupr": 0.9116764890367075
    },
    "layer_4": {
      "n_total": 500,
      "n_valid": 500,
      "n_val_total": 500,
      "n_val_valid": 500,
      "acc": 0.846,
      "f1": 0.8425357873210634,
      "pre": 0.8619246861924686,
      "recall": 0.824,
      "auroc": 0.929488,
      "optimal_threshold": 0.07025682181119919,
      "tpr_at_fpr_0_01": 0.596,
      "fpr95": 0.424,
      "aupr": 0.9419868023110505
    },
    "layer_5": {
      "n_total": 500,
      "n_valid": 500,
      "n_val_total": 500,
      "n_val_valid": 500,
      "acc": 0.916,
      "f1": 0.9142857142857143,
      "pre": 0.9333333333333333,
      "recall": 0.896,
      "auroc": 0.962368,
      "optimal_threshold": 0.02543880045413971,
      "tpr_at_fpr_0_01": 0.796,
      "fpr95": 0.316,
      "aupr": 0.9711565276024506
    },
    "layer_6": {
      "n_total": 500,
      "n_valid": 500,
      "n_val_total": 500,
      "n_val_valid": 500,
      "acc": 0.916,
      "f1": 0.9128630705394191,
      "pre": 0.9482758620689655,
      "recall": 0.88,
      "auroc": 0.970672,
      "optimal_threshold": 0.0474129319190979,
      "tpr_at_fpr_0_01": 0.76,
      "fpr95": 0.124,
      "aupr": 0.9758548417522692
    },
    "layer_7": {
      "n_total": 500,
      "n_valid": 500,
      "n_val_total": 500,
      "n_val_valid": 500,
      "acc": 0.904,
      "f1": 0.9012345679012346,
      "pre": 0.9279661016949152,
      "recall": 0.876,
      "auroc": 0.963776,
      "optimal_threshold": -0.0019524097442626953,
      "tpr_at_fpr_0_01": 0.74,
      "fpr95": 0.26,
      "aupr": 0.9702163007372634
    },
    "layer_8": {
      "n_total": 500,
      "n_valid": 500,
      "n_val_total": 500,
      "n_val_valid": 500,
      "acc": 0.876,
      "f1": 0.8708333333333333,
      "pre": 0.908695652173913,
      "recall": 0.836,
      "auroc": 0.9536,
      "optimal_threshold": 0.020403936505317688,
      "tpr_at_fpr_0_01": 0.64,
      "fpr95": 0.272,
      "aupr": 0.9590482581298218
    },
    "layer_9": {
      "n_total": 500,
      "n_valid": 500,
      "n_val_total": 500,
      "n_val_valid": 500,
      "acc": 0.872,
      "f1": 0.8693877551020408,
      "pre": 0.8875,
      "recall": 0.852,
      "auroc": 0.9474560000000001,
      "optimal_threshold": -0.0716962218284607,
      "tpr_at_fpr_0_01": 0.632,
      "fpr95": 0.324,
      "aupr": 0.9533024194548549
    },
    "layer_10": {
      "n_total": 500,
      "n_valid": 500,
      "n_val_total": 500,
      "n_val_valid": 500,
      "acc": 0.874,
      "f1": 0.8701030927835052,
      "pre": 0.8978723404255319,
      "recall": 0.844,
      "auroc": 0.9516960000000001,
      "optimal_threshold": -0.03765842318534851,
      "tpr_at_fpr_0_01": 0.644,
      "fpr95": 0.312,
      "aupr": 0.9571240311401448
    },
    "layer_11": {
      "n_total": 500,
      "n_valid": 500,
      "n_val_total": 500,
      "n_val_valid": 500,
      "acc": 0.882,
      "f1": 0.8788501026694046,
      "pre": 0.9029535864978903,
      "recall": 0.856,
      "auroc": 0.966592,
      "optimal_threshold": -0.10967487096786499,
      "tpr_at_fpr_0_01": 0.768,
      "fpr95": 0.208,
      "aupr": 0.9705309517381588
    },
    "layer_12": {
      "n_total": 500,
      "n_valid": 500,
      "n_val_total": 500,
      "n_val_valid": 500,
      "acc": 0.866,
      "f1": 0.860125260960334,
      "pre": 0.8995633187772926,
      "recall": 0.824,
      "auroc": 0.9501439999999999,
      "optimal_threshold": -0.07688766717910767,
      "tpr_at_fpr_0_01": 0.708,
      "fpr95": 0.268,
      "aupr": 0.9579467185640963
    },
    "layer_13": {
      "n_total": 500,
      "n_valid": 500,
      "n_val_total": 500,
      "n_val_valid": 500,
      "acc": 0.864,
      "f1": 0.8547008547008547,
      "pre": 0.9174311926605505,
      "recall": 0.8,
      "auroc": 0.957056,
      "optimal_threshold": 0.040113985538482666,
      "tpr_at_fpr_0_01": 0.756,
      "fpr95": 0.228,
      "aupr": 0.9639040099890562
    },
    "layer_14": {
      "n_total": 500,
      "n_valid": 500,
      "n_val_total": 500,
      "n_val_valid": 500,
      "acc": 0.862,
      "f1": 0.8571428571428571,
      "pre": 0.8884120171673819,
      "recall": 0.828,
      "auroc": 0.94632,
      "optimal_threshold": -0.019740790128707886,
      "tpr_at_fpr_0_01": 0.68,
      "fpr95": 0.312,
      "aupr": 0.9544490880553048
    },
    "layer_15": {
      "n_total": 500,
      "n_valid": 500,
      "n_val_total": 500,
      "n_val_valid": 500,
      "acc": 0.88,
      "f1": 0.868421052631579,
      "pre": 0.9611650485436893,
      "recall": 0.792,
      "auroc": 0.956784,
      "optimal_threshold": 0.22436988353729248,
      "tpr_at_fpr_0_01": 0.748,
      "fpr95": 0.34,
      "aupr": 0.9643640495594066
    },
    "layer_16": {
      "n_total": 500,
      "n_valid": 500,
      "n_val_total": 500,
      "n_val_valid": 500,
      "acc": 0.892,
      "f1": 0.8820960698689956,
      "pre": 0.9711538461538461,
      "recall": 0.808,
      "auroc": 0.9548960000000001,
      "optimal_threshold": 0.1970123052597046,
      "tpr_at_fpr_0_01": 0.748,
      "fpr95": 0.348,
      "aupr": 0.9641671534880939
    },
    "layer_17": {
      "n_total": 500,
      "n_valid": 500,
      "n_val_total": 500,
      "n_val_valid": 500,
      "acc": 0.918,
      "f1": 0.9129511677282378,
      "pre": 0.9728506787330317,
      "recall": 0.86,
      "auroc": 0.9648959999999999,
      "optimal_threshold": 0.1551538109779358,
      "tpr_at_fpr_0_01": 0.82,
      "fpr95": 0.312,
      "aupr": 0.9730233738719426
    },
    "layer_18": {
      "n_total": 500,
      "n_valid": 500,
      "n_val_total": 500,
      "n_val_valid": 500,
      "acc": 0.916,
      "f1": 0.9110169491525424,
      "pre": 0.9684684684684685,
      "recall": 0.86,
      "auroc": 0.9636319999999999,
      "optimal_threshold": 0.21258306503295898,
      "tpr_at_fpr_0_01": 0.764,
      "fpr95": 0.288,
      "aupr": 0.9715661256060499
    },
    "layer_19": {
      "n_total": 500,
      "n_valid": 500,
      "n_val_total": 500,
      "n_val_valid": 500,
      "acc": 0.934,
      "f1": 0.931958762886598,
      "pre": 0.9617021276595744,
      "recall": 0.904,
      "auroc": 0.969952,
      "optimal_threshold": 0.13918402791023254,
      "tpr_at_fpr_0_01": 0.812,
      "fpr95": 0.192,
      "aupr": 0.9778405857167658
    },
    "layer_20": {
      "n_total": 500,
      "n_valid": 500,
      "n_val_total": 500,
      "n_val_valid": 500,
      "acc": 0.914,
      "f1": 0.9134808853118712,
      "pre": 0.9190283400809717,
      "recall": 0.908,