{
  "args": {
    "model": "llama_8b",
    "dataset": "m4_multi",
    "mode": "last_token",
    "prefix": false,
    "smoke_test": false,
    "ood": false,
    "ood_set": "",
    "manifold": false,
    "pca_components": 0
  },
  "steering_domain": "m4_multi",
  "eval_domain": "m4_multi",
  "n_samples": 500,
  "n_layers": 33,
  "metrics_per_layer": {
    "layer_1": {
      "n_total": 500,
      "n_valid": 500,
      "n_val_total": 500,
      "n_val_valid": 500,
      "acc": 0.75,
      "f1": 0.7920133111480865,
      "pre": 0.6780626780626781,
      "recall": 0.952,
      "auroc": 0.818128,
      "optimal_threshold": -0.008514683693647385,
      "tpr_at_fpr_0_01": 0.0,
      "fpr95": 0.452,
      "aupr": 0.7470070533724413
    },
    "layer_2": {
      "n_total": 500,
      "n_valid": 500,
      "n_val_total": 500,
      "n_val_valid": 500,
      "acc": 0.766,
      "f1": 0.7884267631103075,
      "pre": 0.7194719471947195,
      "recall": 0.872,
      "auroc": 0.8603519999999999,
      "optimal_threshold": -0.0027121668681502342,
      "tpr_at_fpr_0_01": 0.244,
      "fpr95": 0.536,
      "aupr": 0.869983735209485
    },
    "layer_3": {
      "n_total": 500,
      "n_valid": 500,
      "n_val_total": 500,
      "n_val_valid": 500,
      "acc": 0.788,
      "f1": 0.7845528455284553,
      "pre": 0.7975206611570248,
      "recall": 0.772,
      "auroc": 0.8573919999999999,
      "optimal_threshold": 0.28189998865127563,
      "tpr_at_fpr_0_01": 0.328,
      "fpr95": 0.8,
      "aupr": 0.8733953373970248
    },
    "layer_4": {
      "n_total": 500,
      "n_valid": 500,
      "n_val_total": 500,
      "n_val_valid": 500,
      "acc": 0.802,
      "f1": 0.7941787941787942,
      "pre": 0.8268398268398268,
      "recall": 0.764,
      "auroc": 0.8635039999999999,
      "optimal_threshold": 0.534449577331543,
      "tpr_at_fpr_0_01": 0.492,
      "fpr95": 0.804,
      "aupr": 0.8972208401614853
    },
    "layer_5": {
      "n_total": 500,
      "n_valid": 500,
      "n_val_total": 500,
      "n_val_valid": 500,
      "acc": 0.836,
      "f1": 0.8153153153153153,
      "pre": 0.9329896907216495,
      "recall": 0.724,
      "auroc": 0.890144,
      "optimal_threshold": 0.6513307690620422,
      "tpr_at_fpr_0_01": 0.564,
      "fpr95": 0.692,
      "aupr": 0.9173965309056917
    },
    "layer_6": {
      "n_total": 500,
      "n_valid": 500,
      "n_val_total": 500,
      "n_val_valid": 500,
      "acc": 0.846,
      "f1": 0.8285077951002228,
      "pre": 0.9346733668341709,
      "recall": 0.744,
      "auroc": 0.898816,
      "optimal_threshold": 0.7824831008911133,
      "tpr_at_fpr_0_01": 0.588,
      "fpr95": 0.612,
      "aupr": 0.9229077468048226
    },
    "layer_7": {
      "n_total": 500,
      "n_valid": 500,
      "n_val_total": 500,
      "n_val_valid": 500,
      "acc": 0.842,
      "f1": 0.8248337028824834,
      "pre": 0.9253731343283582,
      "recall": 0.744,
      "auroc": 0.8971679999999999,
      "optimal_threshold": 0.9749871492385864,
      "tpr_at_fpr_0_01": 0.58,
      "fpr95": 0.596,
      "aupr": 0.921309769840362
    },
    "layer_8": {
      "n_total": 500,
      "n_valid": 500,
      "n_val_total": 500,
      "n_val_valid": 500,
      "acc": 0.814,
      "f1": 0.7780429594272077,
      "pre": 0.9644970414201184,
      "recall": 0.652,
      "auroc": 0.8934559999999999,
      "optimal_threshold": 1.0399911403656006,
      "tpr_at_fpr_0_01": 0.592,
      "fpr95": 0.62,
      "aupr": 0.9189005113025781
    },
    "layer_9": {
      "n_total": 500,
      "n_valid": 500,
      "n_val_total": 500,
      "n_val_valid": 500,
      "acc": 0.806,
      "f1": 0.7639902676399026,
      "pre": 0.9751552795031055,
      "recall": 0.628,
      "auroc": 0.8921119999999999,
      "optimal_threshold": 1.2393020391464233,
      "tpr_at_fpr_0_01": 0.6,
      "fpr95": 0.74,
      "aupr": 0.920325714799028
    },
    "layer_10": {
      "n_total": 500,
      "n_valid": 500,
      "n_val_total": 500,
      "n_val_valid": 500,
      "acc": 0.83,
      "f1": 0.8054919908466819,
      "pre": 0.9411764705882353,
      "recall": 0.704,
      "auroc": 0.8960159999999999,
      "optimal_threshold": 1.2470250129699707,
      "tpr_at_fpr_0_01": 0.624,
      "fpr95": 0.708,
      "aupr": 0.9237717446801825
    },
    "layer_11": {
      "n_total": 500,
      "n_valid": 500,
      "n_val_total": 500,
      "n_val_valid": 500,
      "acc": 0.858,
      "f1": 0.8418708240534521,
      "pre": 0.949748743718593,
      "recall": 0.756,
      "auroc": 0.901904,
      "optimal_threshold": 1.2882541418075562,
      "tpr_at_fpr_0_01": 0.696,
      "fpr95": 0.756,
      "aupr": 0.9304508895604772
    },
    "layer_12": {
      "n_total": 500,
      "n_valid": 500,
      "n_val_total": 500,
      "n_val_valid": 500,
      "acc": 0.832,
      "f1": 0.8205128205128205,
      "pre": 0.8807339449541285,
      "recall": 0.768,
      "auroc": 0.895696,
      "optimal_threshold": 1.2454109191894531,
      "tpr_at_fpr_0_01": 0.636,
      "fpr95": 0.748,
      "aupr": 0.9247732617965001
    },
    "layer_13": {
      "n_total": 500,
      "n_valid": 500,
      "n_val_total": 500,
      "n_val_valid": 500,
      "acc": 0.854,
      "f1": 0.8366890380313199,
      "pre": 0.949238578680203,
      "recall": 0.748,
      "auroc": 0.901536,
      "optimal_threshold": 1.456160545349121,
      "tpr_at_fpr_0_01": 0.66,
      "fpr95": 0.76,
      "aupr": 0.9293244152268995
    },
    "layer_14": {
      "n_total": 500,
      "n_valid": 500,
      "n_val_total": 500,
      "n_val_valid": 500,
      "acc": 0.85,
      "f1": 0.8314606741573034,
      "pre": 0.9487179487179487,
      "recall": 0.74,
      "auroc": 0.9074559999999999,
      "optimal_threshold": 1.7284845113754272,
      "tpr_at_fpr_0_01": 0.672,
      "fpr95": 0.696,
      "aupr": 0.9324583541017517
    },
    "layer_15": {
      "n_total": 500,
      "n_valid": 500,
      "n_val_total": 500,
      "n_val_valid": 500,
      "acc": 0.844,
      "f1": 0.8333333333333334,
      "pre": 0.8944954128440367,
      "recall": 0.78,
      "auroc": 0.9193760000000001,
      "optimal_threshold": 1.5924067497253418,
      "tpr_at_fpr_0_01": 0.668,
      "fpr95": 0.572,
      "aupr": 0.937762439724146
    },
    "layer_16": {
      "n_total": 500,
      "n_valid": 500,
      "n_val_total": 500,
      "n_val_valid": 500,
      "acc": 0.842,
      "f1": 0.8278867102396514,
      "pre": 0.9090909090909091,
      "recall": 0.76,
      "auroc": 0.9196799999999999,
      "optimal_threshold": 2.060267210006714,
      "tpr_at_fpr_0_01": 0.68,
      "fpr95": 0.592,
      "aupr": 0.9386283496282459
    },
    "layer_17": {
      "n_total": 500,
      "n_valid": 500,
      "n_val_total": 500,
      "n_val_valid": 500,
      "acc": 0.85,
      "f1": 0.838012958963283,
      "pre": 0.9107981220657277,
      "recall": 0.776,
      "auroc": 0.9190240000000001,
      "optimal_threshold": 2.3711743354797363,
      "tpr_at_fpr_0_01": 0.716,
      "fpr95": 0.536,
      "aupr": 0.9394527740370883
    },
    "layer_18": {
      "n_total": 500,
      "n_valid": 500,
      "n_val_total": 500,
      "n_val_valid": 500,
      "acc": 0.868,
      "f1": 0.8558951965065502,
      "pre": 0.9423076923076923,
      "recall": 0.784,
      "auroc": 0.935856,
      "optimal_threshold": 2.734402894973755,
      "tpr_at_fpr_0_01": 0.68,
      "fpr95": 0.424,
      "aupr": 0.9487108999568019
    },
    "layer_19": {
      "n_total": 500,
      "n_valid": 500,
      "n_val_total": 500,
      "n_val_valid": 500,
      "acc": 0.874,
      "f1": 0.8596881959910914,
      "pre": 0.9698492462311558,
      "recall": 0.772,
      "auroc": 0.9412320000000001,
      "optimal_threshold": 3.482285737991333,
      "tpr_at_fpr_0_01": 0.68,
      "fpr95": 0.388,
      "aupr": 0.9521946183894004
    },
    "layer_20": {
      "n_total": 500,
      "n_valid": 500,
      "n_val_total": 500,
      "n_val_valid": 500,
      "acc": 0.874,
      "f1": 0.8627450980392157,