{
  "args": {
    "model": "llama_8b",
    "dataset": "drl_t1_perturbation",
    "mode": "last_token",
    "centering": false,
    "prefix": false,
    "smoke_test": false,
    "ood": false,
    "ood_set": "",
    "manifold": true,
    "pca_components": 30
  },
  "steering_domain": "drl_t1_perturbation",
  "eval_domain": "drl_t1_perturbation",
  "n_samples": 500,
  "n_layers": 33,
  "metrics_per_layer": {
    "layer_1": {
      "n_total": 500,
      "n_valid": 500,
      "n_val_total": 500,
      "n_val_valid": 500,
      "acc": 0.62,
      "f1": 0.7155688622754491,
      "pre": 0.5717703349282297,
      "recall": 0.956,
      "auroc": 0.621632,
      "optimal_threshold": 0.17987900972366333,
      "tpr_at_fpr_0_01": 0.0,
      "fpr95": 0.716,
      "aupr": 0.5704822984122453
    },
    "layer_2": {
      "n_total": 500,
      "n_valid": 500,
      "n_val_total": 500,
      "n_val_valid": 500,
      "acc": 0.776,
      "f1": 0.7777777777777778,
      "pre": 0.7716535433070866,
      "recall": 0.784,
      "auroc": 0.849152,
      "optimal_threshold": 0.1310303509235382,
      "tpr_at_fpr_0_01": 0.192,
      "fpr95": 0.596,
      "aupr": 0.8479866162704865
    },
    "layer_3": {
      "n_total": 500,
      "n_valid": 500,
      "n_val_total": 500,
      "n_val_valid": 500,
      "acc": 0.766,
      "f1": 0.7405764966740577,
      "pre": 0.8308457711442786,
      "recall": 0.668,
      "auroc": 0.856464,
      "optimal_threshold": 0.27825266122817993,
      "tpr_at_fpr_0_01": 0.24,
      "fpr95": 0.604,
      "aupr": 0.8686428459092024
    },
    "layer_4": {
      "n_total": 500,
      "n_valid": 500,
      "n_val_total": 500,
      "n_val_valid": 500,
      "acc": 0.824,
      "f1": 0.7953488372093023,
      "pre": 0.95,
      "recall": 0.684,
      "auroc": 0.906,
      "optimal_threshold": 0.4678483009338379,
      "tpr_at_fpr_0_01": 0.444,
      "fpr95": 0.456,
      "aupr": 0.9200688396165478
    },
    "layer_5": {
      "n_total": 500,
      "n_valid": 500,
      "n_val_total": 500,
      "n_val_valid": 500,
      "acc": 0.898,
      "f1": 0.8952772073921971,
      "pre": 0.919831223628692,
      "recall": 0.872,
      "auroc": 0.9540639999999999,
      "optimal_threshold": 0.48837050795555115,
      "tpr_at_fpr_0_01": 0.812,
      "fpr95": 0.34,
      "aupr": 0.96496241191395
    },
    "layer_6": {
      "n_total": 500,
      "n_valid": 500,
      "n_val_total": 500,
      "n_val_valid": 500,
      "acc": 0.902,
      "f1": 0.9014084507042254,
      "pre": 0.9068825910931174,
      "recall": 0.896,
      "auroc": 0.968432,
      "optimal_threshold": 0.5495928525924683,
      "tpr_at_fpr_0_01": 0.828,
      "fpr95": 0.224,
      "aupr": 0.9749302841941858
    },
    "layer_7": {
      "n_total": 500,
      "n_valid": 500,
      "n_val_total": 500,
      "n_val_valid": 500,
      "acc": 0.884,
      "f1": 0.88671875,
      "pre": 0.8664122137404581,
      "recall": 0.908,
      "auroc": 0.966704,
      "optimal_threshold": 0.85438472032547,
      "tpr_at_fpr_0_01": 0.824,
      "fpr95": 0.276,
      "aupr": 0.9734401992405729
    },
    "layer_8": {
      "n_total": 500,
      "n_valid": 500,
      "n_val_total": 500,
      "n_val_valid": 500,
      "acc": 0.892,
      "f1": 0.8902439024390244,
      "pre": 0.9049586776859504,
      "recall": 0.876,
      "auroc": 0.959024,
      "optimal_threshold": 0.9511433243751526,
      "tpr_at_fpr_0_01": 0.756,
      "fpr95": 0.292,
      "aupr": 0.9662309528258993
    },
    "layer_9": {
      "n_total": 500,
      "n_valid": 500,
      "n_val_total": 500,
      "n_val_valid": 500,
      "acc": 0.886,
      "f1": 0.8814968814968815,
      "pre": 0.9177489177489178,
      "recall": 0.848,
      "auroc": 0.958432,
      "optimal_threshold": 1.237438440322876,
      "tpr_at_fpr_0_01": 0.776,
      "fpr95": 0.272,
      "aupr": 0.9659597701771871
    },
    "layer_10": {
      "n_total": 500,
      "n_valid": 500,
      "n_val_total": 500,
      "n_val_valid": 500,
      "acc": 0.9,
      "f1": 0.8983739837398373,
      "pre": 0.9132231404958677,
      "recall": 0.884,
      "auroc": 0.966128,
      "optimal_threshold": 1.2335536479949951,
      "tpr_at_fpr_0_01": 0.744,
      "fpr95": 0.22,
      "aupr": 0.9719871409327508
    },
    "layer_11": {
      "n_total": 500,
      "n_valid": 500,
      "n_val_total": 500,
      "n_val_valid": 500,
      "acc": 0.924,
      "f1": 0.9218106995884774,
      "pre": 0.9491525423728814,
      "recall": 0.896,
      "auroc": 0.9816159999999999,
      "optimal_threshold": 1.3580009937286377,
      "tpr_at_fpr_0_01": 0.872,
      "fpr95": 0.124,
      "aupr": 0.9846981761888536
    },
    "layer_12": {
      "n_total": 500,
      "n_valid": 500,
      "n_val_total": 500,
      "n_val_valid": 500,
      "acc": 0.91,
      "f1": 0.9090909090909091,
      "pre": 0.9183673469387755,
      "recall": 0.9,
      "auroc": 0.9745280000000001,
      "optimal_threshold": 1.374991774559021,
      "tpr_at_fpr_0_01": 0.828,
      "fpr95": 0.18,
      "aupr": 0.9787455182528583
    },
    "layer_13": {
      "n_total": 500,
      "n_valid": 500,
      "n_val_total": 500,
      "n_val_valid": 500,
      "acc": 0.908,
      "f1": 0.907258064516129,
      "pre": 0.9146341463414634,
      "recall": 0.9,
      "auroc": 0.975136,
      "optimal_threshold": 1.5702521800994873,
      "tpr_at_fpr_0_01": 0.836,
      "fpr95": 0.168,
      "aupr": 0.9790554885610756
    },
    "layer_14": {
      "n_total": 500,
      "n_valid": 500,
      "n_val_total": 500,
      "n_val_valid": 500,
      "acc": 0.892,
      "f1": 0.8826086956521739,
      "pre": 0.9666666666666667,
      "recall": 0.812,
      "auroc": 0.964704,
      "optimal_threshold": 2.0753591060638428,
      "tpr_at_fpr_0_01": 0.772,
      "fpr95": 0.224,
      "aupr": 0.9697359271005095
    },
    "layer_15": {
      "n_total": 500,
      "n_valid": 500,
      "n_val_total": 500,
      "n_val_valid": 500,
      "acc": 0.896,
      "f1": 0.8907563025210085,
      "pre": 0.9380530973451328,
      "recall": 0.848,
      "auroc": 0.967504,
      "optimal_threshold": 1.8970308303833008,
      "tpr_at_fpr_0_01": 0.804,
      "fpr95": 0.228,
      "aupr": 0.9726706941854477
    },
    "layer_16": {
      "n_total": 500,
      "n_valid": 500,
      "n_val_total": 500,
      "n_val_valid": 500,
      "acc": 0.904,
      "f1": 0.9008264462809917,
      "pre": 0.9316239316239316,
      "recall": 0.872,
      "auroc": 0.964512,
      "optimal_threshold": 2.133270740509033,
      "tpr_at_fpr_0_01": 0.816,
      "fpr95": 0.292,
      "aupr": 0.9715696173116063
    },
    "layer_17": {
      "n_total": 500,
      "n_valid": 500,
      "n_val_total": 500,
      "n_val_valid": 500,
      "acc": 0.926,
      "f1": 0.9227557411273486,
      "pre": 0.9650655021834061,
      "recall": 0.884,
      "auroc": 0.972016,
      "optimal_threshold": 2.4592907428741455,
      "tpr_at_fpr_0_01": 0.828,
      "fpr95": 0.196,
      "aupr": 0.9781001708111849
    },
    "layer_18": {
      "n_total": 500,
      "n_valid": 500,
      "n_val_total": 500,
      "n_val_valid": 500,
      "acc": 0.908,
      "f1": 0.9057377049180327,
      "pre": 0.9285714285714286,
      "recall": 0.884,
      "auroc": 0.963568,
      "optimal_threshold": 2.6597776412963867,
      "tpr_at_fpr_0_01": 0.808,
      "fpr95": 0.304,
      "aupr": 0.9714879024825508
    },
    "layer_19": {
      "n_total": 500,
      "n_valid": 500,
      "n_val_total": 500,
      "n_val_valid": 500,
      "acc": 0.93,
      "f1": 0.9263157894736842,
      "pre": 0.9777777777777777,
      "recall": 0.88,
      "auroc": 0.9740479999999999,
      "optimal_threshold": 3.2160286903381348,
      "tpr_at_fpr_0_01": 0.86,
      "fpr95": 0.216,
      "aupr": 0.9798255338938636
    },
    "layer_20": {
      "n_total": 500,
      "n_valid": 500,
      "n_val_total": 500,
      "n_val_valid": 500,
      "acc": 0.918,
      "f1": 0.9154639175257732,
      "pre": 0.9446808510638298,
      "recall": 0.888,