{
  "args": {
    "model": "llama_8b",
    "dataset": "tsm_multi",
    "mode": "last_token",
    "prefix": false,
    "smoke_test": false,
    "ood": false,
    "ood_set": "",
    "manifold": true,
    "pca_components": 15
  },
  "steering_domain": "tsm_multi",
  "eval_domain": "tsm_multi",
  "n_samples": 500,
  "n_layers": 33,
  "metrics_per_layer": {
    "layer_1": {
      "n_total": 500,
      "n_valid": 500,
      "n_val_total": 500,
      "n_val_valid": 500,
      "acc": 0.528,
      "f1": 0.6666666666666666,
      "pre": 0.5152838427947598,
      "recall": 0.944,
      "auroc": 0.5233920000000001,
      "optimal_threshold": -0.12332744896411896,
      "tpr_at_fpr_0_01": 0.0,
      "fpr95": 0.888,
      "aupr": 0.5119717888318664
    },
    "layer_2": {
      "n_total": 500,
      "n_valid": 500,
      "n_val_total": 500,
      "n_val_valid": 500,
      "acc": 0.54,
      "f1": 0.3611111111111111,
      "pre": 0.5909090909090909,
      "recall": 0.26,
      "auroc": 0.584512,
      "optimal_threshold": 0.034499697387218475,
      "tpr_at_fpr_0_01": 0.004,
      "fpr95": 0.908,
      "aupr": 0.5571737659652451
    },
    "layer_3": {
      "n_total": 500,
      "n_valid": 500,
      "n_val_total": 500,
      "n_val_valid": 500,
      "acc": 0.58,
      "f1": 0.6263345195729537,
      "pre": 0.5641025641025641,
      "recall": 0.704,
      "auroc": 0.5968800000000001,
      "optimal_threshold": -0.025144968181848526,
      "tpr_at_fpr_0_01": 0.024,
      "fpr95": 0.944,
      "aupr": 0.5727864766853967
    },
    "layer_4": {
      "n_total": 500,
      "n_valid": 500,
      "n_val_total": 500,
      "n_val_valid": 500,
      "acc": 0.62,
      "f1": 0.5720720720720721,
      "pre": 0.654639175257732,
      "recall": 0.508,
      "auroc": 0.66672,
      "optimal_threshold": 0.049326591193675995,
      "tpr_at_fpr_0_01": 0.068,
      "fpr95": 0.9,
      "aupr": 0.6676729245567941
    },
    "layer_5": {
      "n_total": 500,
      "n_valid": 500,
      "n_val_total": 500,
      "n_val_valid": 500,
      "acc": 0.704,
      "f1": 0.6636363636363637,
      "pre": 0.7684210526315789,
      "recall": 0.584,
      "auroc": 0.7543040000000001,
      "optimal_threshold": 0.04905959963798523,
      "tpr_at_fpr_0_01": 0.14,
      "fpr95": 0.836,
      "aupr": 0.7717157900121402
    },
    "layer_6": {
      "n_total": 500,
      "n_valid": 500,
      "n_val_total": 500,
      "n_val_valid": 500,
      "acc": 0.724,
      "f1": 0.7051282051282052,
      "pre": 0.7568807339449541,
      "recall": 0.66,
      "auroc": 0.7999200000000001,
      "optimal_threshold": 0.007484991103410721,
      "tpr_at_fpr_0_01": 0.16,
      "fpr95": 0.796,
      "aupr": 0.8199032724407013
    },
    "layer_7": {
      "n_total": 500,
      "n_valid": 500,
      "n_val_total": 500,
      "n_val_valid": 500,
      "acc": 0.734,
      "f1": 0.70509977827051,
      "pre": 0.7910447761194029,
      "recall": 0.636,
      "auroc": 0.7964959999999999,
      "optimal_threshold": 0.03082907199859619,
      "tpr_at_fpr_0_01": 0.192,
      "fpr95": 0.744,
      "aupr": 0.8180079707101203
    },
    "layer_8": {
      "n_total": 500,
      "n_valid": 500,
      "n_val_total": 500,
      "n_val_valid": 500,
      "acc": 0.714,
      "f1": 0.6963906581740976,
      "pre": 0.7420814479638009,
      "recall": 0.656,
      "auroc": 0.7907360000000001,
      "optimal_threshold": -0.008106008172035217,
      "tpr_at_fpr_0_01": 0.192,
      "fpr95": 0.796,
      "aupr": 0.8107709296818636
    },
    "layer_9": {
      "n_total": 500,
      "n_valid": 500,
      "n_val_total": 500,
      "n_val_valid": 500,
      "acc": 0.696,
      "f1": 0.6846473029045643,
      "pre": 0.7112068965517241,
      "recall": 0.66,
      "auroc": 0.7785439999999999,
      "optimal_threshold": -0.03883029520511627,
      "tpr_at_fpr_0_01": 0.208,
      "fpr95": 0.812,
      "aupr": 0.801893852622212
    },
    "layer_10": {
      "n_total": 500,
      "n_valid": 500,
      "n_val_total": 500,
      "n_val_valid": 500,
      "acc": 0.718,
      "f1": 0.7229862475442044,
      "pre": 0.7104247104247104,
      "recall": 0.736,
      "auroc": 0.7823199999999999,
      "optimal_threshold": -0.10180334746837616,
      "tpr_at_fpr_0_01": 0.24,
      "fpr95": 0.86,
      "aupr": 0.8117811073523686
    },
    "layer_11": {
      "n_total": 500,
      "n_valid": 500,
      "n_val_total": 500,
      "n_val_valid": 500,
      "acc": 0.758,
      "f1": 0.7575150300601202,
      "pre": 0.7590361445783133,
      "recall": 0.756,
      "auroc": 0.839648,
      "optimal_threshold": -0.12812146544456482,
      "tpr_at_fpr_0_01": 0.352,
      "fpr95": 0.732,
      "aupr": 0.8696922658808749
    },
    "layer_12": {
      "n_total": 500,
      "n_valid": 500,
      "n_val_total": 500,
      "n_val_valid": 500,
      "acc": 0.756,
      "f1": 0.7324561403508771,
      "pre": 0.8106796116504854,
      "recall": 0.668,
      "auroc": 0.818608,
      "optimal_threshold": 0.004363119602203369,
      "tpr_at_fpr_0_01": 0.336,
      "fpr95": 0.788,
      "aupr": 0.8510035581367031
    },
    "layer_13": {
      "n_total": 500,
      "n_valid": 500,
      "n_val_total": 500,
      "n_val_valid": 500,
      "acc": 0.748,
      "f1": 0.7236842105263158,
      "pre": 0.8009708737864077,
      "recall": 0.66,
      "auroc": 0.8124480000000001,
      "optimal_threshold": 0.02846064418554306,
      "tpr_at_fpr_0_01": 0.34,
      "fpr95": 0.832,
      "aupr": 0.8442689111200763
    },
    "layer_14": {
      "n_total": 500,
      "n_valid": 500,
      "n_val_total": 500,
      "n_val_valid": 500,
      "acc": 0.736,
      "f1": 0.7261410788381742,
      "pre": 0.7543103448275862,
      "recall": 0.7,
      "auroc": 0.8028639999999999,
      "optimal_threshold": -0.0644274353981018,
      "tpr_at_fpr_0_01": 0.328,
      "fpr95": 0.84,
      "aupr": 0.8383614420568202
    },
    "layer_15": {
      "n_total": 500,
      "n_valid": 500,
      "n_val_total": 500,
      "n_val_valid": 500,
      "acc": 0.748,
      "f1": 0.7341772151898734,
      "pre": 0.7767857142857143,
      "recall": 0.696,
      "auroc": 0.8106880000000001,
      "optimal_threshold": -0.05236619710922241,
      "tpr_at_fpr_0_01": 0.308,
      "fpr95": 0.82,
      "aupr": 0.8478216696985554
    },
    "layer_16": {
      "n_total": 500,
      "n_valid": 500,
      "n_val_total": 500,
      "n_val_valid": 500,
      "acc": 0.736,
      "f1": 0.6901408450704225,
      "pre": 0.8352272727272727,
      "recall": 0.588,
      "auroc": 0.8090719999999998,
      "optimal_threshold": 0.19312810897827148,
      "tpr_at_fpr_0_01": 0.38,
      "fpr95": 0.804,
      "aupr": 0.8446250394894561
    },
    "layer_17": {
      "n_total": 500,
      "n_valid": 500,
      "n_val_total": 500,
      "n_val_valid": 500,
      "acc": 0.758,
      "f1": 0.7125890736342043,
      "pre": 0.8771929824561403,
      "recall": 0.6,
      "auroc": 0.8220320000000001,
      "optimal_threshold": 0.16237503290176392,
      "tpr_at_fpr_0_01": 0.444,
      "fpr95": 0.836,
      "aupr": 0.8591665491756544
    },
    "layer_18": {
      "n_total": 500,
      "n_valid": 500,
      "n_val_total": 500,
      "n_val_valid": 500,
      "acc": 0.75,
      "f1": 0.7016706443914081,
      "pre": 0.8698224852071006,
      "recall": 0.588,
      "auroc": 0.817408,
      "optimal_threshold": 0.2305053472518921,
      "tpr_at_fpr_0_01": 0.456,
      "fpr95": 0.812,
      "aupr": 0.8554637512879892
    },
    "layer_19": {
      "n_total": 500,
      "n_valid": 500,
      "n_val_total": 500,
      "n_val_valid": 500,
      "acc": 0.756,
      "f1": 0.7252252252252253,
      "pre": 0.8298969072164949,
      "recall": 0.644,
      "auroc": 0.8295520000000001,
      "optimal_threshold": -0.007459074258804321,
      "tpr_at_fpr_0_01": 0.472,
      "fpr95": 0.752,
      "aupr": 0.8666154487887434
    },
    "layer_20": {
      "n_total": 500,
      "n_valid": 500,
      "n_val_total": 500,
      "n_val_valid": 500,
      "acc": 0.744,