{
  "args": {
    "model": "qwen_06b",
    "dataset": "m4_multi",
    "mode": "last_token",
    "prefix": false,
    "smoke_test": true,
    "ood": false,
    "ood_set": "",
    "manifold": false,
    "pca_components": 10
  },
  "steering_domain": "m4_multi",
  "eval_domain": "m4_multi",
  "n_samples": 30,
  "n_layers": 29,
  "metrics_per_layer": {
    "layer_1": {
      "n_total": 30,
      "n_valid": 30,
      "n_val_total": 30,
      "n_val_valid": 30,
      "acc": 0.7666666666666667,
      "f1": 0.7407407407407407,
      "pre": 0.625,
      "recall": 0.9090909090909091,
      "auroc": 0.861244019138756,
      "optimal_threshold": 0.10816348344087601,
      "tpr_at_fpr_0_01": 0.0,
      "fpr95": 0.3157894736842105,
      "aupr": 0.6858631564513917
    },
    "layer_2": {
      "n_total": 30,
      "n_valid": 30,
      "n_val_total": 30,
      "n_val_valid": 30,
      "acc": 0.7666666666666667,
      "f1": 0.72,
      "pre": 0.6428571428571429,
      "recall": 0.8181818181818182,
      "auroc": 0.8325358851674641,
      "optimal_threshold": 2.4275670051574707,
      "tpr_at_fpr_0_01": 0.2727272727272727,
      "fpr95": 0.6842105263157895,
      "aupr": 0.7926891290527653
    },
    "layer_3": {
      "n_total": 30,
      "n_valid": 30,
      "n_val_total": 30,
      "n_val_valid": 30,
      "acc": 0.7333333333333333,
      "f1": 0.6363636363636364,
      "pre": 0.6363636363636364,
      "recall": 0.6363636363636364,
      "auroc": 0.8133971291866029,
      "optimal_threshold": 4.110257148742676,
      "tpr_at_fpr_0_01": 0.18181818181818182,
      "fpr95": 0.631578947368421,
      "aupr": 0.7509621910807682
    },
    "layer_4": {
      "n_total": 30,
      "n_valid": 30,
      "n_val_total": 30,
      "n_val_valid": 30,
      "acc": 0.7333333333333333,
      "f1": 0.6666666666666666,
      "pre": 0.6153846153846154,
      "recall": 0.7272727272727273,
      "auroc": 0.9138755980861244,
      "optimal_threshold": 1.9748616218566895,
      "tpr_at_fpr_0_01": 0.5454545454545454,
      "fpr95": 0.2631578947368421,
      "aupr": 0.8792748917748918
    },
    "layer_5": {
      "n_total": 30,
      "n_valid": 30,
      "n_val_total": 30,
      "n_val_valid": 30,
      "acc": 0.8333333333333334,
      "f1": 0.7619047619047619,
      "pre": 0.8,
      "recall": 0.7272727272727273,
      "auroc": 0.9186602870813398,
      "optimal_threshold": 3.4965169429779053,
      "tpr_at_fpr_0_01": 0.6363636363636364,
      "fpr95": 0.2631578947368421,
      "aupr": 0.8906385281385283
    },
    "layer_6": {
      "n_total": 30,
      "n_valid": 30,
      "n_val_total": 30,
      "n_val_valid": 30,
      "acc": 0.8666666666666667,
      "f1": 0.7777777777777778,
      "pre": 1.0,
      "recall": 0.6363636363636364,
      "auroc": 0.9138755980861244,
      "optimal_threshold": 4.920474052429199,
      "tpr_at_fpr_0_01": 0.6363636363636364,
      "fpr95": 0.2631578947368421,
      "aupr": 0.8840269578905944
    },
    "layer_7": {
      "n_total": 30,
      "n_valid": 30,
      "n_val_total": 30,
      "n_val_valid": 30,
      "acc": 0.8333333333333334,
      "f1": 0.7368421052631579,
      "pre": 0.875,
      "recall": 0.6363636363636364,
      "auroc": 0.9090909090909092,
      "optimal_threshold": 5.786499977111816,
      "tpr_at_fpr_0_01": 0.6363636363636364,
      "fpr95": 0.2631578947368421,
      "aupr": 0.8785173160173161
    },
    "layer_8": {
      "n_total": 30,
      "n_valid": 30,
      "n_val_total": 30,
      "n_val_valid": 30,
      "acc": 0.8,
      "f1": 0.7,
      "pre": 0.7777777777777778,
      "recall": 0.6363636363636364,
      "auroc": 0.9186602870813398,
      "optimal_threshold": 4.766501426696777,
      "tpr_at_fpr_0_01": 0.6363636363636364,
      "fpr95": 0.2631578947368421,
      "aupr": 0.8906385281385283
    },
    "layer_9": {
      "n_total": 30,
      "n_valid": 30,
      "n_val_total": 30,
      "n_val_valid": 30,
      "acc": 0.8333333333333334,
      "f1": 0.7368421052631579,
      "pre": 0.875,
      "recall": 0.6363636363636364,
      "auroc": 0.9138755980861244,
      "optimal_threshold": 5.131689548492432,
      "tpr_at_fpr_0_01": 0.6363636363636364,
      "fpr95": 0.3684210526315789,
      "aupr": 0.8868227731864096
    },
    "layer_10": {
      "n_total": 30,
      "n_valid": 30,
      "n_val_total": 30,
      "n_val_valid": 30,
      "acc": 0.8666666666666667,
      "f1": 0.7777777777777778,
      "pre": 1.0,
      "recall": 0.6363636363636364,
      "auroc": 0.894736842105263,
      "optimal_threshold": 5.650382041931152,
      "tpr_at_fpr_0_01": 0.6363636363636364,
      "fpr95": 0.3684210526315789,
      "aupr": 0.8677849927849928
    },
    "layer_11": {
      "n_total": 30,
      "n_valid": 30,
      "n_val_total": 30,
      "n_val_valid": 30,
      "acc": 0.7666666666666667,
      "f1": 0.6666666666666666,
      "pre": 0.7,
      "recall": 0.6363636363636364,
      "auroc": 0.9330143540669856,
      "optimal_threshold": 5.868320941925049,
      "tpr_at_fpr_0_01": 0.6363636363636364,
      "fpr95": 0.21052631578947367,
      "aupr": 0.9022628886265252
    },
    "layer_12": {
      "n_total": 30,
      "n_valid": 30,
      "n_val_total": 30,
      "n_val_valid": 30,
      "acc": 0.8333333333333334,
      "f1": 0.7619047619047619,
      "pre": 0.8,
      "recall": 0.7272727272727273,
      "auroc": 0.9425837320574162,
      "optimal_threshold": 8.327958106994629,
      "tpr_at_fpr_0_01": 0.6363636363636364,
      "fpr95": 0.21052631578947367,
      "aupr": 0.913869463869464
    },
    "layer_13": {
      "n_total": 30,
      "n_valid": 30,
      "n_val_total": 30,
      "n_val_valid": 30,
      "acc": 0.8333333333333334,
      "f1": 0.7619047619047619,
      "pre": 0.8,
      "recall": 0.7272727272727273,
      "auroc": 0.8995215311004785,
      "optimal_threshold": 7.06787109375,
      "tpr_at_fpr_0_01": 0.6363636363636364,
      "fpr95": 0.42105263157894735,
      "aupr": 0.883245409561199
    },
    "layer_14": {
      "n_total": 30,
      "n_valid": 30,
      "n_val_total": 30,
      "n_val_valid": 30,
      "acc": 0.8,
      "f1": 0.7272727272727273,
      "pre": 0.7272727272727273,
      "recall": 0.7272727272727273,
      "auroc": 0.8755980861244019,
      "optimal_threshold": 8.623412132263184,
      "tpr_at_fpr_0_01": 0.6363636363636364,
      "fpr95": 0.5263157894736842,
      "aupr": 0.8686868686868687
    },
    "layer_15": {
      "n_total": 30,
      "n_valid": 30,
      "n_val_total": 30,
      "n_val_valid": 30,
      "acc": 0.8666666666666667,
      "f1": 0.7777777777777778,
      "pre": 1.0,
      "recall": 0.6363636363636364,
      "auroc": 0.8755980861244019,
      "optimal_threshold": 6.9099836349487305,
      "tpr_at_fpr_0_01": 0.6363636363636364,
      "fpr95": 0.5263157894736842,
      "aupr": 0.8686868686868687
    },
    "layer_16": {
      "n_total": 30,
      "n_valid": 30,
      "n_val_total": 30,
      "n_val_valid": 30,
      "acc": 0.8333333333333334,
      "f1": 0.7368421052631579,
      "pre": 0.875,
      "recall": 0.6363636363636364,
      "auroc": 0.8899521531100478,
      "optimal_threshold": 5.265290260314941,
      "tpr_at_fpr_0_01": 0.6363636363636364,
      "fpr95": 0.47368421052631576,
      "aupr": 0.8725330225330226
    },
    "layer_17": {
      "n_total": 30,
      "n_valid": 30,
      "n_val_total": 30,
      "n_val_valid": 30,
      "acc": 0.8333333333333334,
      "f1": 0.7368421052631579,
      "pre": 0.875,
      "recall": 0.6363636363636364,
      "auroc": 0.8468899521531101,
      "optimal_threshold": 9.969017028808594,
      "tpr_at_fpr_0_01": 0.6363636363636364,
      "fpr95": 0.631578947368421,
      "aupr": 0.8425485088034497
    },
    "layer_18": {
      "n_total": 30,
      "n_valid": 30,
      "n_val_total": 30,
      "n_val_valid": 30,
      "acc": 0.8333333333333334,
      "f1": 0.7368421052631579,
      "pre": 0.875,
      "recall": 0.6363636363636364,
      "auroc": 0.8947368421052632,
      "optimal_threshold": 9.370203018188477,