{
  "args": {
    "model": "llama_8b",
    "dataset": "drl_t1_perturbation",
    "mode": "last_token",
    "prefix": false,
    "smoke_test": false,
    "ood": false,
    "ood_set": "",
    "manifold": true,
    "pca_components": 25
  },
  "steering_domain": "drl_t1_perturbation",
  "eval_domain": "drl_t1_perturbation",
  "n_samples": 500,
  "n_layers": 33,
  "metrics_per_layer": {
    "layer_1": {
      "n_total": 500,
      "n_valid": 500,
      "n_val_total": 500,
      "n_val_valid": 500,
      "acc": 0.62,
      "f1": 0.7155688622754491,
      "pre": 0.5717703349282297,
      "recall": 0.956,
      "auroc": 0.621632,
      "optimal_threshold": 0.04492175206542015,
      "tpr_at_fpr_0_01": 0.0,
      "fpr95": 0.716,
      "aupr": 0.5704822984122453
    },
    "layer_2": {
      "n_total": 500,
      "n_valid": 500,
      "n_val_total": 500,
      "n_val_valid": 500,
      "acc": 0.768,
      "f1": 0.7777777777777778,
      "pre": 0.7463235294117647,
      "recall": 0.812,
      "auroc": 0.845536,
      "optimal_threshold": 0.03477621451020241,
      "tpr_at_fpr_0_01": 0.176,
      "fpr95": 0.604,
      "aupr": 0.8425756463753822
    },
    "layer_3": {
      "n_total": 500,
      "n_valid": 500,
      "n_val_total": 500,
      "n_val_valid": 500,
      "acc": 0.768,
      "f1": 0.75,
      "pre": 0.8130841121495327,
      "recall": 0.696,
      "auroc": 0.854272,
      "optimal_threshold": 0.0826757475733757,
      "tpr_at_fpr_0_01": 0.236,
      "fpr95": 0.6,
      "aupr": 0.8651119108405536
    },
    "layer_4": {
      "n_total": 500,
      "n_valid": 500,
      "n_val_total": 500,
      "n_val_valid": 500,
      "acc": 0.816,
      "f1": 0.8042553191489362,
      "pre": 0.8590909090909091,
      "recall": 0.756,
      "auroc": 0.9038879999999999,
      "optimal_threshold": 0.1111675500869751,
      "tpr_at_fpr_0_01": 0.384,
      "fpr95": 0.452,
      "aupr": 0.9170706480545171
    },
    "layer_5": {
      "n_total": 500,
      "n_valid": 500,
      "n_val_total": 500,
      "n_val_valid": 500,
      "acc": 0.894,
      "f1": 0.8916155419222904,
      "pre": 0.9121338912133892,
      "recall": 0.872,
      "auroc": 0.9534400000000001,
      "optimal_threshold": 0.02004682645201683,
      "tpr_at_fpr_0_01": 0.804,
      "fpr95": 0.348,
      "aupr": 0.964501051725528
    },
    "layer_6": {
      "n_total": 500,
      "n_valid": 500,
      "n_val_total": 500,
      "n_val_valid": 500,
      "acc": 0.898,
      "f1": 0.8982035928143712,
      "pre": 0.896414342629482,
      "recall": 0.9,
      "auroc": 0.968368,
      "optimal_threshold": -0.03487718850374222,
      "tpr_at_fpr_0_01": 0.824,
      "fpr95": 0.224,
      "aupr": 0.9748495523215228
    },
    "layer_7": {
      "n_total": 500,
      "n_valid": 500,
      "n_val_total": 500,
      "n_val_valid": 500,
      "acc": 0.886,
      "f1": 0.8888888888888888,
      "pre": 0.8669201520912547,
      "recall": 0.912,
      "auroc": 0.96624,
      "optimal_threshold": -0.10388409346342087,
      "tpr_at_fpr_0_01": 0.824,
      "fpr95": 0.28,
      "aupr": 0.973113779008541
    },
    "layer_8": {
      "n_total": 500,
      "n_valid": 500,
      "n_val_total": 500,
      "n_val_valid": 500,
      "acc": 0.882,
      "f1": 0.8812877263581489,
      "pre": 0.8866396761133604,
      "recall": 0.876,
      "auroc": 0.958496,
      "optimal_threshold": -0.05898177623748779,
      "tpr_at_fpr_0_01": 0.756,
      "fpr95": 0.3,
      "aupr": 0.9658686980850792
    },
    "layer_9": {
      "n_total": 500,
      "n_valid": 500,
      "n_val_total": 500,
      "n_val_valid": 500,
      "acc": 0.886,
      "f1": 0.8829568788501027,
      "pre": 0.9071729957805907,
      "recall": 0.86,
      "auroc": 0.9580639999999999,
      "optimal_threshold": -0.08315184712409973,
      "tpr_at_fpr_0_01": 0.776,
      "fpr95": 0.272,
      "aupr": 0.9657409773395799
    },
    "layer_10": {
      "n_total": 500,
      "n_valid": 500,
      "n_val_total": 500,
      "n_val_valid": 500,
      "acc": 0.904,
      "f1": 0.9012345679012346,
      "pre": 0.9279661016949152,
      "recall": 0.876,
      "auroc": 0.965248,
      "optimal_threshold": -0.06789137423038483,
      "tpr_at_fpr_0_01": 0.74,
      "fpr95": 0.224,
      "aupr": 0.9713846615585708
    },
    "layer_11": {
      "n_total": 500,
      "n_valid": 500,
      "n_val_total": 500,
      "n_val_valid": 500,
      "acc": 0.924,
      "f1": 0.9218106995884774,
      "pre": 0.9491525423728814,
      "recall": 0.896,
      "auroc": 0.9811679999999999,
      "optimal_threshold": -0.13269031047821045,
      "tpr_at_fpr_0_01": 0.868,
      "fpr95": 0.136,
      "aupr": 0.9843067693355187
    },
    "layer_12": {
      "n_total": 500,
      "n_valid": 500,
      "n_val_total": 500,
      "n_val_valid": 500,
      "acc": 0.906,
      "f1": 0.9034907597535934,
      "pre": 0.9282700421940928,
      "recall": 0.88,
      "auroc": 0.974256,
      "optimal_threshold": -0.16002511978149414,
      "tpr_at_fpr_0_01": 0.82,
      "fpr95": 0.18,
      "aupr": 0.9784892533055467
    },
    "layer_13": {
      "n_total": 500,
      "n_valid": 500,
      "n_val_total": 500,
      "n_val_valid": 500,
      "acc": 0.904,
      "f1": 0.9036144578313253,
      "pre": 0.907258064516129,
      "recall": 0.9,
      "auroc": 0.975104,
      "optimal_threshold": -0.17948004603385925,
      "tpr_at_fpr_0_01": 0.836,
      "fpr95": 0.168,
      "aupr": 0.9790003601071844
    },
    "layer_14": {
      "n_total": 500,
      "n_valid": 500,
      "n_val_total": 500,
      "n_val_valid": 500,
      "acc": 0.886,
      "f1": 0.8747252747252747,
      "pre": 0.9707317073170731,
      "recall": 0.796,
      "auroc": 0.96424,
      "optimal_threshold": 0.16526904702186584,
      "tpr_at_fpr_0_01": 0.772,
      "fpr95": 0.232,
      "aupr": 0.9694137374066275
    },
    "layer_15": {
      "n_total": 500,
      "n_valid": 500,
      "n_val_total": 500,
      "n_val_valid": 500,
      "acc": 0.898,
      "f1": 0.8930817610062893,
      "pre": 0.9383259911894273,
      "recall": 0.852,
      "auroc": 0.9675199999999999,
      "optimal_threshold": -0.049469947814941406,
      "tpr_at_fpr_0_01": 0.804,
      "fpr95": 0.216,
      "aupr": 0.9726330802288633
    },
    "layer_16": {
      "n_total": 500,
      "n_valid": 500,
      "n_val_total": 500,
      "n_val_valid": 500,
      "acc": 0.9,
      "f1": 0.897119341563786,
      "pre": 0.923728813559322,
      "recall": 0.872,
      "auroc": 0.963856,
      "optimal_threshold": -0.11333805322647095,
      "tpr_at_fpr_0_01": 0.812,
      "fpr95": 0.284,
      "aupr": 0.9711165508469105
    },
    "layer_17": {
      "n_total": 500,
      "n_valid": 500,
      "n_val_total": 500,
      "n_val_valid": 500,
      "acc": 0.922,
      "f1": 0.9182389937106918,
      "pre": 0.9647577092511013,
      "recall": 0.876,
      "auroc": 0.97136,
      "optimal_threshold": -0.01067514717578888,
      "tpr_at_fpr_0_01": 0.828,
      "fpr95": 0.2,
      "aupr": 0.977586568891782
    },
    "layer_18": {
      "n_total": 500,
      "n_valid": 500,
      "n_val_total": 500,
      "n_val_valid": 500,
      "acc": 0.91,
      "f1": 0.9075975359342916,
      "pre": 0.9324894514767933,
      "recall": 0.884,
      "auroc": 0.96336,
      "optimal_threshold": -0.11234086751937866,
      "tpr_at_fpr_0_01": 0.808,
      "fpr95": 0.308,
      "aupr": 0.9713778610476985
    },
    "layer_19": {
      "n_total": 500,
      "n_valid": 500,
      "n_val_total": 500,
      "n_val_valid": 500,
      "acc": 0.928,
      "f1": 0.9243697478991597,
      "pre": 0.9734513274336283,
      "recall": 0.88,
      "auroc": 0.97392,
      "optimal_threshold": 0.22701823711395264,
      "tpr_at_fpr_0_01": 0.868,
      "fpr95": 0.228,
      "aupr": 0.9797619398638011
    },
    "layer_20": {
      "n_total": 500,
      "n_valid": 500,
      "n_val_total": 500,
      "n_val_valid": 500,
      "acc": 0.918,
      "f1": 0.9154639175257732,
      "pre": 0.9446808510638298,
      "recall": 0.888,