{
  "args": {
    "model": "llama_8b",
    "dataset": "multisocial_full",
    "mode": "last_token",
    "centering": false,
    "prefix": false,
    "smoke_test": false,
    "ood": false,
    "ood_set": "",
    "manifold": true,
    "pca_components": 50
  },
  "steering_domain": "multisocial_full",
  "eval_domain": "multisocial_full",
  "n_samples": 500,
  "n_layers": 33,
  "metrics_per_layer": {
    "layer_1": {
      "n_total": 500,
      "n_valid": 500,
      "n_val_total": 500,
      "n_val_valid": 500,
      "acc": 0.692,
      "f1": 0.6577777777777778,
      "pre": 0.74,
      "recall": 0.592,
      "auroc": 0.742856,
      "optimal_threshold": 0.0386863611638546,
      "tpr_at_fpr_0_01": 0.0,
      "fpr95": 0.868,
      "aupr": 0.7581896984887079
    },
    "layer_2": {
      "n_total": 500,
      "n_valid": 500,
      "n_val_total": 500,
      "n_val_valid": 500,
      "acc": 0.706,
      "f1": 0.6892177589852009,
      "pre": 0.7309417040358744,
      "recall": 0.652,
      "auroc": 0.7758240000000001,
      "optimal_threshold": -0.036720432341098785,
      "tpr_at_fpr_0_01": 0.04,
      "fpr95": 0.78,
      "aupr": 0.783778155835118
    },
    "layer_3": {
      "n_total": 500,
      "n_valid": 500,
      "n_val_total": 500,
      "n_val_valid": 500,
      "acc": 0.704,
      "f1": 0.7028112449799196,
      "pre": 0.7056451612903226,
      "recall": 0.7,
      "auroc": 0.794864,
      "optimal_threshold": -0.015510700643062592,
      "tpr_at_fpr_0_01": 0.212,
      "fpr95": 0.648,
      "aupr": 0.8088651774820577
    },
    "layer_4": {
      "n_total": 500,
      "n_valid": 500,
      "n_val_total": 500,
      "n_val_valid": 500,
      "acc": 0.706,
      "f1": 0.676923076923077,
      "pre": 0.751219512195122,
      "recall": 0.616,
      "auroc": 0.8050080000000001,
      "optimal_threshold": 0.16021806001663208,
      "tpr_at_fpr_0_01": 0.208,
      "fpr95": 0.676,
      "aupr": 0.823510922773066
    },
    "layer_5": {
      "n_total": 500,
      "n_valid": 500,
      "n_val_total": 500,
      "n_val_valid": 500,
      "acc": 0.736,
      "f1": 0.7509433962264151,
      "pre": 0.7107142857142857,
      "recall": 0.796,
      "auroc": 0.824752,
      "optimal_threshold": -0.06277228146791458,
      "tpr_at_fpr_0_01": 0.248,
      "fpr95": 0.56,
      "aupr": 0.8347572296229451
    },
    "layer_6": {
      "n_total": 500,
      "n_valid": 500,
      "n_val_total": 500,
      "n_val_valid": 500,
      "acc": 0.758,
      "f1": 0.768642447418738,
      "pre": 0.7362637362637363,
      "recall": 0.804,
      "auroc": 0.833328,
      "optimal_threshold": -0.016097478568553925,
      "tpr_at_fpr_0_01": 0.2,
      "fpr95": 0.576,
      "aupr": 0.8421286528820728
    },
    "layer_7": {
      "n_total": 500,
      "n_valid": 500,
      "n_val_total": 500,
      "n_val_valid": 500,
      "acc": 0.75,
      "f1": 0.7544204322200393,
      "pre": 0.7413127413127413,
      "recall": 0.768,
      "auroc": 0.8361759999999999,
      "optimal_threshold": -0.00663500651717186,
      "tpr_at_fpr_0_01": 0.152,
      "fpr95": 0.512,
      "aupr": 0.8369488421336282
    },
    "layer_8": {
      "n_total": 500,
      "n_valid": 500,
      "n_val_total": 500,
      "n_val_valid": 500,
      "acc": 0.754,
      "f1": 0.7564356435643564,
      "pre": 0.7490196078431373,
      "recall": 0.764,
      "auroc": 0.8490880000000001,
      "optimal_threshold": -0.12418834865093231,
      "tpr_at_fpr_0_01": 0.22,
      "fpr95": 0.552,
      "aupr": 0.8544233061638602
    },
    "layer_9": {
      "n_total": 500,
      "n_valid": 500,
      "n_val_total": 500,
      "n_val_valid": 500,
      "acc": 0.758,
      "f1": 0.7565392354124748,
      "pre": 0.7611336032388664,
      "recall": 0.752,
      "auroc": 0.850784,
      "optimal_threshold": -0.04254221171140671,
      "tpr_at_fpr_0_01": 0.248,
      "fpr95": 0.548,
      "aupr": 0.8584782560999654
    },
    "layer_10": {
      "n_total": 500,
      "n_valid": 500,
      "n_val_total": 500,
      "n_val_valid": 500,
      "acc": 0.764,
      "f1": 0.7781954887218046,
      "pre": 0.7340425531914894,
      "recall": 0.828,
      "auroc": 0.8526559999999999,
      "optimal_threshold": -0.07807144522666931,
      "tpr_at_fpr_0_01": 0.264,
      "fpr95": 0.572,
      "aupr": 0.8585799702367447
    },
    "layer_11": {
      "n_total": 500,
      "n_valid": 500,
      "n_val_total": 500,
      "n_val_valid": 500,
      "acc": 0.764,
      "f1": 0.7806691449814126,
      "pre": 0.7291666666666666,
      "recall": 0.84,
      "auroc": 0.8573599999999999,
      "optimal_threshold": -0.10071772336959839,
      "tpr_at_fpr_0_01": 0.224,
      "fpr95": 0.552,
      "aupr": 0.8647117083530881
    },
    "layer_12": {
      "n_total": 500,
      "n_valid": 500,
      "n_val_total": 500,
      "n_val_valid": 500,
      "acc": 0.77,
      "f1": 0.7874306839186691,
      "pre": 0.7319587628865979,
      "recall": 0.852,
      "auroc": 0.8572799999999999,
      "optimal_threshold": -0.0855918824672699,
      "tpr_at_fpr_0_01": 0.244,
      "fpr95": 0.536,
      "aupr": 0.8648704154607932
    },
    "layer_13": {
      "n_total": 500,
      "n_valid": 500,
      "n_val_total": 500,
      "n_val_valid": 500,
      "acc": 0.768,
      "f1": 0.7751937984496124,
      "pre": 0.7518796992481203,
      "recall": 0.8,
      "auroc": 0.8558079999999999,
      "optimal_threshold": -0.001935422420501709,
      "tpr_at_fpr_0_01": 0.272,
      "fpr95": 0.556,
      "aupr": 0.8645255793927655
    },
    "layer_14": {
      "n_total": 500,
      "n_valid": 500,
      "n_val_total": 500,
      "n_val_valid": 500,
      "acc": 0.77,
      "f1": 0.7568710359408034,
      "pre": 0.8026905829596412,
      "recall": 0.716,
      "auroc": 0.844128,
      "optimal_threshold": 0.4201815128326416,
      "tpr_at_fpr_0_01": 0.26,
      "fpr95": 0.588,
      "aupr": 0.852963785054927
    },
    "layer_15": {
      "n_total": 500,
      "n_valid": 500,
      "n_val_total": 500,
      "n_val_valid": 500,
      "acc": 0.792,
      "f1": 0.7928286852589641,
      "pre": 0.7896825396825397,
      "recall": 0.796,
      "auroc": 0.862736,
      "optimal_threshold": -0.04330519586801529,
      "tpr_at_fpr_0_01": 0.288,
      "fpr95": 0.56,
      "aupr": 0.8699973773032003
    },
    "layer_16": {
      "n_total": 500,
      "n_valid": 500,
      "n_val_total": 500,
      "n_val_valid": 500,
      "acc": 0.778,
      "f1": 0.7748478701825557,
      "pre": 0.7860082304526749,
      "recall": 0.764,
      "auroc": 0.857808,
      "optimal_threshold": 0.22480469942092896,
      "tpr_at_fpr_0_01": 0.276,
      "fpr95": 0.608,
      "aupr": 0.8656562642121968
    },
    "layer_17": {
      "n_total": 500,
      "n_valid": 500,
      "n_val_total": 500,
      "n_val_valid": 500,
      "acc": 0.788,
      "f1": 0.79296875,
      "pre": 0.7748091603053435,
      "recall": 0.812,
      "auroc": 0.8597920000000001,
      "optimal_threshold": 0.11259207129478455,
      "tpr_at_fpr_0_01": 0.292,
      "fpr95": 0.592,
      "aupr": 0.8664718983173687
    },
    "layer_18": {
      "n_total": 500,
      "n_valid": 500,
      "n_val_total": 500,
      "n_val_valid": 500,
      "acc": 0.782,
      "f1": 0.7705263157894737,
      "pre": 0.8133333333333334,
      "recall": 0.732,
      "auroc": 0.860704,
      "optimal_threshold": 0.32900694012641907,
      "tpr_at_fpr_0_01": 0.256,
      "fpr95": 0.536,
      "aupr": 0.8656123028537017
    },
    "layer_19": {
      "n_total": 500,
      "n_valid": 500,
      "n_val_total": 500,
      "n_val_valid": 500,
      "acc": 0.786,
      "f1": 0.7756813417190775,
      "pre": 0.8149779735682819,
      "recall": 0.74,
      "auroc": 0.865456,
      "optimal_threshold": 0.39924558997154236,
      "tpr_at_fpr_0_01": 0.316,
      "fpr95": 0.556,
      "aupr": 0.8697896073315279
    },
    "layer_20": {
      "n_total": 500,
      "n_valid": 500,
      "n_val_total": 500,
      "n_val_valid": 500,
      "acc": 0.768,