{
  "args": {
    "model": "llama_8b",
    "dataset": "drl_t1_perturbation",
    "mode": "last_token",
    "centering": false,
    "prefix": false,
    "smoke_test": false,
    "ood": false,
    "ood_set": "",
    "manifold": true,
    "pca_components": 40
  },
  "steering_domain": "drl_t1_perturbation",
  "eval_domain": "drl_t1_perturbation",
  "n_samples": 500,
  "n_layers": 33,
  "metrics_per_layer": {
    "layer_1": {
      "n_total": 500,
      "n_valid": 500,
      "n_val_total": 500,
      "n_val_valid": 500,
      "acc": 0.62,
      "f1": 0.7155688622754491,
      "pre": 0.5717703349282297,
      "recall": 0.956,
      "auroc": 0.621632,
      "optimal_threshold": 0.17987900972366333,
      "tpr_at_fpr_0_01": 0.0,
      "fpr95": 0.716,
      "aupr": 0.5704822984122453
    },
    "layer_2": {
      "n_total": 500,
      "n_valid": 500,
      "n_val_total": 500,
      "n_val_valid": 500,
      "acc": 0.78,
      "f1": 0.78,
      "pre": 0.78,
      "recall": 0.78,
      "auroc": 0.8511839999999999,
      "optimal_threshold": 0.13309676945209503,
      "tpr_at_fpr_0_01": 0.208,
      "fpr95": 0.6,
      "aupr": 0.850468398721776
    },
    "layer_3": {
      "n_total": 500,
      "n_valid": 500,
      "n_val_total": 500,
      "n_val_valid": 500,
      "acc": 0.77,
      "f1": 0.7438752783964365,
      "pre": 0.8391959798994975,
      "recall": 0.668,
      "auroc": 0.8591040000000001,
      "optimal_threshold": 0.27501779794692993,
      "tpr_at_fpr_0_01": 0.244,
      "fpr95": 0.604,
      "aupr": 0.8713773499265923
    },
    "layer_4": {
      "n_total": 500,
      "n_valid": 500,
      "n_val_total": 500,
      "n_val_valid": 500,
      "acc": 0.82,
      "f1": 0.7963800904977375,
      "pre": 0.9166666666666666,
      "recall": 0.704,
      "auroc": 0.9076,
      "optimal_threshold": 0.457163006067276,
      "tpr_at_fpr_0_01": 0.44,
      "fpr95": 0.444,
      "aupr": 0.9214799481484556
    },
    "layer_5": {
      "n_total": 500,
      "n_valid": 500,
      "n_val_total": 500,
      "n_val_valid": 500,
      "acc": 0.892,
      "f1": 0.889795918367347,
      "pre": 0.9083333333333333,
      "recall": 0.872,
      "auroc": 0.954656,
      "optimal_threshold": 0.48688843846321106,
      "tpr_at_fpr_0_01": 0.808,
      "fpr95": 0.332,
      "aupr": 0.9653444075710612
    },
    "layer_6": {
      "n_total": 500,
      "n_valid": 500,
      "n_val_total": 500,
      "n_val_valid": 500,
      "acc": 0.898,
      "f1": 0.8982035928143712,
      "pre": 0.896414342629482,
      "recall": 0.9,
      "auroc": 0.969072,
      "optimal_threshold": 0.5436400771141052,
      "tpr_at_fpr_0_01": 0.828,
      "fpr95": 0.212,
      "aupr": 0.9753028820390617
    },
    "layer_7": {
      "n_total": 500,
      "n_valid": 500,
      "n_val_total": 500,
      "n_val_valid": 500,
      "acc": 0.89,
      "f1": 0.8919449901768173,
      "pre": 0.8764478764478765,
      "recall": 0.908,
      "auroc": 0.96752,
      "optimal_threshold": 0.8610073924064636,
      "tpr_at_fpr_0_01": 0.828,
      "fpr95": 0.276,
      "aupr": 0.9740551760922278
    },
    "layer_8": {
      "n_total": 500,
      "n_valid": 500,
      "n_val_total": 500,
      "n_val_valid": 500,
      "acc": 0.892,
      "f1": 0.889795918367347,
      "pre": 0.9083333333333333,
      "recall": 0.872,
      "auroc": 0.9594880000000001,
      "optimal_threshold": 0.9680089950561523,
      "tpr_at_fpr_0_01": 0.756,
      "fpr95": 0.304,
      "aupr": 0.9666077056976894
    },
    "layer_9": {
      "n_total": 500,
      "n_valid": 500,
      "n_val_total": 500,
      "n_val_valid": 500,
      "acc": 0.886,
      "f1": 0.8829568788501027,
      "pre": 0.9071729957805907,
      "recall": 0.86,
      "auroc": 0.9590559999999999,
      "optimal_threshold": 1.1630427837371826,
      "tpr_at_fpr_0_01": 0.772,
      "fpr95": 0.256,
      "aupr": 0.9664092532820749
    },
    "layer_10": {
      "n_total": 500,
      "n_valid": 500,
      "n_val_total": 500,
      "n_val_valid": 500,
      "acc": 0.9,
      "f1": 0.8945147679324894,
      "pre": 0.9464285714285714,
      "recall": 0.848,
      "auroc": 0.966704,
      "optimal_threshold": 1.3954260349273682,
      "tpr_at_fpr_0_01": 0.748,
      "fpr95": 0.204,
      "aupr": 0.9723784600804327
    },
    "layer_11": {
      "n_total": 500,
      "n_valid": 500,
      "n_val_total": 500,
      "n_val_valid": 500,
      "acc": 0.92,
      "f1": 0.9190283400809717,
      "pre": 0.930327868852459,
      "recall": 0.908,
      "auroc": 0.981904,
      "optimal_threshold": 1.2734578847885132,
      "tpr_at_fpr_0_01": 0.872,
      "fpr95": 0.124,
      "aupr": 0.9849167566115254
    },
    "layer_12": {
      "n_total": 500,
      "n_valid": 500,
      "n_val_total": 500,
      "n_val_valid": 500,
      "acc": 0.91,
      "f1": 0.9090909090909091,
      "pre": 0.9183673469387755,
      "recall": 0.9,
      "auroc": 0.975008,
      "optimal_threshold": 1.3668465614318848,
      "tpr_at_fpr_0_01": 0.836,
      "fpr95": 0.18,
      "aupr": 0.9790768548073945
    },
    "layer_13": {
      "n_total": 500,
      "n_valid": 500,
      "n_val_total": 500,
      "n_val_valid": 500,
      "acc": 0.908,
      "f1": 0.9065040650406504,
      "pre": 0.9214876033057852,
      "recall": 0.892,
      "auroc": 0.976224,
      "optimal_threshold": 1.5743353366851807,
      "tpr_at_fpr_0_01": 0.836,
      "fpr95": 0.156,
      "aupr": 0.9798314025073298
    },
    "layer_14": {
      "n_total": 500,
      "n_valid": 500,
      "n_val_total": 500,
      "n_val_valid": 500,
      "acc": 0.89,
      "f1": 0.8796498905908097,
      "pre": 0.9710144927536232,
      "recall": 0.804,
      "auroc": 0.9660799999999999,
      "optimal_threshold": 2.106912851333618,
      "tpr_at_fpr_0_01": 0.78,
      "fpr95": 0.224,
      "aupr": 0.9708335885218907
    },
    "layer_15": {
      "n_total": 500,
      "n_valid": 500,
      "n_val_total": 500,
      "n_val_valid": 500,
      "acc": 0.898,
      "f1": 0.8926315789473684,
      "pre": 0.9422222222222222,
      "recall": 0.848,
      "auroc": 0.968688,
      "optimal_threshold": 1.8983983993530273,
      "tpr_at_fpr_0_01": 0.808,
      "fpr95": 0.208,
      "aupr": 0.9735729203360319
    },
    "layer_16": {
      "n_total": 500,
      "n_valid": 500,
      "n_val_total": 500,
      "n_val_valid": 500,
      "acc": 0.896,
      "f1": 0.8938775510204081,
      "pre": 0.9125,
      "recall": 0.876,
      "auroc": 0.964624,
      "optimal_threshold": 2.1221368312835693,
      "tpr_at_fpr_0_01": 0.816,
      "fpr95": 0.288,
      "aupr": 0.9716876092939636
    },
    "layer_17": {
      "n_total": 500,
      "n_valid": 500,
      "n_val_total": 500,
      "n_val_valid": 500,
      "acc": 0.928,
      "f1": 0.925,
      "pre": 0.9652173913043478,
      "recall": 0.888,
      "auroc": 0.97216,
      "optimal_threshold": 2.453747272491455,
      "tpr_at_fpr_0_01": 0.824,
      "fpr95": 0.196,
      "aupr": 0.978183420957047
    },
    "layer_18": {
      "n_total": 500,
      "n_valid": 500,
      "n_val_total": 500,
      "n_val_valid": 500,
      "acc": 0.912,
      "f1": 0.9094650205761317,
      "pre": 0.9364406779661016,
      "recall": 0.884,
      "auroc": 0.964032,
      "optimal_threshold": 2.654353141784668,
      "tpr_at_fpr_0_01": 0.808,
      "fpr95": 0.3,
      "aupr": 0.9718932489910203
    },
    "layer_19": {
      "n_total": 500,
      "n_valid": 500,
      "n_val_total": 500,
      "n_val_valid": 500,
      "acc": 0.93,
      "f1": 0.9263157894736842,
      "pre": 0.9777777777777777,
      "recall": 0.88,
      "auroc": 0.974256,
      "optimal_threshold": 3.2054972648620605,
      "tpr_at_fpr_0_01": 0.856,
      "fpr95": 0.212,
      "aupr": 0.9799790031181372
    },
    "layer_20": {
      "n_total": 500,
      "n_valid": 500,
      "n_val_total": 500,
      "n_val_valid": 500,
      "acc": 0.918,
      "f1": 0.9154639175257732,
      "pre": 0.9446808510638298,
      "recall": 0.888,
      "auroc": 0.966288,