{
  "args": {
    "model": "llama_8b",
    "dataset": "tsm_multi",
    "mode": "last_token",
    "centering": false,
    "prefix": false,
    "smoke_test": false,
    "ood": false,
    "ood_set": "",
    "manifold": true,
    "pca_components": 30
  },
  "steering_domain": "tsm_multi",
  "eval_domain": "tsm_multi",
  "n_samples": 500,
  "n_layers": 33,
  "metrics_per_layer": {
    "layer_1": {
      "n_total": 500,
      "n_valid": 500,
      "n_val_total": 500,
      "n_val_valid": 500,
      "acc": 0.534,
      "f1": 0.6722925457102672,
      "pre": 0.5184381778741866,
      "recall": 0.956,
      "auroc": 0.5233920000000001,
      "optimal_threshold": 0.02215888351202011,
      "tpr_at_fpr_0_01": 0.0,
      "fpr95": 0.888,
      "aupr": 0.5119717888318664
    },
    "layer_2": {
      "n_total": 500,
      "n_valid": 500,
      "n_val_total": 500,
      "n_val_valid": 500,
      "acc": 0.584,
      "f1": 0.4157303370786517,
      "pre": 0.6981132075471698,
      "recall": 0.296,
      "auroc": 0.640976,
      "optimal_threshold": 0.10710111260414124,
      "tpr_at_fpr_0_01": 0.092,
      "fpr95": 0.896,
      "aupr": 0.6701039049015195
    },
    "layer_3": {
      "n_total": 500,
      "n_valid": 500,
      "n_val_total": 500,
      "n_val_valid": 500,
      "acc": 0.574,
      "f1": 0.4607594936708861,
      "pre": 0.6275862068965518,
      "recall": 0.364,
      "auroc": 0.6231040000000001,
      "optimal_threshold": 0.16155481338500977,
      "tpr_at_fpr_0_01": 0.024,
      "fpr95": 0.888,
      "aupr": 0.6098850467754113
    },
    "layer_4": {
      "n_total": 500,
      "n_valid": 500,
      "n_val_total": 500,
      "n_val_valid": 500,
      "acc": 0.618,
      "f1": 0.5746102449888641,
      "pre": 0.6482412060301508,
      "recall": 0.516,
      "auroc": 0.687984,
      "optimal_threshold": 0.3916047215461731,
      "tpr_at_fpr_0_01": 0.072,
      "fpr95": 0.92,
      "aupr": 0.689523243382715
    },
    "layer_5": {
      "n_total": 500,
      "n_valid": 500,
      "n_val_total": 500,
      "n_val_valid": 500,
      "acc": 0.722,
      "f1": 0.6945054945054945,
      "pre": 0.7707317073170732,
      "recall": 0.632,
      "auroc": 0.7783519999999999,
      "optimal_threshold": 0.42164647579193115,
      "tpr_at_fpr_0_01": 0.2,
      "fpr95": 0.824,
      "aupr": 0.802007188097031
    },
    "layer_6": {
      "n_total": 500,
      "n_valid": 500,
      "n_val_total": 500,
      "n_val_valid": 500,
      "acc": 0.75,
      "f1": 0.7191011235955056,
      "pre": 0.8205128205128205,
      "recall": 0.64,
      "auroc": 0.8227679999999999,
      "optimal_threshold": 0.5939584970474243,
      "tpr_at_fpr_0_01": 0.248,
      "fpr95": 0.72,
      "aupr": 0.8424923569493323
    },
    "layer_7": {
      "n_total": 500,
      "n_valid": 500,
      "n_val_total": 500,
      "n_val_valid": 500,
      "acc": 0.74,
      "f1": 0.7186147186147186,
      "pre": 0.7830188679245284,
      "recall": 0.664,
      "auroc": 0.818432,
      "optimal_threshold": 0.8607858419418335,
      "tpr_at_fpr_0_01": 0.216,
      "fpr95": 0.696,
      "aupr": 0.8382014330055899
    },
    "layer_8": {
      "n_total": 500,
      "n_valid": 500,
      "n_val_total": 500,
      "n_val_valid": 500,
      "acc": 0.746,
      "f1": 0.7303609341825902,
      "pre": 0.7782805429864253,
      "recall": 0.688,
      "auroc": 0.818752,
      "optimal_threshold": 0.7983839511871338,
      "tpr_at_fpr_0_01": 0.264,
      "fpr95": 0.74,
      "aupr": 0.837494916218413
    },
    "layer_9": {
      "n_total": 500,
      "n_valid": 500,
      "n_val_total": 500,
      "n_val_valid": 500,
      "acc": 0.734,
      "f1": 0.7268993839835729,
      "pre": 0.7468354430379747,
      "recall": 0.708,
      "auroc": 0.810352,
      "optimal_threshold": 0.7878323793411255,
      "tpr_at_fpr_0_01": 0.268,
      "fpr95": 0.772,
      "aupr": 0.8323381761796851
    },
    "layer_10": {
      "n_total": 500,
      "n_valid": 500,
      "n_val_total": 500,
      "n_val_valid": 500,
      "acc": 0.742,
      "f1": 0.7504835589941973,
      "pre": 0.7265917602996255,
      "recall": 0.776,
      "auroc": 0.8161600000000002,
      "optimal_threshold": 0.8064535856246948,
      "tpr_at_fpr_0_01": 0.332,
      "fpr95": 0.776,
      "aupr": 0.8438870262931
    },
    "layer_11": {
      "n_total": 500,
      "n_valid": 500,
      "n_val_total": 500,
      "n_val_valid": 500,
      "acc": 0.772,
      "f1": 0.740909090909091,
      "pre": 0.8578947368421053,
      "recall": 0.652,
      "auroc": 0.861536,
      "optimal_threshold": 1.0985450744628906,
      "tpr_at_fpr_0_01": 0.488,
      "fpr95": 0.676,
      "aupr": 0.8869931632729308
    },
    "layer_12": {
      "n_total": 500,
      "n_valid": 500,
      "n_val_total": 500,
      "n_val_valid": 500,
      "acc": 0.782,
      "f1": 0.756152125279642,
      "pre": 0.8578680203045685,
      "recall": 0.676,
      "auroc": 0.8571359999999999,
      "optimal_threshold": 1.349684238433838,
      "tpr_at_fpr_0_01": 0.444,
      "fpr95": 0.704,
      "aupr": 0.8851182620629292
    },
    "layer_13": {
      "n_total": 500,
      "n_valid": 500,
      "n_val_total": 500,
      "n_val_valid": 500,
      "acc": 0.764,
      "f1": 0.7255813953488373,
      "pre": 0.8666666666666667,
      "recall": 0.624,
      "auroc": 0.8447359999999999,
      "optimal_threshold": 1.2534843683242798,
      "tpr_at_fpr_0_01": 0.428,
      "fpr95": 0.764,
      "aupr": 0.8739620104805219
    },
    "layer_14": {
      "n_total": 500,
      "n_valid": 500,
      "n_val_total": 500,
      "n_val_valid": 500,
      "acc": 0.78,
      "f1": 0.7629310344827587,
      "pre": 0.8271028037383178,
      "recall": 0.708,
      "auroc": 0.83128,
      "optimal_threshold": 0.9348713159561157,
      "tpr_at_fpr_0_01": 0.408,
      "fpr95": 0.748,
      "aupr": 0.8644244499553753
    },
    "layer_15": {
      "n_total": 500,
      "n_valid": 500,
      "n_val_total": 500,
      "n_val_valid": 500,
      "acc": 0.766,
      "f1": 0.7428571428571429,
      "pre": 0.824390243902439,
      "recall": 0.676,
      "auroc": 0.8339360000000001,
      "optimal_threshold": 1.230905532836914,
      "tpr_at_fpr_0_01": 0.4,
      "fpr95": 0.78,
      "aupr": 0.8687189536861168
    },
    "layer_16": {
      "n_total": 500,
      "n_valid": 500,
      "n_val_total": 500,
      "n_val_valid": 500,
      "acc": 0.762,
      "f1": 0.7213114754098361,
      "pre": 0.8700564971751412,
      "recall": 0.616,
      "auroc": 0.830752,
      "optimal_threshold": 1.7076166868209839,
      "tpr_at_fpr_0_01": 0.412,
      "fpr95": 0.796,
      "aupr": 0.8653588499479405
    },
    "layer_17": {
      "n_total": 500,
      "n_valid": 500,
      "n_val_total": 500,
      "n_val_valid": 500,
      "acc": 0.768,
      "f1": 0.7251184834123223,
      "pre": 0.8895348837209303,
      "recall": 0.612,
      "auroc": 0.8418239999999999,
      "optimal_threshold": 1.8203020095825195,
      "tpr_at_fpr_0_01": 0.484,
      "fpr95": 0.744,
      "aupr": 0.8760560242258104
    },
    "layer_18": {
      "n_total": 500,
      "n_valid": 500,
      "n_val_total": 500,
      "n_val_valid": 500,
      "acc": 0.776,
      "f1": 0.7358490566037735,
      "pre": 0.896551724137931,
      "recall": 0.624,
      "auroc": 0.8415360000000001,
      "optimal_threshold": 2.1727354526519775,
      "tpr_at_fpr_0_01": 0.472,
      "fpr95": 0.76,
      "aupr": 0.8759683992433549
    },
    "layer_19": {
      "n_total": 500,
      "n_valid": 500,
      "n_val_total": 500,
      "n_val_valid": 500,
      "acc": 0.778,
      "f1": 0.7375886524822695,
      "pre": 0.9017341040462428,
      "recall": 0.624,
      "auroc": 0.8518399999999999,
      "optimal_threshold": 2.141881227493286,
      "tpr_at_fpr_0_01": 0.52,
      "fpr95": 0.74,
      "aupr": 0.8843069532636626
    },
    "layer_20": {
      "n_total": 500,
      "n_valid": 500,
      "n_val_total": 500,
      "n_val_valid": 500,
      "acc": 0.756,
      "f1": 0.7381974248927039,