{
  "args": {
    "model": "llama_8b",
    "dataset": "tsm_multi",
    "mode": "last_token",
    "centering": false,
    "prefix": false,
    "smoke_test": false,
    "ood": false,
    "ood_set": "",
    "manifold": true,
    "pca_components": 40
  },
  "steering_domain": "tsm_multi",
  "eval_domain": "tsm_multi",
  "n_samples": 500,
  "n_layers": 33,
  "metrics_per_layer": {
    "layer_1": {
      "n_total": 500,
      "n_valid": 500,
      "n_val_total": 500,
      "n_val_valid": 500,
      "acc": 0.534,
      "f1": 0.6722925457102672,
      "pre": 0.5184381778741866,
      "recall": 0.956,
      "auroc": 0.5233920000000001,
      "optimal_threshold": 0.02215888723731041,
      "tpr_at_fpr_0_01": 0.0,
      "fpr95": 0.888,
      "aupr": 0.5119717888318664
    },
    "layer_2": {
      "n_total": 500,
      "n_valid": 500,
      "n_val_total": 500,
      "n_val_valid": 500,
      "acc": 0.578,
      "f1": 0.3663663663663664,
      "pre": 0.7349397590361446,
      "recall": 0.244,
      "auroc": 0.64864,
      "optimal_threshold": 0.11265155673027039,
      "tpr_at_fpr_0_01": 0.116,
      "fpr95": 0.896,
      "aupr": 0.6819552327267063
    },
    "layer_3": {
      "n_total": 500,
      "n_valid": 500,
      "n_val_total": 500,
      "n_val_valid": 500,
      "acc": 0.598,
      "f1": 0.6325411334552102,
      "pre": 0.5824915824915825,
      "recall": 0.692,
      "auroc": 0.628368,
      "optimal_threshold": 0.0992240160703659,
      "tpr_at_fpr_0_01": 0.04,
      "fpr95": 0.868,
      "aupr": 0.6180616902143318
    },
    "layer_4": {
      "n_total": 500,
      "n_valid": 500,
      "n_val_total": 500,
      "n_val_valid": 500,
      "acc": 0.632,
      "f1": 0.5982532751091703,
      "pre": 0.6586538461538461,
      "recall": 0.548,
      "auroc": 0.6992960000000001,
      "optimal_threshold": 0.38583070039749146,
      "tpr_at_fpr_0_01": 0.104,
      "fpr95": 0.9,
      "aupr": 0.708356692525393
    },
    "layer_5": {
      "n_total": 500,
      "n_valid": 500,
      "n_val_total": 500,
      "n_val_valid": 500,
      "acc": 0.712,
      "f1": 0.6697247706422018,
      "pre": 0.7849462365591398,
      "recall": 0.584,
      "auroc": 0.786096,
      "optimal_threshold": 0.4534459710121155,
      "tpr_at_fpr_0_01": 0.204,
      "fpr95": 0.82,
      "aupr": 0.8094595826154954
    },
    "layer_6": {
      "n_total": 500,
      "n_valid": 500,
      "n_val_total": 500,
      "n_val_valid": 500,
      "acc": 0.736,
      "f1": 0.6986301369863014,
      "pre": 0.8138297872340425,
      "recall": 0.612,
      "auroc": 0.8262719999999999,
      "optimal_threshold": 0.6080333590507507,
      "tpr_at_fpr_0_01": 0.232,
      "fpr95": 0.692,
      "aupr": 0.8455993115562379
    },
    "layer_7": {
      "n_total": 500,
      "n_valid": 500,
      "n_val_total": 500,
      "n_val_valid": 500,
      "acc": 0.736,
      "f1": 0.7066666666666667,
      "pre": 0.795,
      "recall": 0.636,
      "auroc": 0.821696,
      "optimal_threshold": 0.8868300318717957,
      "tpr_at_fpr_0_01": 0.216,
      "fpr95": 0.704,
      "aupr": 0.8410149193067655
    },
    "layer_8": {
      "n_total": 500,
      "n_valid": 500,
      "n_val_total": 500,
      "n_val_valid": 500,
      "acc": 0.758,
      "f1": 0.7463312368972747,
      "pre": 0.7841409691629956,
      "recall": 0.712,
      "auroc": 0.826192,
      "optimal_threshold": 0.7845658659934998,
      "tpr_at_fpr_0_01": 0.268,
      "fpr95": 0.72,
      "aupr": 0.8429770893160708
    },
    "layer_9": {
      "n_total": 500,
      "n_valid": 500,
      "n_val_total": 500,
      "n_val_valid": 500,
      "acc": 0.74,
      "f1": 0.7198275862068966,
      "pre": 0.780373831775701,
      "recall": 0.668,
      "auroc": 0.814656,
      "optimal_threshold": 0.8345434665679932,
      "tpr_at_fpr_0_01": 0.288,
      "fpr95": 0.772,
      "aupr": 0.8366643740688094
    },
    "layer_10": {
      "n_total": 500,
      "n_valid": 500,
      "n_val_total": 500,
      "n_val_valid": 500,
      "acc": 0.75,
      "f1": 0.7178329571106095,
      "pre": 0.8238341968911918,
      "recall": 0.636,
      "auroc": 0.819088,
      "optimal_threshold": 0.9847359657287598,
      "tpr_at_fpr_0_01": 0.328,
      "fpr95": 0.796,
      "aupr": 0.8477131552051413
    },
    "layer_11": {
      "n_total": 500,
      "n_valid": 500,
      "n_val_total": 500,
      "n_val_valid": 500,
      "acc": 0.768,
      "f1": 0.7478260869565218,
      "pre": 0.819047619047619,
      "recall": 0.688,
      "auroc": 0.861856,
      "optimal_threshold": 1.0127500295639038,
      "tpr_at_fpr_0_01": 0.492,
      "fpr95": 0.688,
      "aupr": 0.8873170046995043
    },
    "layer_12": {
      "n_total": 500,
      "n_valid": 500,
      "n_val_total": 500,
      "n_val_valid": 500,
      "acc": 0.78,
      "f1": 0.7566371681415929,
      "pre": 0.8465346534653465,
      "recall": 0.684,
      "auroc": 0.859328,
      "optimal_threshold": 1.3073465824127197,
      "tpr_at_fpr_0_01": 0.448,
      "fpr95": 0.72,
      "aupr": 0.8867851334453747
    },
    "layer_13": {
      "n_total": 500,
      "n_valid": 500,
      "n_val_total": 500,
      "n_val_valid": 500,
      "acc": 0.778,
      "f1": 0.7612903225806451,
      "pre": 0.8232558139534883,
      "recall": 0.708,
      "auroc": 0.847952,
      "optimal_threshold": 1.0995690822601318,
      "tpr_at_fpr_0_01": 0.428,
      "fpr95": 0.728,
      "aupr": 0.8763823364643364
    },
    "layer_14": {
      "n_total": 500,
      "n_valid": 500,
      "n_val_total": 500,
      "n_val_valid": 500,
      "acc": 0.782,
      "f1": 0.7593818984547461,
      "pre": 0.8472906403940886,
      "recall": 0.688,
      "auroc": 0.8355999999999999,
      "optimal_threshold": 1.0261200666427612,
      "tpr_at_fpr_0_01": 0.44,
      "fpr95": 0.78,
      "aupr": 0.8683358960125567
    },
    "layer_15": {
      "n_total": 500,
      "n_valid": 500,
      "n_val_total": 500,
      "n_val_valid": 500,
      "acc": 0.766,
      "f1": 0.7462039045553145,
      "pre": 0.8151658767772512,
      "recall": 0.688,
      "auroc": 0.8371999999999999,
      "optimal_threshold": 1.2160148620605469,
      "tpr_at_fpr_0_01": 0.396,
      "fpr95": 0.776,
      "aupr": 0.8710263957679297
    },
    "layer_16": {
      "n_total": 500,
      "n_valid": 500,
      "n_val_total": 500,
      "n_val_valid": 500,
      "acc": 0.764,
      "f1": 0.7242990654205608,
      "pre": 0.8707865168539326,
      "recall": 0.62,
      "auroc": 0.8329599999999999,
      "optimal_threshold": 1.6804474592208862,
      "tpr_at_fpr_0_01": 0.408,
      "fpr95": 0.796,
      "aupr": 0.8671526169546562
    },
    "layer_17": {
      "n_total": 500,
      "n_valid": 500,
      "n_val_total": 500,
      "n_val_valid": 500,
      "acc": 0.774,
      "f1": 0.7353629976580797,
      "pre": 0.8870056497175142,
      "recall": 0.628,
      "auroc": 0.8428,
      "optimal_threshold": 1.7782996892929077,
      "tpr_at_fpr_0_01": 0.476,
      "fpr95": 0.744,
      "aupr": 0.8764883560199124
    },
    "layer_18": {
      "n_total": 500,
      "n_valid": 500,
      "n_val_total": 500,
      "n_val_valid": 500,
      "acc": 0.776,
      "f1": 0.7358490566037735,
      "pre": 0.896551724137931,
      "recall": 0.624,
      "auroc": 0.8431839999999999,
      "optimal_threshold": 2.1703224182128906,
      "tpr_at_fpr_0_01": 0.472,
      "fpr95": 0.752,
      "aupr": 0.8770445855040893
    },
    "layer_19": {
      "n_total": 500,
      "n_valid": 500,
      "n_val_total": 500,
      "n_val_valid": 500,
      "acc": 0.782,
      "f1": 0.7398568019093079,
      "pre": 0.9171597633136095,
      "recall": 0.62,
      "auroc": 0.852816,
      "optimal_threshold": 2.183821201324463,
      "tpr_at_fpr_0_01": 0.52,
      "fpr95": 0.724,
      "aupr": 0.8852670900431265
    },
    "layer_20": {
      "n_total": 500,
      "n_valid": 500,
      "n_val_total": 500,
      "n_val_valid": 500,
      "acc": 0.774,
      "f1": 0.7328605200945626,
      "pre": 0.8959537572254336,
      "recall": 0.62,