{
  "args": {
    "model": "llama_8b",
    "dataset": "m4_multilingual",
    "mode": "last_token",
    "centering": false,
    "prefix": false,
    "smoke_test": false,
    "ood": false,
    "ood_set": "",
    "manifold": false
  },
  "steering_domain": "m4_multilingual",
  "eval_domain": "m4_multilingual",
  "n_samples": 500,
  "n_layers": 33,
  "metrics_per_layer": {
    "layer_1": {
      "n_total": 500,
      "n_valid": 500,
      "acc": 0.538,
      "f1": 0.6010362694300518,
      "pre": 0.5288753799392097,
      "recall": 0.696,
      "auroc": 0.504488,
      "optimal_threshold": 0.03157882019877434,
      "tpr_at_fpr_0_01": 0.0,
      "fpr95": 0.952,
      "aupr": 0.5161792881795634
    },
    "layer_2": {
      "n_total": 500,
      "n_valid": 500,
      "acc": 0.57,
      "f1": 0.39775910364145656,
      "pre": 0.6635514018691588,
      "recall": 0.284,
      "auroc": 0.528848,
      "optimal_threshold": 0.16708655655384064,
      "tpr_at_fpr_0_01": 0.064,
      "fpr95": 0.96,
      "aupr": 0.5857743447980921
    },
    "layer_3": {
      "n_total": 500,
      "n_valid": 500,
      "acc": 0.584,
      "f1": 0.34591194968553457,
      "pre": 0.8088235294117647,
      "recall": 0.22,
      "auroc": 0.5946720000000001,
      "optimal_threshold": 0.23440535366535187,
      "tpr_at_fpr_0_01": 0.148,
      "fpr95": 0.96,
      "aupr": 0.646024743295752
    },
    "layer_4": {
      "n_total": 500,
      "n_valid": 500,
      "acc": 0.604,
      "f1": 0.43103448275862066,
      "pre": 0.7653061224489796,
      "recall": 0.3,
      "auroc": 0.587712,
      "optimal_threshold": 0.39879053831100464,
      "tpr_at_fpr_0_01": 0.16,
      "fpr95": 0.896,
      "aupr": 0.651846848530524
    },
    "layer_5": {
      "n_total": 500,
      "n_valid": 500,
      "acc": 0.614,
      "f1": 0.45014245014245013,
      "pre": 0.7821782178217822,
      "recall": 0.316,
      "auroc": 0.6093759999999999,
      "optimal_threshold": 0.4584371745586395,
      "tpr_at_fpr_0_01": 0.224,
      "fpr95": 0.916,
      "aupr": 0.6766817149515572
    },
    "layer_6": {
      "n_total": 500,
      "n_valid": 500,
      "acc": 0.616,
      "f1": 0.4810810810810811,
      "pre": 0.7416666666666667,
      "recall": 0.356,
      "auroc": 0.642384,
      "optimal_threshold": 0.6251000165939331,
      "tpr_at_fpr_0_01": 0.188,
      "fpr95": 0.884,
      "aupr": 0.6919042087328322
    },
    "layer_7": {
      "n_total": 500,
      "n_valid": 500,
      "acc": 0.638,
      "f1": 0.514745308310992,
      "pre": 0.7804878048780488,
      "recall": 0.384,
      "auroc": 0.6246079999999999,
      "optimal_threshold": 0.8568155765533447,
      "tpr_at_fpr_0_01": 0.192,
      "fpr95": 0.908,
      "aupr": 0.6961530300070278
    },
    "layer_8": {
      "n_total": 500,
      "n_valid": 500,
      "acc": 0.628,
      "f1": 0.4715909090909091,
      "pre": 0.8137254901960784,
      "recall": 0.332,
      "auroc": 0.614352,
      "optimal_threshold": 0.9361997842788696,
      "tpr_at_fpr_0_01": 0.196,
      "fpr95": 0.908,
      "aupr": 0.6862841346270824
    },
    "layer_9": {
      "n_total": 500,
      "n_valid": 500,
      "acc": 0.638,
      "f1": 0.5013774104683195,
      "pre": 0.8053097345132744,
      "recall": 0.364,
      "auroc": 0.607488,
      "optimal_threshold": 1.1550700664520264,
      "tpr_at_fpr_0_01": 0.2,
      "fpr95": 0.896,
      "aupr": 0.6841588209242511
    },
    "layer_10": {
      "n_total": 500,
      "n_valid": 500,
      "acc": 0.62,
      "f1": 0.5,
      "pre": 0.7307692307692307,
      "recall": 0.38,
      "auroc": 0.603136,
      "optimal_threshold": 1.2848936319351196,
      "tpr_at_fpr_0_01": 0.188,
      "fpr95": 0.916,
      "aupr": 0.677779219433449
    },
    "layer_11": {
      "n_total": 500,
      "n_valid": 500,
      "acc": 0.624,
      "f1": 0.45348837209302323,
      "pre": 0.8297872340425532,
      "recall": 0.312,
      "auroc": 0.611584,
      "optimal_threshold": 1.6926193237304688,
      "tpr_at_fpr_0_01": 0.184,
      "fpr95": 0.912,
      "aupr": 0.6800360189553811
    },
    "layer_12": {
      "n_total": 500,
      "n_valid": 500,
      "acc": 0.598,
      "f1": 0.3890577507598784,
      "pre": 0.810126582278481,
      "recall": 0.256,
      "auroc": 0.5777599999999999,
      "optimal_threshold": 2.347980260848999,
      "tpr_at_fpr_0_01": 0.176,
      "fpr95": 0.884,
      "aupr": 0.6545586673115071
    },
    "layer_13": {
      "n_total": 500,
      "n_valid": 500,
      "acc": 0.592,
      "f1": 0.3333333333333333,
      "pre": 0.9107142857142857,
      "recall": 0.204,
      "auroc": 0.558624,
      "optimal_threshold": 2.6412553787231445,
      "tpr_at_fpr_0_01": 0.176,
      "fpr95": 0.92,
      "aupr": 0.6413757026113802
    },
    "layer_14": {
      "n_total": 500,
      "n_valid": 500,
      "acc": 0.594,
      "f1": 0.33876221498371334,
      "pre": 0.9122807017543859,
      "recall": 0.208,
      "auroc": 0.56416,
      "optimal_threshold": 2.6738052368164062,
      "tpr_at_fpr_0_01": 0.164,
      "fpr95": 0.88,
      "aupr": 0.6374773637130973
    },
    "layer_15": {
      "n_total": 500,
      "n_valid": 500,
      "acc": 0.6,
      "f1": 0.375,
      "pre": 0.8571428571428571,
      "recall": 0.24,
      "auroc": 0.5729599999999999,
      "optimal_threshold": 2.7417078018188477,
      "tpr_at_fpr_0_01": 0.16,
      "fpr95": 0.864,
      "aupr": 0.6478083888002251
    },
    "layer_16": {
      "n_total": 500,
      "n_valid": 500,
      "acc": 0.612,
      "f1": 0.4425287356321839,
      "pre": 0.7857142857142857,
      "recall": 0.308,
      "auroc": 0.5946400000000001,
      "optimal_threshold": 2.7594432830810547,
      "tpr_at_fpr_0_01": 0.144,
      "fpr95": 0.884,
      "aupr": 0.6618340524958631
    },
    "layer_17": {
      "n_total": 500,
      "n_valid": 500,
      "acc": 0.594,
      "f1": 0.35962145110410093,
      "pre": 0.8507462686567164,
      "recall": 0.228,
      "auroc": 0.559744,
      "optimal_threshold": 3.4902491569519043,
      "tpr_at_fpr_0_01": 0.128,
      "fpr95": 0.872,
      "aupr": 0.6320171974142376
    },
    "layer_18": {
      "n_total": 500,
      "n_valid": 500,
      "acc": 0.602,
      "f1": 0.42318840579710143,
      "pre": 0.7684210526315789,
      "recall": 0.292,
      "auroc": 0.569248,
      "optimal_threshold": 3.7965941429138184,
      "tpr_at_fpr_0_01": 0.156,
      "fpr95": 0.9,
      "aupr": 0.6447299491727391
    },
    "layer_19": {
      "n_total": 500,
      "n_valid": 500,
      "acc": 0.6,
      "f1": 0.4186046511627907,
      "pre": 0.7659574468085106,
      "recall": 0.288,
      "auroc": 0.569184,
      "optimal_threshold": 4.574522018432617,
      "tpr_at_fpr_0_01": 0.128,
      "fpr95": 0.88,
      "aupr": 0.6395493186485565
    },
    "layer_20": {
      "n_total": 500,
      "n_valid": 500,
      "acc": 0.596,
      "f1": 0.39880952380952384,
      "pre": 0.7790697674418605,
      "recall": 0.268,
      "auroc": 0.564208,
      "optimal_threshold": 5.482822895050049,
      "tpr_at_fpr_0_01": 0.128,
      "fpr95": 0.904,
      "aupr": 0.6383925278780345
    },
    "layer_21": {
      "n_total": 500,
      "n_valid": 500,
      "acc": 0.59,
      "f1": 0.3880597014925373,
      "pre": 0.7647058823529411,
      "recall": 0.26,
      "auroc": 0.562032,
      "optimal_threshold": 5.5184173583984375,
      "tpr_at_fpr_0_01": 0.128,
      "fpr95": 0.9,
      "aupr": 0.6323513155246636
    },
    "layer_22": {
      "n_total": 500,
      "n_valid": 500,
      "acc": 0.584,
      "f1": 0.35802469135802467,
      "pre": 0.7837837837837838,
      "recall": 0.232,
      "auroc": 0.5625439999999999,
      "optimal_threshold": 6.2932024002075195,
      "tpr_at_fpr_0_01": 0.12,
      "fpr95": 0.912,
      "aupr": 0.6324690690578362
    },
    "layer_23": {
      "n_total": 500,
      "n_valid": 500,
      "acc": 0.578,
      "f1": 0.3954154727793696,
      "pre": 0.696969696969697,
      "recall": 0.276,
      "auroc": 0.55864,