{
  "args": {
    "model": "llama_8b",
    "dataset": "m4_multi",
    "mode": "last_token",
    "centering": false,
    "prefix": false,
    "smoke_test": false,
    "ood": false,
    "ood_set": "",
    "manifold": true,
    "pca_components": 40
  },
  "steering_domain": "m4_multi",
  "eval_domain": "m4_multi",
  "n_samples": 500,
  "n_layers": 33,
  "metrics_per_layer": {
    "layer_1": {
      "n_total": 500,
      "n_valid": 500,
      "n_val_total": 500,
      "n_val_valid": 500,
      "acc": 0.782,
      "f1": 0.7954971857410882,
      "pre": 0.7491166077738516,
      "recall": 0.848,
      "auroc": 0.8176640000000001,
      "optimal_threshold": 0.06613017618656158,
      "tpr_at_fpr_0_01": 0.0,
      "fpr95": 0.448,
      "aupr": 0.7467587969713176
    },
    "layer_2": {
      "n_total": 500,
      "n_valid": 500,
      "n_val_total": 500,
      "n_val_valid": 500,
      "acc": 0.772,
      "f1": 0.7927272727272727,
      "pre": 0.7266666666666667,
      "recall": 0.872,
      "auroc": 0.8552639999999999,
      "optimal_threshold": 0.01054297760128975,
      "tpr_at_fpr_0_01": 0.204,
      "fpr95": 0.552,
      "aupr": 0.8562363660058125
    },
    "layer_3": {
      "n_total": 500,
      "n_valid": 500,
      "n_val_total": 500,
      "n_val_valid": 500,
      "acc": 0.782,
      "f1": 0.7789046653144016,
      "pre": 0.7901234567901234,
      "recall": 0.768,
      "auroc": 0.8531360000000001,
      "optimal_threshold": 0.27836424112319946,
      "tpr_at_fpr_0_01": 0.232,
      "fpr95": 0.796,
      "aupr": 0.8651254024089978
    },
    "layer_4": {
      "n_total": 500,
      "n_valid": 500,
      "n_val_total": 500,
      "n_val_valid": 500,
      "acc": 0.792,
      "f1": 0.7886178861788617,
      "pre": 0.8016528925619835,
      "recall": 0.776,
      "auroc": 0.859408,
      "optimal_threshold": 0.518001914024353,
      "tpr_at_fpr_0_01": 0.452,
      "fpr95": 0.8,
      "aupr": 0.8931687312650597
    },
    "layer_5": {
      "n_total": 500,
      "n_valid": 500,
      "n_val_total": 500,
      "n_val_valid": 500,
      "acc": 0.824,
      "f1": 0.7972350230414746,
      "pre": 0.9402173913043478,
      "recall": 0.692,
      "auroc": 0.886144,
      "optimal_threshold": 0.6768842339515686,
      "tpr_at_fpr_0_01": 0.572,
      "fpr95": 0.708,
      "aupr": 0.914420002199605
    },
    "layer_6": {
      "n_total": 500,
      "n_valid": 500,
      "n_val_total": 500,
      "n_val_valid": 500,
      "acc": 0.83,
      "f1": 0.8054919908466819,
      "pre": 0.9411764705882353,
      "recall": 0.704,
      "auroc": 0.894912,
      "optimal_threshold": 0.8144913911819458,
      "tpr_at_fpr_0_01": 0.568,
      "fpr95": 0.624,
      "aupr": 0.9199235257211297
    },
    "layer_7": {
      "n_total": 500,
      "n_valid": 500,
      "n_val_total": 500,
      "n_val_valid": 500,
      "acc": 0.824,
      "f1": 0.7962962962962963,
      "pre": 0.945054945054945,
      "recall": 0.688,
      "auroc": 0.893552,
      "optimal_threshold": 1.0350689888000488,
      "tpr_at_fpr_0_01": 0.564,
      "fpr95": 0.624,
      "aupr": 0.9185435677386088
    },
    "layer_8": {
      "n_total": 500,
      "n_valid": 500,
      "n_val_total": 500,
      "n_val_valid": 500,
      "acc": 0.814,
      "f1": 0.7780429594272077,
      "pre": 0.9644970414201184,
      "recall": 0.652,
      "auroc": 0.8897600000000001,
      "optimal_threshold": 1.0559473037719727,
      "tpr_at_fpr_0_01": 0.58,
      "fpr95": 0.608,
      "aupr": 0.9159132670014787
    },
    "layer_9": {
      "n_total": 500,
      "n_valid": 500,
      "n_val_total": 500,
      "n_val_valid": 500,
      "acc": 0.804,
      "f1": 0.7609756097560976,
      "pre": 0.975,
      "recall": 0.624,
      "auroc": 0.8876,
      "optimal_threshold": 1.2939790487289429,
      "tpr_at_fpr_0_01": 0.588,
      "fpr95": 0.744,
      "aupr": 0.9168824316396564
    },
    "layer_10": {
      "n_total": 500,
      "n_valid": 500,
      "n_val_total": 500,
      "n_val_valid": 500,
      "acc": 0.832,
      "f1": 0.8125,
      "pre": 0.9191919191919192,
      "recall": 0.728,
      "auroc": 0.892112,
      "optimal_threshold": 1.222155213356018,
      "tpr_at_fpr_0_01": 0.608,
      "fpr95": 0.736,
      "aupr": 0.9206542748582663
    },
    "layer_11": {
      "n_total": 500,
      "n_valid": 500,
      "n_val_total": 500,
      "n_val_valid": 500,
      "acc": 0.848,
      "f1": 0.8303571428571429,
      "pre": 0.9393939393939394,
      "recall": 0.744,
      "auroc": 0.897472,
      "optimal_threshold": 1.3364319801330566,
      "tpr_at_fpr_0_01": 0.676,
      "fpr95": 0.772,
      "aupr": 0.9273050552803486
    },
    "layer_12": {
      "n_total": 500,
      "n_valid": 500,
      "n_val_total": 500,
      "n_val_valid": 500,
      "acc": 0.84,
      "f1": 0.8245614035087719,
      "pre": 0.912621359223301,
      "recall": 0.752,
      "auroc": 0.8914560000000001,
      "optimal_threshold": 1.3425955772399902,
      "tpr_at_fpr_0_01": 0.612,
      "fpr95": 0.764,
      "aupr": 0.9215988306676105
    },
    "layer_13": {
      "n_total": 500,
      "n_valid": 500,
      "n_val_total": 500,
      "n_val_valid": 500,
      "acc": 0.84,
      "f1": 0.8198198198198198,
      "pre": 0.9381443298969072,
      "recall": 0.728,
      "auroc": 0.898416,
      "optimal_threshold": 1.4875025749206543,
      "tpr_at_fpr_0_01": 0.652,
      "fpr95": 0.78,
      "aupr": 0.9268548795930156
    },
    "layer_14": {
      "n_total": 500,
      "n_valid": 500,
      "n_val_total": 500,
      "n_val_valid": 500,
      "acc": 0.846,
      "f1": 0.8246013667425968,
      "pre": 0.9576719576719577,
      "recall": 0.724,
      "auroc": 0.904048,
      "optimal_threshold": 1.7957171201705933,
      "tpr_at_fpr_0_01": 0.676,
      "fpr95": 0.684,
      "aupr": 0.9298989565050971
    },
    "layer_15": {
      "n_total": 500,
      "n_valid": 500,
      "n_val_total": 500,
      "n_val_valid": 500,
      "acc": 0.834,
      "f1": 0.8207343412526998,
      "pre": 0.892018779342723,
      "recall": 0.76,
      "auroc": 0.9160320000000001,
      "optimal_threshold": 1.648533582687378,
      "tpr_at_fpr_0_01": 0.664,
      "fpr95": 0.616,
      "aupr": 0.935386336822336
    },
    "layer_16": {
      "n_total": 500,
      "n_valid": 500,
      "n_val_total": 500,
      "n_val_valid": 500,
      "acc": 0.842,
      "f1": 0.8208616780045351,
      "pre": 0.9476439790575916,
      "recall": 0.724,
      "auroc": 0.91712,
      "optimal_threshold": 2.237962484359741,
      "tpr_at_fpr_0_01": 0.676,
      "fpr95": 0.624,
      "aupr": 0.9367469755064184
    },
    "layer_17": {
      "n_total": 500,
      "n_valid": 500,
      "n_val_total": 500,
      "n_val_valid": 500,
      "acc": 0.852,
      "f1": 0.8370044052863436,
      "pre": 0.9313725490196079,
      "recall": 0.76,
      "auroc": 0.916944,
      "optimal_threshold": 2.509446620941162,
      "tpr_at_fpr_0_01": 0.716,
      "fpr95": 0.54,
      "aupr": 0.9378686639528306
    },
    "layer_18": {
      "n_total": 500,
      "n_valid": 500,
      "n_val_total": 500,
      "n_val_valid": 500,
      "acc": 0.86,
      "f1": 0.8497854077253219,
      "pre": 0.9166666666666666,
      "recall": 0.792,
      "auroc": 0.933984,
      "optimal_threshold": 2.647963523864746,
      "tpr_at_fpr_0_01": 0.676,
      "fpr95": 0.436,
      "aupr": 0.947330762278255
    },
    "layer_19": {
      "n_total": 500,
      "n_valid": 500,
      "n_val_total": 500,
      "n_val_valid": 500,
      "acc": 0.872,
      "f1": 0.8571428571428571,
      "pre": 0.9696969696969697,
      "recall": 0.768,
      "auroc": 0.939856,
      "optimal_threshold": 3.559180974960327,
      "tpr_at_fpr_0_01": 0.668,
      "fpr95": 0.392,
      "aupr": 0.951095403165715
    },
    "layer_20": {
      "n_total": 500,
      "n_valid": 500,
      "n_val_total": 500,
      "n_val_valid": 500,
      "acc": 0.868,
      "f1": 0.8577586206896551,
      "pre": 0.9299065420560748,
      "recall": 0.796,
      "auroc": 0.930128,