{
  "args": {
    "model": "llama_8b",
    "dataset": "multisocial_full",
    "mode": "last_token",
    "prefix": false,
    "smoke_test": false,
    "ood": false,
    "ood_set": "",
    "manifold": true,
    "pca_components": 30
  },
  "steering_domain": "multisocial_full",
  "eval_domain": "multisocial_full",
  "n_samples": 500,
  "n_layers": 33,
  "metrics_per_layer": {
    "layer_1": {
      "n_total": 500,
      "n_valid": 500,
      "n_val_total": 500,
      "n_val_valid": 500,
      "acc": 0.694,
      "f1": 0.6203473945409429,
      "pre": 0.8169934640522876,
      "recall": 0.5,
      "auroc": 0.739656,
      "optimal_threshold": 0.03372901678085327,
      "tpr_at_fpr_0_01": 0.0,
      "fpr95": 0.876,
      "aupr": 0.7565154559058304
    },
    "layer_2": {
      "n_total": 500,
      "n_valid": 500,
      "n_val_total": 500,
      "n_val_valid": 500,
      "acc": 0.706,
      "f1": 0.6892177589852009,
      "pre": 0.7309417040358744,
      "recall": 0.652,
      "auroc": 0.7728959999999999,
      "optimal_threshold": -0.07911010086536407,
      "tpr_at_fpr_0_01": 0.044,
      "fpr95": 0.804,
      "aupr": 0.7824374348196488
    },
    "layer_3": {
      "n_total": 500,
      "n_valid": 500,
      "n_val_total": 500,
      "n_val_valid": 500,
      "acc": 0.704,
      "f1": 0.7051792828685259,
      "pre": 0.7023809523809523,
      "recall": 0.708,
      "auroc": 0.791616,
      "optimal_threshold": -0.1229759156703949,
      "tpr_at_fpr_0_01": 0.192,
      "fpr95": 0.644,
      "aupr": 0.8074197252392306
    },
    "layer_4": {
      "n_total": 500,
      "n_valid": 500,
      "n_val_total": 500,
      "n_val_valid": 500,
      "acc": 0.71,
      "f1": 0.6827133479212254,
      "pre": 0.7536231884057971,
      "recall": 0.624,
      "auroc": 0.8027199999999999,
      "optimal_threshold": -0.1090296059846878,
      "tpr_at_fpr_0_01": 0.228,
      "fpr95": 0.68,
      "aupr": 0.8226022215469314
    },
    "layer_5": {
      "n_total": 500,
      "n_valid": 500,
      "n_val_total": 500,
      "n_val_valid": 500,
      "acc": 0.732,
      "f1": 0.7403100775193798,
      "pre": 0.7180451127819549,
      "recall": 0.764,
      "auroc": 0.8230719999999999,
      "optimal_threshold": -0.24139100313186646,
      "tpr_at_fpr_0_01": 0.244,
      "fpr95": 0.568,
      "aupr": 0.8334483868234984
    },
    "layer_6": {
      "n_total": 500,
      "n_valid": 500,
      "n_val_total": 500,
      "n_val_valid": 500,
      "acc": 0.746,
      "f1": 0.7571701720841301,
      "pre": 0.7252747252747253,
      "recall": 0.792,
      "auroc": 0.8318240000000001,
      "optimal_threshold": -0.2637873589992523,
      "tpr_at_fpr_0_01": 0.164,
      "fpr95": 0.548,
      "aupr": 0.8399271119558673
    },
    "layer_7": {
      "n_total": 500,
      "n_valid": 500,
      "n_val_total": 500,
      "n_val_valid": 500,
      "acc": 0.746,
      "f1": 0.7524366471734892,
      "pre": 0.7338403041825095,
      "recall": 0.772,
      "auroc": 0.8350559999999999,
      "optimal_threshold": -0.30131417512893677,
      "tpr_at_fpr_0_01": 0.156,
      "fpr95": 0.512,
      "aupr": 0.8368289648323337
    },
    "layer_8": {
      "n_total": 500,
      "n_valid": 500,
      "n_val_total": 500,
      "n_val_valid": 500,
      "acc": 0.75,
      "f1": 0.7609942638623327,
      "pre": 0.7289377289377289,
      "recall": 0.796,
      "auroc": 0.847296,
      "optimal_threshold": -0.29374346137046814,
      "tpr_at_fpr_0_01": 0.224,
      "fpr95": 0.576,
      "aupr": 0.8539376814047197
    },
    "layer_9": {
      "n_total": 500,
      "n_valid": 500,
      "n_val_total": 500,
      "n_val_valid": 500,
      "acc": 0.754,
      "f1": 0.7494908350305499,
      "pre": 0.7634854771784232,
      "recall": 0.736,
      "auroc": 0.8500640000000002,
      "optimal_threshold": -0.15892262756824493,
      "tpr_at_fpr_0_01": 0.24,
      "fpr95": 0.552,
      "aupr": 0.8574489354681575
    },
    "layer_10": {
      "n_total": 500,
      "n_valid": 500,
      "n_val_total": 500,
      "n_val_valid": 500,
      "acc": 0.76,
      "f1": 0.7727272727272727,
      "pre": 0.7338129496402878,
      "recall": 0.816,
      "auroc": 0.85104,
      "optimal_threshold": -0.2972126603126526,
      "tpr_at_fpr_0_01": 0.26,
      "fpr95": 0.56,
      "aupr": 0.856472959576656
    },
    "layer_11": {
      "n_total": 500,
      "n_valid": 500,
      "n_val_total": 500,
      "n_val_valid": 500,
      "acc": 0.762,
      "f1": 0.7792207792207793,
      "pre": 0.726643598615917,
      "recall": 0.84,
      "auroc": 0.8551839999999999,
      "optimal_threshold": -0.3396736681461334,
      "tpr_at_fpr_0_01": 0.248,
      "fpr95": 0.56,
      "aupr": 0.8625144583093957
    },
    "layer_12": {
      "n_total": 500,
      "n_valid": 500,
      "n_val_total": 500,
      "n_val_valid": 500,
      "acc": 0.77,
      "f1": 0.7882136279926335,
      "pre": 0.7303754266211604,
      "recall": 0.856,
      "auroc": 0.8547840000000001,
      "optimal_threshold": -0.3905503451824188,
      "tpr_at_fpr_0_01": 0.252,
      "fpr95": 0.54,
      "aupr": 0.8617688839700186
    },
    "layer_13": {
      "n_total": 500,
      "n_valid": 500,
      "n_val_total": 500,
      "n_val_valid": 500,
      "acc": 0.774,
      "f1": 0.7640918580375783,
      "pre": 0.7991266375545851,
      "recall": 0.732,
      "auroc": 0.853024,
      "optimal_threshold": -0.08588850498199463,
      "tpr_at_fpr_0_01": 0.244,
      "fpr95": 0.556,
      "aupr": 0.8620036392327404
    },
    "layer_14": {
      "n_total": 500,
      "n_valid": 500,
      "n_val_total": 500,
      "n_val_valid": 500,
      "acc": 0.764,
      "f1": 0.7489361702127659,
      "pre": 0.8,
      "recall": 0.704,
      "auroc": 0.84168,
      "optimal_threshold": -0.043639183044433594,
      "tpr_at_fpr_0_01": 0.264,
      "fpr95": 0.588,
      "aupr": 0.8507332052252075
    },
    "layer_15": {
      "n_total": 500,
      "n_valid": 500,
      "n_val_total": 500,
      "n_val_valid": 500,
      "acc": 0.786,
      "f1": 0.7889546351084813,
      "pre": 0.7782101167315175,
      "recall": 0.8,
      "auroc": 0.8605760000000001,
      "optimal_threshold": -0.2934354841709137,
      "tpr_at_fpr_0_01": 0.268,
      "fpr95": 0.568,
      "aupr": 0.8679844246827746
    },
    "layer_16": {
      "n_total": 500,
      "n_valid": 500,
      "n_val_total": 500,
      "n_val_valid": 500,
      "acc": 0.772,
      "f1": 0.7682926829268293,
      "pre": 0.78099173553719,
      "recall": 0.756,
      "auroc": 0.8555839999999999,
      "optimal_threshold": -0.2681703567504883,
      "tpr_at_fpr_0_01": 0.272,
      "fpr95": 0.612,
      "aupr": 0.8638921989185665
    },
    "layer_17": {
      "n_total": 500,
      "n_valid": 500,
      "n_val_total": 500,
      "n_val_valid": 500,
      "acc": 0.778,
      "f1": 0.7819253438113949,
      "pre": 0.7683397683397684,
      "recall": 0.796,
      "auroc": 0.8568319999999999,
      "optimal_threshold": -0.45232200622558594,
      "tpr_at_fpr_0_01": 0.272,
      "fpr95": 0.592,
      "aupr": 0.8646465652054747
    },
    "layer_18": {
      "n_total": 500,
      "n_valid": 500,
      "n_val_total": 500,
      "n_val_valid": 500,
      "acc": 0.774,
      "f1": 0.7600849256900213,
      "pre": 0.8099547511312217,
      "recall": 0.716,
      "auroc": 0.8582400000000001,
      "optimal_threshold": -0.23774731159210205,
      "tpr_at_fpr_0_01": 0.248,
      "fpr95": 0.56,
      "aupr": 0.8639011200081385
    },
    "layer_19": {
      "n_total": 500,
      "n_valid": 500,
      "n_val_total": 500,
      "n_val_valid": 500,
      "acc": 0.782,
      "f1": 0.7733887733887734,
      "pre": 0.8051948051948052,
      "recall": 0.744,
      "auroc": 0.863568,
      "optimal_threshold": -0.39375633001327515,
      "tpr_at_fpr_0_01": 0.308,
      "fpr95": 0.588,
      "aupr": 0.8680887376697741
    },
    "layer_20": {
      "n_total": 500,
      "n_valid": 500,
      "n_val_total": 500,
      "n_val_valid": 500,
      "acc": 0.768,