{
  "args": {
    "model": "llama_8b",
    "dataset": "multisocial_full",
    "mode": "last_token",
    "centering": false,
    "prefix": false,
    "smoke_test": false,
    "ood": false,
    "ood_set": "",
    "manifold": true,
    "pca_components": 40
  },
  "steering_domain": "multisocial_full",
  "eval_domain": "multisocial_full",
  "n_samples": 500,
  "n_layers": 33,
  "metrics_per_layer": {
    "layer_1": {
      "n_total": 500,
      "n_valid": 500,
      "n_val_total": 500,
      "n_val_valid": 500,
      "acc": 0.692,
      "f1": 0.6577777777777778,
      "pre": 0.74,
      "recall": 0.592,
      "auroc": 0.7419279999999999,
      "optimal_threshold": 0.038592785596847534,
      "tpr_at_fpr_0_01": 0.0,
      "fpr95": 0.876,
      "aupr": 0.7575932186068046
    },
    "layer_2": {
      "n_total": 500,
      "n_valid": 500,
      "n_val_total": 500,
      "n_val_valid": 500,
      "acc": 0.7,
      "f1": 0.6848739495798319,
      "pre": 0.7212389380530974,
      "recall": 0.652,
      "auroc": 0.7746079999999999,
      "optimal_threshold": -0.03866984322667122,
      "tpr_at_fpr_0_01": 0.032,
      "fpr95": 0.784,
      "aupr": 0.7829324980763541
    },
    "layer_3": {
      "n_total": 500,
      "n_valid": 500,
      "n_val_total": 500,
      "n_val_valid": 500,
      "acc": 0.706,
      "f1": 0.7089108910891089,
      "pre": 0.7019607843137254,
      "recall": 0.716,
      "auroc": 0.7931999999999999,
      "optimal_threshold": -0.027885330840945244,
      "tpr_at_fpr_0_01": 0.192,
      "fpr95": 0.672,
      "aupr": 0.8071910683878483
    },
    "layer_4": {
      "n_total": 500,
      "n_valid": 500,
      "n_val_total": 500,
      "n_val_valid": 500,
      "acc": 0.712,
      "f1": 0.6855895196506551,
      "pre": 0.7548076923076923,
      "recall": 0.628,
      "auroc": 0.8029919999999999,
      "optimal_threshold": 0.1547940969467163,
      "tpr_at_fpr_0_01": 0.216,
      "fpr95": 0.688,
      "aupr": 0.822655210183378
    },
    "layer_5": {
      "n_total": 500,
      "n_valid": 500,
      "n_val_total": 500,
      "n_val_valid": 500,
      "acc": 0.734,
      "f1": 0.74373795761079,
      "pre": 0.7174721189591078,
      "recall": 0.772,
      "auroc": 0.8238239999999999,
      "optimal_threshold": -0.04485152289271355,
      "tpr_at_fpr_0_01": 0.248,
      "fpr95": 0.556,
      "aupr": 0.8341818180431368
    },
    "layer_6": {
      "n_total": 500,
      "n_valid": 500,
      "n_val_total": 500,
      "n_val_valid": 500,
      "acc": 0.75,
      "f1": 0.7628083491461101,
      "pre": 0.7256317689530686,
      "recall": 0.804,
      "auroc": 0.8324159999999999,
      "optimal_threshold": -0.025783076882362366,
      "tpr_at_fpr_0_01": 0.172,
      "fpr95": 0.552,
      "aupr": 0.8409111484030442
    },
    "layer_7": {
      "n_total": 500,
      "n_valid": 500,
      "n_val_total": 500,
      "n_val_valid": 500,
      "acc": 0.748,
      "f1": 0.754863813229572,
      "pre": 0.7348484848484849,
      "recall": 0.776,
      "auroc": 0.835648,
      "optimal_threshold": -0.01669560745358467,
      "tpr_at_fpr_0_01": 0.152,
      "fpr95": 0.512,
      "aupr": 0.8363053620608448
    },
    "layer_8": {
      "n_total": 500,
      "n_valid": 500,
      "n_val_total": 500,
      "n_val_valid": 500,
      "acc": 0.754,
      "f1": 0.7657142857142857,
      "pre": 0.730909090909091,
      "recall": 0.804,
      "auroc": 0.848624,
      "optimal_threshold": -0.20192258059978485,
      "tpr_at_fpr_0_01": 0.224,
      "fpr95": 0.564,
      "aupr": 0.8540956129981546
    },
    "layer_9": {
      "n_total": 500,
      "n_valid": 500,
      "n_val_total": 500,
      "n_val_valid": 500,
      "acc": 0.758,
      "f1": 0.7525562372188139,
      "pre": 0.7698744769874477,
      "recall": 0.736,
      "auroc": 0.8510719999999999,
      "optimal_threshold": -0.0323546901345253,
      "tpr_at_fpr_0_01": 0.248,
      "fpr95": 0.552,
      "aupr": 0.8586136093971707
    },
    "layer_10": {
      "n_total": 500,
      "n_valid": 500,
      "n_val_total": 500,
      "n_val_valid": 500,
      "acc": 0.756,
      "f1": 0.7458333333333333,
      "pre": 0.7782608695652173,
      "recall": 0.716,
      "auroc": 0.85216,
      "optimal_threshold": 0.10703130811452866,
      "tpr_at_fpr_0_01": 0.268,
      "fpr95": 0.584,
      "aupr": 0.8583595099320073
    },
    "layer_11": {
      "n_total": 500,
      "n_valid": 500,
      "n_val_total": 500,
      "n_val_valid": 500,
      "acc": 0.762,
      "f1": 0.7808471454880295,
      "pre": 0.7235494880546075,
      "recall": 0.848,
      "auroc": 0.8565759999999999,
      "optimal_threshold": -0.11417917907238007,
      "tpr_at_fpr_0_01": 0.228,
      "fpr95": 0.56,
      "aupr": 0.8635537050007291
    },
    "layer_12": {
      "n_total": 500,
      "n_valid": 500,
      "n_val_total": 500,
      "n_val_valid": 500,
      "acc": 0.774,
      "f1": 0.7895716945996276,
      "pre": 0.7386759581881533,
      "recall": 0.848,
      "auroc": 0.855904,
      "optimal_threshold": -0.05798672139644623,
      "tpr_at_fpr_0_01": 0.244,
      "fpr95": 0.54,
      "aupr": 0.8634741707778766
    },
    "layer_13": {
      "n_total": 500,
      "n_valid": 500,
      "n_val_total": 500,
      "n_val_valid": 500,
      "acc": 0.758,
      "f1": 0.781981981981982,
      "pre": 0.7114754098360656,
      "recall": 0.868,
      "auroc": 0.8546400000000001,
      "optimal_threshold": -0.1709514558315277,
      "tpr_at_fpr_0_01": 0.264,
      "fpr95": 0.564,
      "aupr": 0.8633241367018987
    },
    "layer_14": {
      "n_total": 500,
      "n_valid": 500,
      "n_val_total": 500,
      "n_val_valid": 500,
      "acc": 0.762,
      "f1": 0.7741935483870968,
      "pre": 0.7364620938628159,
      "recall": 0.816,
      "auroc": 0.8426560000000001,
      "optimal_threshold": 0.14921288192272186,
      "tpr_at_fpr_0_01": 0.272,
      "fpr95": 0.588,
      "aupr": 0.8516761535762001
    },
    "layer_15": {
      "n_total": 500,
      "n_valid": 500,
      "n_val_total": 500,
      "n_val_valid": 500,
      "acc": 0.784,
      "f1": 0.7890625,
      "pre": 0.7709923664122137,
      "recall": 0.808,
      "auroc": 0.8610559999999999,
      "optimal_threshold": -0.11801803857088089,
      "tpr_at_fpr_0_01": 0.28,
      "fpr95": 0.576,
      "aupr": 0.8684898923315348
    },
    "layer_16": {
      "n_total": 500,
      "n_valid": 500,
      "n_val_total": 500,
      "n_val_valid": 500,
      "acc": 0.774,
      "f1": 0.772635814889336,
      "pre": 0.7773279352226721,
      "recall": 0.768,
      "auroc": 0.857232,
      "optimal_threshold": 0.17021559178829193,
      "tpr_at_fpr_0_01": 0.28,
      "fpr95": 0.604,
      "aupr": 0.8654805027930426
    },
    "layer_17": {
      "n_total": 500,
      "n_valid": 500,
      "n_val_total": 500,
      "n_val_valid": 500,
      "acc": 0.776,
      "f1": 0.7741935483870968,
      "pre": 0.7804878048780488,
      "recall": 0.768,
      "auroc": 0.858816,
      "optimal_threshold": 0.23620425164699554,
      "tpr_at_fpr_0_01": 0.284,
      "fpr95": 0.6,
      "aupr": 0.8655797066490968
    },
    "layer_18": {
      "n_total": 500,
      "n_valid": 500,
      "n_val_total": 500,
      "n_val_valid": 500,
      "acc": 0.784,
      "f1": 0.773109243697479,
      "pre": 0.8141592920353983,
      "recall": 0.736,
      "auroc": 0.8604160000000001,
      "optimal_threshold": 0.3103404641151428,
      "tpr_at_fpr_0_01": 0.26,
      "fpr95": 0.54,
      "aupr": 0.8653451966096462
    },
    "layer_19": {
      "n_total": 500,
      "n_valid": 500,
      "n_val_total": 500,
      "n_val_valid": 500,
      "acc": 0.782,
      "f1": 0.7733887733887734,
      "pre": 0.8051948051948052,
      "recall": 0.744,
      "auroc": 0.86424,
      "optimal_threshold": 0.3403685688972473,
      "tpr_at_fpr_0_01": 0.316,
      "fpr95": 0.572,
      "aupr": 0.8684147478309593
    },
    "layer_20": {
      "n_total": 500,
      "n_valid": 500,
      "n_val_total": 500,
      "n_val_valid": 500,
      "acc": 0.77,