{
  "args": {
    "model": "llama_8b",
    "dataset": "tsm_mulit",
    "mode": "last_token",
    "centering": false,
    "prefix": false,
    "smoke_test": false,
    "ood": false,
    "ood_set": "",
    "manifold": false,
    "pca_components": 10
  },
  "steering_domain": "tsm_mulit",
  "eval_domain": "tsm_mulit",
  "n_samples": 500,
  "n_layers": 33,
  "metrics_per_layer": {
    "layer_1": {
      "n_total": 500,
      "n_valid": 500,
      "acc": 0.534,
      "f1": 0.6722925457102672,
      "pre": 0.5184381778741866,
      "recall": 0.956,
      "auroc": 0.5233920000000001,
      "optimal_threshold": 0.02215888351202011,
      "tpr_at_fpr_0_01": 0.0,
      "fpr95": 0.888,
      "aupr": 0.5119717888318664
    },
    "layer_2": {
      "n_total": 500,
      "n_valid": 500,
      "acc": 0.62,
      "f1": 0.483695652173913,
      "pre": 0.7542372881355932,
      "recall": 0.356,
      "auroc": 0.6584000000000001,
      "optimal_threshold": 0.10534711927175522,
      "tpr_at_fpr_0_01": 0.132,
      "fpr95": 0.888,
      "aupr": 0.6921152270496285
    },
    "layer_3": {
      "n_total": 500,
      "n_valid": 500,
      "acc": 0.628,
      "f1": 0.6748251748251748,
      "pre": 0.5993788819875776,
      "recall": 0.772,
      "auroc": 0.66176,
      "optimal_threshold": 0.09752677381038666,
      "tpr_at_fpr_0_01": 0.076,
      "fpr95": 0.832,
      "aupr": 0.664908911580472
    },
    "layer_4": {
      "n_total": 500,
      "n_valid": 500,
      "acc": 0.674,
      "f1": 0.6785009861932939,
      "pre": 0.669260700389105,
      "recall": 0.688,
      "auroc": 0.714528,
      "optimal_threshold": 0.3425341248512268,
      "tpr_at_fpr_0_01": 0.132,
      "fpr95": 0.876,
      "aupr": 0.7302188824896535
    },
    "layer_5": {
      "n_total": 500,
      "n_valid": 500,
      "acc": 0.732,
      "f1": 0.6968325791855203,
      "pre": 0.8020833333333334,
      "recall": 0.616,
      "auroc": 0.796784,
      "optimal_threshold": 0.4236685633659363,
      "tpr_at_fpr_0_01": 0.208,
      "fpr95": 0.82,
      "aupr": 0.8196493045004609
    },
    "layer_6": {
      "n_total": 500,
      "n_valid": 500,
      "acc": 0.77,
      "f1": 0.7686116700201208,
      "pre": 0.7732793522267206,
      "recall": 0.764,
      "auroc": 0.837744,
      "optimal_threshold": 0.5263155102729797,
      "tpr_at_fpr_0_01": 0.268,
      "fpr95": 0.74,
      "aupr": 0.8562057200786017
    },
    "layer_7": {
      "n_total": 500,
      "n_valid": 500,
      "acc": 0.762,
      "f1": 0.7525987525987526,
      "pre": 0.7835497835497836,
      "recall": 0.724,
      "auroc": 0.8323679999999999,
      "optimal_threshold": 0.8294826149940491,
      "tpr_at_fpr_0_01": 0.248,
      "fpr95": 0.648,
      "aupr": 0.8513295564988623
    },
    "layer_8": {
      "n_total": 500,
      "n_valid": 500,
      "acc": 0.766,
      "f1": 0.7462039045553145,
      "pre": 0.8151658767772512,
      "recall": 0.688,
      "auroc": 0.834432,
      "optimal_threshold": 0.8324577808380127,
      "tpr_at_fpr_0_01": 0.316,
      "fpr95": 0.676,
      "aupr": 0.8513678944650357
    },
    "layer_9": {
      "n_total": 500,
      "n_valid": 500,
      "acc": 0.766,
      "f1": 0.7673956262425448,
      "pre": 0.7628458498023716,
      "recall": 0.772,
      "auroc": 0.8269279999999999,
      "optimal_threshold": 0.7435431480407715,
      "tpr_at_fpr_0_01": 0.312,
      "fpr95": 0.772,
      "aupr": 0.8479948015867118
    },
    "layer_10": {
      "n_total": 500,
      "n_valid": 500,
      "acc": 0.77,
      "f1": 0.7638603696098563,
      "pre": 0.7848101265822784,
      "recall": 0.744,
      "auroc": 0.834592,
      "optimal_threshold": 0.8647991418838501,
      "tpr_at_fpr_0_01": 0.356,
      "fpr95": 0.716,
      "aupr": 0.8605614893948581
    },
    "layer_11": {
      "n_total": 500,
      "n_valid": 500,
      "acc": 0.794,
      "f1": 0.7944111776447106,
      "pre": 0.7928286852589641,
      "recall": 0.796,
      "auroc": 0.87192,
      "optimal_threshold": 0.8540600538253784,
      "tpr_at_fpr_0_01": 0.524,
      "fpr95": 0.66,
      "aupr": 0.8958892855650248
    },
    "layer_12": {
      "n_total": 500,
      "n_valid": 500,
      "acc": 0.806,
      "f1": 0.8016359918200409,
      "pre": 0.8200836820083682,
      "recall": 0.784,
      "auroc": 0.8676,
      "optimal_threshold": 1.121159553527832,
      "tpr_at_fpr_0_01": 0.464,
      "fpr95": 0.668,
      "aupr": 0.8932895443232318
    },
    "layer_13": {
      "n_total": 500,
      "n_valid": 500,
      "acc": 0.786,
      "f1": 0.7595505617977528,
      "pre": 0.8666666666666667,
      "recall": 0.676,
      "auroc": 0.8550719999999999,
      "optimal_threshold": 1.1271004676818848,
      "tpr_at_fpr_0_01": 0.452,
      "fpr95": 0.688,
      "aupr": 0.8819668592558629
    },
    "layer_14": {
      "n_total": 500,
      "n_valid": 500,
      "acc": 0.79,
      "f1": 0.7629796839729119,
      "pre": 0.8756476683937824,
      "recall": 0.676,
      "auroc": 0.843904,
      "optimal_threshold": 1.0385884046554565,
      "tpr_at_fpr_0_01": 0.448,
      "fpr95": 0.764,
      "aupr": 0.8750607080920155
    },
    "layer_15": {
      "n_total": 500,
      "n_valid": 500,
      "acc": 0.788,
      "f1": 0.7601809954751131,
      "pre": 0.875,
      "recall": 0.672,
      "auroc": 0.84472,
      "optimal_threshold": 1.321323275566101,
      "tpr_at_fpr_0_01": 0.416,
      "fpr95": 0.752,
      "aupr": 0.8774218424491335
    },
    "layer_16": {
      "n_total": 500,
      "n_valid": 500,
      "acc": 0.782,
      "f1": 0.7505720823798627,
      "pre": 0.8770053475935828,
      "recall": 0.656,
      "auroc": 0.838752,
      "optimal_threshold": 1.6048429012298584,
      "tpr_at_fpr_0_01": 0.46,
      "fpr95": 0.784,
      "aupr": 0.8722125037271258
    },
    "layer_17": {
      "n_total": 500,
      "n_valid": 500,
      "acc": 0.792,
      "f1": 0.7668161434977578,
      "pre": 0.8724489795918368,
      "recall": 0.684,
      "auroc": 0.8488799999999999,
      "optimal_threshold": 1.6628820896148682,
      "tpr_at_fpr_0_01": 0.504,
      "fpr95": 0.7,
      "aupr": 0.8818414080998094
    },
    "layer_18": {
      "n_total": 500,
      "n_valid": 500,
      "acc": 0.796,
      "f1": 0.7681818181818182,
      "pre": 0.8894736842105263,
      "recall": 0.676,
      "auroc": 0.8486880000000001,
      "optimal_threshold": 1.9988255500793457,
      "tpr_at_fpr_0_01": 0.476,
      "fpr95": 0.736,
      "aupr": 0.8822722760338737
    },
    "layer_19": {
      "n_total": 500,
      "n_valid": 500,
      "acc": 0.796,
      "f1": 0.7616822429906542,
      "pre": 0.9157303370786517,
      "recall": 0.652,
      "auroc": 0.8590559999999999,
      "optimal_threshold": 2.1180193424224854,
      "tpr_at_fpr_0_01": 0.564,
      "fpr95": 0.696,
      "aupr": 0.8900527560520608
    },
    "layer_20": {
      "n_total": 500,
      "n_valid": 500,
      "acc": 0.792,
      "f1": 0.7592592592592593,
      "pre": 0.9010989010989011,
      "recall": 0.656,
      "auroc": 0.843024,
      "optimal_threshold": 2.7963109016418457,
      "tpr_at_fpr_0_01": 0.544,
      "fpr95": 0.776,
      "aupr": 0.8794609623988525
    },
    "layer_21": {
      "n_total": 500,
      "n_valid": 500,
      "acc": 0.794,
      "f1": 0.7599067599067599,
      "pre": 0.9106145251396648,
      "recall": 0.652,
      "auroc": 0.8567199999999999,
      "optimal_threshold": 2.5717649459838867,
      "tpr_at_fpr_0_01": 0.544,
      "fpr95": 0.736,
      "aupr": 0.8896205070845767
    },
    "layer_22": {
      "n_total": 500,
      "n_valid": 500,
      "acc": 0.79,
      "f1": 0.7575057736720554,
      "pre": 0.8961748633879781,
      "recall": 0.656,
      "auroc": 0.840096,
      "optimal_threshold": 2.749542474746704,
      "tpr_at_fpr_0_01": 0.516,
      "fpr95": 0.764,
      "aupr": 0.8781962294489921
    },
    "layer_23": {
      "n_total": 500,
      "n_valid": 500,
      "acc": 0.792,
      "f1": 0.7614678899082569,
      "pre": 0.8924731182795699,
      "recall": 0.664,