{
  "args": {
    "model": "llama_8b",
    "dataset": "drl_t1_paraphrase",
    "mode": "last_token",
    "prefix": false,
    "smoke_test": false,
    "ood": false,
    "ood_set": "",
    "manifold": true,
    "pca_components": 30
  },
  "steering_domain": "drl_t1_paraphrase",
  "eval_domain": "drl_t1_paraphrase",
  "n_samples": 500,
  "n_layers": 33,
  "metrics_per_layer": {
    "layer_1": {
      "n_total": 500,
      "n_valid": 500,
      "n_val_total": 500,
      "n_val_valid": 500,
      "acc": 0.5,
      "f1": 0.0,
      "pre": 0.0,
      "recall": 0.0,
      "auroc": 0.627432,
      "optimal_threshold": 0.04678088799118996,
      "tpr_at_fpr_0_01": 0.0,
      "fpr95": 0.716,
      "aupr": 0.5744123394991965
    },
    "layer_2": {
      "n_total": 500,
      "n_valid": 500,
      "n_val_total": 500,
      "n_val_valid": 500,
      "acc": 0.778,
      "f1": 0.7869481765834933,
      "pre": 0.7564575645756457,
      "recall": 0.82,
      "auroc": 0.8596000000000001,
      "optimal_threshold": 0.03842632472515106,
      "tpr_at_fpr_0_01": 0.12,
      "fpr95": 0.608,
      "aupr": 0.8568598600384143
    },
    "layer_3": {
      "n_total": 500,
      "n_valid": 500,
      "n_val_total": 500,
      "n_val_valid": 500,
      "acc": 0.828,
      "f1": 0.8170212765957446,
      "pre": 0.8727272727272727,
      "recall": 0.768,
      "auroc": 0.895024,
      "optimal_threshold": 0.0684695839881897,
      "tpr_at_fpr_0_01": 0.38,
      "fpr95": 0.624,
      "aupr": 0.9100878768054654
    },
    "layer_4": {
      "n_total": 500,
      "n_valid": 500,
      "n_val_total": 500,
      "n_val_valid": 500,
      "acc": 0.848,
      "f1": 0.8455284552845529,
      "pre": 0.859504132231405,
      "recall": 0.832,
      "auroc": 0.9282720000000001,
      "optimal_threshold": 0.06807233393192291,
      "tpr_at_fpr_0_01": 0.58,
      "fpr95": 0.428,
      "aupr": 0.940776405811324
    },
    "layer_5": {
      "n_total": 500,
      "n_valid": 500,
      "n_val_total": 500,
      "n_val_valid": 500,
      "acc": 0.918,
      "f1": 0.9161554192229039,
      "pre": 0.9372384937238494,
      "recall": 0.896,
      "auroc": 0.961376,
      "optimal_threshold": 0.028944656252861023,
      "tpr_at_fpr_0_01": 0.788,
      "fpr95": 0.34,
      "aupr": 0.9704488376435096
    },
    "layer_6": {
      "n_total": 500,
      "n_valid": 500,
      "n_val_total": 500,
      "n_val_valid": 500,
      "acc": 0.912,
      "f1": 0.9102040816326531,
      "pre": 0.9291666666666667,
      "recall": 0.892,
      "auroc": 0.969904,
      "optimal_threshold": 0.0014475435018539429,
      "tpr_at_fpr_0_01": 0.752,
      "fpr95": 0.168,
      "aupr": 0.9750846069570958
    },
    "layer_7": {
      "n_total": 500,
      "n_valid": 500,
      "n_val_total": 500,
      "n_val_valid": 500,
      "acc": 0.898,
      "f1": 0.8935281837160751,
      "pre": 0.9344978165938864,
      "recall": 0.856,
      "auroc": 0.9633120000000001,
      "optimal_threshold": 0.02410009317100048,
      "tpr_at_fpr_0_01": 0.736,
      "fpr95": 0.276,
      "aupr": 0.9698521957344077
    },
    "layer_8": {
      "n_total": 500,
      "n_valid": 500,
      "n_val_total": 500,
      "n_val_valid": 500,
      "acc": 0.882,
      "f1": 0.879837067209776,
      "pre": 0.8962655601659751,
      "recall": 0.864,
      "auroc": 0.953088,
      "optimal_threshold": -0.026175975799560547,
      "tpr_at_fpr_0_01": 0.64,
      "fpr95": 0.28,
      "aupr": 0.9586533186461806
    },
    "layer_9": {
      "n_total": 500,
      "n_valid": 500,
      "n_val_total": 500,
      "n_val_valid": 500,
      "acc": 0.872,
      "f1": 0.8699186991869918,
      "pre": 0.8842975206611571,
      "recall": 0.856,
      "auroc": 0.9461120000000001,
      "optimal_threshold": -0.07868880033493042,
      "tpr_at_fpr_0_01": 0.636,
      "fpr95": 0.336,
      "aupr": 0.9521798768788828
    },
    "layer_10": {
      "n_total": 500,
      "n_valid": 500,
      "n_val_total": 500,
      "n_val_valid": 500,
      "acc": 0.874,
      "f1": 0.8701030927835052,
      "pre": 0.8978723404255319,
      "recall": 0.844,
      "auroc": 0.951152,
      "optimal_threshold": -0.04204173386096954,
      "tpr_at_fpr_0_01": 0.644,
      "fpr95": 0.3,
      "aupr": 0.9565814179410134
    },
    "layer_11": {
      "n_total": 500,
      "n_valid": 500,
      "n_val_total": 500,
      "n_val_valid": 500,
      "acc": 0.878,
      "f1": 0.8742268041237113,
      "pre": 0.902127659574468,
      "recall": 0.848,
      "auroc": 0.9655999999999999,
      "optimal_threshold": -0.12046575546264648,
      "tpr_at_fpr_0_01": 0.768,
      "fpr95": 0.204,
      "aupr": 0.969569871446788
    },
    "layer_12": {
      "n_total": 500,
      "n_valid": 500,
      "n_val_total": 500,
      "n_val_valid": 500,
      "acc": 0.862,
      "f1": 0.8496732026143791,
      "pre": 0.9330143540669856,
      "recall": 0.78,
      "auroc": 0.948912,
      "optimal_threshold": 0.08570298552513123,
      "tpr_at_fpr_0_01": 0.672,
      "fpr95": 0.268,
      "aupr": 0.9569606590685228
    },
    "layer_13": {
      "n_total": 500,
      "n_valid": 500,
      "n_val_total": 500,
      "n_val_valid": 500,
      "acc": 0.868,
      "f1": 0.8558951965065502,
      "pre": 0.9423076923076923,
      "recall": 0.784,
      "auroc": 0.95584,
      "optimal_threshold": 0.10082107782363892,
      "tpr_at_fpr_0_01": 0.74,
      "fpr95": 0.236,
      "aupr": 0.9628737973602922
    },
    "layer_14": {
      "n_total": 500,
      "n_valid": 500,
      "n_val_total": 500,
      "n_val_valid": 500,
      "acc": 0.844,
      "f1": 0.8251121076233184,
      "pre": 0.9387755102040817,
      "recall": 0.736,
      "auroc": 0.9451039999999999,
      "optimal_threshold": 0.2687962055206299,
      "tpr_at_fpr_0_01": 0.672,
      "fpr95": 0.312,
      "aupr": 0.9533057812273827
    },
    "layer_15": {
      "n_total": 500,
      "n_valid": 500,
      "n_val_total": 500,
      "n_val_valid": 500,
      "acc": 0.874,
      "f1": 0.8603104212860311,
      "pre": 0.9651741293532339,
      "recall": 0.776,
      "auroc": 0.9552480000000001,
      "optimal_threshold": 0.2505995035171509,
      "tpr_at_fpr_0_01": 0.744,
      "fpr95": 0.336,
      "aupr": 0.9630095229938008
    },
    "layer_16": {
      "n_total": 500,
      "n_valid": 500,
      "n_val_total": 500,
      "n_val_valid": 500,
      "acc": 0.89,
      "f1": 0.8801742919389978,
      "pre": 0.9665071770334929,
      "recall": 0.808,
      "auroc": 0.9531360000000001,
      "optimal_threshold": 0.17308062314987183,
      "tpr_at_fpr_0_01": 0.752,
      "fpr95": 0.368,
      "aupr": 0.9626074511261986
    },
    "layer_17": {
      "n_total": 500,
      "n_valid": 500,
      "n_val_total": 500,
      "n_val_valid": 500,
      "acc": 0.918,
      "f1": 0.9133192389006343,
      "pre": 0.968609865470852,
      "recall": 0.864,
      "auroc": 0.964096,
      "optimal_threshold": 0.1330873668193817,
      "tpr_at_fpr_0_01": 0.82,
      "fpr95": 0.316,
      "aupr": 0.9722912043346698
    },
    "layer_18": {
      "n_total": 500,
      "n_valid": 500,
      "n_val_total": 500,
      "n_val_valid": 500,
      "acc": 0.914,
      "f1": 0.9102296450939458,
      "pre": 0.9519650655021834,
      "recall": 0.872,
      "auroc": 0.962576,
      "optimal_threshold": 0.1815071702003479,
      "tpr_at_fpr_0_01": 0.748,
      "fpr95": 0.284,
      "aupr": 0.9705944752047485
    },
    "layer_19": {
      "n_total": 500,
      "n_valid": 500,
      "n_val_total": 500,
      "n_val_valid": 500,
      "acc": 0.93,
      "f1": 0.9281314168377823,
      "pre": 0.9535864978902954,
      "recall": 0.904,
      "auroc": 0.9691360000000001,
      "optimal_threshold": 0.11807344853878021,
      "tpr_at_fpr_0_01": 0.804,
      "fpr95": 0.192,
      "aupr": 0.977194354660969
    },
    "layer_20": {
      "n_total": 500,
      "n_valid": 500,
      "n_val_total": 500,
      "n_val_valid": 500,
      "acc": 0.908,
      "f1": 0.9068825910931174,
      "pre": 0.9180327868852459,