{
  "args": {
    "model": "llama_8b",
    "dataset": "drl_t1_perturbation",
    "mode": "last_token",
    "centering": false,
    "prefix": false,
    "smoke_test": false,
    "ood": false,
    "ood_set": "",
    "manifold": true,
    "pca_components": 25
  },
  "steering_domain": "drl_t1_perturbation",
  "eval_domain": "drl_t1_perturbation",
  "n_samples": 500,
  "n_layers": 33,
  "metrics_per_layer": {
    "layer_1": {
      "n_total": 500,
      "n_valid": 500,
      "n_val_total": 500,
      "n_val_valid": 500,
      "acc": 0.62,
      "f1": 0.7155688622754491,
      "pre": 0.5717703349282297,
      "recall": 0.956,
      "auroc": 0.621632,
      "optimal_threshold": 0.17978836596012115,
      "tpr_at_fpr_0_01": 0.0,
      "fpr95": 0.716,
      "aupr": 0.5704822984122453
    },
    "layer_2": {
      "n_total": 500,
      "n_valid": 500,
      "n_val_total": 500,
      "n_val_valid": 500,
      "acc": 0.768,
      "f1": 0.7777777777777778,
      "pre": 0.7463235294117647,
      "recall": 0.812,
      "auroc": 0.8455199999999999,
      "optimal_threshold": 0.12370080500841141,
      "tpr_at_fpr_0_01": 0.176,
      "fpr95": 0.604,
      "aupr": 0.8428076068513317
    },
    "layer_3": {
      "n_total": 500,
      "n_valid": 500,
      "n_val_total": 500,
      "n_val_valid": 500,
      "acc": 0.766,
      "f1": 0.7439824945295405,
      "pre": 0.821256038647343,
      "recall": 0.68,
      "auroc": 0.854368,
      "optimal_threshold": 0.27537646889686584,
      "tpr_at_fpr_0_01": 0.232,
      "fpr95": 0.6,
      "aupr": 0.8652573576755498
    },
    "layer_4": {
      "n_total": 500,
      "n_valid": 500,
      "n_val_total": 500,
      "n_val_valid": 500,
      "acc": 0.816,
      "f1": 0.8042553191489362,
      "pre": 0.8590909090909091,
      "recall": 0.756,
      "auroc": 0.903888,
      "optimal_threshold": 0.43405434489250183,
      "tpr_at_fpr_0_01": 0.384,
      "fpr95": 0.456,
      "aupr": 0.9171384011070115
    },
    "layer_5": {
      "n_total": 500,
      "n_valid": 500,
      "n_val_total": 500,
      "n_val_valid": 500,
      "acc": 0.892,
      "f1": 0.889344262295082,
      "pre": 0.9117647058823529,
      "recall": 0.868,
      "auroc": 0.95344,
      "optimal_threshold": 0.4876577854156494,
      "tpr_at_fpr_0_01": 0.808,
      "fpr95": 0.34,
      "aupr": 0.9645133273482462
    },
    "layer_6": {
      "n_total": 500,
      "n_valid": 500,
      "n_val_total": 500,
      "n_val_valid": 500,
      "acc": 0.9,
      "f1": 0.9,
      "pre": 0.9,
      "recall": 0.9,
      "auroc": 0.9684159999999999,
      "optimal_threshold": 0.5407556891441345,
      "tpr_at_fpr_0_01": 0.828,
      "fpr95": 0.224,
      "aupr": 0.9749110271645403
    },
    "layer_7": {
      "n_total": 500,
      "n_valid": 500,
      "n_val_total": 500,
      "n_val_valid": 500,
      "acc": 0.884,
      "f1": 0.88671875,
      "pre": 0.8664122137404581,
      "recall": 0.908,
      "auroc": 0.9663519999999999,
      "optimal_threshold": 0.8530200719833374,
      "tpr_at_fpr_0_01": 0.824,
      "fpr95": 0.276,
      "aupr": 0.9732120957256062
    },
    "layer_8": {
      "n_total": 500,
      "n_valid": 500,
      "n_val_total": 500,
      "n_val_valid": 500,
      "acc": 0.888,
      "f1": 0.8857142857142857,
      "pre": 0.9041666666666667,
      "recall": 0.868,
      "auroc": 0.9586399999999999,
      "optimal_threshold": 0.9544650316238403,
      "tpr_at_fpr_0_01": 0.756,
      "fpr95": 0.3,
      "aupr": 0.9659965993540417
    },
    "layer_9": {
      "n_total": 500,
      "n_valid": 500,
      "n_val_total": 500,
      "n_val_valid": 500,
      "acc": 0.886,
      "f1": 0.8829568788501027,
      "pre": 0.9071729957805907,
      "recall": 0.86,
      "auroc": 0.958,
      "optimal_threshold": 1.170121431350708,
      "tpr_at_fpr_0_01": 0.78,
      "fpr95": 0.26,
      "aupr": 0.965746159394802
    },
    "layer_10": {
      "n_total": 500,
      "n_valid": 500,
      "n_val_total": 500,
      "n_val_valid": 500,
      "acc": 0.902,
      "f1": 0.8989690721649485,
      "pre": 0.9276595744680851,
      "recall": 0.872,
      "auroc": 0.9652480000000001,
      "optimal_threshold": 1.2999430894851685,
      "tpr_at_fpr_0_01": 0.74,
      "fpr95": 0.224,
      "aupr": 0.9713545060943083
    },
    "layer_11": {
      "n_total": 500,
      "n_valid": 500,
      "n_val_total": 500,
      "n_val_valid": 500,
      "acc": 0.922,
      "f1": 0.919917864476386,
      "pre": 0.9451476793248945,
      "recall": 0.896,
      "auroc": 0.981072,
      "optimal_threshold": 1.3600218296051025,
      "tpr_at_fpr_0_01": 0.864,
      "fpr95": 0.136,
      "aupr": 0.9842201690793411
    },
    "layer_12": {
      "n_total": 500,
      "n_valid": 500,
      "n_val_total": 500,
      "n_val_valid": 500,
      "acc": 0.908,
      "f1": 0.9053497942386831,
      "pre": 0.9322033898305084,
      "recall": 0.88,
      "auroc": 0.974256,
      "optimal_threshold": 1.4466397762298584,
      "tpr_at_fpr_0_01": 0.828,
      "fpr95": 0.18,
      "aupr": 0.9785034519510547
    },
    "layer_13": {
      "n_total": 500,
      "n_valid": 500,
      "n_val_total": 500,
      "n_val_valid": 500,
      "acc": 0.906,
      "f1": 0.9018789144050104,
      "pre": 0.9432314410480349,
      "recall": 0.864,
      "auroc": 0.975232,
      "optimal_threshold": 1.7117671966552734,
      "tpr_at_fpr_0_01": 0.836,
      "fpr95": 0.164,
      "aupr": 0.9791002905869454
    },
    "layer_14": {
      "n_total": 500,
      "n_valid": 500,
      "n_val_total": 500,
      "n_val_valid": 500,
      "acc": 0.89,
      "f1": 0.8846960167714885,
      "pre": 0.9295154185022027,
      "recall": 0.844,
      "auroc": 0.964176,
      "optimal_threshold": 1.955354928970337,
      "tpr_at_fpr_0_01": 0.772,
      "fpr95": 0.224,
      "aupr": 0.9693689512120941
    },
    "layer_15": {
      "n_total": 500,
      "n_valid": 500,
      "n_val_total": 500,
      "n_val_valid": 500,
      "acc": 0.896,
      "f1": 0.8907563025210085,
      "pre": 0.9380530973451328,
      "recall": 0.848,
      "auroc": 0.967344,
      "optimal_threshold": 1.893273949623108,
      "tpr_at_fpr_0_01": 0.804,
      "fpr95": 0.232,
      "aupr": 0.9725092400660821
    },
    "layer_16": {
      "n_total": 500,
      "n_valid": 500,
      "n_val_total": 500,
      "n_val_valid": 500,
      "acc": 0.898,
      "f1": 0.8952772073921971,
      "pre": 0.919831223628692,
      "recall": 0.872,
      "auroc": 0.96392,
      "optimal_threshold": 2.132498025894165,
      "tpr_at_fpr_0_01": 0.812,
      "fpr95": 0.292,
      "aupr": 0.9711481889020583
    },
    "layer_17": {
      "n_total": 500,
      "n_valid": 500,
      "n_val_total": 500,
      "n_val_valid": 500,
      "acc": 0.922,
      "f1": 0.9178947368421052,
      "pre": 0.9688888888888889,
      "recall": 0.872,
      "auroc": 0.971456,
      "optimal_threshold": 2.511842727661133,
      "tpr_at_fpr_0_01": 0.828,
      "fpr95": 0.2,
      "aupr": 0.977657973850739
    },
    "layer_18": {
      "n_total": 500,
      "n_valid": 500,
      "n_val_total": 500,
      "n_val_valid": 500,
      "acc": 0.91,
      "f1": 0.9075975359342916,
      "pre": 0.9324894514767933,
      "recall": 0.884,
      "auroc": 0.9634240000000001,
      "optimal_threshold": 2.6419315338134766,
      "tpr_at_fpr_0_01": 0.808,
      "fpr95": 0.308,
      "aupr": 0.9714093953195096
    },
    "layer_19": {
      "n_total": 500,
      "n_valid": 500,
      "n_val_total": 500,
      "n_val_valid": 500,
      "acc": 0.93,
      "f1": 0.9263157894736842,
      "pre": 0.9777777777777777,
      "recall": 0.88,
      "auroc": 0.973888,
      "optimal_threshold": 3.236722707748413,
      "tpr_at_fpr_0_01": 0.868,
      "fpr95": 0.228,
      "aupr": 0.9797383249856481
    },
    "layer_20": {
      "n_total": 500,
      "n_valid": 500,
      "n_val_total": 500,
      "n_val_valid": 500,
      "acc": 0.918,
      "f1": 0.9154639175257732,
      "pre": 0.9446808510638298,
      "recall": 0.888,