{
  "args": {
    "model": "llama_8b",
    "dataset": "drl_t1_paraphrase",
    "mode": "last_token",
    "prefix": false,
    "smoke_test": false,
    "ood": false,
    "ood_set": "",
    "manifold": true,
    "pca_components": 40
  },
  "steering_domain": "drl_t1_paraphrase",
  "eval_domain": "drl_t1_paraphrase",
  "n_samples": 500,
  "n_layers": 33,
  "metrics_per_layer": {
    "layer_1": {
      "n_total": 500,
      "n_valid": 500,
      "n_val_total": 500,
      "n_val_valid": 500,
      "acc": 0.5,
      "f1": 0.0,
      "pre": 0.0,
      "recall": 0.0,
      "auroc": 0.627432,
      "optimal_threshold": 0.046780895441770554,
      "tpr_at_fpr_0_01": 0.0,
      "fpr95": 0.716,
      "aupr": 0.5744123394991965
    },
    "layer_2": {
      "n_total": 500,
      "n_valid": 500,
      "n_val_total": 500,
      "n_val_valid": 500,
      "acc": 0.792,
      "f1": 0.7976653696498055,
      "pre": 0.7765151515151515,
      "recall": 0.82,
      "auroc": 0.865888,
      "optimal_threshold": 0.04003880172967911,
      "tpr_at_fpr_0_01": 0.116,
      "fpr95": 0.608,
      "aupr": 0.8657609081862048
    },
    "layer_3": {
      "n_total": 500,
      "n_valid": 500,
      "n_val_total": 500,
      "n_val_valid": 500,
      "acc": 0.824,
      "f1": 0.8111587982832618,
      "pre": 0.875,
      "recall": 0.756,
      "auroc": 0.895584,
      "optimal_threshold": 0.07052864134311676,
      "tpr_at_fpr_0_01": 0.4,
      "fpr95": 0.616,
      "aupr": 0.9109600925979582
    },
    "layer_4": {
      "n_total": 500,
      "n_valid": 500,
      "n_val_total": 500,
      "n_val_valid": 500,
      "acc": 0.844,
      "f1": 0.8401639344262295,
      "pre": 0.8613445378151261,
      "recall": 0.82,
      "auroc": 0.929168,
      "optimal_threshold": 0.07130813598632812,
      "tpr_at_fpr_0_01": 0.596,
      "fpr95": 0.428,
      "aupr": 0.9416731390367692
    },
    "layer_5": {
      "n_total": 500,
      "n_valid": 500,
      "n_val_total": 500,
      "n_val_valid": 500,
      "acc": 0.918,
      "f1": 0.9161554192229039,
      "pre": 0.9372384937238494,
      "recall": 0.896,
      "auroc": 0.961568,
      "optimal_threshold": 0.02857314795255661,
      "tpr_at_fpr_0_01": 0.788,
      "fpr95": 0.34,
      "aupr": 0.9705911685140528
    },
    "layer_6": {
      "n_total": 500,
      "n_valid": 500,
      "n_val_total": 500,
      "n_val_valid": 500,
      "acc": 0.912,
      "f1": 0.9098360655737705,
      "pre": 0.9327731092436975,
      "recall": 0.888,
      "auroc": 0.9702719999999999,
      "optimal_threshold": 0.014940805733203888,
      "tpr_at_fpr_0_01": 0.756,
      "fpr95": 0.156,
      "aupr": 0.975481747109668
    },
    "layer_7": {
      "n_total": 500,
      "n_valid": 500,
      "n_val_total": 500,
      "n_val_valid": 500,
      "acc": 0.902,
      "f1": 0.8989690721649485,
      "pre": 0.9276595744680851,
      "recall": 0.872,
      "auroc": 0.9635360000000001,
      "optimal_threshold": -5.619227886199951e-05,
      "tpr_at_fpr_0_01": 0.736,
      "fpr95": 0.272,
      "aupr": 0.9700154370956128
    },
    "layer_8": {
      "n_total": 500,
      "n_valid": 500,
      "n_val_total": 500,
      "n_val_valid": 500,
      "acc": 0.882,
      "f1": 0.8803245436105477,
      "pre": 0.8930041152263375,
      "recall": 0.868,
      "auroc": 0.953408,
      "optimal_threshold": -0.03485126793384552,
      "tpr_at_fpr_0_01": 0.64,
      "fpr95": 0.28,
      "aupr": 0.9588549089868277
    },
    "layer_9": {
      "n_total": 500,
      "n_valid": 500,
      "n_val_total": 500,
      "n_val_valid": 500,
      "acc": 0.866,
      "f1": 0.8624229979466119,
      "pre": 0.8860759493670886,
      "recall": 0.84,
      "auroc": 0.946688,
      "optimal_threshold": -0.06275478005409241,
      "tpr_at_fpr_0_01": 0.632,
      "fpr95": 0.324,
      "aupr": 0.9525921882135588
    },
    "layer_10": {
      "n_total": 500,
      "n_valid": 500,
      "n_val_total": 500,
      "n_val_valid": 500,
      "acc": 0.872,
      "f1": 0.8677685950413223,
      "pre": 0.8974358974358975,
      "recall": 0.84,
      "auroc": 0.951344,
      "optimal_threshold": -0.03711885213851929,
      "tpr_at_fpr_0_01": 0.644,
      "fpr95": 0.308,
      "aupr": 0.9567205049649635
    },
    "layer_11": {
      "n_total": 500,
      "n_valid": 500,
      "n_val_total": 500,
      "n_val_valid": 500,
      "acc": 0.878,
      "f1": 0.8742268041237113,
      "pre": 0.902127659574468,
      "recall": 0.848,
      "auroc": 0.96616,
      "optimal_threshold": -0.11393627524375916,
      "tpr_at_fpr_0_01": 0.768,
      "fpr95": 0.216,
      "aupr": 0.9700912642195213
    },
    "layer_12": {
      "n_total": 500,
      "n_valid": 500,
      "n_val_total": 500,
      "n_val_valid": 500,
      "acc": 0.86,
      "f1": 0.8497854077253219,
      "pre": 0.9166666666666666,
      "recall": 0.792,
      "auroc": 0.9491679999999999,
      "optimal_threshold": 0.021975845098495483,
      "tpr_at_fpr_0_01": 0.692,
      "fpr95": 0.272,
      "aupr": 0.9571357730485381
    },
    "layer_13": {
      "n_total": 500,
      "n_valid": 500,
      "n_val_total": 500,
      "n_val_valid": 500,
      "acc": 0.866,
      "f1": 0.8540305010893247,
      "pre": 0.937799043062201,
      "recall": 0.784,
      "auroc": 0.955664,
      "optimal_threshold": 0.0989564061164856,
      "tpr_at_fpr_0_01": 0.74,
      "fpr95": 0.228,
      "aupr": 0.9627145752750836
    },
    "layer_14": {
      "n_total": 500,
      "n_valid": 500,
      "n_val_total": 500,
      "n_val_valid": 500,
      "acc": 0.858,
      "f1": 0.8536082474226804,
      "pre": 0.8808510638297873,
      "recall": 0.828,
      "auroc": 0.9452639999999999,
      "optimal_threshold": -0.03932690620422363,
      "tpr_at_fpr_0_01": 0.672,
      "fpr95": 0.312,
      "aupr": 0.9534497387251442
    },
    "layer_15": {
      "n_total": 500,
      "n_valid": 500,
      "n_val_total": 500,
      "n_val_valid": 500,
      "acc": 0.874,
      "f1": 0.8603104212860311,
      "pre": 0.9651741293532339,
      "recall": 0.776,
      "auroc": 0.955808,
      "optimal_threshold": 0.2510213851928711,
      "tpr_at_fpr_0_01": 0.744,
      "fpr95": 0.344,
      "aupr": 0.9634738444825109
    },
    "layer_16": {
      "n_total": 500,
      "n_valid": 500,
      "n_val_total": 500,
      "n_val_valid": 500,
      "acc": 0.892,
      "f1": 0.8820960698689956,
      "pre": 0.9711538461538461,
      "recall": 0.808,
      "auroc": 0.9548,
      "optimal_threshold": 0.20112407207489014,
      "tpr_at_fpr_0_01": 0.748,
      "fpr95": 0.348,
      "aupr": 0.9640070965730436
    },
    "layer_17": {
      "n_total": 500,
      "n_valid": 500,
      "n_val_total": 500,
      "n_val_valid": 500,
      "acc": 0.916,
      "f1": 0.9106382978723404,
      "pre": 0.9727272727272728,
      "recall": 0.856,
      "auroc": 0.964624,
      "optimal_threshold": 0.15883123874664307,
      "tpr_at_fpr_0_01": 0.82,
      "fpr95": 0.316,
      "aupr": 0.9727260369690405
    },
    "layer_18": {
      "n_total": 500,
      "n_valid": 500,
      "n_val_total": 500,
      "n_val_valid": 500,
      "acc": 0.916,
      "f1": 0.9110169491525424,
      "pre": 0.9684684684684685,
      "recall": 0.86,
      "auroc": 0.963504,
      "optimal_threshold": 0.2185114026069641,
      "tpr_at_fpr_0_01": 0.764,
      "fpr95": 0.284,
      "aupr": 0.971422989958786
    },
    "layer_19": {
      "n_total": 500,
      "n_valid": 500,
      "n_val_total": 500,
      "n_val_valid": 500,
      "acc": 0.934,
      "f1": 0.931958762886598,
      "pre": 0.9617021276595744,
      "recall": 0.904,
      "auroc": 0.9698399999999999,
      "optimal_threshold": 0.12454961240291595,
      "tpr_at_fpr_0_01": 0.812,
      "fpr95": 0.192,
      "aupr": 0.9777476565886436
    },
    "layer_20": {
      "n_total": 500,
      "n_valid": 500,
      "n_val_total": 500,
      "n_val_valid": 500,
      "acc": 0.906,
      "f1": 0.9046653144016227,
      "pre": 0.9176954732510288,
      "recall": 0.892,