{
  "args": {
    "model": "llama_8b",
    "dataset": "m4_multilingual",
    "mode": "last_token",
    "centering": false,
    "prefix": false,
    "smoke_test": false,
    "ood": false,
    "ood_set": "",
    "manifold": false,
    "pca_components": 10
  },
  "steering_domain": "m4_multilingual",
  "eval_domain": "m4_multilingual",
  "n_samples": 500,
  "n_layers": 33,
  "metrics_per_layer": {
    "layer_1": {
      "n_total": 500,
      "n_valid": 500,
      "acc": 0.58,
      "f1": 0.6354166666666666,
      "pre": 0.5613496932515337,
      "recall": 0.732,
      "auroc": 0.54908,
      "optimal_threshold": 0.03514324501156807,
      "tpr_at_fpr_0_01": 0.0,
      "fpr95": 0.92,
      "aupr": 0.5336266109162228
    },
    "layer_2": {
      "n_total": 500,
      "n_valid": 500,
      "acc": 0.616,
      "f1": 0.43529411764705883,
      "pre": 0.8222222222222222,
      "recall": 0.296,
      "auroc": 0.571264,
      "optimal_threshold": 0.20338670909404755,
      "tpr_at_fpr_0_01": 0.156,
      "fpr95": 0.896,
      "aupr": 0.6537294985877677
    },
    "layer_3": {
      "n_total": 500,
      "n_valid": 500,
      "acc": 0.602,
      "f1": 0.3951367781155015,
      "pre": 0.8227848101265823,
      "recall": 0.26,
      "auroc": 0.5674239999999999,
      "optimal_threshold": 0.40449613332748413,
      "tpr_at_fpr_0_01": 0.192,
      "fpr95": 0.96,
      "aupr": 0.6477372993405333
    },
    "layer_4": {
      "n_total": 500,
      "n_valid": 500,
      "acc": 0.63,
      "f1": 0.4668587896253602,
      "pre": 0.8350515463917526,
      "recall": 0.324,
      "auroc": 0.577376,
      "optimal_threshold": 0.6477342844009399,
      "tpr_at_fpr_0_01": 0.212,
      "fpr95": 0.948,
      "aupr": 0.6698422617427149
    },
    "layer_5": {
      "n_total": 500,
      "n_valid": 500,
      "acc": 0.64,
      "f1": 0.47674418604651164,
      "pre": 0.8723404255319149,
      "recall": 0.328,
      "auroc": 0.601664,
      "optimal_threshold": 0.764768123626709,
      "tpr_at_fpr_0_01": 0.26,
      "fpr95": 0.896,
      "aupr": 0.6864506800091625
    },
    "layer_6": {
      "n_total": 500,
      "n_valid": 500,
      "acc": 0.64,
      "f1": 0.4915254237288136,
      "pre": 0.8365384615384616,
      "recall": 0.348,
      "auroc": 0.640928,
      "optimal_threshold": 0.94773268699646,
      "tpr_at_fpr_0_01": 0.248,
      "fpr95": 0.788,
      "aupr": 0.7011795909418334
    },
    "layer_7": {
      "n_total": 500,
      "n_valid": 500,
      "acc": 0.638,
      "f1": 0.4813753581661891,
      "pre": 0.8484848484848485,
      "recall": 0.336,
      "auroc": 0.628288,
      "optimal_threshold": 1.225993037223816,
      "tpr_at_fpr_0_01": 0.232,
      "fpr95": 0.884,
      "aupr": 0.6999647908533227
    },
    "layer_8": {
      "n_total": 500,
      "n_valid": 500,
      "acc": 0.636,
      "f1": 0.49162011173184356,
      "pre": 0.8148148148148148,
      "recall": 0.352,
      "auroc": 0.631968,
      "optimal_threshold": 1.1523394584655762,
      "tpr_at_fpr_0_01": 0.22,
      "fpr95": 0.808,
      "aupr": 0.6971510857979122
    },
    "layer_9": {
      "n_total": 500,
      "n_valid": 500,
      "acc": 0.64,
      "f1": 0.5081967213114754,
      "pre": 0.8017241379310345,
      "recall": 0.372,
      "auroc": 0.628864,
      "optimal_threshold": 1.3727585077285767,
      "tpr_at_fpr_0_01": 0.208,
      "fpr95": 0.784,
      "aupr": 0.696894552280275
    },
    "layer_10": {
      "n_total": 500,
      "n_valid": 500,
      "acc": 0.642,
      "f1": 0.544529262086514,
      "pre": 0.7482517482517482,
      "recall": 0.428,
      "auroc": 0.653072,
      "optimal_threshold": 1.3395652770996094,
      "tpr_at_fpr_0_01": 0.192,
      "fpr95": 0.84,
      "aupr": 0.7151431807017978
    },
    "layer_11": {
      "n_total": 500,
      "n_valid": 500,
      "acc": 0.644,
      "f1": 0.5459183673469388,
      "pre": 0.7535211267605634,
      "recall": 0.428,
      "auroc": 0.667968,
      "optimal_threshold": 1.4727809429168701,
      "tpr_at_fpr_0_01": 0.204,
      "fpr95": 0.876,
      "aupr": 0.7262505425433621
    },
    "layer_12": {
      "n_total": 500,
      "n_valid": 500,
      "acc": 0.638,
      "f1": 0.5013774104683195,
      "pre": 0.8053097345132744,
      "recall": 0.364,
      "auroc": 0.624464,
      "optimal_threshold": 1.9571878910064697,
      "tpr_at_fpr_0_01": 0.208,
      "fpr95": 0.84,
      "aupr": 0.6962761753956566
    },
    "layer_13": {
      "n_total": 500,
      "n_valid": 500,
      "acc": 0.628,
      "f1": 0.48044692737430167,
      "pre": 0.7962962962962963,
      "recall": 0.344,
      "auroc": 0.61008,
      "optimal_threshold": 2.0149214267730713,
      "tpr_at_fpr_0_01": 0.196,
      "fpr95": 0.848,
      "aupr": 0.6855207056410979
    },
    "layer_14": {
      "n_total": 500,
      "n_valid": 500,
      "acc": 0.628,
      "f1": 0.4624277456647399,
      "pre": 0.8333333333333334,
      "recall": 0.32,
      "auroc": 0.62008,
      "optimal_threshold": 2.459260940551758,
      "tpr_at_fpr_0_01": 0.208,
      "fpr95": 0.852,
      "aupr": 0.6908117922678283
    },
    "layer_15": {
      "n_total": 500,
      "n_valid": 500,
      "acc": 0.63,
      "f1": 0.48753462603878117,
      "pre": 0.7927927927927928,
      "recall": 0.352,
      "auroc": 0.638112,
      "optimal_threshold": 2.412785768508911,
      "tpr_at_fpr_0_01": 0.18,
      "fpr95": 0.804,
      "aupr": 0.6983538696741752
    },
    "layer_16": {
      "n_total": 500,
      "n_valid": 500,
      "acc": 0.626,
      "f1": 0.4876712328767123,
      "pre": 0.7739130434782608,
      "recall": 0.356,
      "auroc": 0.646336,
      "optimal_threshold": 2.771015167236328,
      "tpr_at_fpr_0_01": 0.152,
      "fpr95": 0.792,
      "aupr": 0.6960360436990171
    },
    "layer_17": {
      "n_total": 500,
      "n_valid": 500,
      "acc": 0.638,
      "f1": 0.4629080118694362,
      "pre": 0.896551724137931,
      "recall": 0.312,
      "auroc": 0.613424,
      "optimal_threshold": 3.54081654548645,
      "tpr_at_fpr_0_01": 0.196,
      "fpr95": 0.812,
      "aupr": 0.6861298926171152
    },
    "layer_18": {
      "n_total": 500,
      "n_valid": 500,
      "acc": 0.638,
      "f1": 0.4783861671469741,
      "pre": 0.8556701030927835,
      "recall": 0.332,
      "auroc": 0.627344,
      "optimal_threshold": 3.858072519302368,
      "tpr_at_fpr_0_01": 0.232,
      "fpr95": 0.836,
      "aupr": 0.6987241232402619
    },
    "layer_19": {
      "n_total": 500,
      "n_valid": 500,
      "acc": 0.636,
      "f1": 0.4647058823529412,
      "pre": 0.8777777777777778,
      "recall": 0.316,
      "auroc": 0.6219520000000001,
      "optimal_threshold": 4.542569160461426,
      "tpr_at_fpr_0_01": 0.256,
      "fpr95": 0.836,
      "aupr": 0.6987195384065117
    },
    "layer_20": {
      "n_total": 500,
      "n_valid": 500,
      "acc": 0.634,
      "f1": 0.45045045045045046,
      "pre": 0.9036144578313253,
      "recall": 0.3,
      "auroc": 0.6115519999999999,
      "optimal_threshold": 5.405181884765625,
      "tpr_at_fpr_0_01": 0.26,
      "fpr95": 0.912,
      "aupr": 0.696547103583274
    },
    "layer_21": {
      "n_total": 500,
      "n_valid": 500,
      "acc": 0.63,
      "f1": 0.42724458204334365,
      "pre": 0.9452054794520548,
      "recall": 0.276,
      "auroc": 0.61192,
      "optimal_threshold": 6.034675121307373,
      "tpr_at_fpr_0_01": 0.256,
      "fpr95": 0.908,
      "aupr": 0.6920173962936014
    },
    "layer_22": {
      "n_total": 500,
      "n_valid": 500,
      "acc": 0.626,
      "f1": 0.42105263157894735,
      "pre": 0.9315068493150684,
      "recall": 0.272,
      "auroc": 0.6147680000000001,
      "optimal_threshold": 6.5489606857299805,
      "tpr_at_fpr_0_01": 0.236,
      "fpr95": 0.9,
      "aupr": 0.6893455128752893
    },
    "layer_23": {
      "n_total": 500,
      "n_valid": 500,
      "acc": 0.628,
      "f1": 0.43636363636363634,
      "pre": 0.9,
      "recall": 0.288,
      "auroc": 0.61112,