{
  "args": {
    "model": "llama_8b",
    "dataset": "m4_multi",
    "mode": "last_token",
    "prefix": false,
    "smoke_test": false,
    "ood": false,
    "ood_set": "",
    "manifold": true,
    "pca_components": 40
  },
  "steering_domain": "m4_multi",
  "eval_domain": "m4_multi",
  "n_samples": 500,
  "n_layers": 33,
  "metrics_per_layer": {
    "layer_1": {
      "n_total": 500,
      "n_valid": 500,
      "n_val_total": 500,
      "n_val_valid": 500,
      "acc": 0.78,
      "f1": 0.7924528301886793,
      "pre": 0.75,
      "recall": 0.84,
      "auroc": 0.8176640000000001,
      "optimal_threshold": -0.01239730417728424,
      "tpr_at_fpr_0_01": 0.0,
      "fpr95": 0.448,
      "aupr": 0.7467587969713176
    },
    "layer_2": {
      "n_total": 500,
      "n_valid": 500,
      "n_val_total": 500,
      "n_val_valid": 500,
      "acc": 0.774,
      "f1": 0.7941712204007286,
      "pre": 0.7290969899665551,
      "recall": 0.872,
      "auroc": 0.855312,
      "optimal_threshold": -0.04935180023312569,
      "tpr_at_fpr_0_01": 0.204,
      "fpr95": 0.552,
      "aupr": 0.8562776495653787
    },
    "layer_3": {
      "n_total": 500,
      "n_valid": 500,
      "n_val_total": 500,
      "n_val_valid": 500,
      "acc": 0.782,
      "f1": 0.7789046653144016,
      "pre": 0.7901234567901234,
      "recall": 0.768,
      "auroc": 0.853024,
      "optimal_threshold": 0.0840335562825203,
      "tpr_at_fpr_0_01": 0.232,
      "fpr95": 0.796,
      "aupr": 0.8650632525032607
    },
    "layer_4": {
      "n_total": 500,
      "n_valid": 500,
      "n_val_total": 500,
      "n_val_valid": 500,
      "acc": 0.794,
      "f1": 0.7876288659793814,
      "pre": 0.8127659574468085,
      "recall": 0.764,
      "auroc": 0.859376,
      "optimal_threshold": 0.1314164102077484,
      "tpr_at_fpr_0_01": 0.456,
      "fpr95": 0.8,
      "aupr": 0.8931252001534427
    },
    "layer_5": {
      "n_total": 500,
      "n_valid": 500,
      "n_val_total": 500,
      "n_val_valid": 500,
      "acc": 0.824,
      "f1": 0.7972350230414746,
      "pre": 0.9402173913043478,
      "recall": 0.692,
      "auroc": 0.885984,
      "optimal_threshold": 0.22017277777194977,
      "tpr_at_fpr_0_01": 0.572,
      "fpr95": 0.712,
      "aupr": 0.9141797311151171
    },
    "layer_6": {
      "n_total": 500,
      "n_valid": 500,
      "n_val_total": 500,
      "n_val_valid": 500,
      "acc": 0.83,
      "f1": 0.8054919908466819,
      "pre": 0.9411764705882353,
      "recall": 0.704,
      "auroc": 0.895072,
      "optimal_threshold": 0.23890569806098938,
      "tpr_at_fpr_0_01": 0.568,
      "fpr95": 0.624,
      "aupr": 0.9200329305909754
    },
    "layer_7": {
      "n_total": 500,
      "n_valid": 500,
      "n_val_total": 500,
      "n_val_valid": 500,
      "acc": 0.824,
      "f1": 0.7962962962962963,
      "pre": 0.945054945054945,
      "recall": 0.688,
      "auroc": 0.89352,
      "optimal_threshold": 0.2570921778678894,
      "tpr_at_fpr_0_01": 0.564,
      "fpr95": 0.624,
      "aupr": 0.918500797133011
    },
    "layer_8": {
      "n_total": 500,
      "n_valid": 500,
      "n_val_total": 500,
      "n_val_valid": 500,
      "acc": 0.814,
      "f1": 0.7780429594272077,
      "pre": 0.9644970414201184,
      "recall": 0.652,
      "auroc": 0.88984,
      "optimal_threshold": 0.2862148880958557,
      "tpr_at_fpr_0_01": 0.58,
      "fpr95": 0.608,
      "aupr": 0.9160219045959728
    },
    "layer_9": {
      "n_total": 500,
      "n_valid": 500,
      "n_val_total": 500,
      "n_val_valid": 500,
      "acc": 0.804,
      "f1": 0.7609756097560976,
      "pre": 0.975,
      "recall": 0.624,
      "auroc": 0.8876639999999999,
      "optimal_threshold": 0.31240367889404297,
      "tpr_at_fpr_0_01": 0.584,
      "fpr95": 0.744,
      "aupr": 0.9169470947872861
    },
    "layer_10": {
      "n_total": 500,
      "n_valid": 500,
      "n_val_total": 500,
      "n_val_valid": 500,
      "acc": 0.83,
      "f1": 0.8089887640449438,
      "pre": 0.9230769230769231,
      "recall": 0.72,
      "auroc": 0.892336,
      "optimal_threshold": 0.10468772053718567,
      "tpr_at_fpr_0_01": 0.608,
      "fpr95": 0.728,
      "aupr": 0.920874601168772
    },
    "layer_11": {
      "n_total": 500,
      "n_valid": 500,
      "n_val_total": 500,
      "n_val_valid": 500,
      "acc": 0.85,
      "f1": 0.8322147651006712,
      "pre": 0.9441624365482234,
      "recall": 0.744,
      "auroc": 0.897696,
      "optimal_threshold": 0.10335326194763184,
      "tpr_at_fpr_0_01": 0.676,
      "fpr95": 0.772,
      "aupr": 0.9275243297039821
    },
    "layer_12": {
      "n_total": 500,
      "n_valid": 500,
      "n_val_total": 500,
      "n_val_valid": 500,
      "acc": 0.84,
      "f1": 0.8237885462555066,
      "pre": 0.9166666666666666,
      "recall": 0.748,
      "auroc": 0.891456,
      "optimal_threshold": 0.04763045907020569,
      "tpr_at_fpr_0_01": 0.612,
      "fpr95": 0.764,
      "aupr": 0.9215975708946563
    },
    "layer_13": {
      "n_total": 500,
      "n_valid": 500,
      "n_val_total": 500,
      "n_val_valid": 500,
      "acc": 0.84,
      "f1": 0.820627802690583,
      "pre": 0.9336734693877551,
      "recall": 0.732,
      "auroc": 0.898592,
      "optimal_threshold": 0.16145288944244385,
      "tpr_at_fpr_0_01": 0.652,
      "fpr95": 0.784,
      "aupr": 0.9269832597578599
    },
    "layer_14": {
      "n_total": 500,
      "n_valid": 500,
      "n_val_total": 500,
      "n_val_valid": 500,
      "acc": 0.846,
      "f1": 0.8246013667425968,
      "pre": 0.9576719576719577,
      "recall": 0.724,
      "auroc": 0.9038080000000001,
      "optimal_threshold": 0.2517450749874115,
      "tpr_at_fpr_0_01": 0.668,
      "fpr95": 0.688,
      "aupr": 0.9296527738262189
    },
    "layer_15": {
      "n_total": 500,
      "n_valid": 500,
      "n_val_total": 500,
      "n_val_valid": 500,
      "acc": 0.836,
      "f1": 0.8209606986899564,
      "pre": 0.9038461538461539,
      "recall": 0.752,
      "auroc": 0.916032,
      "optimal_threshold": 0.09010371565818787,
      "tpr_at_fpr_0_01": 0.664,
      "fpr95": 0.616,
      "aupr": 0.935400533147093
    },
    "layer_16": {
      "n_total": 500,
      "n_valid": 500,
      "n_val_total": 500,
      "n_val_valid": 500,
      "acc": 0.842,
      "f1": 0.8293736501079914,
      "pre": 0.9014084507042254,
      "recall": 0.768,
      "auroc": 0.9169599999999999,
      "optimal_threshold": 0.11656257510185242,
      "tpr_at_fpr_0_01": 0.68,
      "fpr95": 0.624,
      "aupr": 0.9366260156530234
    },
    "layer_17": {
      "n_total": 500,
      "n_valid": 500,
      "n_val_total": 500,
      "n_val_valid": 500,
      "acc": 0.85,
      "f1": 0.8373101952277657,
      "pre": 0.9146919431279621,
      "recall": 0.772,
      "auroc": 0.9170879999999998,
      "optimal_threshold": 0.220743328332901,
      "tpr_at_fpr_0_01": 0.712,
      "fpr95": 0.54,
      "aupr": 0.9380216532983193
    },
    "layer_18": {
      "n_total": 500,
      "n_valid": 500,
      "n_val_total": 500,
      "n_val_valid": 500,
      "acc": 0.862,
      "f1": 0.8522483940042827,
      "pre": 0.9170506912442397,
      "recall": 0.796,
      "auroc": 0.9340480000000001,
      "optimal_threshold": 0.21852043271064758,
      "tpr_at_fpr_0_01": 0.676,
      "fpr95": 0.432,
      "aupr": 0.9473503038166418
    },
    "layer_19": {
      "n_total": 500,
      "n_valid": 500,
      "n_val_total": 500,
      "n_val_valid": 500,
      "acc": 0.872,
      "f1": 0.8571428571428571,
      "pre": 0.9696969696969697,
      "recall": 0.768,
      "auroc": 0.939952,
      "optimal_threshold": 0.8255157470703125,
      "tpr_at_fpr_0_01": 0.668,
      "fpr95": 0.392,
      "aupr": 0.951080122955054
    },
    "layer_20": {
      "n_total": 500,
      "n_valid": 500,
      "n_val_total": 500,
      "n_val_valid": 500,
      "acc": 0.87,
      "f1": 0.8590021691973969,
      "pre": 0.9383886255924171,
      "recall": 0.792,
      "auroc": 0.930272,