{
  "args": {
    "model": "llama_8b",
    "dataset": "multisocial_full",
    "mode": "last_token",
    "prefix": false,
    "smoke_test": false,
    "ood": false,
    "ood_set": "",
    "manifold": true,
    "pca_components": 10
  },
  "steering_domain": "multisocial_full",
  "eval_domain": "multisocial_full",
  "n_samples": 500,
  "n_layers": 33,
  "metrics_per_layer": {
    "layer_1": {
      "n_total": 500,
      "n_valid": 500,
      "n_val_total": 500,
      "n_val_valid": 500,
      "acc": 0.7,
      "f1": 0.6323529411764706,
      "pre": 0.8164556962025317,
      "recall": 0.516,
      "auroc": 0.7370639999999999,
      "optimal_threshold": 0.03507973253726959,
      "tpr_at_fpr_0_01": 0.0,
      "fpr95": 0.876,
      "aupr": 0.7537919543187929
    },
    "layer_2": {
      "n_total": 500,
      "n_valid": 500,
      "n_val_total": 500,
      "n_val_valid": 500,
      "acc": 0.7,
      "f1": 0.6341463414634146,
      "pre": 0.8125,
      "recall": 0.52,
      "auroc": 0.7600959999999999,
      "optimal_threshold": 0.10749024152755737,
      "tpr_at_fpr_0_01": 0.028,
      "fpr95": 0.836,
      "aupr": 0.7725889283965104
    },
    "layer_3": {
      "n_total": 500,
      "n_valid": 500,
      "n_val_total": 500,
      "n_val_valid": 500,
      "acc": 0.692,
      "f1": 0.6895161290322581,
      "pre": 0.6951219512195121,
      "recall": 0.684,
      "auroc": 0.782208,
      "optimal_threshold": -0.1145290806889534,
      "tpr_at_fpr_0_01": 0.156,
      "fpr95": 0.692,
      "aupr": 0.7989225067783775
    },
    "layer_4": {
      "n_total": 500,
      "n_valid": 500,
      "n_val_total": 500,
      "n_val_valid": 500,
      "acc": 0.694,
      "f1": 0.6577181208053692,
      "pre": 0.7461928934010152,
      "recall": 0.588,
      "auroc": 0.788,
      "optimal_threshold": -0.083403080701828,
      "tpr_at_fpr_0_01": 0.184,
      "fpr95": 0.72,
      "aupr": 0.8120111156305685
    },
    "layer_5": {
      "n_total": 500,
      "n_valid": 500,
      "n_val_total": 500,
      "n_val_valid": 500,
      "acc": 0.702,
      "f1": 0.6889352818371608,
      "pre": 0.7205240174672489,
      "recall": 0.66,
      "auroc": 0.804192,
      "optimal_threshold": -0.17443883419036865,
      "tpr_at_fpr_0_01": 0.244,
      "fpr95": 0.608,
      "aupr": 0.8189104980562067
    },
    "layer_6": {
      "n_total": 500,
      "n_valid": 500,
      "n_val_total": 500,
      "n_val_valid": 500,
      "acc": 0.708,
      "f1": 0.7091633466135459,
      "pre": 0.7063492063492064,
      "recall": 0.712,
      "auroc": 0.81232,
      "optimal_threshold": -0.24449747800827026,
      "tpr_at_fpr_0_01": 0.172,
      "fpr95": 0.584,
      "aupr": 0.824858461967398
    },
    "layer_7": {
      "n_total": 500,
      "n_valid": 500,
      "n_val_total": 500,
      "n_val_valid": 500,
      "acc": 0.72,
      "f1": 0.7211155378486056,
      "pre": 0.7182539682539683,
      "recall": 0.724,
      "auroc": 0.816592,
      "optimal_threshold": -0.2996225357055664,
      "tpr_at_fpr_0_01": 0.128,
      "fpr95": 0.548,
      "aupr": 0.8179961916710831
    },
    "layer_8": {
      "n_total": 500,
      "n_valid": 500,
      "n_val_total": 500,
      "n_val_valid": 500,
      "acc": 0.746,
      "f1": 0.7326315789473684,
      "pre": 0.7733333333333333,
      "recall": 0.696,
      "auroc": 0.8329279999999999,
      "optimal_threshold": -0.15358448028564453,
      "tpr_at_fpr_0_01": 0.212,
      "fpr95": 0.584,
      "aupr": 0.8408185869434817
    },
    "layer_9": {
      "n_total": 500,
      "n_valid": 500,
      "n_val_total": 500,
      "n_val_valid": 500,
      "acc": 0.752,
      "f1": 0.751004016064257,
      "pre": 0.7540322580645161,
      "recall": 0.748,
      "auroc": 0.8351199999999999,
      "optimal_threshold": -0.21453739702701569,
      "tpr_at_fpr_0_01": 0.2,
      "fpr95": 0.564,
      "aupr": 0.8424544883607259
    },
    "layer_10": {
      "n_total": 500,
      "n_valid": 500,
      "n_val_total": 500,
      "n_val_valid": 500,
      "acc": 0.738,
      "f1": 0.7374749498997996,
      "pre": 0.7389558232931727,
      "recall": 0.736,
      "auroc": 0.838128,
      "optimal_threshold": -0.21963512897491455,
      "tpr_at_fpr_0_01": 0.244,
      "fpr95": 0.588,
      "aupr": 0.8428015772507418
    },
    "layer_11": {
      "n_total": 500,
      "n_valid": 500,
      "n_val_total": 500,
      "n_val_valid": 500,
      "acc": 0.762,
      "f1": 0.7724665391969407,
      "pre": 0.73992673992674,
      "recall": 0.808,
      "auroc": 0.843248,
      "optimal_threshold": -0.3010297119617462,
      "tpr_at_fpr_0_01": 0.22,
      "fpr95": 0.588,
      "aupr": 0.8497131846931005
    },
    "layer_12": {
      "n_total": 500,
      "n_valid": 500,
      "n_val_total": 500,
      "n_val_valid": 500,
      "acc": 0.758,
      "f1": 0.7463312368972747,
      "pre": 0.7841409691629956,
      "recall": 0.712,
      "auroc": 0.844384,
      "optimal_threshold": -0.08333291113376617,
      "tpr_at_fpr_0_01": 0.244,
      "fpr95": 0.56,
      "aupr": 0.8521492535261523
    },
    "layer_13": {
      "n_total": 500,
      "n_valid": 500,
      "n_val_total": 500,
      "n_val_valid": 500,
      "acc": 0.77,
      "f1": 0.7578947368421053,
      "pre": 0.8,
      "recall": 0.72,
      "auroc": 0.8424640000000001,
      "optimal_threshold": -0.11989258974790573,
      "tpr_at_fpr_0_01": 0.196,
      "fpr95": 0.576,
      "aupr": 0.8511967316294404
    },
    "layer_14": {
      "n_total": 500,
      "n_valid": 500,
      "n_val_total": 500,
      "n_val_valid": 500,
      "acc": 0.748,
      "f1": 0.7307692307692307,
      "pre": 0.7844036697247706,
      "recall": 0.684,
      "auroc": 0.829312,
      "optimal_threshold": -0.051329612731933594,
      "tpr_at_fpr_0_01": 0.252,
      "fpr95": 0.608,
      "aupr": 0.8371846808845915
    },
    "layer_15": {
      "n_total": 500,
      "n_valid": 500,
      "n_val_total": 500,
      "n_val_valid": 500,
      "acc": 0.768,
      "f1": 0.7521367521367521,
      "pre": 0.8073394495412844,
      "recall": 0.704,
      "auroc": 0.84696,
      "optimal_threshold": -0.09105104207992554,
      "tpr_at_fpr_0_01": 0.224,
      "fpr95": 0.58,
      "aupr": 0.8553961694519976
    },
    "layer_16": {
      "n_total": 500,
      "n_valid": 500,
      "n_val_total": 500,
      "n_val_valid": 500,
      "acc": 0.762,
      "f1": 0.7536231884057971,
      "pre": 0.7811158798283262,
      "recall": 0.728,
      "auroc": 0.8415680000000001,
      "optimal_threshold": -0.2424834668636322,
      "tpr_at_fpr_0_01": 0.236,
      "fpr95": 0.592,
      "aupr": 0.8519403134311212
    },
    "layer_17": {
      "n_total": 500,
      "n_valid": 500,
      "n_val_total": 500,
      "n_val_valid": 500,
      "acc": 0.772,
      "f1": 0.7738095238095238,
      "pre": 0.7677165354330708,
      "recall": 0.78,
      "auroc": 0.8448640000000001,
      "optimal_threshold": -0.4717532992362976,
      "tpr_at_fpr_0_01": 0.22,
      "fpr95": 0.568,
      "aupr": 0.8533278589294447
    },
    "layer_18": {
      "n_total": 500,
      "n_valid": 500,
      "n_val_total": 500,
      "n_val_valid": 500,
      "acc": 0.762,
      "f1": 0.7473460721868365,
      "pre": 0.7963800904977375,
      "recall": 0.704,
      "auroc": 0.8463999999999999,
      "optimal_threshold": -0.28527241945266724,
      "tpr_at_fpr_0_01": 0.224,
      "fpr95": 0.568,
      "aupr": 0.8535887445686655
    },
    "layer_19": {
      "n_total": 500,
      "n_valid": 500,
      "n_val_total": 500,
      "n_val_valid": 500,
      "acc": 0.77,
      "f1": 0.7483588621444202,
      "pre": 0.8260869565217391,
      "recall": 0.684,
      "auroc": 0.852432,
      "optimal_threshold": -0.23018044233322144,
      "tpr_at_fpr_0_01": 0.276,
      "fpr95": 0.62,
      "aupr": 0.858070834612594
    },
    "layer_20": {
      "n_total": 500,
      "n_valid": 500,
      "n_val_total": 500,
      "n_val_valid": 500,
      "acc": 0.758,
      "f1": 0.737527114967462,
      "pre": 0.8056872037914692,