{
  "args": {
    "model": "llama_8b",
    "dataset": "tsm_paras_en_first_gpt4o",
    "mode": "default",
    "token_mode": "last_token",
    "prefix": false,
    "smoke_test": false,
    "ood": [
      "tsm_paras_en_first_gemini",
      "tsm_paras_en_first_deepseek",
      "tsm_paras_pt_first_gpt4o",
      "tsm_paras_pt_first_gemini",
      "tsm_paras_pt_first_deepseek",
      "tsm_paras_vi_first_gpt4o",
      "tsm_paras_vi_first_gemini",
      "tsm_paras_vi_first_deepseek"
    ],
    "pca_components": 0,
    "normalize_scores": true,
    "ablation_set": "human",
    "manifold": false
  },
  "steering_domain": "tsm_paras_en_first_gpt4o",
  "eval_domain": "tsm_paras_pt_first_gpt4o",
  "n_samples": 500,
  "n_layers": 33,
  "metrics_per_layer": {
    "layer_1": {
      "n_total": 500,
      "n_valid": 500,
      "n_val_total": 500,
      "n_val_valid": 500,
      "acc": 0.568,
      "f1": 0.6949152542372882,
      "pre": 0.537117903930131,
      "recall": 0.984,
      "auroc": 0.571504,
      "optimal_threshold": 0.8834354877471924,
      "tpr_at_fpr_0_01": 0.008,
      "fpr95": 0.848,
      "aupr": 0.540514722241808
    },
    "layer_2": {
      "n_total": 500,
      "n_valid": 500,
      "n_val_total": 500,
      "n_val_valid": 500,
      "acc": 0.596,
      "f1": 0.41954022988505746,
      "pre": 0.7448979591836735,
      "recall": 0.292,
      "auroc": 0.6980320000000001,
      "optimal_threshold": 0.6934412717819214,
      "tpr_at_fpr_0_01": 0.064,
      "fpr95": 0.812,
      "aupr": 0.6888892376937938
    },
    "layer_3": {
      "n_total": 500,
      "n_valid": 500,
      "n_val_total": 500,
      "n_val_valid": 500,
      "acc": 0.652,
      "f1": 0.5347593582887701,
      "pre": 0.8064516129032258,
      "recall": 0.4,
      "auroc": 0.718352,
      "optimal_threshold": 0.5666473507881165,
      "tpr_at_fpr_0_01": 0.124,
      "fpr95": 0.888,
      "aupr": 0.7349949329324822
    },
    "layer_4": {
      "n_total": 500,
      "n_valid": 500,
      "n_val_total": 500,
      "n_val_valid": 500,
      "acc": 0.57,
      "f1": 0.24561403508771928,
      "pre": 1.0,
      "recall": 0.14,
      "auroc": 0.762624,
      "optimal_threshold": 0.6535915732383728,
      "tpr_at_fpr_0_01": 0.228,
      "fpr95": 0.884,
      "aupr": 0.8007470571187058
    },
    "layer_5": {
      "n_total": 500,
      "n_valid": 500,
      "n_val_total": 500,
      "n_val_valid": 500,
      "acc": 0.734,
      "f1": 0.6580976863753213,
      "pre": 0.920863309352518,
      "recall": 0.512,
      "auroc": 0.822512,
      "optimal_threshold": 0.4966926574707031,
      "tpr_at_fpr_0_01": 0.328,
      "fpr95": 0.828,
      "aupr": 0.8565000769843705
    },
    "layer_6": {
      "n_total": 500,
      "n_valid": 500,
      "n_val_total": 500,
      "n_val_valid": 500,
      "acc": 0.762,
      "f1": 0.6987341772151898,
      "pre": 0.9517241379310345,
      "recall": 0.552,
      "auroc": 0.869744,
      "optimal_threshold": 0.4498351514339447,
      "tpr_at_fpr_0_01": 0.448,
      "fpr95": 0.764,
      "aupr": 0.8996930131327807
    },
    "layer_7": {
      "n_total": 500,
      "n_valid": 500,
      "n_val_total": 500,
      "n_val_valid": 500,
      "acc": 0.772,
      "f1": 0.7164179104477612,
      "pre": 0.9473684210526315,
      "recall": 0.576,
      "auroc": 0.8701439999999999,
      "optimal_threshold": 0.4726249575614929,
      "tpr_at_fpr_0_01": 0.416,
      "fpr95": 0.68,
      "aupr": 0.8981644727202152
    },
    "layer_8": {
      "n_total": 500,
      "n_valid": 500,
      "n_val_total": 500,
      "n_val_valid": 500,
      "acc": 0.778,
      "f1": 0.7325301204819277,
      "pre": 0.9212121212121213,
      "recall": 0.608,
      "auroc": 0.87616,
      "optimal_threshold": 0.45125308632850647,
      "tpr_at_fpr_0_01": 0.44,
      "fpr95": 0.704,
      "aupr": 0.9011049223586538
    },
    "layer_9": {
      "n_total": 500,
      "n_valid": 500,
      "n_val_total": 500,
      "n_val_valid": 500,
      "acc": 0.774,
      "f1": 0.7378190255220418,
      "pre": 0.8784530386740331,
      "recall": 0.636,
      "auroc": 0.8715999999999999,
      "optimal_threshold": 0.42722517251968384,
      "tpr_at_fpr_0_01": 0.388,
      "fpr95": 0.6,
      "aupr": 0.8894614117289785
    },
    "layer_10": {
      "n_total": 500,
      "n_valid": 500,
      "n_val_total": 500,
      "n_val_valid": 500,
      "acc": 0.76,
      "f1": 0.7029702970297029,
      "pre": 0.922077922077922,
      "recall": 0.568,
      "auroc": 0.879712,
      "optimal_threshold": 0.42672470211982727,
      "tpr_at_fpr_0_01": 0.4,
      "fpr95": 0.556,
      "aupr": 0.8946912184589015
    },
    "layer_11": {
      "n_total": 500,
      "n_valid": 500,
      "n_val_total": 500,
      "n_val_valid": 500,
      "acc": 0.814,
      "f1": 0.7862068965517242,
      "pre": 0.9243243243243243,
      "recall": 0.684,
      "auroc": 0.918912,
      "optimal_threshold": 0.3783377707004547,
      "tpr_at_fpr_0_01": 0.512,
      "fpr95": 0.416,
      "aupr": 0.9294913281809483
    },
    "layer_12": {
      "n_total": 500,
      "n_valid": 500,
      "n_val_total": 500,
      "n_val_valid": 500,
      "acc": 0.822,
      "f1": 0.802660753880266,
      "pre": 0.900497512437811,
      "recall": 0.724,
      "auroc": 0.908432,
      "optimal_threshold": 0.3674197494983673,
      "tpr_at_fpr_0_01": 0.492,
      "fpr95": 0.524,
      "aupr": 0.9213922467878612
    },
    "layer_13": {
      "n_total": 500,
      "n_valid": 500,
      "n_val_total": 500,
      "n_val_valid": 500,
      "acc": 0.784,
      "f1": 0.7476635514018691,
      "pre": 0.898876404494382,
      "recall": 0.64,
      "auroc": 0.901632,
      "optimal_threshold": 0.35800084471702576,
      "tpr_at_fpr_0_01": 0.504,
      "fpr95": 0.488,
      "aupr": 0.9149721412446197
    },
    "layer_14": {
      "n_total": 500,
      "n_valid": 500,
      "n_val_total": 500,
      "n_val_valid": 500,
      "acc": 0.802,
      "f1": 0.7734553775743707,
      "pre": 0.9037433155080213,
      "recall": 0.676,
      "auroc": 0.899632,
      "optimal_threshold": 0.35261377692222595,
      "tpr_at_fpr_0_01": 0.468,
      "fpr95": 0.488,
      "aupr": 0.9113504509612812
    },
    "layer_15": {
      "n_total": 500,
      "n_valid": 500,
      "n_val_total": 500,
      "n_val_valid": 500,
      "acc": 0.78,
      "f1": 0.729064039408867,
      "pre": 0.9487179487179487,
      "recall": 0.592,
      "auroc": 0.89968,
      "optimal_threshold": 0.33502939343452454,
      "tpr_at_fpr_0_01": 0.52,
      "fpr95": 0.456,
      "aupr": 0.9115401793954322
    },
    "layer_16": {
      "n_total": 500,
      "n_valid": 500,
      "n_val_total": 500,
      "n_val_valid": 500,
      "acc": 0.78,
      "f1": 0.7342995169082126,
      "pre": 0.926829268292683,
      "recall": 0.608,
      "auroc": 0.8920480000000001,
      "optimal_threshold": 0.3354555070400238,
      "tpr_at_fpr_0_01": 0.496,
      "fpr95": 0.484,
      "aupr": 0.9041186472218451
    },
    "layer_17": {
      "n_total": 500,
      "n_valid": 500,
      "n_val_total": 500,
      "n_val_valid": 500,
      "acc": 0.784,
      "f1": 0.7378640776699029,
      "pre": 0.9382716049382716,
      "recall": 0.608,
      "auroc": 0.89264,
      "optimal_threshold": 0.4015186131000519,
      "tpr_at_fpr_0_01": 0.52,
      "fpr95": 0.496,
      "aupr": 0.9064527556440052
    },
    "layer_18": {
      "n_total": 500,
      "n_valid": 500,
      "n_val_total": 500,
      "n_val_valid": 500,
      "acc": 0.768,
      "f1": 0.7467248908296943,
      "pre": 0.8221153846153846,
      "recall": 0.684,
      "auroc": 0.8794399999999999,
      "optimal_threshold": 0.33600687980651855,
      "tpr_at_fpr_0_01": 0.524,
      "fpr95": 0.54,
      "aupr": 0.8963904885229999
    },
    "layer_19": {
      "n_total": 500,
      "n_valid": 500,
      "n_val_total": 500,
      "n_val_valid": 500,
      "acc": 0.766,
      "f1": 0.7139364303178484,
      "pre": 0.9182389937106918,
      "recall": 0.584,
      "auroc": 0.88272,