{
  "args": {
    "model": "llama_8b",
    "dataset": "tsm_paras_en_first_gpt4o",
    "mode": "default",
    "token_mode": "last_token",
    "prefix": false,
    "smoke_test": false,
    "ood": [
      "tsm_sums_en_gemini",
      "tsm_sums_en_deepseek",
      "tsm_sums_pt_gpt4o",
      "tsm_sums_pt_gemini",
      "tsm_sums_pt_deepseek",
      "tsm_sums_vi_gpt4o",
      "tsm_sums_vi_gemini",
      "tsm_sums_vi_deepseek"
    ],
    "pca_components": 0,
    "normalize_scores": true,
    "ablation_set": "human",
    "manifold": false
  },
  "steering_domain": "tsm_paras_en_first_gpt4o",
  "eval_domain": "tsm_sums_vi_gpt4o",
  "n_samples": 500,
  "n_layers": 33,
  "metrics_per_layer": {
    "layer_1": {
      "n_total": 500,
      "n_valid": 500,
      "n_val_total": 500,
      "n_val_valid": 500,
      "acc": 0.548,
      "f1": 0.6816901408450704,
      "pre": 0.5260869565217391,
      "recall": 0.968,
      "auroc": 0.552848,
      "optimal_threshold": 0.8834354877471924,
      "tpr_at_fpr_0_01": 0.012,
      "fpr95": 0.872,
      "aupr": 0.5310693460595147
    },
    "layer_2": {
      "n_total": 500,
      "n_valid": 500,
      "n_val_total": 500,
      "n_val_valid": 500,
      "acc": 0.53,
      "f1": 0.31486880466472306,
      "pre": 0.5806451612903226,
      "recall": 0.216,
      "auroc": 0.616832,
      "optimal_threshold": 0.6934412717819214,
      "tpr_at_fpr_0_01": 0.004,
      "fpr95": 0.844,
      "aupr": 0.5727867283419977
    },
    "layer_3": {
      "n_total": 500,
      "n_valid": 500,
      "n_val_total": 500,
      "n_val_valid": 500,
      "acc": 0.558,
      "f1": 0.3115264797507788,
      "pre": 0.704225352112676,
      "recall": 0.2,
      "auroc": 0.63472,
      "optimal_threshold": 0.5666473507881165,
      "tpr_at_fpr_0_01": 0.016,
      "fpr95": 0.864,
      "aupr": 0.612331634244293
    },
    "layer_4": {
      "n_total": 500,
      "n_valid": 500,
      "n_val_total": 500,
      "n_val_valid": 500,
      "acc": 0.526,
      "f1": 0.12546125461254612,
      "pre": 0.8095238095238095,
      "recall": 0.068,
      "auroc": 0.674496,
      "optimal_threshold": 0.6535915732383728,
      "tpr_at_fpr_0_01": 0.044,
      "fpr95": 0.844,
      "aupr": 0.6813782225758193
    },
    "layer_5": {
      "n_total": 500,
      "n_valid": 500,
      "n_val_total": 500,
      "n_val_valid": 500,
      "acc": 0.64,
      "f1": 0.4444444444444444,
      "pre": 0.972972972972973,
      "recall": 0.288,
      "auroc": 0.8224799999999999,
      "optimal_threshold": 0.4966926574707031,
      "tpr_at_fpr_0_01": 0.312,
      "fpr95": 0.628,
      "aupr": 0.8442992869275086
    },
    "layer_6": {
      "n_total": 500,
      "n_valid": 500,
      "n_val_total": 500,
      "n_val_valid": 500,
      "acc": 0.648,
      "f1": 0.4567901234567901,
      "pre": 1.0,
      "recall": 0.296,
      "auroc": 0.85992,
      "optimal_threshold": 0.4498351514339447,
      "tpr_at_fpr_0_01": 0.416,
      "fpr95": 0.6,
      "aupr": 0.8804450040614215
    },
    "layer_7": {
      "n_total": 500,
      "n_valid": 500,
      "n_val_total": 500,
      "n_val_valid": 500,
      "acc": 0.676,
      "f1": 0.5235294117647059,
      "pre": 0.9888888888888889,
      "recall": 0.356,
      "auroc": 0.853088,
      "optimal_threshold": 0.4726249575614929,
      "tpr_at_fpr_0_01": 0.376,
      "fpr95": 0.648,
      "aupr": 0.8769139636698986
    },
    "layer_8": {
      "n_total": 500,
      "n_valid": 500,
      "n_val_total": 500,
      "n_val_valid": 500,
      "acc": 0.716,
      "f1": 0.6263157894736842,
      "pre": 0.9153846153846154,
      "recall": 0.476,
      "auroc": 0.8268959999999999,
      "optimal_threshold": 0.45125308632850647,
      "tpr_at_fpr_0_01": 0.264,
      "fpr95": 0.688,
      "aupr": 0.8484760313514617
    },
    "layer_9": {
      "n_total": 500,
      "n_valid": 500,
      "n_val_total": 500,
      "n_val_valid": 500,
      "acc": 0.718,
      "f1": 0.6666666666666666,
      "pre": 0.815028901734104,
      "recall": 0.564,
      "auroc": 0.832752,
      "optimal_threshold": 0.42722517251968384,
      "tpr_at_fpr_0_01": 0.268,
      "fpr95": 0.732,
      "aupr": 0.8512391650328787
    },
    "layer_10": {
      "n_total": 500,
      "n_valid": 500,
      "n_val_total": 500,
      "n_val_valid": 500,
      "acc": 0.728,
      "f1": 0.6682926829268293,
      "pre": 0.85625,
      "recall": 0.548,
      "auroc": 0.8354719999999999,
      "optimal_threshold": 0.42672470211982727,
      "tpr_at_fpr_0_01": 0.304,
      "fpr95": 0.692,
      "aupr": 0.8525940099457114
    },
    "layer_11": {
      "n_total": 500,
      "n_valid": 500,
      "n_val_total": 500,
      "n_val_valid": 500,
      "acc": 0.784,
      "f1": 0.7440758293838863,
      "pre": 0.9127906976744186,
      "recall": 0.628,
      "auroc": 0.89168,
      "optimal_threshold": 0.3783377707004547,
      "tpr_at_fpr_0_01": 0.48,
      "fpr95": 0.584,
      "aupr": 0.9085382247750693
    },
    "layer_12": {
      "n_total": 500,
      "n_valid": 500,
      "n_val_total": 500,
      "n_val_valid": 500,
      "acc": 0.786,
      "f1": 0.7802874743326489,
      "pre": 0.8016877637130801,
      "recall": 0.76,
      "auroc": 0.868704,
      "optimal_threshold": 0.3674197494983673,
      "tpr_at_fpr_0_01": 0.432,
      "fpr95": 0.608,
      "aupr": 0.8873479800358982
    },
    "layer_13": {
      "n_total": 500,
      "n_valid": 500,
      "n_val_total": 500,
      "n_val_valid": 500,
      "acc": 0.772,
      "f1": 0.7477876106194691,
      "pre": 0.8366336633663366,
      "recall": 0.676,
      "auroc": 0.8656640000000001,
      "optimal_threshold": 0.35800084471702576,
      "tpr_at_fpr_0_01": 0.448,
      "fpr95": 0.636,
      "aupr": 0.8883636205341734
    },
    "layer_14": {
      "n_total": 500,
      "n_valid": 500,
      "n_val_total": 500,
      "n_val_valid": 500,
      "acc": 0.786,
      "f1": 0.7637969094922737,
      "pre": 0.8522167487684729,
      "recall": 0.692,
      "auroc": 0.8798400000000001,
      "optimal_threshold": 0.35261377692222595,
      "tpr_at_fpr_0_01": 0.46,
      "fpr95": 0.58,
      "aupr": 0.898052566887403
    },
    "layer_15": {
      "n_total": 500,
      "n_valid": 500,
      "n_val_total": 500,
      "n_val_valid": 500,
      "acc": 0.764,
      "f1": 0.7079207920792079,
      "pre": 0.9285714285714286,
      "recall": 0.572,
      "auroc": 0.88408,
      "optimal_threshold": 0.33502939343452454,
      "tpr_at_fpr_0_01": 0.424,
      "fpr95": 0.552,
      "aupr": 0.8999468285000112
    },
    "layer_16": {
      "n_total": 500,
      "n_valid": 500,
      "n_val_total": 500,
      "n_val_valid": 500,
      "acc": 0.766,
      "f1": 0.7153284671532847,
      "pre": 0.9130434782608695,
      "recall": 0.588,
      "auroc": 0.884112,
      "optimal_threshold": 0.3354555070400238,
      "tpr_at_fpr_0_01": 0.396,
      "fpr95": 0.552,
      "aupr": 0.8987803571294862
    },
    "layer_17": {
      "n_total": 500,
      "n_valid": 500,
      "n_val_total": 500,
      "n_val_valid": 500,
      "acc": 0.718,
      "f1": 0.6158038147138964,
      "pre": 0.9658119658119658,
      "recall": 0.452,
      "auroc": 0.8941759999999999,
      "optimal_threshold": 0.4015186131000519,
      "tpr_at_fpr_0_01": 0.404,
      "fpr95": 0.492,
      "aupr": 0.9075463914871212
    },
    "layer_18": {
      "n_total": 500,
      "n_valid": 500,
      "n_val_total": 500,
      "n_val_valid": 500,
      "acc": 0.762,
      "f1": 0.7017543859649122,
      "pre": 0.9395973154362416,
      "recall": 0.56,
      "auroc": 0.896896,
      "optimal_threshold": 0.33600687980651855,
      "tpr_at_fpr_0_01": 0.408,
      "fpr95": 0.46,
      "aupr": 0.9062222996595743
    },
    "layer_19": {
      "n_total": 500,
      "n_valid": 500,
      "n_val_total": 500,
      "n_val_valid": 500,
      "acc": 0.702,
      "f1": 0.5826330532212886,
      "pre": 0.9719626168224299,
      "recall": 0.416,
      "auroc": 0.892576,
      "optimal_threshold": 0.3986956477165222,