{
  "args": {
    "model": "llama_8b",
    "dataset": "m4_wikipedia_chatgpt",
    "mode": "default",
    "token_mode": "last_token",
    "prefix": false,
    "smoke_test": false,
    "ood": [
      "m4_wikihow_chatgpt",
      "m4_reddit_chatgpt",
      "m4_arxiv_chatgpt"
    ],
    "pca_components": 0,
    "normalize_scores": true,
    "manifold": false
  },
  "steering_domain": "m4_wikipedia_chatgpt",
  "eval_domain": "m4_arxiv_chatgpt",
  "n_samples": 500,
  "n_layers": 33,
  "metrics_per_layer": {
    "layer_1": {
      "n_total": 500,
      "n_valid": 500,
      "n_val_total": 500,
      "n_val_valid": 500,
      "acc": 0.512,
      "f1": 0.6720430107526881,
      "pre": 0.5060728744939271,
      "recall": 1.0,
      "auroc": 1.0,
      "optimal_threshold": 0.5935348868370056,
      "tpr_at_fpr_0_01": 1.0,
      "fpr95": 0.0,
      "aupr": 1.0
    },
    "layer_2": {
      "n_total": 500,
      "n_valid": 500,
      "n_val_total": 500,
      "n_val_valid": 500,
      "acc": 0.716,
      "f1": 0.778816199376947,
      "pre": 0.6377551020408163,
      "recall": 1.0,
      "auroc": 1.0,
      "optimal_threshold": 0.7502942681312561,
      "tpr_at_fpr_0_01": 1.0,
      "fpr95": 0.0,
      "aupr": 1.0
    },
    "layer_3": {
      "n_total": 500,
      "n_valid": 500,
      "n_val_total": 500,
      "n_val_valid": 500,
      "acc": 0.512,
      "f1": 0.6720430107526881,
      "pre": 0.5060728744939271,
      "recall": 1.0,
      "auroc": 1.0,
      "optimal_threshold": 0.5964791774749756,
      "tpr_at_fpr_0_01": 1.0,
      "fpr95": 0.0,
      "aupr": 1.0
    },
    "layer_4": {
      "n_total": 500,
      "n_valid": 500,
      "n_val_total": 500,
      "n_val_valid": 500,
      "acc": 0.516,
      "f1": 0.6738544474393531,
      "pre": 0.508130081300813,
      "recall": 1.0,
      "auroc": 1.0,
      "optimal_threshold": 0.5320045351982117,
      "tpr_at_fpr_0_01": 1.0,
      "fpr95": 0.0,
      "aupr": 1.0
    },
    "layer_5": {
      "n_total": 500,
      "n_valid": 500,
      "n_val_total": 500,
      "n_val_valid": 500,
      "acc": 0.512,
      "f1": 0.6720430107526881,
      "pre": 0.5060728744939271,
      "recall": 1.0,
      "auroc": 0.999968,
      "optimal_threshold": 0.4140695631504059,
      "tpr_at_fpr_0_01": 1.0,
      "fpr95": 0.0,
      "aupr": 0.999968253968254
    },
    "layer_6": {
      "n_total": 500,
      "n_valid": 500,
      "n_val_total": 500,
      "n_val_valid": 500,
      "acc": 0.504,
      "f1": 0.6684491978609626,
      "pre": 0.5020080321285141,
      "recall": 1.0,
      "auroc": 0.999424,
      "optimal_threshold": 0.4077402353286743,
      "tpr_at_fpr_0_01": 0.988,
      "fpr95": 0.0,
      "aupr": 0.9994376841390327
    },
    "layer_7": {
      "n_total": 500,
      "n_valid": 500,
      "n_val_total": 500,
      "n_val_valid": 500,
      "acc": 0.5,
      "f1": 0.6666666666666666,
      "pre": 0.5,
      "recall": 1.0,
      "auroc": 0.99872,
      "optimal_threshold": 0.4047088325023651,
      "tpr_at_fpr_0_01": 0.98,
      "fpr95": 0.0,
      "aupr": 0.9987886819372422
    },
    "layer_8": {
      "n_total": 500,
      "n_valid": 500,
      "n_val_total": 500,
      "n_val_valid": 500,
      "acc": 0.5,
      "f1": 0.6666666666666666,
      "pre": 0.5,
      "recall": 1.0,
      "auroc": 0.9976639999999999,
      "optimal_threshold": 0.45260968804359436,
      "tpr_at_fpr_0_01": 0.972,
      "fpr95": 0.0,
      "aupr": 0.9978471564338227
    },
    "layer_9": {
      "n_total": 500,
      "n_valid": 500,
      "n_val_total": 500,
      "n_val_valid": 500,
      "acc": 0.5,
      "f1": 0.6666666666666666,
      "pre": 0.5,
      "recall": 1.0,
      "auroc": 0.995776,
      "optimal_threshold": 0.37857723236083984,
      "tpr_at_fpr_0_01": 0.952,
      "fpr95": 0.008,
      "aupr": 0.9964156868157401
    },
    "layer_10": {
      "n_total": 500,
      "n_valid": 500,
      "n_val_total": 500,
      "n_val_valid": 500,
      "acc": 0.5,
      "f1": 0.6666666666666666,
      "pre": 0.5,
      "recall": 1.0,
      "auroc": 0.996928,
      "optimal_threshold": 0.4183993339538574,
      "tpr_at_fpr_0_01": 0.972,
      "fpr95": 0.0,
      "aupr": 0.9973004907141132
    },
    "layer_11": {
      "n_total": 500,
      "n_valid": 500,
      "n_val_total": 500,
      "n_val_valid": 500,
      "acc": 0.5,
      "f1": 0.6666666666666666,
      "pre": 0.5,
      "recall": 1.0,
      "auroc": 0.996448,
      "optimal_threshold": 0.4634559750556946,
      "tpr_at_fpr_0_01": 0.976,
      "fpr95": 0.0,
      "aupr": 0.9970741611226127
    },
    "layer_12": {
      "n_total": 500,
      "n_valid": 500,
      "n_val_total": 500,
      "n_val_valid": 500,
      "acc": 0.5,
      "f1": 0.6666666666666666,
      "pre": 0.5,
      "recall": 1.0,
      "auroc": 0.9948319999999999,
      "optimal_threshold": 0.38978275656700134,
      "tpr_at_fpr_0_01": 0.968,
      "fpr95": 0.004,
      "aupr": 0.995799884726053
    },
    "layer_13": {
      "n_total": 500,
      "n_valid": 500,
      "n_val_total": 500,
      "n_val_valid": 500,
      "acc": 0.5,
      "f1": 0.6666666666666666,
      "pre": 0.5,
      "recall": 1.0,
      "auroc": 0.9956640000000001,
      "optimal_threshold": 0.46036648750305176,
      "tpr_at_fpr_0_01": 0.956,
      "fpr95": 0.004,
      "aupr": 0.9964899648136751
    },
    "layer_14": {
      "n_total": 500,
      "n_valid": 500,
      "n_val_total": 500,
      "n_val_valid": 500,
      "acc": 0.5,
      "f1": 0.6666666666666666,
      "pre": 0.5,
      "recall": 1.0,
      "auroc": 0.999152,
      "optimal_threshold": 0.43682771921157837,
      "tpr_at_fpr_0_01": 0.98,
      "fpr95": 0.0,
      "aupr": 0.9991902665183481
    },
    "layer_15": {
      "n_total": 500,
      "n_valid": 500,
      "n_val_total": 500,
      "n_val_valid": 500,
      "acc": 0.5,
      "f1": 0.6666666666666666,
      "pre": 0.5,
      "recall": 1.0,
      "auroc": 0.9992,
      "optimal_threshold": 0.45769938826560974,
      "tpr_at_fpr_0_01": 0.988,
      "fpr95": 0.0,
      "aupr": 0.9992663758170691
    },
    "layer_16": {
      "n_total": 500,
      "n_valid": 500,
      "n_val_total": 500,
      "n_val_valid": 500,
      "acc": 0.5,
      "f1": 0.6666666666666666,
      "pre": 0.5,
      "recall": 1.0,
      "auroc": 0.99848,
      "optimal_threshold": 0.44487717747688293,
      "tpr_at_fpr_0_01": 0.988,
      "fpr95": 0.0,
      "aupr": 0.9987138928979185
    },
    "layer_17": {
      "n_total": 500,
      "n_valid": 500,
      "n_val_total": 500,
      "n_val_valid": 500,
      "acc": 0.5,
      "f1": 0.6666666666666666,
      "pre": 0.5,
      "recall": 1.0,
      "auroc": 0.99984,
      "optimal_threshold": 0.49900567531585693,
      "tpr_at_fpr_0_01": 0.992,
      "fpr95": 0.0,
      "aupr": 0.9998428284699706
    },
    "layer_18": {
      "n_total": 500,
      "n_valid": 500,
      "n_val_total": 500,
      "n_val_valid": 500,
      "acc": 0.5,
      "f1": 0.6666666666666666,
      "pre": 0.5,
      "recall": 1.0,
      "auroc": 0.9999359999999999,
      "optimal_threshold": 0.5178409814834595,
      "tpr_at_fpr_0_01": 0.996,
      "fpr95": 0.0,
      "aupr": 0.9999365691699604
    },
    "layer_19": {
      "n_total": 500,
      "n_valid": 500,
      "n_val_total": 500,
      "n_val_valid": 500,
      "acc": 0.504,
      "f1": 0.6684491978609626,
      "pre": 0.5020080321285141,
      "recall": 1.0,
      "auroc": 1.0,
      "optimal_threshold": 0.5744199752807617,
      "tpr_at_fpr_0_01": 1.0,
      "fpr95": 0.0,
      "aupr": 1.0
    },
    "layer_20": {
      "n_total": 500,
      "n_valid": 500,
      "n_val_total": 500,
      "n_val_valid": 500,
      "acc": 0.574,
      "f1": 0.7012622720897616,
      "pre": 0.5399568034557235,
      "recall": 1.0,
      "auroc": 1.0,
      "optimal_threshold": 0.5880716443061829,
      "tpr_at_fpr_0_01": 1.0,
      "fpr95": 0.0,
      "aupr": 1.0
    },
    "layer_21": {
      "n_total": 500,
      "n_valid": 500,
      "n_val_total": 500,
      "n_val_valid": 500,