{
  "args": {
    "model": "llama_8b",
    "dataset": "m4_wikipedia_chatgpt",
    "mode": "default",
    "token_mode": "last_token",
    "prefix": false,
    "smoke_test": false,
    "ood": [
      "m4_wikihow_chatgpt",
      "m4_reddit_chatgpt",
      "m4_arxiv_chatgpt"
    ],
    "pca_components": 0,
    "normalize_scores": true,
    "manifold": false
  },
  "steering_domain": "m4_wikipedia_chatgpt",
  "eval_domain": "m4_wikihow_chatgpt",
  "n_samples": 500,
  "n_layers": 33,
  "metrics_per_layer": {
    "layer_1": {
      "n_total": 500,
      "n_valid": 500,
      "n_val_total": 500,
      "n_val_valid": 500,
      "acc": 0.594,
      "f1": 0.7112375533428165,
      "pre": 0.5518763796909493,
      "recall": 1.0,
      "auroc": 0.7469039999999999,
      "optimal_threshold": 0.5935348868370056,
      "tpr_at_fpr_0_01": 0.0,
      "fpr95": 0.812,
      "aupr": 0.7668879251401668
    },
    "layer_2": {
      "n_total": 500,
      "n_valid": 500,
      "n_val_total": 500,
      "n_val_valid": 500,
      "acc": 0.63,
      "f1": 0.6991869918699187,
      "pre": 0.589041095890411,
      "recall": 0.86,
      "auroc": 0.7964,
      "optimal_threshold": 0.7502942681312561,
      "tpr_at_fpr_0_01": 0.068,
      "fpr95": 0.672,
      "aupr": 0.7965561908648673
    },
    "layer_3": {
      "n_total": 500,
      "n_valid": 500,
      "n_val_total": 500,
      "n_val_valid": 500,
      "acc": 0.636,
      "f1": 0.7307692307692307,
      "pre": 0.57981220657277,
      "recall": 0.988,
      "auroc": 0.822624,
      "optimal_threshold": 0.5964791774749756,
      "tpr_at_fpr_0_01": 0.072,
      "fpr95": 0.648,
      "aupr": 0.8003673098529346
    },
    "layer_4": {
      "n_total": 500,
      "n_valid": 500,
      "n_val_total": 500,
      "n_val_valid": 500,
      "acc": 0.66,
      "f1": 0.746268656716418,
      "pre": 0.5952380952380952,
      "recall": 1.0,
      "auroc": 0.88096,
      "optimal_threshold": 0.5320045351982117,
      "tpr_at_fpr_0_01": 0.352,
      "fpr95": 0.616,
      "aupr": 0.8974816736847262
    },
    "layer_5": {
      "n_total": 500,
      "n_valid": 500,
      "n_val_total": 500,
      "n_val_valid": 500,
      "acc": 0.664,
      "f1": 0.7485029940119761,
      "pre": 0.5980861244019139,
      "recall": 1.0,
      "auroc": 0.957488,
      "optimal_threshold": 0.4140695631504059,
      "tpr_at_fpr_0_01": 0.6,
      "fpr95": 0.268,
      "aupr": 0.9610476745511051
    },
    "layer_6": {
      "n_total": 500,
      "n_valid": 500,
      "n_val_total": 500,
      "n_val_valid": 500,
      "acc": 0.638,
      "f1": 0.7342143906020558,
      "pre": 0.580046403712297,
      "recall": 1.0,
      "auroc": 0.9638559999999999,
      "optimal_threshold": 0.4077402353286743,
      "tpr_at_fpr_0_01": 0.728,
      "fpr95": 0.196,
      "aupr": 0.9679876533754033
    },
    "layer_7": {
      "n_total": 500,
      "n_valid": 500,
      "n_val_total": 500,
      "n_val_valid": 500,
      "acc": 0.62,
      "f1": 0.7246376811594203,
      "pre": 0.5681818181818182,
      "recall": 1.0,
      "auroc": 0.974848,
      "optimal_threshold": 0.4047088325023651,
      "tpr_at_fpr_0_01": 0.776,
      "fpr95": 0.176,
      "aupr": 0.978408795708516
    },
    "layer_8": {
      "n_total": 500,
      "n_valid": 500,
      "n_val_total": 500,
      "n_val_valid": 500,
      "acc": 0.56,
      "f1": 0.6944444444444444,
      "pre": 0.5319148936170213,
      "recall": 1.0,
      "auroc": 0.968,
      "optimal_threshold": 0.45260968804359436,
      "tpr_at_fpr_0_01": 0.748,
      "fpr95": 0.224,
      "aupr": 0.9726552576130019
    },
    "layer_9": {
      "n_total": 500,
      "n_valid": 500,
      "n_val_total": 500,
      "n_val_valid": 500,
      "acc": 0.534,
      "f1": 0.6821282401091405,
      "pre": 0.5175983436853002,
      "recall": 1.0,
      "auroc": 0.982848,
      "optimal_threshold": 0.37857723236083984,
      "tpr_at_fpr_0_01": 0.84,
      "fpr95": 0.092,
      "aupr": 0.9854345699662836
    },
    "layer_10": {
      "n_total": 500,
      "n_valid": 500,
      "n_val_total": 500,
      "n_val_valid": 500,
      "acc": 0.588,
      "f1": 0.7082152974504249,
      "pre": 0.5482456140350878,
      "recall": 1.0,
      "auroc": 0.990688,
      "optimal_threshold": 0.4183993339538574,
      "tpr_at_fpr_0_01": 0.908,
      "fpr95": 0.028,
      "aupr": 0.9922057028749404
    },
    "layer_11": {
      "n_total": 500,
      "n_valid": 500,
      "n_val_total": 500,
      "n_val_valid": 500,
      "acc": 0.576,
      "f1": 0.702247191011236,
      "pre": 0.5411255411255411,
      "recall": 1.0,
      "auroc": 0.994064,
      "optimal_threshold": 0.4634559750556946,
      "tpr_at_fpr_0_01": 0.952,
      "fpr95": 0.004,
      "aupr": 0.9948151360014443
    },
    "layer_12": {
      "n_total": 500,
      "n_valid": 500,
      "n_val_total": 500,
      "n_val_valid": 500,
      "acc": 0.566,
      "f1": 0.697350069735007,
      "pre": 0.5353319057815846,
      "recall": 1.0,
      "auroc": 0.990944,
      "optimal_threshold": 0.38978275656700134,
      "tpr_at_fpr_0_01": 0.904,
      "fpr95": 0.04,
      "aupr": 0.992287122640357
    },
    "layer_13": {
      "n_total": 500,
      "n_valid": 500,
      "n_val_total": 500,
      "n_val_valid": 500,
      "acc": 0.596,
      "f1": 0.7122507122507122,
      "pre": 0.5530973451327433,
      "recall": 1.0,
      "auroc": 0.992896,
      "optimal_threshold": 0.46036648750305176,
      "tpr_at_fpr_0_01": 0.888,
      "fpr95": 0.032,
      "aupr": 0.9936773977404706
    },
    "layer_14": {
      "n_total": 500,
      "n_valid": 500,
      "n_val_total": 500,
      "n_val_valid": 500,
      "acc": 0.548,
      "f1": 0.6887052341597796,
      "pre": 0.5252100840336135,
      "recall": 1.0,
      "auroc": 0.989136,
      "optimal_threshold": 0.43682771921157837,
      "tpr_at_fpr_0_01": 0.916,
      "fpr95": 0.084,
      "aupr": 0.9905340252526345
    },
    "layer_15": {
      "n_total": 500,
      "n_valid": 500,
      "n_val_total": 500,
      "n_val_valid": 500,
      "acc": 0.61,
      "f1": 0.7194244604316546,
      "pre": 0.5617977528089888,
      "recall": 1.0,
      "auroc": 0.992672,
      "optimal_threshold": 0.45769938826560974,
      "tpr_at_fpr_0_01": 0.916,
      "fpr95": 0.052,
      "aupr": 0.9936897885230924
    },
    "layer_16": {
      "n_total": 500,
      "n_valid": 500,
      "n_val_total": 500,
      "n_val_valid": 500,
      "acc": 0.68,
      "f1": 0.7575757575757576,
      "pre": 0.6097560975609756,
      "recall": 1.0,
      "auroc": 0.99448,
      "optimal_threshold": 0.44487717747688293,
      "tpr_at_fpr_0_01": 0.932,
      "fpr95": 0.024,
      "aupr": 0.9952691222286371
    },
    "layer_17": {
      "n_total": 500,
      "n_valid": 500,
      "n_val_total": 500,
      "n_val_valid": 500,
      "acc": 0.626,
      "f1": 0.727802037845706,
      "pre": 0.5720823798627003,
      "recall": 1.0,
      "auroc": 0.9967680000000001,
      "optimal_threshold": 0.49900567531585693,
      "tpr_at_fpr_0_01": 0.956,
      "fpr95": 0.008,
      "aupr": 0.9970926953925467
    },
    "layer_18": {
      "n_total": 500,
      "n_valid": 500,
      "n_val_total": 500,
      "n_val_valid": 500,
      "acc": 0.63,
      "f1": 0.7299270072992701,
      "pre": 0.5747126436781609,
      "recall": 1.0,
      "auroc": 0.995152,
      "optimal_threshold": 0.5178409814834595,
      "tpr_at_fpr_0_01": 0.944,
      "fpr95": 0.012,
      "aupr": 0.9956517101821961
    },
    "layer_19": {
      "n_total": 500,
      "n_valid": 500,
      "n_val_total": 500,
      "n_val_valid": 500,
      "acc": 0.594,
      "f1": 0.7112375533428165,
      "pre": 0.5518763796909493,
      "recall": 1.0,
      "auroc": 0.991552,
      "optimal_threshold": 0.5744199752807617,
      "tpr_at_fpr_0_01": 0.904,
      "fpr95": 0.04,
      "aupr": 0.9925189680296338
    },
    "layer_20": {
      "n_total": 500,
      "n_valid": 500,
      "n_val_total": 500,
      "n_val_valid": 500,
      "acc": 0.62,