{
  "args": {
    "model": "llama_8b",
    "dataset": "tsm_paras_en_first_gpt4o",
    "mode": "default",
    "token_mode": "last_token",
    "prefix": false,
    "smoke_test": false,
    "ood": [
      "tsm_paras_en_first_gemini",
      "tsm_paras_en_first_deepseek",
      "tsm_paras_pt_first_gpt4o",
      "tsm_paras_pt_first_gemini",
      "tsm_paras_pt_first_deepseek",
      "tsm_paras_vi_first_gpt4o",
      "tsm_paras_vi_first_gemini",
      "tsm_paras_vi_first_deepseek"
    ],
    "pca_components": 0,
    "normalize_scores": true,
    "ablation_set": "human",
    "manifold": false
  },
  "steering_domain": "tsm_paras_en_first_gpt4o",
  "eval_domain": "tsm_paras_vi_first_gpt4o",
  "n_samples": 500,
  "n_layers": 33,
  "metrics_per_layer": {
    "layer_1": {
      "n_total": 500,
      "n_valid": 500,
      "n_val_total": 500,
      "n_val_valid": 500,
      "acc": 0.558,
      "f1": 0.688293370944993,
      "pre": 0.5315904139433552,
      "recall": 0.976,
      "auroc": 0.5609919999999999,
      "optimal_threshold": 0.8834354877471924,
      "tpr_at_fpr_0_01": 0.008,
      "fpr95": 0.86,
      "aupr": 0.5348238263532699
    },
    "layer_2": {
      "n_total": 500,
      "n_valid": 500,
      "n_val_total": 500,
      "n_val_valid": 500,
      "acc": 0.586,
      "f1": 0.4623376623376623,
      "pre": 0.6592592592592592,
      "recall": 0.356,
      "auroc": 0.66072,
      "optimal_threshold": 0.6934412717819214,
      "tpr_at_fpr_0_01": 0.032,
      "fpr95": 0.84,
      "aupr": 0.6403416486861064
    },
    "layer_3": {
      "n_total": 500,
      "n_valid": 500,
      "n_val_total": 500,
      "n_val_valid": 500,
      "acc": 0.6,
      "f1": 0.4350282485875706,
      "pre": 0.7403846153846154,
      "recall": 0.308,
      "auroc": 0.687296,
      "optimal_threshold": 0.5666473507881165,
      "tpr_at_fpr_0_01": 0.028,
      "fpr95": 0.852,
      "aupr": 0.6840045804605912
    },
    "layer_4": {
      "n_total": 500,
      "n_valid": 500,
      "n_val_total": 500,
      "n_val_valid": 500,
      "acc": 0.556,
      "f1": 0.2127659574468085,
      "pre": 0.9375,
      "recall": 0.12,
      "auroc": 0.7405919999999999,
      "optimal_threshold": 0.6535915732383728,
      "tpr_at_fpr_0_01": 0.144,
      "fpr95": 0.84,
      "aupr": 0.7558172233160126
    },
    "layer_5": {
      "n_total": 500,
      "n_valid": 500,
      "n_val_total": 500,
      "n_val_valid": 500,
      "acc": 0.674,
      "f1": 0.5329512893982808,
      "pre": 0.9393939393939394,
      "recall": 0.372,
      "auroc": 0.8220319999999999,
      "optimal_threshold": 0.4966926574707031,
      "tpr_at_fpr_0_01": 0.3,
      "fpr95": 0.76,
      "aupr": 0.8479554318327696
    },
    "layer_6": {
      "n_total": 500,
      "n_valid": 500,
      "n_val_total": 500,
      "n_val_valid": 500,
      "acc": 0.652,
      "f1": 0.4695121951219512,
      "pre": 0.9871794871794872,
      "recall": 0.308,
      "auroc": 0.8684799999999999,
      "optimal_threshold": 0.4498351514339447,
      "tpr_at_fpr_0_01": 0.432,
      "fpr95": 0.704,
      "aupr": 0.8946001795736128
    },
    "layer_7": {
      "n_total": 500,
      "n_valid": 500,
      "n_val_total": 500,
      "n_val_valid": 500,
      "acc": 0.666,
      "f1": 0.5014925373134328,
      "pre": 0.9882352941176471,
      "recall": 0.336,
      "auroc": 0.8633440000000001,
      "optimal_threshold": 0.4726249575614929,
      "tpr_at_fpr_0_01": 0.484,
      "fpr95": 0.68,
      "aupr": 0.88915178807351
    },
    "layer_8": {
      "n_total": 500,
      "n_valid": 500,
      "n_val_total": 500,
      "n_val_valid": 500,
      "acc": 0.716,
      "f1": 0.6098901098901099,
      "pre": 0.9736842105263158,
      "recall": 0.444,
      "auroc": 0.8452639999999999,
      "optimal_threshold": 0.45125308632850647,
      "tpr_at_fpr_0_01": 0.436,
      "fpr95": 0.764,
      "aupr": 0.8733683215126002
    },
    "layer_9": {
      "n_total": 500,
      "n_valid": 500,
      "n_val_total": 500,
      "n_val_valid": 500,
      "acc": 0.736,
      "f1": 0.6597938144329897,
      "pre": 0.927536231884058,
      "recall": 0.512,
      "auroc": 0.8371680000000001,
      "optimal_threshold": 0.42722517251968384,
      "tpr_at_fpr_0_01": 0.32,
      "fpr95": 0.708,
      "aupr": 0.8626006775034303
    },
    "layer_10": {
      "n_total": 500,
      "n_valid": 500,
      "n_val_total": 500,
      "n_val_valid": 500,
      "acc": 0.726,
      "f1": 0.636604774535809,
      "pre": 0.9448818897637795,
      "recall": 0.48,
      "auroc": 0.8433279999999999,
      "optimal_threshold": 0.42672470211982727,
      "tpr_at_fpr_0_01": 0.304,
      "fpr95": 0.676,
      "aupr": 0.8666810389749516
    },
    "layer_11": {
      "n_total": 500,
      "n_valid": 500,
      "n_val_total": 500,
      "n_val_valid": 500,
      "acc": 0.768,
      "f1": 0.7070707070707071,
      "pre": 0.958904109589041,
      "recall": 0.56,
      "auroc": 0.88384,
      "optimal_threshold": 0.3783377707004547,
      "tpr_at_fpr_0_01": 0.48,
      "fpr95": 0.492,
      "aupr": 0.9031766138813654
    },
    "layer_12": {
      "n_total": 500,
      "n_valid": 500,
      "n_val_total": 500,
      "n_val_valid": 500,
      "acc": 0.772,
      "f1": 0.7205882352941176,
      "pre": 0.930379746835443,
      "recall": 0.588,
      "auroc": 0.875568,
      "optimal_threshold": 0.3674197494983673,
      "tpr_at_fpr_0_01": 0.464,
      "fpr95": 0.56,
      "aupr": 0.8959998522177773
    },
    "layer_13": {
      "n_total": 500,
      "n_valid": 500,
      "n_val_total": 500,
      "n_val_valid": 500,
      "acc": 0.756,
      "f1": 0.6903553299492385,
      "pre": 0.9444444444444444,
      "recall": 0.544,
      "auroc": 0.8706719999999999,
      "optimal_threshold": 0.35800084471702576,
      "tpr_at_fpr_0_01": 0.464,
      "fpr95": 0.608,
      "aupr": 0.8927039141271674
    },
    "layer_14": {
      "n_total": 500,
      "n_valid": 500,
      "n_val_total": 500,
      "n_val_valid": 500,
      "acc": 0.752,
      "f1": 0.6884422110552764,
      "pre": 0.9256756756756757,
      "recall": 0.548,
      "auroc": 0.8719840000000001,
      "optimal_threshold": 0.35261377692222595,
      "tpr_at_fpr_0_01": 0.464,
      "fpr95": 0.592,
      "aupr": 0.8935398946658963
    },
    "layer_15": {
      "n_total": 500,
      "n_valid": 500,
      "n_val_total": 500,
      "n_val_valid": 500,
      "acc": 0.74,
      "f1": 0.6524064171122995,
      "pre": 0.9838709677419355,
      "recall": 0.488,
      "auroc": 0.8770559999999998,
      "optimal_threshold": 0.33502939343452454,
      "tpr_at_fpr_0_01": 0.504,
      "fpr95": 0.532,
      "aupr": 0.8963444797918073
    },
    "layer_16": {
      "n_total": 500,
      "n_valid": 500,
      "n_val_total": 500,
      "n_val_valid": 500,
      "acc": 0.738,
      "f1": 0.6525198938992043,
      "pre": 0.968503937007874,
      "recall": 0.492,
      "auroc": 0.871248,
      "optimal_threshold": 0.3354555070400238,
      "tpr_at_fpr_0_01": 0.492,
      "fpr95": 0.552,
      "aupr": 0.8920575563094516
    },
    "layer_17": {
      "n_total": 500,
      "n_valid": 500,
      "n_val_total": 500,
      "n_val_valid": 500,
      "acc": 0.74,
      "f1": 0.6542553191489362,
      "pre": 0.9761904761904762,
      "recall": 0.492,
      "auroc": 0.879232,
      "optimal_threshold": 0.4015186131000519,
      "tpr_at_fpr_0_01": 0.472,
      "fpr95": 0.556,
      "aupr": 0.8968898745483325
    },
    "layer_18": {
      "n_total": 500,
      "n_valid": 500,
      "n_val_total": 500,
      "n_val_valid": 500,
      "acc": 0.75,
      "f1": 0.6973365617433414,
      "pre": 0.8834355828220859,
      "recall": 0.576,
      "auroc": 0.865632,
      "optimal_threshold": 0.33600687980651855,
      "tpr_at_fpr_0_01": 0.412,
      "fpr95": 0.572,
      "aupr": 0.8830749979651973
    },
    "layer_19": {
      "n_total": 500,
      "n_valid": 500,
      "n_val_total": 500,
      "n_val_valid": 500,
      "acc": 0.738,
      "f1": 0.6561679790026247,