{
  "args": {
    "model": "llama_8b",
    "dataset": "multitude_en",
    "mode": "default",
    "token_mode": "last_token",
    "prefix": false,
    "smoke_test": false,
    "ood": [
      "multitude_de",
      "multitude_nl",
      "multitude_pt",
      "multitude_ro",
      "multitude_uk"
    ],
    "pca_components": 0,
    "normalize_scores": true,
    "ablation_set": "human",
    "manifold": false
  },
  "steering_domain": "multitude_en",
  "eval_domain": "multitude_uk",
  "n_samples": 500,
  "n_layers": 33,
  "metrics_per_layer": {
    "layer_1": {
      "n_total": 500,
      "n_valid": 500,
      "n_val_total": 500,
      "n_val_valid": 500,
      "acc": 0.648,
      "f1": 0.7396449704142012,
      "pre": 0.5868544600938967,
      "recall": 1.0,
      "auroc": 0.663056,
      "optimal_threshold": 0.7416924834251404,
      "tpr_at_fpr_0_01": 0.0,
      "fpr95": 0.668,
      "aupr": 0.597504474234968
    },
    "layer_2": {
      "n_total": 500,
      "n_valid": 500,
      "n_val_total": 500,
      "n_val_valid": 500,
      "acc": 0.5,
      "f1": 0.0,
      "pre": 0.0,
      "recall": 0.0,
      "auroc": 0.878144,
      "optimal_threshold": 0.8566058278083801,
      "tpr_at_fpr_0_01": 0.112,
      "fpr95": 0.364,
      "aupr": 0.8430127062131844
    },
    "layer_3": {
      "n_total": 500,
      "n_valid": 500,
      "n_val_total": 500,
      "n_val_valid": 500,
      "acc": 0.512,
      "f1": 0.046875,
      "pre": 1.0,
      "recall": 0.024,
      "auroc": 0.930496,
      "optimal_threshold": 0.7542027235031128,
      "tpr_at_fpr_0_01": 0.192,
      "fpr95": 0.28,
      "aupr": 0.9182984877565514
    },
    "layer_4": {
      "n_total": 500,
      "n_valid": 500,
      "n_val_total": 500,
      "n_val_valid": 500,
      "acc": 0.694,
      "f1": 0.5590778097982709,
      "pre": 1.0,
      "recall": 0.388,
      "auroc": 0.9861759999999999,
      "optimal_threshold": 0.7064231038093567,
      "tpr_at_fpr_0_01": 0.72,
      "fpr95": 0.088,
      "aupr": 0.9865061915307859
    },
    "layer_5": {
      "n_total": 500,
      "n_valid": 500,
      "n_val_total": 500,
      "n_val_valid": 500,
      "acc": 0.77,
      "f1": 0.7012987012987013,
      "pre": 1.0,
      "recall": 0.54,
      "auroc": 0.99368,
      "optimal_threshold": 0.5736413598060608,
      "tpr_at_fpr_0_01": 0.888,
      "fpr95": 0.032,
      "aupr": 0.9941396853965064
    },
    "layer_6": {
      "n_total": 500,
      "n_valid": 500,
      "n_val_total": 500,
      "n_val_valid": 500,
      "acc": 0.772,
      "f1": 0.7046632124352331,
      "pre": 1.0,
      "recall": 0.544,
      "auroc": 0.994032,
      "optimal_threshold": 0.5235995650291443,
      "tpr_at_fpr_0_01": 0.884,
      "fpr95": 0.044,
      "aupr": 0.9942077217527925
    },
    "layer_7": {
      "n_total": 500,
      "n_valid": 500,
      "n_val_total": 500,
      "n_val_valid": 500,
      "acc": 0.806,
      "f1": 0.7593052109181141,
      "pre": 1.0,
      "recall": 0.612,
      "auroc": 0.9932,
      "optimal_threshold": 0.4984457194805145,
      "tpr_at_fpr_0_01": 0.88,
      "fpr95": 0.056,
      "aupr": 0.9934254868621814
    },
    "layer_8": {
      "n_total": 500,
      "n_valid": 500,
      "n_val_total": 500,
      "n_val_valid": 500,
      "acc": 0.794,
      "f1": 0.7405541561712846,
      "pre": 1.0,
      "recall": 0.588,
      "auroc": 0.989456,
      "optimal_threshold": 0.5300278663635254,
      "tpr_at_fpr_0_01": 0.876,
      "fpr95": 0.044,
      "aupr": 0.9902163890465299
    },
    "layer_9": {
      "n_total": 500,
      "n_valid": 500,
      "n_val_total": 500,
      "n_val_valid": 500,
      "acc": 0.94,
      "f1": 0.9372384937238494,
      "pre": 0.9824561403508771,
      "recall": 0.896,
      "auroc": 0.9916,
      "optimal_threshold": 0.4058040976524353,
      "tpr_at_fpr_0_01": 0.796,
      "fpr95": 0.032,
      "aupr": 0.9919191682134989
    },
    "layer_10": {
      "n_total": 500,
      "n_valid": 500,
      "n_val_total": 500,
      "n_val_valid": 500,
      "acc": 0.94,
      "f1": 0.9372384937238494,
      "pre": 0.9824561403508771,
      "recall": 0.896,
      "auroc": 0.99008,
      "optimal_threshold": 0.39973127841949463,
      "tpr_at_fpr_0_01": 0.808,
      "fpr95": 0.036,
      "aupr": 0.9905040045815318
    },
    "layer_11": {
      "n_total": 500,
      "n_valid": 500,
      "n_val_total": 500,
      "n_val_valid": 500,
      "acc": 0.902,
      "f1": 0.8913525498891353,
      "pre": 1.0,
      "recall": 0.804,
      "auroc": 0.991104,
      "optimal_threshold": 0.43915414810180664,
      "tpr_at_fpr_0_01": 0.84,
      "fpr95": 0.028,
      "aupr": 0.992091522631189
    },
    "layer_12": {
      "n_total": 500,
      "n_valid": 500,
      "n_val_total": 500,
      "n_val_valid": 500,
      "acc": 0.914,
      "f1": 0.9071274298056156,
      "pre": 0.9859154929577465,
      "recall": 0.84,
      "auroc": 0.988592,
      "optimal_threshold": 0.4316036105155945,
      "tpr_at_fpr_0_01": 0.792,
      "fpr95": 0.048,
      "aupr": 0.9895932760320159
    },
    "layer_13": {
      "n_total": 500,
      "n_valid": 500,
      "n_val_total": 500,
      "n_val_valid": 500,
      "acc": 0.912,
      "f1": 0.9047619047619048,
      "pre": 0.9858490566037735,
      "recall": 0.836,
      "auroc": 0.988064,
      "optimal_threshold": 0.42347413301467896,
      "tpr_at_fpr_0_01": 0.828,
      "fpr95": 0.06,
      "aupr": 0.988970804826253
    },
    "layer_14": {
      "n_total": 500,
      "n_valid": 500,
      "n_val_total": 500,
      "n_val_valid": 500,
      "acc": 0.936,
      "f1": 0.9336099585062241,
      "pre": 0.9698275862068966,
      "recall": 0.9,
      "auroc": 0.9867520000000001,
      "optimal_threshold": 0.38067519664764404,
      "tpr_at_fpr_0_01": 0.716,
      "fpr95": 0.044,
      "aupr": 0.9871149106460708
    },
    "layer_15": {
      "n_total": 500,
      "n_valid": 500,
      "n_val_total": 500,
      "n_val_valid": 500,
      "acc": 0.924,
      "f1": 0.919831223628692,
      "pre": 0.9732142857142857,
      "recall": 0.872,
      "auroc": 0.98672,
      "optimal_threshold": 0.39924243092536926,
      "tpr_at_fpr_0_01": 0.792,
      "fpr95": 0.06,
      "aupr": 0.9873451746756289
    },
    "layer_16": {
      "n_total": 500,
      "n_valid": 500,
      "n_val_total": 500,
      "n_val_valid": 500,
      "acc": 0.938,
      "f1": 0.9355509355509356,
      "pre": 0.974025974025974,
      "recall": 0.9,
      "auroc": 0.985024,
      "optimal_threshold": 0.3957301080226898,
      "tpr_at_fpr_0_01": 0.62,
      "fpr95": 0.072,
      "aupr": 0.984959876284825
    },
    "layer_17": {
      "n_total": 500,
      "n_valid": 500,
      "n_val_total": 500,
      "n_val_valid": 500,
      "acc": 0.944,
      "f1": 0.9426229508196722,
      "pre": 0.9663865546218487,
      "recall": 0.92,
      "auroc": 0.987968,
      "optimal_threshold": 0.3993924856185913,
      "tpr_at_fpr_0_01": 0.684,
      "fpr95": 0.052,
      "aupr": 0.9879370834145277
    },
    "layer_18": {
      "n_total": 500,
      "n_valid": 500,
      "n_val_total": 500,
      "n_val_valid": 500,
      "acc": 0.944,
      "f1": 0.9423868312757202,
      "pre": 0.9703389830508474,
      "recall": 0.916,
      "auroc": 0.985792,
      "optimal_threshold": 0.40733349323272705,
      "tpr_at_fpr_0_01": 0.708,
      "fpr95": 0.092,
      "aupr": 0.9862724038263552
    },
    "layer_19": {
      "n_total": 500,
      "n_valid": 500,
      "n_val_total": 500,
      "n_val_valid": 500,
      "acc": 0.932,
      "f1": 0.9294605809128631,
      "pre": 0.9655172413793104,
      "recall": 0.896,
      "auroc": 0.9840800000000001,
      "optimal_threshold": 0.38390350341796875,
      "tpr_at_fpr_0_01": 0.712,
      "fpr95": 0.092,
      "aupr": 0.9844365031873306
    },
    "layer_20": {
      "n_total": 500,
      "n_valid": 500,
      "n_val_total": 500,
      "n_val_valid": 500,
      "acc": 0.932,
      "f1": 0.9297520661157025,
      "pre": 0.9615384615384616,
      "recall": 0.9,