{
  "args": {
    "model": "llama_8b",
    "dataset": "m4_wikipedia_chatgpt",
    "mode": "default",
    "token_mode": "last_token",
    "prefix": false,
    "smoke_test": false,
    "ood": [
      "multisocial_de",
      "multisocial_nl",
      "multisocial_pt",
      "multisocial_ar"
    ],
    "pca_components": 0,
    "normalize_scores": true,
    "manifold": false
  },
  "steering_domain": "m4_wikipedia_chatgpt",
  "eval_domain": "multisocial_pt",
  "n_samples": 500,
  "n_layers": 33,
  "metrics_per_layer": {
    "layer_1": {
      "n_total": 500,
      "n_valid": 500,
      "n_val_total": 500,
      "n_val_valid": 500,
      "acc": 0.714,
      "f1": 0.6697459584295612,
      "pre": 0.7923497267759563,
      "recall": 0.58,
      "auroc": 0.7602879999999999,
      "optimal_threshold": 0.5935348868370056,
      "tpr_at_fpr_0_01": 0.0,
      "fpr95": 0.824,
      "aupr": 0.7462071104873633
    },
    "layer_2": {
      "n_total": 500,
      "n_valid": 500,
      "n_val_total": 500,
      "n_val_valid": 500,
      "acc": 0.668,
      "f1": 0.5513513513513514,
      "pre": 0.85,
      "recall": 0.408,
      "auroc": 0.7812319999999999,
      "optimal_threshold": 0.7502942681312561,
      "tpr_at_fpr_0_01": 0.024,
      "fpr95": 0.804,
      "aupr": 0.7665029075225158
    },
    "layer_3": {
      "n_total": 500,
      "n_valid": 500,
      "n_val_total": 500,
      "n_val_valid": 500,
      "acc": 0.692,
      "f1": 0.6010362694300518,
      "pre": 0.8529411764705882,
      "recall": 0.464,
      "auroc": 0.781024,
      "optimal_threshold": 0.5964791774749756,
      "tpr_at_fpr_0_01": 0.02,
      "fpr95": 0.792,
      "aupr": 0.7720063990919878
    },
    "layer_4": {
      "n_total": 500,
      "n_valid": 500,
      "n_val_total": 500,
      "n_val_valid": 500,
      "acc": 0.63,
      "f1": 0.4444444444444444,
      "pre": 0.891566265060241,
      "recall": 0.296,
      "auroc": 0.7964,
      "optimal_threshold": 0.5320045351982117,
      "tpr_at_fpr_0_01": 0.064,
      "fpr95": 0.792,
      "aupr": 0.798927361166857
    },
    "layer_5": {
      "n_total": 500,
      "n_valid": 500,
      "n_val_total": 500,
      "n_val_valid": 500,
      "acc": 0.634,
      "f1": 0.46017699115044247,
      "pre": 0.8764044943820225,
      "recall": 0.312,
      "auroc": 0.791568,
      "optimal_threshold": 0.4140695631504059,
      "tpr_at_fpr_0_01": 0.084,
      "fpr95": 0.84,
      "aupr": 0.7993041538573952
    },
    "layer_6": {
      "n_total": 500,
      "n_valid": 500,
      "n_val_total": 500,
      "n_val_valid": 500,
      "acc": 0.66,
      "f1": 0.5303867403314917,
      "pre": 0.8571428571428571,
      "recall": 0.384,
      "auroc": 0.8059039999999998,
      "optimal_threshold": 0.4077402353286743,
      "tpr_at_fpr_0_01": 0.108,
      "fpr95": 0.712,
      "aupr": 0.8058425784199844
    },
    "layer_7": {
      "n_total": 500,
      "n_valid": 500,
      "n_val_total": 500,
      "n_val_valid": 500,
      "acc": 0.652,
      "f1": 0.521978021978022,
      "pre": 0.8333333333333334,
      "recall": 0.38,
      "auroc": 0.8026399999999998,
      "optimal_threshold": 0.4047088325023651,
      "tpr_at_fpr_0_01": 0.104,
      "fpr95": 0.728,
      "aupr": 0.7953986833965022
    },
    "layer_8": {
      "n_total": 500,
      "n_valid": 500,
      "n_val_total": 500,
      "n_val_valid": 500,
      "acc": 0.684,
      "f1": 0.5927835051546392,
      "pre": 0.8333333333333334,
      "recall": 0.46,
      "auroc": 0.7880959999999999,
      "optimal_threshold": 0.45260968804359436,
      "tpr_at_fpr_0_01": 0.104,
      "fpr95": 0.78,
      "aupr": 0.7794079758445537
    },
    "layer_9": {
      "n_total": 500,
      "n_valid": 500,
      "n_val_total": 500,
      "n_val_valid": 500,
      "acc": 0.702,
      "f1": 0.6460807600950119,
      "pre": 0.7953216374269005,
      "recall": 0.544,
      "auroc": 0.7889120000000001,
      "optimal_threshold": 0.37857723236083984,
      "tpr_at_fpr_0_01": 0.092,
      "fpr95": 0.8,
      "aupr": 0.7784951190137108
    },
    "layer_10": {
      "n_total": 500,
      "n_valid": 500,
      "n_val_total": 500,
      "n_val_valid": 500,
      "acc": 0.636,
      "f1": 0.49444444444444446,
      "pre": 0.8090909090909091,
      "recall": 0.356,
      "auroc": 0.7868320000000002,
      "optimal_threshold": 0.4183993339538574,
      "tpr_at_fpr_0_01": 0.1,
      "fpr95": 0.828,
      "aupr": 0.7806372787353408
    },
    "layer_11": {
      "n_total": 500,
      "n_valid": 500,
      "n_val_total": 500,
      "n_val_valid": 500,
      "acc": 0.652,
      "f1": 0.5139664804469274,
      "pre": 0.8518518518518519,
      "recall": 0.368,
      "auroc": 0.7959679999999999,
      "optimal_threshold": 0.4634559750556946,
      "tpr_at_fpr_0_01": 0.108,
      "fpr95": 0.8,
      "aupr": 0.7927653825688067
    },
    "layer_12": {
      "n_total": 500,
      "n_valid": 500,
      "n_val_total": 500,
      "n_val_valid": 500,
      "acc": 0.632,
      "f1": 0.47126436781609193,
      "pre": 0.8367346938775511,
      "recall": 0.328,
      "auroc": 0.798176,
      "optimal_threshold": 0.38978275656700134,
      "tpr_at_fpr_0_01": 0.116,
      "fpr95": 0.744,
      "aupr": 0.7867070302913485
    },
    "layer_13": {
      "n_total": 500,
      "n_valid": 500,
      "n_val_total": 500,
      "n_val_valid": 500,
      "acc": 0.606,
      "f1": 0.39384615384615385,
      "pre": 0.8533333333333334,
      "recall": 0.256,
      "auroc": 0.7886080000000001,
      "optimal_threshold": 0.46036648750305176,
      "tpr_at_fpr_0_01": 0.108,
      "fpr95": 0.82,
      "aupr": 0.7854593539108954
    },
    "layer_14": {
      "n_total": 500,
      "n_valid": 500,
      "n_val_total": 500,
      "n_val_valid": 500,
      "acc": 0.706,
      "f1": 0.6557377049180327,
      "pre": 0.7909604519774012,
      "recall": 0.56,
      "auroc": 0.7842399999999999,
      "optimal_threshold": 0.43682771921157837,
      "tpr_at_fpr_0_01": 0.104,
      "fpr95": 0.824,
      "aupr": 0.7786006715375144
    },
    "layer_15": {
      "n_total": 500,
      "n_valid": 500,
      "n_val_total": 500,
      "n_val_valid": 500,
      "acc": 0.674,
      "f1": 0.5721784776902887,
      "pre": 0.8320610687022901,
      "recall": 0.436,
      "auroc": 0.795744,
      "optimal_threshold": 0.45769938826560974,
      "tpr_at_fpr_0_01": 0.108,
      "fpr95": 0.856,
      "aupr": 0.7907169640583411
    },
    "layer_16": {
      "n_total": 500,
      "n_valid": 500,
      "n_val_total": 500,
      "n_val_valid": 500,
      "acc": 0.606,
      "f1": 0.40483383685800606,
      "pre": 0.8271604938271605,
      "recall": 0.268,
      "auroc": 0.7976960000000001,
      "optimal_threshold": 0.44487717747688293,
      "tpr_at_fpr_0_01": 0.112,
      "fpr95": 0.836,
      "aupr": 0.7959319979971882
    },
    "layer_17": {
      "n_total": 500,
      "n_valid": 500,
      "n_val_total": 500,
      "n_val_valid": 500,
      "acc": 0.678,
      "f1": 0.5774278215223098,
      "pre": 0.8396946564885496,
      "recall": 0.44,
      "auroc": 0.793072,
      "optimal_threshold": 0.49900567531585693,
      "tpr_at_fpr_0_01": 0.144,
      "fpr95": 0.804,
      "aupr": 0.7984975640109463
    },
    "layer_18": {
      "n_total": 500,
      "n_valid": 500,
      "n_val_total": 500,
      "n_val_valid": 500,
      "acc": 0.686,
      "f1": 0.6235011990407674,
      "pre": 0.7784431137724551,
      "recall": 0.52,
      "auroc": 0.767136,
      "optimal_threshold": 0.5178409814834595,
      "tpr_at_fpr_0_01": 0.124,
      "fpr95": 0.86,
      "aupr": 0.7769847832352692
    },
    "layer_19": {
      "n_total": 500,
      "n_valid": 500,
      "n_val_total": 500,
      "n_val_valid": 500,
      "acc": 0.7,
      "f1": 0.6376811594202898,
      "pre": 0.8048780487804879,
      "recall": 0.528,
      "auroc": 0.766728,
      "optimal_threshold": 0.5744199752807617,
      "tpr_at_fpr_0_01": 0.14,
      "fpr95": 0.924,
      "aupr": 0.7845824511699133
    },