{
  "args": {
    "model": "llama_8b",
    "dataset": "tsm_paras_en_first_deepseek",
    "mode": "default",
    "token_mode": "last_token",
    "prefix": false,
    "smoke_test": false,
    "ood": [
      "tsm_paras_pt_first_deepseek",
      "tsm_paras_vi_first_deepseek"
    ],
    "pca_components": 0,
    "normalize_scores": true,
    "manifold": false
  },
  "steering_domain": "tsm_paras_en_first_deepseek",
  "eval_domain": "tsm_paras_pt_first_deepseek",
  "n_samples": 500,
  "n_layers": 33,
  "metrics_per_layer": {
    "layer_1": {
      "n_total": 500,
      "n_valid": 500,
      "n_val_total": 498,
      "n_val_valid": 498,
      "acc": 0.53,
      "f1": 0.1198501872659176,
      "pre": 0.9411764705882353,
      "recall": 0.064,
      "auroc": 0.504696,
      "optimal_threshold": 0.35354480147361755,
      "tpr_at_fpr_0_01": 0.068,
      "fpr95": 0.948,
      "aupr": 0.5352070789011053
    },
    "layer_2": {
      "n_total": 500,
      "n_valid": 500,
      "n_val_total": 498,
      "n_val_valid": 498,
      "acc": 0.682,
      "f1": 0.7300509337860781,
      "pre": 0.6342182890855457,
      "recall": 0.86,
      "auroc": 0.7676160000000001,
      "optimal_threshold": 0.14543433487415314,
      "tpr_at_fpr_0_01": 0.076,
      "fpr95": 0.72,
      "aupr": 0.7308085050842786
    },
    "layer_3": {
      "n_total": 500,
      "n_valid": 500,
      "n_val_total": 498,
      "n_val_valid": 498,
      "acc": 0.668,
      "f1": 0.7067137809187279,
      "pre": 0.6329113924050633,
      "recall": 0.8,
      "auroc": 0.732368,
      "optimal_threshold": 0.14711925387382507,
      "tpr_at_fpr_0_01": 0.056,
      "fpr95": 0.74,
      "aupr": 0.6957625429167258
    },
    "layer_4": {
      "n_total": 500,
      "n_valid": 500,
      "n_val_total": 498,
      "n_val_valid": 498,
      "acc": 0.72,
      "f1": 0.7651006711409396,
      "pre": 0.6589595375722543,
      "recall": 0.912,
      "auroc": 0.809392,
      "optimal_threshold": 0.13324353098869324,
      "tpr_at_fpr_0_01": 0.06,
      "fpr95": 0.592,
      "aupr": 0.7689361799575948
    },
    "layer_5": {
      "n_total": 500,
      "n_valid": 500,
      "n_val_total": 498,
      "n_val_valid": 498,
      "acc": 0.826,
      "f1": 0.8391866913123844,
      "pre": 0.7800687285223368,
      "recall": 0.908,
      "auroc": 0.9135359999999999,
      "optimal_threshold": 0.2483694851398468,
      "tpr_at_fpr_0_01": 0.104,
      "fpr95": 0.456,
      "aupr": 0.8939676438884743
    },
    "layer_6": {
      "n_total": 500,
      "n_valid": 500,
      "n_val_total": 498,
      "n_val_valid": 498,
      "acc": 0.89,
      "f1": 0.8846960167714885,
      "pre": 0.9295154185022027,
      "recall": 0.844,
      "auroc": 0.949168,
      "optimal_threshold": 0.3127467930316925,
      "tpr_at_fpr_0_01": 0.488,
      "fpr95": 0.32,
      "aupr": 0.9483218987642107
    },
    "layer_7": {
      "n_total": 500,
      "n_valid": 500,
      "n_val_total": 498,
      "n_val_valid": 498,
      "acc": 0.892,
      "f1": 0.8906882591093117,
      "pre": 0.9016393442622951,
      "recall": 0.88,
      "auroc": 0.951616,
      "optimal_threshold": 0.3029482066631317,
      "tpr_at_fpr_0_01": 0.452,
      "fpr95": 0.32,
      "aupr": 0.954196810333731
    },
    "layer_8": {
      "n_total": 500,
      "n_valid": 500,
      "n_val_total": 498,
      "n_val_valid": 498,
      "acc": 0.866,
      "f1": 0.860125260960334,
      "pre": 0.8995633187772926,
      "recall": 0.824,
      "auroc": 0.94216,
      "optimal_threshold": 0.27573204040527344,
      "tpr_at_fpr_0_01": 0.408,
      "fpr95": 0.292,
      "aupr": 0.9439708263412327
    },
    "layer_9": {
      "n_total": 500,
      "n_valid": 500,
      "n_val_total": 498,
      "n_val_valid": 498,
      "acc": 0.842,
      "f1": 0.8357588357588358,
      "pre": 0.8701298701298701,
      "recall": 0.804,
      "auroc": 0.9101919999999998,
      "optimal_threshold": 0.25247225165367126,
      "tpr_at_fpr_0_01": 0.46,
      "fpr95": 0.436,
      "aupr": 0.920211590154523
    },
    "layer_10": {
      "n_total": 500,
      "n_valid": 500,
      "n_val_total": 498,
      "n_val_valid": 498,
      "acc": 0.838,
      "f1": 0.8250539956803455,
      "pre": 0.8967136150234741,
      "recall": 0.764,
      "auroc": 0.917968,
      "optimal_threshold": 0.26252979040145874,
      "tpr_at_fpr_0_01": 0.5,
      "fpr95": 0.424,
      "aupr": 0.9286820272890256
    },
    "layer_11": {
      "n_total": 500,
      "n_valid": 500,
      "n_val_total": 498,
      "n_val_valid": 498,
      "acc": 0.872,
      "f1": 0.8638297872340426,
      "pre": 0.9227272727272727,
      "recall": 0.812,
      "auroc": 0.9618720000000001,
      "optimal_threshold": 0.3053005635738373,
      "tpr_at_fpr_0_01": 0.708,
      "fpr95": 0.228,
      "aupr": 0.9660284757998915
    },
    "layer_12": {
      "n_total": 500,
      "n_valid": 500,
      "n_val_total": 498,
      "n_val_valid": 498,
      "acc": 0.87,
      "f1": 0.8571428571428571,
      "pre": 0.9512195121951219,
      "recall": 0.78,
      "auroc": 0.949744,
      "optimal_threshold": 0.3077889084815979,
      "tpr_at_fpr_0_01": 0.636,
      "fpr95": 0.316,
      "aupr": 0.9571501820134393
    },
    "layer_13": {
      "n_total": 500,
      "n_valid": 500,
      "n_val_total": 498,
      "n_val_valid": 498,
      "acc": 0.83,
      "f1": 0.8081264108352144,
      "pre": 0.927461139896373,
      "recall": 0.716,
      "auroc": 0.937632,
      "optimal_threshold": 0.31908315420150757,
      "tpr_at_fpr_0_01": 0.568,
      "fpr95": 0.376,
      "aupr": 0.9460618484596278
    },
    "layer_14": {
      "n_total": 500,
      "n_valid": 500,
      "n_val_total": 498,
      "n_val_valid": 498,
      "acc": 0.844,
      "f1": 0.8311688311688312,
      "pre": 0.9056603773584906,
      "recall": 0.768,
      "auroc": 0.9325759999999998,
      "optimal_threshold": 0.30345839262008667,
      "tpr_at_fpr_0_01": 0.58,
      "fpr95": 0.348,
      "aupr": 0.9414283043249131
    },
    "layer_15": {
      "n_total": 500,
      "n_valid": 500,
      "n_val_total": 498,
      "n_val_valid": 498,
      "acc": 0.818,
      "f1": 0.7908045977011494,
      "pre": 0.9297297297297298,
      "recall": 0.688,
      "auroc": 0.927728,
      "optimal_threshold": 0.3301784098148346,
      "tpr_at_fpr_0_01": 0.556,
      "fpr95": 0.392,
      "aupr": 0.9361029450398197
    },
    "layer_16": {
      "n_total": 500,
      "n_valid": 500,
      "n_val_total": 498,
      "n_val_valid": 498,
      "acc": 0.824,
      "f1": 0.8166666666666667,
      "pre": 0.8521739130434782,
      "recall": 0.784,
      "auroc": 0.9214399999999999,
      "optimal_threshold": 0.2593197524547577,
      "tpr_at_fpr_0_01": 0.54,
      "fpr95": 0.384,
      "aupr": 0.9299771765564526
    },
    "layer_17": {
      "n_total": 500,
      "n_valid": 500,
      "n_val_total": 498,
      "n_val_valid": 498,
      "acc": 0.846,
      "f1": 0.8336933045356372,
      "pre": 0.9061032863849765,
      "recall": 0.772,
      "auroc": 0.9483680000000001,
      "optimal_threshold": 0.3305167257785797,
      "tpr_at_fpr_0_01": 0.632,
      "fpr95": 0.28,
      "aupr": 0.9533065567664782
    },
    "layer_18": {
      "n_total": 500,
      "n_valid": 500,
      "n_val_total": 498,
      "n_val_valid": 498,
      "acc": 0.836,
      "f1": 0.8144796380090498,
      "pre": 0.9375,
      "recall": 0.72,
      "auroc": 0.935264,
      "optimal_threshold": 0.3566521108150482,
      "tpr_at_fpr_0_01": 0.632,
      "fpr95": 0.372,
      "aupr": 0.9437828562433891
    },
    "layer_19": {
      "n_total": 500,
      "n_valid": 500,
      "n_val_total": 498,
      "n_val_valid": 498,
      "acc": 0.856,
      "f1": 0.8414096916299559,
      "pre": 0.9362745098039216,
      "recall": 0.764,
      "auroc": 0.9484480000000001,
      "optimal_threshold": 0.344923198223114,
      "tpr_at_fpr_0_01": 0.656,
      "fpr95": 0.276,
      "aupr": 0.9555515564421417
    },
    "layer_20": {
      "n_total": 500,
      "n_valid": 500,