{
  "args": {
    "model": "llama_8b",
    "dataset": "m4_wikipedia_chatgpt",
    "mode": "default",
    "token_mode": "last_token",
    "prefix": false,
    "smoke_test": false,
    "ood": [
      "multisocial_de",
      "multisocial_nl",
      "multisocial_pt",
      "multisocial_ar"
    ],
    "pca_components": 0,
    "normalize_scores": true,
    "manifold": false
  },
  "steering_domain": "m4_wikipedia_chatgpt",
  "eval_domain": "multisocial_nl",
  "n_samples": 500,
  "n_layers": 33,
  "metrics_per_layer": {
    "layer_1": {
      "n_total": 500,
      "n_valid": 500,
      "n_val_total": 500,
      "n_val_valid": 500,
      "acc": 0.696,
      "f1": 0.6465116279069767,
      "pre": 0.7722222222222223,
      "recall": 0.556,
      "auroc": 0.6797519999999999,
      "optimal_threshold": 0.5935348868370056,
      "tpr_at_fpr_0_01": 0.0,
      "fpr95": 0.932,
      "aupr": 0.685291774435378
    },
    "layer_2": {
      "n_total": 500,
      "n_valid": 500,
      "n_val_total": 500,
      "n_val_valid": 500,
      "acc": 0.658,
      "f1": 0.5511811023622047,
      "pre": 0.8015267175572519,
      "recall": 0.42,
      "auroc": 0.7066399999999999,
      "optimal_threshold": 0.7502942681312561,
      "tpr_at_fpr_0_01": 0.02,
      "fpr95": 0.896,
      "aupr": 0.7040750987651679
    },
    "layer_3": {
      "n_total": 500,
      "n_valid": 500,
      "n_val_total": 500,
      "n_val_valid": 500,
      "acc": 0.682,
      "f1": 0.6034912718204489,
      "pre": 0.8013245033112583,
      "recall": 0.484,
      "auroc": 0.715104,
      "optimal_threshold": 0.5964791774749756,
      "tpr_at_fpr_0_01": 0.064,
      "fpr95": 0.936,
      "aupr": 0.7249393753242057
    },
    "layer_4": {
      "n_total": 500,
      "n_valid": 500,
      "n_val_total": 500,
      "n_val_valid": 500,
      "acc": 0.628,
      "f1": 0.4624277456647399,
      "pre": 0.8333333333333334,
      "recall": 0.32,
      "auroc": 0.7132,
      "optimal_threshold": 0.5320045351982117,
      "tpr_at_fpr_0_01": 0.076,
      "fpr95": 0.928,
      "aupr": 0.7268810056218772
    },
    "layer_5": {
      "n_total": 500,
      "n_valid": 500,
      "n_val_total": 500,
      "n_val_valid": 500,
      "acc": 0.636,
      "f1": 0.48295454545454547,
      "pre": 0.8333333333333334,
      "recall": 0.34,
      "auroc": 0.7185280000000001,
      "optimal_threshold": 0.4140695631504059,
      "tpr_at_fpr_0_01": 0.064,
      "fpr95": 0.92,
      "aupr": 0.7362901217778911
    },
    "layer_6": {
      "n_total": 500,
      "n_valid": 500,
      "n_val_total": 500,
      "n_val_valid": 500,
      "acc": 0.67,
      "f1": 0.5528455284552846,
      "pre": 0.8571428571428571,
      "recall": 0.408,
      "auroc": 0.7263200000000001,
      "optimal_threshold": 0.4077402353286743,
      "tpr_at_fpr_0_01": 0.088,
      "fpr95": 0.896,
      "aupr": 0.7487022223056138
    },
    "layer_7": {
      "n_total": 500,
      "n_valid": 500,
      "n_val_total": 500,
      "n_val_valid": 500,
      "acc": 0.676,
      "f1": 0.5759162303664922,
      "pre": 0.8333333333333334,
      "recall": 0.44,
      "auroc": 0.728112,
      "optimal_threshold": 0.4047088325023651,
      "tpr_at_fpr_0_01": 0.076,
      "fpr95": 0.876,
      "aupr": 0.746322668225726
    },
    "layer_8": {
      "n_total": 500,
      "n_valid": 500,
      "n_val_total": 500,
      "n_val_valid": 500,
      "acc": 0.672,
      "f1": 0.6019417475728155,
      "pre": 0.7654320987654321,
      "recall": 0.496,
      "auroc": 0.7100479999999999,
      "optimal_threshold": 0.45260968804359436,
      "tpr_at_fpr_0_01": 0.048,
      "fpr95": 0.884,
      "aupr": 0.7257178204421152
    },
    "layer_9": {
      "n_total": 500,
      "n_valid": 500,
      "n_val_total": 500,
      "n_val_valid": 500,
      "acc": 0.68,
      "f1": 0.634703196347032,
      "pre": 0.7393617021276596,
      "recall": 0.556,
      "auroc": 0.719168,
      "optimal_threshold": 0.37857723236083984,
      "tpr_at_fpr_0_01": 0.084,
      "fpr95": 0.868,
      "aupr": 0.7358682216207063
    },
    "layer_10": {
      "n_total": 500,
      "n_valid": 500,
      "n_val_total": 500,
      "n_val_valid": 500,
      "acc": 0.662,
      "f1": 0.5517241379310345,
      "pre": 0.8188976377952756,
      "recall": 0.416,
      "auroc": 0.7288639999999998,
      "optimal_threshold": 0.4183993339538574,
      "tpr_at_fpr_0_01": 0.096,
      "fpr95": 0.88,
      "aupr": 0.7435385253874885
    },
    "layer_11": {
      "n_total": 500,
      "n_valid": 500,
      "n_val_total": 500,
      "n_val_valid": 500,
      "acc": 0.658,
      "f1": 0.5390835579514824,
      "pre": 0.8264462809917356,
      "recall": 0.4,
      "auroc": 0.7269920000000001,
      "optimal_threshold": 0.4634559750556946,
      "tpr_at_fpr_0_01": 0.124,
      "fpr95": 0.928,
      "aupr": 0.7522813859795399
    },
    "layer_12": {
      "n_total": 500,
      "n_valid": 500,
      "n_val_total": 500,
      "n_val_valid": 500,
      "acc": 0.652,
      "f1": 0.521978021978022,
      "pre": 0.8333333333333334,
      "recall": 0.38,
      "auroc": 0.7235199999999999,
      "optimal_threshold": 0.38978275656700134,
      "tpr_at_fpr_0_01": 0.092,
      "fpr95": 0.944,
      "aupr": 0.7437585198968504
    },
    "layer_13": {
      "n_total": 500,
      "n_valid": 500,
      "n_val_total": 500,
      "n_val_valid": 500,
      "acc": 0.61,
      "f1": 0.4108761329305136,
      "pre": 0.8395061728395061,
      "recall": 0.272,
      "auroc": 0.716912,
      "optimal_threshold": 0.46036648750305176,
      "tpr_at_fpr_0_01": 0.084,
      "fpr95": 0.904,
      "aupr": 0.7404259671063876
    },
    "layer_14": {
      "n_total": 500,
      "n_valid": 500,
      "n_val_total": 500,
      "n_val_valid": 500,
      "acc": 0.67,
      "f1": 0.6224256292906178,
      "pre": 0.7272727272727273,
      "recall": 0.544,
      "auroc": 0.707632,
      "optimal_threshold": 0.43682771921157837,
      "tpr_at_fpr_0_01": 0.092,
      "fpr95": 0.888,
      "aupr": 0.7321900945035411
    },
    "layer_15": {
      "n_total": 500,
      "n_valid": 500,
      "n_val_total": 500,
      "n_val_valid": 500,
      "acc": 0.65,
      "f1": 0.5406824146981627,
      "pre": 0.7862595419847328,
      "recall": 0.412,
      "auroc": 0.711184,
      "optimal_threshold": 0.45769938826560974,
      "tpr_at_fpr_0_01": 0.084,
      "fpr95": 0.912,
      "aupr": 0.7354301953527499
    },
    "layer_16": {
      "n_total": 500,
      "n_valid": 500,
      "n_val_total": 500,
      "n_val_valid": 500,
      "acc": 0.63,
      "f1": 0.4606413994169096,
      "pre": 0.8494623655913979,
      "recall": 0.316,
      "auroc": 0.7060960000000001,
      "optimal_threshold": 0.44487717747688293,
      "tpr_at_fpr_0_01": 0.12,
      "fpr95": 0.912,
      "aupr": 0.740678306488069
    },
    "layer_17": {
      "n_total": 500,
      "n_valid": 500,
      "n_val_total": 500,
      "n_val_valid": 500,
      "acc": 0.674,
      "f1": 0.5831202046035806,
      "pre": 0.8085106382978723,
      "recall": 0.456,
      "auroc": 0.712912,
      "optimal_threshold": 0.49900567531585693,
      "tpr_at_fpr_0_01": 0.132,
      "fpr95": 0.908,
      "aupr": 0.7460400134635023
    },
    "layer_18": {
      "n_total": 500,
      "n_valid": 500,
      "n_val_total": 500,
      "n_val_valid": 500,
      "acc": 0.646,
      "f1": 0.5795724465558195,
      "pre": 0.7134502923976608,
      "recall": 0.488,
      "auroc": 0.6874560000000001,
      "optimal_threshold": 0.5178409814834595,
      "tpr_at_fpr_0_01": 0.124,
      "fpr95": 0.948,
      "aupr": 0.721138348821772
    },
    "layer_19": {
      "n_total": 500,
      "n_valid": 500,
      "n_val_total": 500,
      "n_val_valid": 500,
      "acc": 0.682,
      "f1": 0.6310904872389791,
      "pre": 0.7513812154696132,
      "recall": 0.544,
      "auroc": 0.694912,
      "optimal_threshold": 0.5744199752807617,
      "tpr_at_fpr_0_01": 0.148,
      "fpr95": 0.972,
      "aupr": 0.7396037572162116
    },