{
  "args": {
    "model": "llama_8b",
    "dataset": "multisocial_en",
    "mode": "default",
    "token_mode": "last_token",
    "prefix": false,
    "smoke_test": false,
    "ood": [
      "multisocial_de",
      "multisocial_nl",
      "multisocial_pt",
      "multisocial_ar"
    ],
    "pca_components": 0,
    "normalize_scores": true,
    "manifold": false
  },
  "steering_domain": "multisocial_en",
  "eval_domain": "multisocial_pt",
  "n_samples": 500,
  "n_layers": 33,
  "metrics_per_layer": {
    "layer_1": {
      "n_total": 500,
      "n_valid": 500,
      "n_val_total": 500,
      "n_val_valid": 500,
      "acc": 0.732,
      "f1": 0.6968325791855203,
      "pre": 0.8020833333333334,
      "recall": 0.616,
      "auroc": 0.7731680000000001,
      "optimal_threshold": 0.49431419372558594,
      "tpr_at_fpr_0_01": 0.0,
      "fpr95": 0.788,
      "aupr": 0.7547809862941123
    },
    "layer_2": {
      "n_total": 500,
      "n_valid": 500,
      "n_val_total": 500,
      "n_val_valid": 500,
      "acc": 0.722,
      "f1": 0.702355460385439,
      "pre": 0.7557603686635944,
      "recall": 0.656,
      "auroc": 0.786864,
      "optimal_threshold": 0.47316014766693115,
      "tpr_at_fpr_0_01": 0.104,
      "fpr95": 0.708,
      "aupr": 0.7889260803086626
    },
    "layer_3": {
      "n_total": 500,
      "n_valid": 500,
      "n_val_total": 500,
      "n_val_valid": 500,
      "acc": 0.722,
      "f1": 0.6997840172786177,
      "pre": 0.7605633802816901,
      "recall": 0.648,
      "auroc": 0.8064000000000001,
      "optimal_threshold": 0.4378127455711365,
      "tpr_at_fpr_0_01": 0.168,
      "fpr95": 0.768,
      "aupr": 0.8125186832376401
    },
    "layer_4": {
      "n_total": 500,
      "n_valid": 500,
      "n_val_total": 500,
      "n_val_valid": 500,
      "acc": 0.724,
      "f1": 0.6933333333333334,
      "pre": 0.78,
      "recall": 0.624,
      "auroc": 0.821264,
      "optimal_threshold": 0.5327383875846863,
      "tpr_at_fpr_0_01": 0.216,
      "fpr95": 0.668,
      "aupr": 0.8315284776928182
    },
    "layer_5": {
      "n_total": 500,
      "n_valid": 500,
      "n_val_total": 500,
      "n_val_valid": 500,
      "acc": 0.742,
      "f1": 0.7261146496815286,
      "pre": 0.7737556561085973,
      "recall": 0.684,
      "auroc": 0.84672,
      "optimal_threshold": 0.3700315058231354,
      "tpr_at_fpr_0_01": 0.236,
      "fpr95": 0.56,
      "aupr": 0.8478727149147103
    },
    "layer_6": {
      "n_total": 500,
      "n_valid": 500,
      "n_val_total": 500,
      "n_val_valid": 500,
      "acc": 0.768,
      "f1": 0.7613168724279835,
      "pre": 0.7838983050847458,
      "recall": 0.74,
      "auroc": 0.848192,
      "optimal_threshold": 0.34031593799591064,
      "tpr_at_fpr_0_01": 0.216,
      "fpr95": 0.584,
      "aupr": 0.8536505053270511
    },
    "layer_7": {
      "n_total": 500,
      "n_valid": 500,
      "n_val_total": 500,
      "n_val_valid": 500,
      "acc": 0.75,
      "f1": 0.7346072186836518,
      "pre": 0.7828054298642534,
      "recall": 0.692,
      "auroc": 0.852976,
      "optimal_threshold": 0.37648576498031616,
      "tpr_at_fpr_0_01": 0.204,
      "fpr95": 0.556,
      "aupr": 0.8537078690722735
    },
    "layer_8": {
      "n_total": 500,
      "n_valid": 500,
      "n_val_total": 500,
      "n_val_valid": 500,
      "acc": 0.764,
      "f1": 0.7489361702127659,
      "pre": 0.8,
      "recall": 0.704,
      "auroc": 0.867424,
      "optimal_threshold": 0.3940226137638092,
      "tpr_at_fpr_0_01": 0.208,
      "fpr95": 0.476,
      "aupr": 0.8634267097041254
    },
    "layer_9": {
      "n_total": 500,
      "n_valid": 500,
      "n_val_total": 500,
      "n_val_valid": 500,
      "acc": 0.762,
      "f1": 0.7418655097613883,
      "pre": 0.8104265402843602,
      "recall": 0.684,
      "auroc": 0.866784,
      "optimal_threshold": 0.4066927433013916,
      "tpr_at_fpr_0_01": 0.196,
      "fpr95": 0.488,
      "aupr": 0.8592516707887868
    },
    "layer_10": {
      "n_total": 500,
      "n_valid": 500,
      "n_val_total": 500,
      "n_val_valid": 500,
      "acc": 0.76,
      "f1": 0.7209302325581395,
      "pre": 0.8611111111111112,
      "recall": 0.62,
      "auroc": 0.8779680000000001,
      "optimal_threshold": 0.45729121565818787,
      "tpr_at_fpr_0_01": 0.172,
      "fpr95": 0.388,
      "aupr": 0.8707175578764278
    },
    "layer_11": {
      "n_total": 500,
      "n_valid": 500,
      "n_val_total": 500,
      "n_val_valid": 500,
      "acc": 0.788,
      "f1": 0.7654867256637168,
      "pre": 0.8564356435643564,
      "recall": 0.692,
      "auroc": 0.885392,
      "optimal_threshold": 0.38762810826301575,
      "tpr_at_fpr_0_01": 0.196,
      "fpr95": 0.352,
      "aupr": 0.8792802601932862
    },
    "layer_12": {
      "n_total": 500,
      "n_valid": 500,
      "n_val_total": 500,
      "n_val_valid": 500,
      "acc": 0.778,
      "f1": 0.756043956043956,
      "pre": 0.8390243902439024,
      "recall": 0.688,
      "auroc": 0.883728,
      "optimal_threshold": 0.397163987159729,
      "tpr_at_fpr_0_01": 0.172,
      "fpr95": 0.412,
      "aupr": 0.8749450346084648
    },
    "layer_13": {
      "n_total": 500,
      "n_valid": 500,
      "n_val_total": 500,
      "n_val_valid": 500,
      "acc": 0.776,
      "f1": 0.7442922374429224,
      "pre": 0.8670212765957447,
      "recall": 0.652,
      "auroc": 0.879248,
      "optimal_threshold": 0.43289870023727417,
      "tpr_at_fpr_0_01": 0.156,
      "fpr95": 0.46,
      "aupr": 0.8726505268404149
    },
    "layer_14": {
      "n_total": 500,
      "n_valid": 500,
      "n_val_total": 500,
      "n_val_valid": 500,
      "acc": 0.764,
      "f1": 0.7445887445887446,
      "pre": 0.8113207547169812,
      "recall": 0.688,
      "auroc": 0.8724000000000001,
      "optimal_threshold": 0.37489280104637146,
      "tpr_at_fpr_0_01": 0.176,
      "fpr95": 0.508,
      "aupr": 0.8660166758450554
    },
    "layer_15": {
      "n_total": 500,
      "n_valid": 500,
      "n_val_total": 500,
      "n_val_valid": 500,
      "acc": 0.772,
      "f1": 0.7574468085106383,
      "pre": 0.8090909090909091,
      "recall": 0.712,
      "auroc": 0.8770560000000001,
      "optimal_threshold": 0.35264939069747925,
      "tpr_at_fpr_0_01": 0.204,
      "fpr95": 0.476,
      "aupr": 0.8726197809982823
    },
    "layer_16": {
      "n_total": 500,
      "n_valid": 500,
      "n_val_total": 500,
      "n_val_valid": 500,
      "acc": 0.754,
      "f1": 0.7172413793103448,
      "pre": 0.8432432432432433,
      "recall": 0.624,
      "auroc": 0.8630559999999999,
      "optimal_threshold": 0.4146443009376526,
      "tpr_at_fpr_0_01": 0.188,
      "fpr95": 0.56,
      "aupr": 0.8643779586219766
    },
    "layer_17": {
      "n_total": 500,
      "n_valid": 500,
      "n_val_total": 500,
      "n_val_valid": 500,
      "acc": 0.766,
      "f1": 0.7473002159827213,
      "pre": 0.812206572769953,
      "recall": 0.692,
      "auroc": 0.8553599999999999,
      "optimal_threshold": 0.33341291546821594,
      "tpr_at_fpr_0_01": 0.172,
      "fpr95": 0.576,
      "aupr": 0.8545705011388331
    },
    "layer_18": {
      "n_total": 500,
      "n_valid": 500,
      "n_val_total": 500,
      "n_val_valid": 500,
      "acc": 0.746,
      "f1": 0.7196467991169978,
      "pre": 0.8029556650246306,
      "recall": 0.652,
      "auroc": 0.8400480000000001,
      "optimal_threshold": 0.3603631854057312,
      "tpr_at_fpr_0_01": 0.172,
      "fpr95": 0.604,
      "aupr": 0.843696502909409
    },
    "layer_19": {
      "n_total": 500,
      "n_valid": 500,
      "n_val_total": 500,
      "n_val_valid": 500,
      "acc": 0.776,
      "f1": 0.7695473251028807,
      "pre": 0.7923728813559322,
      "recall": 0.748,
      "auroc": 0.8406640000000001,
      "optimal_threshold": 0.2859920263290405,
      "tpr_at_fpr_0_01": 0.172,
      "fpr95": 0.696,
      "aupr": 0.8476559768981694
    },
    "layer_20": {
      "n_total": 500,
      "n_valid": 500,