{
  "args": {
    "model": "llama_8b",
    "dataset": "tsm_paras_en_first_gpt4o",
    "mode": "default",
    "token_mode": "last_token",
    "prefix": false,
    "smoke_test": false,
    "ood": [
      "tsm_paras_en_first_gemini",
      "tsm_paras_en_first_deepseek",
      "tsm_paras_pt_first_gpt4o",
      "tsm_paras_pt_first_gemini",
      "tsm_paras_pt_first_deepseek",
      "tsm_paras_vi_first_gpt4o",
      "tsm_paras_vi_first_gemini",
      "tsm_paras_vi_first_deepseek"
    ],
    "pca_components": 0,
    "normalize_scores": true,
    "ablation_set": "human",
    "manifold": false
  },
  "steering_domain": "tsm_paras_en_first_gpt4o",
  "eval_domain": "tsm_paras_vi_first_deepseek",
  "n_samples": 500,
  "n_layers": 33,
  "metrics_per_layer": {
    "layer_1": {
      "n_total": 500,
      "n_valid": 500,
      "n_val_total": 500,
      "n_val_valid": 500,
      "acc": 0.512,
      "f1": 0.6432748538011696,
      "pre": 0.5069124423963134,
      "recall": 0.88,
      "auroc": 0.5123519999999999,
      "optimal_threshold": 0.8834354877471924,
      "tpr_at_fpr_0_01": 0.0,
      "fpr95": 0.944,
      "aupr": 0.5069131774820957
    },
    "layer_2": {
      "n_total": 500,
      "n_valid": 500,
      "n_val_total": 500,
      "n_val_valid": 500,
      "acc": 0.474,
      "f1": 0.2287390029325513,
      "pre": 0.42857142857142855,
      "recall": 0.156,
      "auroc": 0.5098400000000001,
      "optimal_threshold": 0.6934412717819214,
      "tpr_at_fpr_0_01": 0.004,
      "fpr95": 0.94,
      "aupr": 0.48706914183899314
    },
    "layer_3": {
      "n_total": 500,
      "n_valid": 500,
      "n_val_total": 500,
      "n_val_valid": 500,
      "acc": 0.5,
      "f1": 0.20382165605095542,
      "pre": 0.5,
      "recall": 0.128,
      "auroc": 0.49252799999999997,
      "optimal_threshold": 0.5666473507881165,
      "tpr_at_fpr_0_01": 0.004,
      "fpr95": 0.976,
      "aupr": 0.4889781021501617
    },
    "layer_4": {
      "n_total": 500,
      "n_valid": 500,
      "n_val_total": 500,
      "n_val_valid": 500,
      "acc": 0.508,
      "f1": 0.05384615384615385,
      "pre": 0.7,
      "recall": 0.028,
      "auroc": 0.558368,
      "optimal_threshold": 0.6535915732383728,
      "tpr_at_fpr_0_01": 0.008,
      "fpr95": 0.92,
      "aupr": 0.5533696899148964
    },
    "layer_5": {
      "n_total": 500,
      "n_valid": 500,
      "n_val_total": 500,
      "n_val_valid": 500,
      "acc": 0.608,
      "f1": 0.37579617834394907,
      "pre": 0.921875,
      "recall": 0.236,
      "auroc": 0.7143200000000001,
      "optimal_threshold": 0.4966926574707031,
      "tpr_at_fpr_0_01": 0.188,
      "fpr95": 0.88,
      "aupr": 0.7478497854839463
    },
    "layer_6": {
      "n_total": 500,
      "n_valid": 500,
      "n_val_total": 500,
      "n_val_valid": 500,
      "acc": 0.598,
      "f1": 0.3277591973244147,
      "pre": 1.0,
      "recall": 0.196,
      "auroc": 0.80528,
      "optimal_threshold": 0.4498351514339447,
      "tpr_at_fpr_0_01": 0.376,
      "fpr95": 0.712,
      "aupr": 0.8349537537587342
    },
    "layer_7": {
      "n_total": 500,
      "n_valid": 500,
      "n_val_total": 500,
      "n_val_valid": 500,
      "acc": 0.604,
      "f1": 0.34868421052631576,
      "pre": 0.9814814814814815,
      "recall": 0.212,
      "auroc": 0.800368,
      "optimal_threshold": 0.4726249575614929,
      "tpr_at_fpr_0_01": 0.304,
      "fpr95": 0.772,
      "aupr": 0.8307211246186008
    },
    "layer_8": {
      "n_total": 500,
      "n_valid": 500,
      "n_val_total": 500,
      "n_val_valid": 500,
      "acc": 0.618,
      "f1": 0.39747634069400634,
      "pre": 0.9402985074626866,
      "recall": 0.252,
      "auroc": 0.765664,
      "optimal_threshold": 0.45125308632850647,
      "tpr_at_fpr_0_01": 0.224,
      "fpr95": 0.848,
      "aupr": 0.7914729759065644
    },
    "layer_9": {
      "n_total": 500,
      "n_valid": 500,
      "n_val_total": 500,
      "n_val_valid": 500,
      "acc": 0.636,
      "f1": 0.4647058823529412,
      "pre": 0.8777777777777778,
      "recall": 0.316,
      "auroc": 0.756832,
      "optimal_threshold": 0.42722517251968384,
      "tpr_at_fpr_0_01": 0.172,
      "fpr95": 0.816,
      "aupr": 0.7790422208369001
    },
    "layer_10": {
      "n_total": 500,
      "n_valid": 500,
      "n_val_total": 500,
      "n_val_valid": 500,
      "acc": 0.618,
      "f1": 0.4086687306501548,
      "pre": 0.9041095890410958,
      "recall": 0.264,
      "auroc": 0.775128,
      "optimal_threshold": 0.42672470211982727,
      "tpr_at_fpr_0_01": 0.22,
      "fpr95": 0.764,
      "aupr": 0.7945981755577238
    },
    "layer_11": {
      "n_total": 500,
      "n_valid": 500,
      "n_val_total": 500,
      "n_val_valid": 500,
      "acc": 0.696,
      "f1": 0.580110497237569,
      "pre": 0.9375,
      "recall": 0.42,
      "auroc": 0.8415520000000001,
      "optimal_threshold": 0.3783377707004547,
      "tpr_at_fpr_0_01": 0.348,
      "fpr95": 0.636,
      "aupr": 0.8631900847248557
    },
    "layer_12": {
      "n_total": 500,
      "n_valid": 500,
      "n_val_total": 500,
      "n_val_valid": 500,
      "acc": 0.712,
      "f1": 0.6326530612244898,
      "pre": 0.8732394366197183,
      "recall": 0.496,
      "auroc": 0.817104,
      "optimal_threshold": 0.3674197494983673,
      "tpr_at_fpr_0_01": 0.288,
      "fpr95": 0.72,
      "aupr": 0.8408545187978125
    },
    "layer_13": {
      "n_total": 500,
      "n_valid": 500,
      "n_val_total": 500,
      "n_val_valid": 500,
      "acc": 0.7,
      "f1": 0.601063829787234,
      "pre": 0.8968253968253969,
      "recall": 0.452,
      "auroc": 0.81816,
      "optimal_threshold": 0.35800084471702576,
      "tpr_at_fpr_0_01": 0.272,
      "fpr95": 0.748,
      "aupr": 0.8414409128608976
    },
    "layer_14": {
      "n_total": 500,
      "n_valid": 500,
      "n_val_total": 500,
      "n_val_valid": 500,
      "acc": 0.694,
      "f1": 0.5941644562334217,
      "pre": 0.8818897637795275,
      "recall": 0.448,
      "auroc": 0.801312,
      "optimal_threshold": 0.35261377692222595,
      "tpr_at_fpr_0_01": 0.224,
      "fpr95": 0.792,
      "aupr": 0.82806812786982
    },
    "layer_15": {
      "n_total": 500,
      "n_valid": 500,
      "n_val_total": 500,
      "n_val_valid": 500,
      "acc": 0.654,
      "f1": 0.486646884272997,
      "pre": 0.9425287356321839,
      "recall": 0.328,
      "auroc": 0.807904,
      "optimal_threshold": 0.33502939343452454,
      "tpr_at_fpr_0_01": 0.24,
      "fpr95": 0.736,
      "aupr": 0.8321674505685318
    },
    "layer_16": {
      "n_total": 500,
      "n_valid": 500,
      "n_val_total": 500,
      "n_val_valid": 500,
      "acc": 0.656,
      "f1": 0.5,
      "pre": 0.9148936170212766,
      "recall": 0.344,
      "auroc": 0.79696,
      "optimal_threshold": 0.3354555070400238,
      "tpr_at_fpr_0_01": 0.268,
      "fpr95": 0.756,
      "aupr": 0.8243861472886831
    },
    "layer_17": {
      "n_total": 500,
      "n_valid": 500,
      "n_val_total": 500,
      "n_val_valid": 500,
      "acc": 0.688,
      "f1": 0.559322033898305,
      "pre": 0.9519230769230769,
      "recall": 0.396,
      "auroc": 0.8291360000000001,
      "optimal_threshold": 0.4015186131000519,
      "tpr_at_fpr_0_01": 0.292,
      "fpr95": 0.664,
      "aupr": 0.849698650125468
    },
    "layer_18": {
      "n_total": 500,
      "n_valid": 500,
      "n_val_total": 500,
      "n_val_valid": 500,
      "acc": 0.714,
      "f1": 0.6433915211970075,
      "pre": 0.8543046357615894,
      "recall": 0.516,
      "auroc": 0.817936,
      "optimal_threshold": 0.33600687980651855,
      "tpr_at_fpr_0_01": 0.256,
      "fpr95": 0.704,
      "aupr": 0.837730249434022
    },
    "layer_19": {
      "n_total": 500,
      "n_valid": 500,
      "n_val_total": 500,
      "n_val_valid": 500,
      "acc": 0.698,
      "f1": 0.5863013698630137,
      "pre": 0.9304347826086956,
      "recall": 0.428,
      "auroc": 0.82848,
      "optimal_threshold": 0.3986956477165222,