{
  "args": {
    "model": "llama_8b",
    "dataset": "tsm_paras_en_first_gpt4o",
    "mode": "default",
    "token_mode": "last_token",
    "prefix": false,
    "smoke_test": false,
    "ood": [
      "tsm_sums_en_gemini",
      "tsm_sums_en_deepseek",
      "tsm_sums_pt_gpt4o",
      "tsm_sums_pt_gemini",
      "tsm_sums_pt_deepseek",
      "tsm_sums_vi_gpt4o",
      "tsm_sums_vi_gemini",
      "tsm_sums_vi_deepseek"
    ],
    "pca_components": 0,
    "normalize_scores": true,
    "ablation_set": "human",
    "manifold": false
  },
  "steering_domain": "tsm_paras_en_first_gpt4o",
  "eval_domain": "tsm_sums_vi_deepseek",
  "n_samples": 500,
  "n_layers": 33,
  "metrics_per_layer": {
    "layer_1": {
      "n_total": 500,
      "n_valid": 500,
      "n_val_total": 500,
      "n_val_valid": 500,
      "acc": 0.52,
      "f1": 0.667590027700831,
      "pre": 0.510593220338983,
      "recall": 0.964,
      "auroc": 0.5289919999999999,
      "optimal_threshold": 0.8834354877471924,
      "tpr_at_fpr_0_01": 0.02,
      "fpr95": 0.924,
      "aupr": 0.5200685241450643
    },
    "layer_2": {
      "n_total": 500,
      "n_valid": 500,
      "n_val_total": 500,
      "n_val_valid": 500,
      "acc": 0.526,
      "f1": 0.30498533724340177,
      "pre": 0.5714285714285714,
      "recall": 0.208,
      "auroc": 0.564832,
      "optimal_threshold": 0.6934412717819214,
      "tpr_at_fpr_0_01": 0.012,
      "fpr95": 0.908,
      "aupr": 0.5473796227170233
    },
    "layer_3": {
      "n_total": 500,
      "n_valid": 500,
      "n_val_total": 500,
      "n_val_valid": 500,
      "acc": 0.526,
      "f1": 0.2280130293159609,
      "pre": 0.6140350877192983,
      "recall": 0.14,
      "auroc": 0.5574079999999999,
      "optimal_threshold": 0.5666473507881165,
      "tpr_at_fpr_0_01": 0.02,
      "fpr95": 0.924,
      "aupr": 0.5557922772982293
    },
    "layer_4": {
      "n_total": 500,
      "n_valid": 500,
      "n_val_total": 500,
      "n_val_valid": 500,
      "acc": 0.51,
      "f1": 0.05405405405405406,
      "pre": 0.7777777777777778,
      "recall": 0.028,
      "auroc": 0.5786560000000001,
      "optimal_threshold": 0.6535915732383728,
      "tpr_at_fpr_0_01": 0.056,
      "fpr95": 0.904,
      "aupr": 0.596014508947188
    },
    "layer_5": {
      "n_total": 500,
      "n_valid": 500,
      "n_val_total": 500,
      "n_val_valid": 500,
      "acc": 0.648,
      "f1": 0.4634146341463415,
      "pre": 0.9743589743589743,
      "recall": 0.304,
      "auroc": 0.848304,
      "optimal_threshold": 0.4966926574707031,
      "tpr_at_fpr_0_01": 0.364,
      "fpr95": 0.608,
      "aupr": 0.8649628172408266
    },
    "layer_6": {
      "n_total": 500,
      "n_valid": 500,
      "n_val_total": 500,
      "n_val_valid": 500,
      "acc": 0.666,
      "f1": 0.4984984984984985,
      "pre": 1.0,
      "recall": 0.332,
      "auroc": 0.882048,
      "optimal_threshold": 0.4498351514339447,
      "tpr_at_fpr_0_01": 0.436,
      "fpr95": 0.584,
      "aupr": 0.9039866173958088
    },
    "layer_7": {
      "n_total": 500,
      "n_valid": 500,
      "n_val_total": 500,
      "n_val_valid": 500,
      "acc": 0.69,
      "f1": 0.553314121037464,
      "pre": 0.9896907216494846,
      "recall": 0.384,
      "auroc": 0.877376,
      "optimal_threshold": 0.4726249575614929,
      "tpr_at_fpr_0_01": 0.448,
      "fpr95": 0.608,
      "aupr": 0.8963180390645127
    },
    "layer_8": {
      "n_total": 500,
      "n_valid": 500,
      "n_val_total": 500,
      "n_val_valid": 500,
      "acc": 0.722,
      "f1": 0.6351706036745407,
      "pre": 0.9236641221374046,
      "recall": 0.484,
      "auroc": 0.8478239999999999,
      "optimal_threshold": 0.45125308632850647,
      "tpr_at_fpr_0_01": 0.312,
      "fpr95": 0.668,
      "aupr": 0.8684527659487972
    },
    "layer_9": {
      "n_total": 500,
      "n_valid": 500,
      "n_val_total": 500,
      "n_val_valid": 500,
      "acc": 0.738,
      "f1": 0.6843373493975904,
      "pre": 0.8606060606060606,
      "recall": 0.568,
      "auroc": 0.8447199999999999,
      "optimal_threshold": 0.42722517251968384,
      "tpr_at_fpr_0_01": 0.272,
      "fpr95": 0.632,
      "aupr": 0.8612089960631125
    },
    "layer_10": {
      "n_total": 500,
      "n_valid": 500,
      "n_val_total": 500,
      "n_val_valid": 500,
      "acc": 0.75,
      "f1": 0.691358024691358,
      "pre": 0.9032258064516129,
      "recall": 0.56,
      "auroc": 0.8502560000000001,
      "optimal_threshold": 0.42672470211982727,
      "tpr_at_fpr_0_01": 0.264,
      "fpr95": 0.632,
      "aupr": 0.8667059720641446
    },
    "layer_11": {
      "n_total": 500,
      "n_valid": 500,
      "n_val_total": 500,
      "n_val_valid": 500,
      "acc": 0.804,
      "f1": 0.7666666666666667,
      "pre": 0.9470588235294117,
      "recall": 0.644,
      "auroc": 0.917744,
      "optimal_threshold": 0.3783377707004547,
      "tpr_at_fpr_0_01": 0.492,
      "fpr95": 0.452,
      "aupr": 0.9274349329376339
    },
    "layer_12": {
      "n_total": 500,
      "n_valid": 500,
      "n_val_total": 500,
      "n_val_valid": 500,
      "acc": 0.804,
      "f1": 0.7941176470588235,
      "pre": 0.8362831858407079,
      "recall": 0.756,
      "auroc": 0.898032,
      "optimal_threshold": 0.3674197494983673,
      "tpr_at_fpr_0_01": 0.424,
      "fpr95": 0.492,
      "aupr": 0.9095226489036434
    },
    "layer_13": {
      "n_total": 500,
      "n_valid": 500,
      "n_val_total": 500,
      "n_val_valid": 500,
      "acc": 0.8,
      "f1": 0.7757847533632287,
      "pre": 0.8826530612244898,
      "recall": 0.692,
      "auroc": 0.9037439999999999,
      "optimal_threshold": 0.35800084471702576,
      "tpr_at_fpr_0_01": 0.448,
      "fpr95": 0.508,
      "aupr": 0.9167173824625631
    },
    "layer_14": {
      "n_total": 500,
      "n_valid": 500,
      "n_val_total": 500,
      "n_val_valid": 500,
      "acc": 0.822,
      "f1": 0.802660753880266,
      "pre": 0.900497512437811,
      "recall": 0.724,
      "auroc": 0.9150079999999999,
      "optimal_threshold": 0.35261377692222595,
      "tpr_at_fpr_0_01": 0.532,
      "fpr95": 0.512,
      "aupr": 0.9255847821048012
    },
    "layer_15": {
      "n_total": 500,
      "n_valid": 500,
      "n_val_total": 500,
      "n_val_valid": 500,
      "acc": 0.782,
      "f1": 0.7308641975308642,
      "pre": 0.9548387096774194,
      "recall": 0.592,
      "auroc": 0.918608,
      "optimal_threshold": 0.33502939343452454,
      "tpr_at_fpr_0_01": 0.48,
      "fpr95": 0.384,
      "aupr": 0.9268934378135198
    },
    "layer_16": {
      "n_total": 500,
      "n_valid": 500,
      "n_val_total": 500,
      "n_val_valid": 500,
      "acc": 0.788,
      "f1": 0.7451923076923077,
      "pre": 0.9337349397590361,
      "recall": 0.62,
      "auroc": 0.915088,
      "optimal_threshold": 0.3354555070400238,
      "tpr_at_fpr_0_01": 0.44,
      "fpr95": 0.396,
      "aupr": 0.9219320942043275
    },
    "layer_17": {
      "n_total": 500,
      "n_valid": 500,
      "n_val_total": 500,
      "n_val_valid": 500,
      "acc": 0.756,
      "f1": 0.6839378238341969,
      "pre": 0.9705882352941176,
      "recall": 0.528,
      "auroc": 0.9159039999999999,
      "optimal_threshold": 0.4015186131000519,
      "tpr_at_fpr_0_01": 0.488,
      "fpr95": 0.492,
      "aupr": 0.9260185073673657
    },
    "layer_18": {
      "n_total": 500,
      "n_valid": 500,
      "n_val_total": 500,
      "n_val_valid": 500,
      "acc": 0.792,
      "f1": 0.7535545023696683,
      "pre": 0.9244186046511628,
      "recall": 0.636,
      "auroc": 0.9180159999999999,
      "optimal_threshold": 0.33600687980651855,
      "tpr_at_fpr_0_01": 0.444,
      "fpr95": 0.42,
      "aupr": 0.9257903962554567
    },
    "layer_19": {
      "n_total": 500,
      "n_valid": 500,
      "n_val_total": 500,
      "n_val_valid": 500,
      "acc": 0.744,
      "f1": 0.6613756613756614,
      "pre": 0.9765625,
      "recall": 0.5,
      "auroc": 0.917728,