{
  "args": {
    "model": "llama_8b",
    "dataset": "multitude_en",
    "mode": "default",
    "token_mode": "last_token",
    "prefix": false,
    "smoke_test": false,
    "ood": [
      "multitude_de",
      "multitude_nl",
      "multitude_pt",
      "multitude_ro",
      "multitude_uk"
    ],
    "pca_components": 0,
    "normalize_scores": true,
    "ablation_set": "human",
    "manifold": false
  },
  "steering_domain": "multitude_en",
  "eval_domain": "multitude_de",
  "n_samples": 500,
  "n_layers": 33,
  "metrics_per_layer": {
    "layer_1": {
      "n_total": 500,
      "n_valid": 500,
      "n_val_total": 500,
      "n_val_valid": 500,
      "acc": 0.538,
      "f1": 0.6813793103448276,
      "pre": 0.52,
      "recall": 0.988,
      "auroc": 0.556088,
      "optimal_threshold": 0.7416924834251404,
      "tpr_at_fpr_0_01": 0.0,
      "fpr95": 0.864,
      "aupr": 0.5300346969020624
    },
    "layer_2": {
      "n_total": 500,
      "n_valid": 500,
      "n_val_total": 500,
      "n_val_valid": 500,
      "acc": 0.5,
      "f1": 0.0,
      "pre": 0.0,
      "recall": 0.0,
      "auroc": 0.822912,
      "optimal_threshold": 0.8566058278083801,
      "tpr_at_fpr_0_01": 0.04,
      "fpr95": 0.632,
      "aupr": 0.7861448859361231
    },
    "layer_3": {
      "n_total": 500,
      "n_valid": 500,
      "n_val_total": 500,
      "n_val_valid": 500,
      "acc": 0.506,
      "f1": 0.023715415019762844,
      "pre": 1.0,
      "recall": 0.012,
      "auroc": 0.879952,
      "optimal_threshold": 0.7542027235031128,
      "tpr_at_fpr_0_01": 0.248,
      "fpr95": 0.576,
      "aupr": 0.8806923569602242
    },
    "layer_4": {
      "n_total": 500,
      "n_valid": 500,
      "n_val_total": 500,
      "n_val_valid": 500,
      "acc": 0.7,
      "f1": 0.5714285714285714,
      "pre": 1.0,
      "recall": 0.4,
      "auroc": 0.953776,
      "optimal_threshold": 0.7064231038093567,
      "tpr_at_fpr_0_01": 0.712,
      "fpr95": 0.256,
      "aupr": 0.9631330777031264
    },
    "layer_5": {
      "n_total": 500,
      "n_valid": 500,
      "n_val_total": 500,
      "n_val_valid": 500,
      "acc": 0.818,
      "f1": 0.7775061124694377,
      "pre": 1.0,
      "recall": 0.636,
      "auroc": 0.973584,
      "optimal_threshold": 0.5736413598060608,
      "tpr_at_fpr_0_01": 0.82,
      "fpr95": 0.172,
      "aupr": 0.9797599950542822
    },
    "layer_6": {
      "n_total": 500,
      "n_valid": 500,
      "n_val_total": 500,
      "n_val_valid": 500,
      "acc": 0.84,
      "f1": 0.8095238095238095,
      "pre": 1.0,
      "recall": 0.68,
      "auroc": 0.9825599999999999,
      "optimal_threshold": 0.5235995650291443,
      "tpr_at_fpr_0_01": 0.872,
      "fpr95": 0.112,
      "aupr": 0.9860925261738295
    },
    "layer_7": {
      "n_total": 500,
      "n_valid": 500,
      "n_val_total": 500,
      "n_val_valid": 500,
      "acc": 0.876,
      "f1": 0.8584474885844748,
      "pre": 1.0,
      "recall": 0.752,
      "auroc": 0.987088,
      "optimal_threshold": 0.4984457194805145,
      "tpr_at_fpr_0_01": 0.876,
      "fpr95": 0.1,
      "aupr": 0.9885353773498969
    },
    "layer_8": {
      "n_total": 500,
      "n_valid": 500,
      "n_val_total": 500,
      "n_val_valid": 500,
      "acc": 0.888,
      "f1": 0.8738738738738738,
      "pre": 1.0,
      "recall": 0.776,
      "auroc": 0.988912,
      "optimal_threshold": 0.5300278663635254,
      "tpr_at_fpr_0_01": 0.868,
      "fpr95": 0.08,
      "aupr": 0.9898347900418574
    },
    "layer_9": {
      "n_total": 500,
      "n_valid": 500,
      "n_val_total": 500,
      "n_val_valid": 500,
      "acc": 0.932,
      "f1": 0.9288702928870293,
      "pre": 0.9736842105263158,
      "recall": 0.888,
      "auroc": 0.9878239999999999,
      "optimal_threshold": 0.4058040976524353,
      "tpr_at_fpr_0_01": 0.876,
      "fpr95": 0.076,
      "aupr": 0.9888617026831523
    },
    "layer_10": {
      "n_total": 500,
      "n_valid": 500,
      "n_val_total": 500,
      "n_val_valid": 500,
      "acc": 0.932,
      "f1": 0.9285714285714286,
      "pre": 0.9778761061946902,
      "recall": 0.884,
      "auroc": 0.988784,
      "optimal_threshold": 0.39973127841949463,
      "tpr_at_fpr_0_01": 0.852,
      "fpr95": 0.08,
      "aupr": 0.9897685534366246
    },
    "layer_11": {
      "n_total": 500,
      "n_valid": 500,
      "n_val_total": 500,
      "n_val_valid": 500,
      "acc": 0.92,
      "f1": 0.9137931034482759,
      "pre": 0.9906542056074766,
      "recall": 0.848,
      "auroc": 0.9905759999999999,
      "optimal_threshold": 0.43915414810180664,
      "tpr_at_fpr_0_01": 0.852,
      "fpr95": 0.064,
      "aupr": 0.9913989614167902
    },
    "layer_12": {
      "n_total": 500,
      "n_valid": 500,
      "n_val_total": 500,
      "n_val_valid": 500,
      "acc": 0.922,
      "f1": 0.9164882226980728,
      "pre": 0.9861751152073732,
      "recall": 0.856,
      "auroc": 0.986976,
      "optimal_threshold": 0.4316036105155945,
      "tpr_at_fpr_0_01": 0.836,
      "fpr95": 0.084,
      "aupr": 0.9881703011176574
    },
    "layer_13": {
      "n_total": 500,
      "n_valid": 500,
      "n_val_total": 500,
      "n_val_valid": 500,
      "acc": 0.92,
      "f1": 0.9141630901287554,
      "pre": 0.9861111111111112,
      "recall": 0.852,
      "auroc": 0.986304,
      "optimal_threshold": 0.42347413301467896,
      "tpr_at_fpr_0_01": 0.836,
      "fpr95": 0.104,
      "aupr": 0.9875295385523396
    },
    "layer_14": {
      "n_total": 500,
      "n_valid": 500,
      "n_val_total": 500,
      "n_val_valid": 500,
      "acc": 0.926,
      "f1": 0.9233954451345756,
      "pre": 0.9570815450643777,
      "recall": 0.892,
      "auroc": 0.98552,
      "optimal_threshold": 0.38067519664764404,
      "tpr_at_fpr_0_01": 0.832,
      "fpr95": 0.112,
      "aupr": 0.9866478418181133
    },
    "layer_15": {
      "n_total": 500,
      "n_valid": 500,
      "n_val_total": 500,
      "n_val_valid": 500,
      "acc": 0.926,
      "f1": 0.9217758985200846,
      "pre": 0.9775784753363229,
      "recall": 0.872,
      "auroc": 0.98776,
      "optimal_threshold": 0.39924243092536926,
      "tpr_at_fpr_0_01": 0.836,
      "fpr95": 0.1,
      "aupr": 0.9885848246127127
    },
    "layer_16": {
      "n_total": 500,
      "n_valid": 500,
      "n_val_total": 500,
      "n_val_valid": 500,
      "acc": 0.924,
      "f1": 0.9201680672268907,
      "pre": 0.9690265486725663,
      "recall": 0.876,
      "auroc": 0.9847199999999999,
      "optimal_threshold": 0.3957301080226898,
      "tpr_at_fpr_0_01": 0.832,
      "fpr95": 0.104,
      "aupr": 0.9857963143557522
    },
    "layer_17": {
      "n_total": 500,
      "n_valid": 500,
      "n_val_total": 500,
      "n_val_valid": 500,
      "acc": 0.926,
      "f1": 0.9233954451345756,
      "pre": 0.9570815450643777,
      "recall": 0.892,
      "auroc": 0.986656,
      "optimal_threshold": 0.3993924856185913,
      "tpr_at_fpr_0_01": 0.848,
      "fpr95": 0.096,
      "aupr": 0.9875930831988944
    },
    "layer_18": {
      "n_total": 500,
      "n_valid": 500,
      "n_val_total": 500,
      "n_val_valid": 500,
      "acc": 0.918,
      "f1": 0.9147609147609148,
      "pre": 0.9523809523809523,
      "recall": 0.88,
      "auroc": 0.9855039999999999,
      "optimal_threshold": 0.40733349323272705,
      "tpr_at_fpr_0_01": 0.84,
      "fpr95": 0.1,
      "aupr": 0.9867836664067268
    },
    "layer_19": {
      "n_total": 500,
      "n_valid": 500,
      "n_val_total": 500,
      "n_val_valid": 500,
      "acc": 0.916,
      "f1": 0.9113924050632911,
      "pre": 0.9642857142857143,
      "recall": 0.864,
      "auroc": 0.98072,
      "optimal_threshold": 0.38390350341796875,
      "tpr_at_fpr_0_01": 0.82,
      "fpr95": 0.136,
      "aupr": 0.9828147397629524
    },
    "layer_20": {
      "n_total": 500,
      "n_valid": 500,
      "n_val_total": 500,
      "n_val_valid": 500,
      "acc": 0.906,
      "f1": 0.9014675052410901,
      "pre": 0.947136563876652,