{
  "args": {
    "model": "llama_8b",
    "dataset": "m4_wikipedia_chatgpt",
    "mode": "default",
    "token_mode": "last_token",
    "prefix": false,
    "smoke_test": false,
    "ood": [
      "multisocial_de",
      "multisocial_nl",
      "multisocial_pt",
      "multisocial_ar"
    ],
    "pca_components": 0,
    "normalize_scores": true,
    "manifold": false
  },
  "steering_domain": "m4_wikipedia_chatgpt",
  "eval_domain": "multisocial_de",
  "n_samples": 500,
  "n_layers": 33,
  "metrics_per_layer": {
    "layer_1": {
      "n_total": 500,
      "n_valid": 500,
      "n_val_total": 500,
      "n_val_valid": 500,
      "acc": 0.696,
      "f1": 0.6607142857142857,
      "pre": 0.7474747474747475,
      "recall": 0.592,
      "auroc": 0.7009599999999999,
      "optimal_threshold": 0.5935348868370056,
      "tpr_at_fpr_0_01": 0.0,
      "fpr95": 0.916,
      "aupr": 0.7151108138583628
    },
    "layer_2": {
      "n_total": 500,
      "n_valid": 500,
      "n_val_total": 500,
      "n_val_valid": 500,
      "acc": 0.67,
      "f1": 0.5736434108527132,
      "pre": 0.8102189781021898,
      "recall": 0.444,
      "auroc": 0.730864,
      "optimal_threshold": 0.7502942681312561,
      "tpr_at_fpr_0_01": 0.056,
      "fpr95": 0.912,
      "aupr": 0.7330301287214098
    },
    "layer_3": {
      "n_total": 500,
      "n_valid": 500,
      "n_val_total": 500,
      "n_val_valid": 500,
      "acc": 0.694,
      "f1": 0.6240786240786241,
      "pre": 0.8089171974522293,
      "recall": 0.508,
      "auroc": 0.7303999999999999,
      "optimal_threshold": 0.5964791774749756,
      "tpr_at_fpr_0_01": 0.02,
      "fpr95": 0.856,
      "aupr": 0.7298383443697842
    },
    "layer_4": {
      "n_total": 500,
      "n_valid": 500,
      "n_val_total": 500,
      "n_val_valid": 500,
      "acc": 0.61,
      "f1": 0.4144144144144144,
      "pre": 0.8313253012048193,
      "recall": 0.276,
      "auroc": 0.736352,
      "optimal_threshold": 0.5320045351982117,
      "tpr_at_fpr_0_01": 0.028,
      "fpr95": 0.86,
      "aupr": 0.7352824371908395
    },
    "layer_5": {
      "n_total": 500,
      "n_valid": 500,
      "n_val_total": 500,
      "n_val_valid": 500,
      "acc": 0.622,
      "f1": 0.45217391304347826,
      "pre": 0.8210526315789474,
      "recall": 0.312,
      "auroc": 0.7336319999999998,
      "optimal_threshold": 0.4140695631504059,
      "tpr_at_fpr_0_01": 0.056,
      "fpr95": 0.896,
      "aupr": 0.739548377592878
    },
    "layer_6": {
      "n_total": 500,
      "n_valid": 500,
      "n_val_total": 500,
      "n_val_valid": 500,
      "acc": 0.648,
      "f1": 0.5268817204301075,
      "pre": 0.8032786885245902,
      "recall": 0.392,
      "auroc": 0.731408,
      "optimal_threshold": 0.4077402353286743,
      "tpr_at_fpr_0_01": 0.072,
      "fpr95": 0.836,
      "aupr": 0.7427327313112898
    },
    "layer_7": {
      "n_total": 500,
      "n_valid": 500,
      "n_val_total": 500,
      "n_val_valid": 500,
      "acc": 0.662,
      "f1": 0.561038961038961,
      "pre": 0.8,
      "recall": 0.432,
      "auroc": 0.7270719999999999,
      "optimal_threshold": 0.4047088325023651,
      "tpr_at_fpr_0_01": 0.088,
      "fpr95": 0.808,
      "aupr": 0.7350651775243331
    },
    "layer_8": {
      "n_total": 500,
      "n_valid": 500,
      "n_val_total": 500,
      "n_val_valid": 500,
      "acc": 0.662,
      "f1": 0.6167800453514739,
      "pre": 0.7120418848167539,
      "recall": 0.544,
      "auroc": 0.7244799999999999,
      "optimal_threshold": 0.45260968804359436,
      "tpr_at_fpr_0_01": 0.08,
      "fpr95": 0.896,
      "aupr": 0.7275775271892798
    },
    "layer_9": {
      "n_total": 500,
      "n_valid": 500,
      "n_val_total": 500,
      "n_val_valid": 500,
      "acc": 0.69,
      "f1": 0.6709129511677282,
      "pre": 0.7149321266968326,
      "recall": 0.632,
      "auroc": 0.7096479999999998,
      "optimal_threshold": 0.37857723236083984,
      "tpr_at_fpr_0_01": 0.116,
      "fpr95": 0.928,
      "aupr": 0.7282019115671784
    },
    "layer_10": {
      "n_total": 500,
      "n_valid": 500,
      "n_val_total": 500,
      "n_val_valid": 500,
      "acc": 0.63,
      "f1": 0.5363408521303258,
      "pre": 0.7181208053691275,
      "recall": 0.428,
      "auroc": 0.71656,
      "optimal_threshold": 0.4183993339538574,
      "tpr_at_fpr_0_01": 0.112,
      "fpr95": 0.904,
      "aupr": 0.7283701887781304
    },
    "layer_11": {
      "n_total": 500,
      "n_valid": 500,
      "n_val_total": 500,
      "n_val_valid": 500,
      "acc": 0.63,
      "f1": 0.5268542199488491,
      "pre": 0.7304964539007093,
      "recall": 0.412,
      "auroc": 0.7232800000000001,
      "optimal_threshold": 0.4634559750556946,
      "tpr_at_fpr_0_01": 0.12,
      "fpr95": 0.928,
      "aupr": 0.7291470013869046
    },
    "layer_12": {
      "n_total": 500,
      "n_valid": 500,
      "n_val_total": 500,
      "n_val_valid": 500,
      "acc": 0.614,
      "f1": 0.4797843665768194,
      "pre": 0.7355371900826446,
      "recall": 0.356,
      "auroc": 0.718976,
      "optimal_threshold": 0.38978275656700134,
      "tpr_at_fpr_0_01": 0.104,
      "fpr95": 0.904,
      "aupr": 0.7162770121822006
    },
    "layer_13": {
      "n_total": 500,
      "n_valid": 500,
      "n_val_total": 500,
      "n_val_valid": 500,
      "acc": 0.606,
      "f1": 0.4355300859598854,
      "pre": 0.7676767676767676,
      "recall": 0.304,
      "auroc": 0.716336,
      "optimal_threshold": 0.46036648750305176,
      "tpr_at_fpr_0_01": 0.104,
      "fpr95": 0.916,
      "aupr": 0.7239131199482963
    },
    "layer_14": {
      "n_total": 500,
      "n_valid": 500,
      "n_val_total": 500,
      "n_val_valid": 500,
      "acc": 0.67,
      "f1": 0.6373626373626373,
      "pre": 0.7073170731707317,
      "recall": 0.58,
      "auroc": 0.7119519999999999,
      "optimal_threshold": 0.43682771921157837,
      "tpr_at_fpr_0_01": 0.104,
      "fpr95": 0.896,
      "aupr": 0.722021544665769
    },
    "layer_15": {
      "n_total": 500,
      "n_valid": 500,
      "n_val_total": 500,
      "n_val_valid": 500,
      "acc": 0.644,
      "f1": 0.5527638190954773,
      "pre": 0.7432432432432432,
      "recall": 0.44,
      "auroc": 0.72104,
      "optimal_threshold": 0.45769938826560974,
      "tpr_at_fpr_0_01": 0.1,
      "fpr95": 0.872,
      "aupr": 0.7315957287545274
    },
    "layer_16": {
      "n_total": 500,
      "n_valid": 500,
      "n_val_total": 500,
      "n_val_valid": 500,
      "acc": 0.616,
      "f1": 0.46368715083798884,
      "pre": 0.7685185185185185,
      "recall": 0.332,
      "auroc": 0.7145600000000001,
      "optimal_threshold": 0.44487717747688293,
      "tpr_at_fpr_0_01": 0.088,
      "fpr95": 0.908,
      "aupr": 0.7311058384422047
    },
    "layer_17": {
      "n_total": 500,
      "n_valid": 500,
      "n_val_total": 500,
      "n_val_valid": 500,
      "acc": 0.668,
      "f1": 0.5970873786407767,
      "pre": 0.7592592592592593,
      "recall": 0.492,
      "auroc": 0.712368,
      "optimal_threshold": 0.49900567531585693,
      "tpr_at_fpr_0_01": 0.096,
      "fpr95": 0.928,
      "aupr": 0.747080755453883
    },
    "layer_18": {
      "n_total": 500,
      "n_valid": 500,
      "n_val_total": 500,
      "n_val_valid": 500,
      "acc": 0.674,
      "f1": 0.6337078651685393,
      "pre": 0.7230769230769231,
      "recall": 0.564,
      "auroc": 0.692976,
      "optimal_threshold": 0.5178409814834595,
      "tpr_at_fpr_0_01": 0.14,
      "fpr95": 0.932,
      "aupr": 0.7364115048403576
    },
    "layer_19": {
      "n_total": 500,
      "n_valid": 500,
      "n_val_total": 500,
      "n_val_valid": 500,
      "acc": 0.676,
      "f1": 0.6415929203539823,
      "pre": 0.7178217821782178,
      "recall": 0.58,
      "auroc": 0.692752,
      "optimal_threshold": 0.5744199752807617,
      "tpr_at_fpr_0_01": 0.172,
      "fpr95": 0.96,
      "aupr": 0.7469144276871442
    },
    "layer_20": {
      "n_total": 500,