{
  "args": {
    "model": "llama_8b",
    "dataset": "tsm_paras_en_first_gpt4o",
    "mode": "default",
    "token_mode": "last_token",
    "prefix": false,
    "smoke_test": false,
    "ood": [
      "tsm_sums_en_gemini",
      "tsm_sums_en_deepseek",
      "tsm_sums_pt_gpt4o",
      "tsm_sums_pt_gemini",
      "tsm_sums_pt_deepseek",
      "tsm_sums_vi_gpt4o",
      "tsm_sums_vi_gemini",
      "tsm_sums_vi_deepseek"
    ],
    "pca_components": 0,
    "normalize_scores": true,
    "ablation_set": "human",
    "manifold": false
  },
  "steering_domain": "tsm_paras_en_first_gpt4o",
  "eval_domain": "tsm_sums_en_deepseek",
  "n_samples": 500,
  "n_layers": 33,
  "metrics_per_layer": {
    "layer_1": {
      "n_total": 500,
      "n_valid": 500,
      "n_val_total": 500,
      "n_val_valid": 500,
      "acc": 0.51,
      "f1": 0.6563814866760168,
      "pre": 0.5053995680345572,
      "recall": 0.936,
      "auroc": 0.52404,
      "optimal_threshold": 0.8834354877471924,
      "tpr_at_fpr_0_01": 0.032,
      "fpr95": 0.976,
      "aupr": 0.5210236027299403
    },
    "layer_2": {
      "n_total": 500,
      "n_valid": 500,
      "n_val_total": 500,
      "n_val_valid": 500,
      "acc": 0.534,
      "f1": 0.43031784841075793,
      "pre": 0.5534591194968553,
      "recall": 0.352,
      "auroc": 0.5298879999999999,
      "optimal_threshold": 0.6934412717819214,
      "tpr_at_fpr_0_01": 0.008,
      "fpr95": 0.94,
      "aupr": 0.5265896628282147
    },
    "layer_3": {
      "n_total": 500,
      "n_valid": 500,
      "n_val_total": 500,
      "n_val_valid": 500,
      "acc": 0.584,
      "f1": 0.47738693467336685,
      "pre": 0.6418918918918919,
      "recall": 0.38,
      "auroc": 0.58744,
      "optimal_threshold": 0.5666473507881165,
      "tpr_at_fpr_0_01": 0.016,
      "fpr95": 0.936,
      "aupr": 0.5816647030740361
    },
    "layer_4": {
      "n_total": 500,
      "n_valid": 500,
      "n_val_total": 500,
      "n_val_valid": 500,
      "acc": 0.564,
      "f1": 0.3735632183908046,
      "pre": 0.6632653061224489,
      "recall": 0.26,
      "auroc": 0.613888,
      "optimal_threshold": 0.6535915732383728,
      "tpr_at_fpr_0_01": 0.032,
      "fpr95": 0.904,
      "aupr": 0.6171351833826422
    },
    "layer_5": {
      "n_total": 500,
      "n_valid": 500,
      "n_val_total": 500,
      "n_val_valid": 500,
      "acc": 0.718,
      "f1": 0.665083135391924,
      "pre": 0.8187134502923976,
      "recall": 0.56,
      "auroc": 0.8142879999999999,
      "optimal_threshold": 0.4966926574707031,
      "tpr_at_fpr_0_01": 0.096,
      "fpr95": 0.708,
      "aupr": 0.8188193454359456
    },
    "layer_6": {
      "n_total": 500,
      "n_valid": 500,
      "n_val_total": 500,
      "n_val_valid": 500,
      "acc": 0.794,
      "f1": 0.7813163481953291,
      "pre": 0.832579185520362,
      "recall": 0.736,
      "auroc": 0.881056,
      "optimal_threshold": 0.4498351514339447,
      "tpr_at_fpr_0_01": 0.348,
      "fpr95": 0.568,
      "aupr": 0.8894801658890983
    },
    "layer_7": {
      "n_total": 500,
      "n_valid": 500,
      "n_val_total": 500,
      "n_val_valid": 500,
      "acc": 0.778,
      "f1": 0.7549668874172185,
      "pre": 0.8423645320197044,
      "recall": 0.684,
      "auroc": 0.8713919999999999,
      "optimal_threshold": 0.4726249575614929,
      "tpr_at_fpr_0_01": 0.332,
      "fpr95": 0.616,
      "aupr": 0.8812572158754381
    },
    "layer_8": {
      "n_total": 500,
      "n_valid": 500,
      "n_val_total": 500,
      "n_val_valid": 500,
      "acc": 0.778,
      "f1": 0.7885714285714286,
      "pre": 0.7527272727272727,
      "recall": 0.828,
      "auroc": 0.8615679999999999,
      "optimal_threshold": 0.45125308632850647,
      "tpr_at_fpr_0_01": 0.284,
      "fpr95": 0.632,
      "aupr": 0.8765625892967492
    },
    "layer_9": {
      "n_total": 500,
      "n_valid": 500,
      "n_val_total": 500,
      "n_val_valid": 500,
      "acc": 0.766,
      "f1": 0.7796610169491526,
      "pre": 0.7366548042704626,
      "recall": 0.828,
      "auroc": 0.861808,
      "optimal_threshold": 0.42722517251968384,
      "tpr_at_fpr_0_01": 0.276,
      "fpr95": 0.672,
      "aupr": 0.8773955330493817
    },
    "layer_10": {
      "n_total": 500,
      "n_valid": 500,
      "n_val_total": 500,
      "n_val_valid": 500,
      "acc": 0.782,
      "f1": 0.7907869481765835,
      "pre": 0.7601476014760148,
      "recall": 0.824,
      "auroc": 0.861744,
      "optimal_threshold": 0.42672470211982727,
      "tpr_at_fpr_0_01": 0.292,
      "fpr95": 0.664,
      "aupr": 0.8740427414430205
    },
    "layer_11": {
      "n_total": 500,
      "n_valid": 500,
      "n_val_total": 500,
      "n_val_valid": 500,
      "acc": 0.832,
      "f1": 0.8372093023255814,
      "pre": 0.8120300751879699,
      "recall": 0.864,
      "auroc": 0.9235519999999999,
      "optimal_threshold": 0.3783377707004547,
      "tpr_at_fpr_0_01": 0.436,
      "fpr95": 0.42,
      "aupr": 0.9314601603391095
    },
    "layer_12": {
      "n_total": 500,
      "n_valid": 500,
      "n_val_total": 500,
      "n_val_valid": 500,
      "acc": 0.794,
      "f1": 0.8103130755064457,
      "pre": 0.7508532423208191,
      "recall": 0.88,
      "auroc": 0.918752,
      "optimal_threshold": 0.3674197494983673,
      "tpr_at_fpr_0_01": 0.468,
      "fpr95": 0.432,
      "aupr": 0.9292033413923643
    },
    "layer_13": {
      "n_total": 500,
      "n_valid": 500,
      "n_val_total": 500,
      "n_val_valid": 500,
      "acc": 0.824,
      "f1": 0.8352059925093633,
      "pre": 0.7852112676056338,
      "recall": 0.892,
      "auroc": 0.9216000000000001,
      "optimal_threshold": 0.35800084471702576,
      "tpr_at_fpr_0_01": 0.504,
      "fpr95": 0.444,
      "aupr": 0.9322817393239622
    },
    "layer_14": {
      "n_total": 500,
      "n_valid": 500,
      "n_val_total": 500,
      "n_val_valid": 500,
      "acc": 0.83,
      "f1": 0.8393194706994329,
      "pre": 0.7956989247311828,
      "recall": 0.888,
      "auroc": 0.9256639999999999,
      "optimal_threshold": 0.35261377692222595,
      "tpr_at_fpr_0_01": 0.512,
      "fpr95": 0.412,
      "aupr": 0.9354644261640198
    },
    "layer_15": {
      "n_total": 500,
      "n_valid": 500,
      "n_val_total": 500,
      "n_val_valid": 500,
      "acc": 0.848,
      "f1": 0.8473895582329317,
      "pre": 0.8508064516129032,
      "recall": 0.844,
      "auroc": 0.9334239999999999,
      "optimal_threshold": 0.33502939343452454,
      "tpr_at_fpr_0_01": 0.516,
      "fpr95": 0.32,
      "aupr": 0.9412953568572192
    },
    "layer_16": {
      "n_total": 500,
      "n_valid": 500,
      "n_val_total": 500,
      "n_val_valid": 500,
      "acc": 0.846,
      "f1": 0.8475247524752475,
      "pre": 0.8392156862745098,
      "recall": 0.856,
      "auroc": 0.92792,
      "optimal_threshold": 0.3354555070400238,
      "tpr_at_fpr_0_01": 0.468,
      "fpr95": 0.364,
      "aupr": 0.9373209584846078
    },
    "layer_17": {
      "n_total": 500,
      "n_valid": 500,
      "n_val_total": 500,
      "n_val_valid": 500,
      "acc": 0.858,
      "f1": 0.8492569002123143,
      "pre": 0.9049773755656109,
      "recall": 0.8,
      "auroc": 0.922464,
      "optimal_threshold": 0.4015186131000519,
      "tpr_at_fpr_0_01": 0.54,
      "fpr95": 0.452,
      "aupr": 0.9373360874593315
    },
    "layer_18": {
      "n_total": 500,
      "n_valid": 500,
      "n_val_total": 500,
      "n_val_valid": 500,
      "acc": 0.846,
      "f1": 0.8499025341130604,
      "pre": 0.8288973384030418,
      "recall": 0.872,
      "auroc": 0.920352,
      "optimal_threshold": 0.33600687980651855,
      "tpr_at_fpr_0_01": 0.548,
      "fpr95": 0.48,
      "aupr": 0.9356391683261036
    },
    "layer_19": {
      "n_total": 500,
      "n_valid": 500,
      "n_val_total": 500,
      "n_val_valid": 500,
      "acc": 0.85,
      "f1": 0.8400852878464818,
      "pre": 0.8995433789954338,
      "recall": 0.788,
      "auroc": 0.9124639999999999,