{
  "args": {
    "model": "llama_8b",
    "dataset": "tsm_paras_en_first_gpt4o",
    "mode": "default",
    "token_mode": "last_token",
    "prefix": false,
    "smoke_test": false,
    "ood": [
      "tsm_paras_en_first_gemini",
      "tsm_paras_en_first_deepseek",
      "tsm_paras_pt_first_gpt4o",
      "tsm_paras_pt_first_gemini",
      "tsm_paras_pt_first_deepseek",
      "tsm_paras_vi_first_gpt4o",
      "tsm_paras_vi_first_gemini",
      "tsm_paras_vi_first_deepseek"
    ],
    "pca_components": 0,
    "normalize_scores": true,
    "ablation_set": "human",
    "manifold": false
  },
  "steering_domain": "tsm_paras_en_first_gpt4o",
  "eval_domain": "tsm_paras_vi_first_gemini",
  "n_samples": 500,
  "n_layers": 33,
  "metrics_per_layer": {
    "layer_1": {
      "n_total": 500,
      "n_valid": 500,
      "n_val_total": 500,
      "n_val_valid": 500,
      "acc": 0.518,
      "f1": 0.6450662739322534,
      "pre": 0.5104895104895105,
      "recall": 0.876,
      "auroc": 0.526792,
      "optimal_threshold": 0.8834354877471924,
      "tpr_at_fpr_0_01": 0.024,
      "fpr95": 0.948,
      "aupr": 0.5215515102416265
    },
    "layer_2": {
      "n_total": 500,
      "n_valid": 500,
      "n_val_total": 500,
      "n_val_valid": 500,
      "acc": 0.496,
      "f1": 0.25443786982248523,
      "pre": 0.48863636363636365,
      "recall": 0.172,
      "auroc": 0.538768,
      "optimal_threshold": 0.6934412717819214,
      "tpr_at_fpr_0_01": 0.004,
      "fpr95": 0.928,
      "aupr": 0.5114276082612463
    },
    "layer_3": {
      "n_total": 500,
      "n_valid": 500,
      "n_val_total": 500,
      "n_val_valid": 500,
      "acc": 0.498,
      "f1": 0.19808306709265175,
      "pre": 0.49206349206349204,
      "recall": 0.124,
      "auroc": 0.539168,
      "optimal_threshold": 0.5666473507881165,
      "tpr_at_fpr_0_01": 0.004,
      "fpr95": 0.912,
      "aupr": 0.5188611403427498
    },
    "layer_4": {
      "n_total": 500,
      "n_valid": 500,
      "n_val_total": 500,
      "n_val_valid": 500,
      "acc": 0.502,
      "f1": 0.023529411764705882,
      "pre": 0.6,
      "recall": 0.012,
      "auroc": 0.5811520000000001,
      "optimal_threshold": 0.6535915732383728,
      "tpr_at_fpr_0_01": 0.012,
      "fpr95": 0.872,
      "aupr": 0.5612493841610082
    },
    "layer_5": {
      "n_total": 500,
      "n_valid": 500,
      "n_val_total": 500,
      "n_val_valid": 500,
      "acc": 0.54,
      "f1": 0.18439716312056736,
      "pre": 0.8125,
      "recall": 0.104,
      "auroc": 0.691216,
      "optimal_threshold": 0.4966926574707031,
      "tpr_at_fpr_0_01": 0.068,
      "fpr95": 0.816,
      "aupr": 0.6855863488247229
    },
    "layer_6": {
      "n_total": 500,
      "n_valid": 500,
      "n_val_total": 500,
      "n_val_valid": 500,
      "acc": 0.526,
      "f1": 0.09885931558935361,
      "pre": 1.0,
      "recall": 0.052,
      "auroc": 0.7294400000000001,
      "optimal_threshold": 0.4498351514339447,
      "tpr_at_fpr_0_01": 0.112,
      "fpr95": 0.788,
      "aupr": 0.7416600330490238
    },
    "layer_7": {
      "n_total": 500,
      "n_valid": 500,
      "n_val_total": 500,
      "n_val_valid": 500,
      "acc": 0.548,
      "f1": 0.17518248175182483,
      "pre": 1.0,
      "recall": 0.096,
      "auroc": 0.708016,
      "optimal_threshold": 0.4726249575614929,
      "tpr_at_fpr_0_01": 0.128,
      "fpr95": 0.852,
      "aupr": 0.7292853755692211
    },
    "layer_8": {
      "n_total": 500,
      "n_valid": 500,
      "n_val_total": 500,
      "n_val_valid": 500,
      "acc": 0.548,
      "f1": 0.19285714285714287,
      "pre": 0.9,
      "recall": 0.108,
      "auroc": 0.683936,
      "optimal_threshold": 0.45125308632850647,
      "tpr_at_fpr_0_01": 0.08,
      "fpr95": 0.864,
      "aupr": 0.7057814688127692
    },
    "layer_9": {
      "n_total": 500,
      "n_valid": 500,
      "n_val_total": 500,
      "n_val_valid": 500,
      "acc": 0.568,
      "f1": 0.2847682119205298,
      "pre": 0.8269230769230769,
      "recall": 0.172,
      "auroc": 0.67604,
      "optimal_threshold": 0.42722517251968384,
      "tpr_at_fpr_0_01": 0.116,
      "fpr95": 0.884,
      "aupr": 0.6946097373969883
    },
    "layer_10": {
      "n_total": 500,
      "n_valid": 500,
      "n_val_total": 500,
      "n_val_valid": 500,
      "acc": 0.554,
      "f1": 0.2229965156794425,
      "pre": 0.8648648648648649,
      "recall": 0.128,
      "auroc": 0.689672,
      "optimal_threshold": 0.42672470211982727,
      "tpr_at_fpr_0_01": 0.096,
      "fpr95": 0.86,
      "aupr": 0.6992923082459157
    },
    "layer_11": {
      "n_total": 500,
      "n_valid": 500,
      "n_val_total": 500,
      "n_val_valid": 500,
      "acc": 0.586,
      "f1": 0.3076923076923077,
      "pre": 0.9387755102040817,
      "recall": 0.184,
      "auroc": 0.7512319999999999,
      "optimal_threshold": 0.3783377707004547,
      "tpr_at_fpr_0_01": 0.16,
      "fpr95": 0.772,
      "aupr": 0.7602495592609955
    },
    "layer_12": {
      "n_total": 500,
      "n_valid": 500,
      "n_val_total": 500,
      "n_val_valid": 500,
      "acc": 0.596,
      "f1": 0.3878787878787879,
      "pre": 0.8,
      "recall": 0.256,
      "auroc": 0.712432,
      "optimal_threshold": 0.3674197494983673,
      "tpr_at_fpr_0_01": 0.136,
      "fpr95": 0.788,
      "aupr": 0.7250894850216453
    },
    "layer_13": {
      "n_total": 500,
      "n_valid": 500,
      "n_val_total": 500,
      "n_val_valid": 500,
      "acc": 0.586,
      "f1": 0.33865814696485624,
      "pre": 0.8412698412698413,
      "recall": 0.212,
      "auroc": 0.727256,
      "optimal_threshold": 0.35800084471702576,
      "tpr_at_fpr_0_01": 0.14,
      "fpr95": 0.784,
      "aupr": 0.7385283997485073
    },
    "layer_14": {
      "n_total": 500,
      "n_valid": 500,
      "n_val_total": 500,
      "n_val_valid": 500,
      "acc": 0.592,
      "f1": 0.34615384615384615,
      "pre": 0.8709677419354839,
      "recall": 0.216,
      "auroc": 0.718256,
      "optimal_threshold": 0.35261377692222595,
      "tpr_at_fpr_0_01": 0.124,
      "fpr95": 0.812,
      "aupr": 0.7301972681258629
    },
    "layer_15": {
      "n_total": 500,
      "n_valid": 500,
      "n_val_total": 500,
      "n_val_valid": 500,
      "acc": 0.56,
      "f1": 0.23076923076923078,
      "pre": 0.9166666666666666,
      "recall": 0.132,
      "auroc": 0.7500479999999998,
      "optimal_threshold": 0.33502939343452454,
      "tpr_at_fpr_0_01": 0.124,
      "fpr95": 0.768,
      "aupr": 0.7577902130578804
    },
    "layer_16": {
      "n_total": 500,
      "n_valid": 500,
      "n_val_total": 500,
      "n_val_valid": 500,
      "acc": 0.566,
      "f1": 0.2542955326460481,
      "pre": 0.9024390243902439,
      "recall": 0.148,
      "auroc": 0.742008,
      "optimal_threshold": 0.3354555070400238,
      "tpr_at_fpr_0_01": 0.116,
      "fpr95": 0.772,
      "aupr": 0.7459149422590912
    },
    "layer_17": {
      "n_total": 500,
      "n_valid": 500,
      "n_val_total": 500,
      "n_val_valid": 500,
      "acc": 0.566,
      "f1": 0.2491349480968858,
      "pre": 0.9230769230769231,
      "recall": 0.144,
      "auroc": 0.7762879999999999,
      "optimal_threshold": 0.4015186131000519,
      "tpr_at_fpr_0_01": 0.136,
      "fpr95": 0.756,
      "aupr": 0.7787117964523962
    },
    "layer_18": {
      "n_total": 500,
      "n_valid": 500,
      "n_val_total": 500,
      "n_val_valid": 500,
      "acc": 0.602,
      "f1": 0.4059701492537313,
      "pre": 0.8,
      "recall": 0.272,
      "auroc": 0.761664,
      "optimal_threshold": 0.33600687980651855,
      "tpr_at_fpr_0_01": 0.14,
      "fpr95": 0.772,
      "aupr": 0.7628973369104877
    },
    "layer_19": {
      "n_total": 500,
      "n_valid": 500,
      "n_val_total": 500,
      "n_val_valid": 500,
      "acc": 0.584,
      "f1": 0.3333333333333333,
      "pre": 0.8387096774193549,
      "recall": 0.208,
      "auroc": 0.7760480000000001,
      "optimal_threshold": 0.3986956477165222,