{
  "args": {
    "model": "llama_8b",
    "dataset": "tsm_paras_en_first_gpt4o",
    "mode": "default",
    "token_mode": "last_token",
    "prefix": false,
    "smoke_test": false,
    "ood": [
      "tsm_sums_en_gemini",
      "tsm_sums_en_deepseek",
      "tsm_sums_pt_gpt4o",
      "tsm_sums_pt_gemini",
      "tsm_sums_pt_deepseek",
      "tsm_sums_vi_gpt4o",
      "tsm_sums_vi_gemini",
      "tsm_sums_vi_deepseek"
    ],
    "pca_components": 0,
    "normalize_scores": true,
    "ablation_set": "human",
    "manifold": false
  },
  "steering_domain": "tsm_paras_en_first_gpt4o",
  "eval_domain": "tsm_paras_en_first_gpt4o",
  "n_samples": 500,
  "n_layers": 33,
  "metrics_per_layer": {
    "layer_1": {
      "n_total": 500,
      "n_valid": 500,
      "n_val_total": 500,
      "n_val_valid": 500,
      "acc": 0.556,
      "f1": 0.6873239436619718,
      "pre": 0.5304347826086957,
      "recall": 0.976,
      "auroc": 0.569392,
      "optimal_threshold": 0.8834354877471924,
      "tpr_at_fpr_0_01": 0.032,
      "fpr95": 0.864,
      "aupr": 0.5449202225532549
    },
    "layer_2": {
      "n_total": 500,
      "n_valid": 500,
      "n_val_total": 500,
      "n_val_valid": 500,
      "acc": 0.66,
      "f1": 0.6238938053097345,
      "pre": 0.698019801980198,
      "recall": 0.564,
      "auroc": 0.724384,
      "optimal_threshold": 0.6934412717819214,
      "tpr_at_fpr_0_01": 0.148,
      "fpr95": 0.82,
      "aupr": 0.7479761370569833
    },
    "layer_3": {
      "n_total": 500,
      "n_valid": 500,
      "n_val_total": 500,
      "n_val_valid": 500,
      "acc": 0.702,
      "f1": 0.6849894291754757,
      "pre": 0.726457399103139,
      "recall": 0.648,
      "auroc": 0.7601600000000002,
      "optimal_threshold": 0.5666473507881165,
      "tpr_at_fpr_0_01": 0.24,
      "fpr95": 0.804,
      "aupr": 0.7931392563141249
    },
    "layer_4": {
      "n_total": 500,
      "n_valid": 500,
      "n_val_total": 500,
      "n_val_valid": 500,
      "acc": 0.726,
      "f1": 0.6714628297362111,
      "pre": 0.8383233532934131,
      "recall": 0.56,
      "auroc": 0.810048,
      "optimal_threshold": 0.6535915732383728,
      "tpr_at_fpr_0_01": 0.38,
      "fpr95": 0.752,
      "aupr": 0.8426107245909049
    },
    "layer_5": {
      "n_total": 500,
      "n_valid": 500,
      "n_val_total": 500,
      "n_val_valid": 500,
      "acc": 0.84,
      "f1": 0.8340248962655602,
      "pre": 0.8663793103448276,
      "recall": 0.804,
      "auroc": 0.911824,
      "optimal_threshold": 0.4966926574707031,
      "tpr_at_fpr_0_01": 0.532,
      "fpr95": 0.54,
      "aupr": 0.9288684845452522
    },
    "layer_6": {
      "n_total": 500,
      "n_valid": 500,
      "n_val_total": 500,
      "n_val_valid": 500,
      "acc": 0.876,
      "f1": 0.8702928870292888,
      "pre": 0.9122807017543859,
      "recall": 0.832,
      "auroc": 0.946624,
      "optimal_threshold": 0.4498351514339447,
      "tpr_at_fpr_0_01": 0.636,
      "fpr95": 0.38,
      "aupr": 0.9554127690741477
    },
    "layer_7": {
      "n_total": 500,
      "n_valid": 500,
      "n_val_total": 500,
      "n_val_valid": 500,
      "acc": 0.868,
      "f1": 0.8589743589743589,
      "pre": 0.9220183486238532,
      "recall": 0.804,
      "auroc": 0.941872,
      "optimal_threshold": 0.4726249575614929,
      "tpr_at_fpr_0_01": 0.592,
      "fpr95": 0.328,
      "aupr": 0.950813063710976
    },
    "layer_8": {
      "n_total": 500,
      "n_valid": 500,
      "n_val_total": 500,
      "n_val_valid": 500,
      "acc": 0.862,
      "f1": 0.8583162217659137,
      "pre": 0.8818565400843882,
      "recall": 0.836,
      "auroc": 0.9326239999999999,
      "optimal_threshold": 0.45125308632850647,
      "tpr_at_fpr_0_01": 0.508,
      "fpr95": 0.4,
      "aupr": 0.9438600903617196
    },
    "layer_9": {
      "n_total": 500,
      "n_valid": 500,
      "n_val_total": 500,
      "n_val_valid": 500,
      "acc": 0.85,
      "f1": 0.845360824742268,
      "pre": 0.8723404255319149,
      "recall": 0.82,
      "auroc": 0.919616,
      "optimal_threshold": 0.42722517251968384,
      "tpr_at_fpr_0_01": 0.496,
      "fpr95": 0.492,
      "aupr": 0.9331863048092865
    },
    "layer_10": {
      "n_total": 500,
      "n_valid": 500,
      "n_val_total": 500,
      "n_val_valid": 500,
      "acc": 0.856,
      "f1": 0.8454935622317596,
      "pre": 0.9120370370370371,
      "recall": 0.788,
      "auroc": 0.92152,
      "optimal_threshold": 0.42672470211982727,
      "tpr_at_fpr_0_01": 0.472,
      "fpr95": 0.464,
      "aupr": 0.9343992666707781
    },
    "layer_11": {
      "n_total": 500,
      "n_valid": 500,
      "n_val_total": 500,
      "n_val_valid": 500,
      "acc": 0.902,
      "f1": 0.8997955010224948,
      "pre": 0.9205020920502092,
      "recall": 0.88,
      "auroc": 0.959152,
      "optimal_threshold": 0.3783377707004547,
      "tpr_at_fpr_0_01": 0.724,
      "fpr95": 0.244,
      "aupr": 0.9666974014174887
    },
    "layer_12": {
      "n_total": 500,
      "n_valid": 500,
      "n_val_total": 500,
      "n_val_valid": 500,
      "acc": 0.894,
      "f1": 0.8924949290060852,
      "pre": 0.9053497942386831,
      "recall": 0.88,
      "auroc": 0.949328,
      "optimal_threshold": 0.3674197494983673,
      "tpr_at_fpr_0_01": 0.656,
      "fpr95": 0.344,
      "aupr": 0.9587021146936412
    },
    "layer_13": {
      "n_total": 500,
      "n_valid": 500,
      "n_val_total": 500,
      "n_val_valid": 500,
      "acc": 0.88,
      "f1": 0.8790322580645161,
      "pre": 0.8861788617886179,
      "recall": 0.872,
      "auroc": 0.9484800000000001,
      "optimal_threshold": 0.35800084471702576,
      "tpr_at_fpr_0_01": 0.68,
      "fpr95": 0.368,
      "aupr": 0.9584976395529536
    },
    "layer_14": {
      "n_total": 500,
      "n_valid": 500,
      "n_val_total": 500,
      "n_val_valid": 500,
      "acc": 0.878,
      "f1": 0.8762677484787018,
      "pre": 0.8888888888888888,
      "recall": 0.864,
      "auroc": 0.9453439999999999,
      "optimal_threshold": 0.35261377692222595,
      "tpr_at_fpr_0_01": 0.656,
      "fpr95": 0.436,
      "aupr": 0.9549310288412359
    },
    "layer_15": {
      "n_total": 500,
      "n_valid": 500,
      "n_val_total": 500,
      "n_val_valid": 500,
      "acc": 0.886,
      "f1": 0.8805031446540881,
      "pre": 0.9251101321585903,
      "recall": 0.84,
      "auroc": 0.9419839999999999,
      "optimal_threshold": 0.33502939343452454,
      "tpr_at_fpr_0_01": 0.66,
      "fpr95": 0.424,
      "aupr": 0.9541171768669162
    },
    "layer_16": {
      "n_total": 500,
      "n_valid": 500,
      "n_val_total": 500,
      "n_val_valid": 500,
      "acc": 0.886,
      "f1": 0.8843813387423936,
      "pre": 0.897119341563786,
      "recall": 0.872,
      "auroc": 0.936816,
      "optimal_threshold": 0.3354555070400238,
      "tpr_at_fpr_0_01": 0.632,
      "fpr95": 0.44,
      "aupr": 0.9502837704545021
    },
    "layer_17": {
      "n_total": 500,
      "n_valid": 500,
      "n_val_total": 500,
      "n_val_valid": 500,
      "acc": 0.884,
      "f1": 0.8796680497925311,
      "pre": 0.9137931034482759,
      "recall": 0.848,
      "auroc": 0.9393600000000001,
      "optimal_threshold": 0.4015186131000519,
      "tpr_at_fpr_0_01": 0.712,
      "fpr95": 0.488,
      "aupr": 0.954071652041899
    },
    "layer_18": {
      "n_total": 500,
      "n_valid": 500,
      "n_val_total": 500,
      "n_val_valid": 500,
      "acc": 0.84,
      "f1": 0.8490566037735849,
      "pre": 0.8035714285714286,
      "recall": 0.9,
      "auroc": 0.9321119999999999,
      "optimal_threshold": 0.33600687980651855,
      "tpr_at_fpr_0_01": 0.688,
      "fpr95": 0.496,
      "aupr": 0.94982833329996
    },
    "layer_19": {
      "n_total": 500,
      "n_valid": 500,
      "n_val_total": 500,
      "n_val_valid": 500,
      "acc": 0.87,
      "f1": 0.8707753479125249,
      "pre": 0.8656126482213439,
      "recall": 0.876,
      "auroc": 0.9380479999999999,