{
  "args": {
    "model": "llama_8b",
    "dataset": "multisocial_en",
    "mode": "default",
    "token_mode": "last_token",
    "prefix": false,
    "smoke_test": false,
    "ood": [
      "multisocial_de",
      "multisocial_nl",
      "multisocial_pt",
      "multisocial_ar"
    ],
    "pca_components": 0,
    "normalize_scores": true,
    "manifold": false
  },
  "steering_domain": "multisocial_en",
  "eval_domain": "multisocial_nl",
  "n_samples": 500,
  "n_layers": 33,
  "metrics_per_layer": {
    "layer_1": {
      "n_total": 500,
      "n_valid": 500,
      "n_val_total": 500,
      "n_val_valid": 500,
      "acc": 0.696,
      "f1": 0.6607142857142857,
      "pre": 0.7474747474747475,
      "recall": 0.592,
      "auroc": 0.69892,
      "optimal_threshold": 0.49431419372558594,
      "tpr_at_fpr_0_01": 0.0,
      "fpr95": 0.908,
      "aupr": 0.6948242190775296
    },
    "layer_2": {
      "n_total": 500,
      "n_valid": 500,
      "n_val_total": 500,
      "n_val_valid": 500,
      "acc": 0.684,
      "f1": 0.6666666666666666,
      "pre": 0.7053571428571429,
      "recall": 0.632,
      "auroc": 0.7252959999999999,
      "optimal_threshold": 0.47316014766693115,
      "tpr_at_fpr_0_01": 0.044,
      "fpr95": 0.824,
      "aupr": 0.715748330075273
    },
    "layer_3": {
      "n_total": 500,
      "n_valid": 500,
      "n_val_total": 500,
      "n_val_valid": 500,
      "acc": 0.702,
      "f1": 0.6767895878524945,
      "pre": 0.7393364928909952,
      "recall": 0.624,
      "auroc": 0.756544,
      "optimal_threshold": 0.4378127455711365,
      "tpr_at_fpr_0_01": 0.068,
      "fpr95": 0.8,
      "aupr": 0.7604127621458521
    },
    "layer_4": {
      "n_total": 500,
      "n_valid": 500,
      "n_val_total": 500,
      "n_val_valid": 500,
      "acc": 0.708,
      "f1": 0.672645739910314,
      "pre": 0.7653061224489796,
      "recall": 0.6,
      "auroc": 0.755216,
      "optimal_threshold": 0.5327383875846863,
      "tpr_at_fpr_0_01": 0.084,
      "fpr95": 0.848,
      "aupr": 0.7721955500697261
    },
    "layer_5": {
      "n_total": 500,
      "n_valid": 500,
      "n_val_total": 500,
      "n_val_valid": 500,
      "acc": 0.706,
      "f1": 0.6905263157894737,
      "pre": 0.7288888888888889,
      "recall": 0.656,
      "auroc": 0.7744800000000001,
      "optimal_threshold": 0.3700315058231354,
      "tpr_at_fpr_0_01": 0.2,
      "fpr95": 0.828,
      "aupr": 0.7923380214386959
    },
    "layer_6": {
      "n_total": 500,
      "n_valid": 500,
      "n_val_total": 500,
      "n_val_valid": 500,
      "acc": 0.714,
      "f1": 0.7063655030800822,
      "pre": 0.7257383966244726,
      "recall": 0.688,
      "auroc": 0.791536,
      "optimal_threshold": 0.34031593799591064,
      "tpr_at_fpr_0_01": 0.244,
      "fpr95": 0.74,
      "aupr": 0.8118187536522443
    },
    "layer_7": {
      "n_total": 500,
      "n_valid": 500,
      "n_val_total": 500,
      "n_val_valid": 500,
      "acc": 0.708,
      "f1": 0.6866952789699571,
      "pre": 0.7407407407407407,
      "recall": 0.64,
      "auroc": 0.7877439999999998,
      "optimal_threshold": 0.37648576498031616,
      "tpr_at_fpr_0_01": 0.212,
      "fpr95": 0.792,
      "aupr": 0.8050330988610285
    },
    "layer_8": {
      "n_total": 500,
      "n_valid": 500,
      "n_val_total": 500,
      "n_val_valid": 500,
      "acc": 0.712,
      "f1": 0.6869565217391305,
      "pre": 0.7523809523809524,
      "recall": 0.632,
      "auroc": 0.7975839999999998,
      "optimal_threshold": 0.3940226137638092,
      "tpr_at_fpr_0_01": 0.204,
      "fpr95": 0.768,
      "aupr": 0.8118469255217556
    },
    "layer_9": {
      "n_total": 500,
      "n_valid": 500,
      "n_val_total": 500,
      "n_val_valid": 500,
      "acc": 0.708,
      "f1": 0.6826086956521739,
      "pre": 0.7476190476190476,
      "recall": 0.628,
      "auroc": 0.797744,
      "optimal_threshold": 0.4066927433013916,
      "tpr_at_fpr_0_01": 0.112,
      "fpr95": 0.752,
      "aupr": 0.8085530457933866
    },
    "layer_10": {
      "n_total": 500,
      "n_valid": 500,
      "n_val_total": 500,
      "n_val_valid": 500,
      "acc": 0.732,
      "f1": 0.6912442396313364,
      "pre": 0.8152173913043478,
      "recall": 0.6,
      "auroc": 0.808752,
      "optimal_threshold": 0.45729121565818787,
      "tpr_at_fpr_0_01": 0.112,
      "fpr95": 0.82,
      "aupr": 0.8219363474503792
    },
    "layer_11": {
      "n_total": 500,
      "n_valid": 500,
      "n_val_total": 500,
      "n_val_valid": 500,
      "acc": 0.728,
      "f1": 0.695067264573991,
      "pre": 0.7908163265306123,
      "recall": 0.62,
      "auroc": 0.8148,
      "optimal_threshold": 0.38762810826301575,
      "tpr_at_fpr_0_01": 0.184,
      "fpr95": 0.8,
      "aupr": 0.8326105037376739
    },
    "layer_12": {
      "n_total": 500,
      "n_valid": 500,
      "n_val_total": 500,
      "n_val_valid": 500,
      "acc": 0.726,
      "f1": 0.690744920993228,
      "pre": 0.7927461139896373,
      "recall": 0.612,
      "auroc": 0.8127840000000001,
      "optimal_threshold": 0.397163987159729,
      "tpr_at_fpr_0_01": 0.164,
      "fpr95": 0.84,
      "aupr": 0.8270440264888088
    },
    "layer_13": {
      "n_total": 500,
      "n_valid": 500,
      "n_val_total": 500,
      "n_val_valid": 500,
      "acc": 0.73,
      "f1": 0.6896551724137931,
      "pre": 0.8108108108108109,
      "recall": 0.6,
      "auroc": 0.807744,
      "optimal_threshold": 0.43289870023727417,
      "tpr_at_fpr_0_01": 0.156,
      "fpr95": 0.84,
      "aupr": 0.828769222464006
    },
    "layer_14": {
      "n_total": 500,
      "n_valid": 500,
      "n_val_total": 500,
      "n_val_valid": 500,
      "acc": 0.72,
      "f1": 0.6875,
      "pre": 0.7777777777777778,
      "recall": 0.616,
      "auroc": 0.800864,
      "optimal_threshold": 0.37489280104637146,
      "tpr_at_fpr_0_01": 0.164,
      "fpr95": 0.824,
      "aupr": 0.8208798718290933
    },
    "layer_15": {
      "n_total": 500,
      "n_valid": 500,
      "n_val_total": 500,
      "n_val_valid": 500,
      "acc": 0.722,
      "f1": 0.6931567328918322,
      "pre": 0.7733990147783252,
      "recall": 0.628,
      "auroc": 0.8103359999999998,
      "optimal_threshold": 0.35264939069747925,
      "tpr_at_fpr_0_01": 0.212,
      "fpr95": 0.804,
      "aupr": 0.8295251498240757
    },
    "layer_16": {
      "n_total": 500,
      "n_valid": 500,
      "n_val_total": 500,
      "n_val_valid": 500,
      "acc": 0.722,
      "f1": 0.6774941995359629,
      "pre": 0.8066298342541437,
      "recall": 0.584,
      "auroc": 0.798912,
      "optimal_threshold": 0.4146443009376526,
      "tpr_at_fpr_0_01": 0.256,
      "fpr95": 0.852,
      "aupr": 0.8223027994613334
    },
    "layer_17": {
      "n_total": 500,
      "n_valid": 500,
      "n_val_total": 500,
      "n_val_valid": 500,
      "acc": 0.722,
      "f1": 0.6904231625835189,
      "pre": 0.7788944723618091,
      "recall": 0.62,
      "auroc": 0.7951839999999999,
      "optimal_threshold": 0.33341291546821594,
      "tpr_at_fpr_0_01": 0.208,
      "fpr95": 0.808,
      "aupr": 0.8102728902640213
    },
    "layer_18": {
      "n_total": 500,
      "n_valid": 500,
      "n_val_total": 500,
      "n_val_valid": 500,
      "acc": 0.712,
      "f1": 0.6771300448430493,
      "pre": 0.7704081632653061,
      "recall": 0.604,
      "auroc": 0.773488,
      "optimal_threshold": 0.3603631854057312,
      "tpr_at_fpr_0_01": 0.168,
      "fpr95": 0.836,
      "aupr": 0.7878236270497652
    },
    "layer_19": {
      "n_total": 500,
      "n_valid": 500,
      "n_val_total": 500,
      "n_val_valid": 500,
      "acc": 0.714,
      "f1": 0.6976744186046512,
      "pre": 0.7399103139013453,
      "recall": 0.66,
      "auroc": 0.771104,
      "optimal_threshold": 0.2859920263290405,
      "tpr_at_fpr_0_01": 0.164,
      "fpr95": 0.844,
      "aupr": 0.7881315434758531
    },
    "layer_20": {
      "n_total": 500,
      "n_valid": 500,
      "n_val_total": 500,