{
  "args": {
    "model": "llama_8b",
    "dataset": "m4_wikipedia_chatgpt",
    "mode": "default",
    "token_mode": "last_token",
    "prefix": false,
    "smoke_test": false,
    "ood": [
      "multisocial_de",
      "multisocial_nl",
      "multisocial_pt",
      "multisocial_ar"
    ],
    "pca_components": 0,
    "normalize_scores": true,
    "manifold": false
  },
  "steering_domain": "m4_wikipedia_chatgpt",
  "eval_domain": "multisocial_ar",
  "n_samples": 500,
  "n_layers": 33,
  "metrics_per_layer": {
    "layer_1": {
      "n_total": 500,
      "n_valid": 500,
      "n_val_total": 500,
      "n_val_valid": 500,
      "acc": 0.632,
      "f1": 0.480225988700565,
      "pre": 0.8173076923076923,
      "recall": 0.34,
      "auroc": 0.6435599999999999,
      "optimal_threshold": 0.5935348868370056,
      "tpr_at_fpr_0_01": 0.0,
      "fpr95": 0.888,
      "aupr": 0.6884108187863569
    },
    "layer_2": {
      "n_total": 500,
      "n_valid": 500,
      "n_val_total": 500,
      "n_val_valid": 500,
      "acc": 0.626,
      "f1": 0.45161290322580644,
      "pre": 0.8461538461538461,
      "recall": 0.308,
      "auroc": 0.6443840000000001,
      "optimal_threshold": 0.7502942681312561,
      "tpr_at_fpr_0_01": 0.072,
      "fpr95": 0.96,
      "aupr": 0.6941596952631048
    },
    "layer_3": {
      "n_total": 500,
      "n_valid": 500,
      "n_val_total": 500,
      "n_val_valid": 500,
      "acc": 0.632,
      "f1": 0.4742857142857143,
      "pre": 0.83,
      "recall": 0.332,
      "auroc": 0.693392,
      "optimal_threshold": 0.5964791774749756,
      "tpr_at_fpr_0_01": 0.048,
      "fpr95": 0.928,
      "aupr": 0.7023209171981439
    },
    "layer_4": {
      "n_total": 500,
      "n_valid": 500,
      "n_val_total": 500,
      "n_val_valid": 500,
      "acc": 0.594,
      "f1": 0.35555555555555557,
      "pre": 0.8615384615384616,
      "recall": 0.224,
      "auroc": 0.6319520000000001,
      "optimal_threshold": 0.5320045351982117,
      "tpr_at_fpr_0_01": 0.044,
      "fpr95": 0.936,
      "aupr": 0.6830213820470847
    },
    "layer_5": {
      "n_total": 500,
      "n_valid": 500,
      "n_val_total": 500,
      "n_val_valid": 500,
      "acc": 0.608,
      "f1": 0.40963855421686746,
      "pre": 0.8292682926829268,
      "recall": 0.272,
      "auroc": 0.678064,
      "optimal_threshold": 0.4140695631504059,
      "tpr_at_fpr_0_01": 0.036,
      "fpr95": 0.956,
      "aupr": 0.7039219673338395
    },
    "layer_6": {
      "n_total": 500,
      "n_valid": 500,
      "n_val_total": 500,
      "n_val_valid": 500,
      "acc": 0.618,
      "f1": 0.4463768115942029,
      "pre": 0.8105263157894737,
      "recall": 0.308,
      "auroc": 0.680144,
      "optimal_threshold": 0.4077402353286743,
      "tpr_at_fpr_0_01": 0.056,
      "fpr95": 0.952,
      "aupr": 0.7102602834309105
    },
    "layer_7": {
      "n_total": 500,
      "n_valid": 500,
      "n_val_total": 500,
      "n_val_valid": 500,
      "acc": 0.626,
      "f1": 0.4702549575070821,
      "pre": 0.8058252427184466,
      "recall": 0.332,
      "auroc": 0.653648,
      "optimal_threshold": 0.4047088325023651,
      "tpr_at_fpr_0_01": 0.068,
      "fpr95": 0.868,
      "aupr": 0.6958723770570056
    },
    "layer_8": {
      "n_total": 500,
      "n_valid": 500,
      "n_val_total": 500,
      "n_val_valid": 500,
      "acc": 0.634,
      "f1": 0.4986301369863014,
      "pre": 0.7913043478260869,
      "recall": 0.364,
      "auroc": 0.64792,
      "optimal_threshold": 0.45260968804359436,
      "tpr_at_fpr_0_01": 0.048,
      "fpr95": 0.916,
      "aupr": 0.6880103343685827
    },
    "layer_9": {
      "n_total": 500,
      "n_valid": 500,
      "n_val_total": 500,
      "n_val_valid": 500,
      "acc": 0.656,
      "f1": 0.5544041450777202,
      "pre": 0.7867647058823529,
      "recall": 0.428,
      "auroc": 0.6724479999999999,
      "optimal_threshold": 0.37857723236083984,
      "tpr_at_fpr_0_01": 0.044,
      "fpr95": 0.856,
      "aupr": 0.7006178684769991
    },
    "layer_10": {
      "n_total": 500,
      "n_valid": 500,
      "n_val_total": 500,
      "n_val_valid": 500,
      "acc": 0.614,
      "f1": 0.45014245014245013,
      "pre": 0.7821782178217822,
      "recall": 0.316,
      "auroc": 0.682112,
      "optimal_threshold": 0.4183993339538574,
      "tpr_at_fpr_0_01": 0.036,
      "fpr95": 0.824,
      "aupr": 0.7020310252636879
    },
    "layer_11": {
      "n_total": 500,
      "n_valid": 500,
      "n_val_total": 500,
      "n_val_valid": 500,
      "acc": 0.634,
      "f1": 0.48158640226628896,
      "pre": 0.8252427184466019,
      "recall": 0.34,
      "auroc": 0.67784,
      "optimal_threshold": 0.4634559750556946,
      "tpr_at_fpr_0_01": 0.036,
      "fpr95": 0.808,
      "aupr": 0.7049324929095675
    },
    "layer_12": {
      "n_total": 500,
      "n_valid": 500,
      "n_val_total": 500,
      "n_val_valid": 500,
      "acc": 0.608,
      "f1": 0.44,
      "pre": 0.77,
      "recall": 0.308,
      "auroc": 0.6592800000000001,
      "optimal_threshold": 0.38978275656700134,
      "tpr_at_fpr_0_01": 0.052,
      "fpr95": 0.848,
      "aupr": 0.6906757756521533
    },
    "layer_13": {
      "n_total": 500,
      "n_valid": 500,
      "n_val_total": 500,
      "n_val_valid": 500,
      "acc": 0.596,
      "f1": 0.36477987421383645,
      "pre": 0.8529411764705882,
      "recall": 0.232,
      "auroc": 0.636224,
      "optimal_threshold": 0.46036648750305176,
      "tpr_at_fpr_0_01": 0.06,
      "fpr95": 0.836,
      "aupr": 0.6805236148095954
    },
    "layer_14": {
      "n_total": 500,
      "n_valid": 500,
      "n_val_total": 500,
      "n_val_valid": 500,
      "acc": 0.608,
      "f1": 0.5148514851485149,
      "pre": 0.6753246753246753,
      "recall": 0.416,
      "auroc": 0.614656,
      "optimal_threshold": 0.43682771921157837,
      "tpr_at_fpr_0_01": 0.06,
      "fpr95": 0.852,
      "aupr": 0.6626639407831444
    },
    "layer_15": {
      "n_total": 500,
      "n_valid": 500,
      "n_val_total": 500,
      "n_val_valid": 500,
      "acc": 0.624,
      "f1": 0.4748603351955307,
      "pre": 0.7870370370370371,
      "recall": 0.34,
      "auroc": 0.6392960000000001,
      "optimal_threshold": 0.45769938826560974,
      "tpr_at_fpr_0_01": 0.056,
      "fpr95": 0.824,
      "aupr": 0.6815557157083383
    },
    "layer_16": {
      "n_total": 500,
      "n_valid": 500,
      "n_val_total": 500,
      "n_val_valid": 500,
      "acc": 0.612,
      "f1": 0.4012345679012346,
      "pre": 0.8783783783783784,
      "recall": 0.26,
      "auroc": 0.633632,
      "optimal_threshold": 0.44487717747688293,
      "tpr_at_fpr_0_01": 0.06,
      "fpr95": 0.808,
      "aupr": 0.6850559243087275
    },
    "layer_17": {
      "n_total": 500,
      "n_valid": 500,
      "n_val_total": 500,
      "n_val_valid": 500,
      "acc": 0.648,
      "f1": 0.5,
      "pre": 0.8627450980392157,
      "recall": 0.352,
      "auroc": 0.6312000000000001,
      "optimal_threshold": 0.49900567531585693,
      "tpr_at_fpr_0_01": 0.06,
      "fpr95": 0.908,
      "aupr": 0.6950490643365952
    },
    "layer_18": {
      "n_total": 500,
      "n_valid": 500,
      "n_val_total": 500,
      "n_val_valid": 500,
      "acc": 0.634,
      "f1": 0.5246753246753246,
      "pre": 0.7481481481481481,
      "recall": 0.404,
      "auroc": 0.6168959999999999,
      "optimal_threshold": 0.5178409814834595,
      "tpr_at_fpr_0_01": 0.116,
      "fpr95": 0.844,
      "aupr": 0.6900279531470561
    },
    "layer_19": {
      "n_total": 500,
      "n_valid": 500,
      "n_val_total": 500,
      "n_val_valid": 500,
      "acc": 0.648,
      "f1": 0.5319148936170213,
      "pre": 0.7936507936507936,
      "recall": 0.4,
      "auroc": 0.62536,
      "optimal_threshold": 0.5744199752807617,
      "tpr_at_fpr_0_01": 0.176,
      "fpr95": 0.864,
      "aupr": 0.703723722840592
    },
    "layer_20": {
      "n_total": 500,
      "n_valid": 500,
      "n_val_total": 500,