{
  "args": {
    "model": "llama_8b",
    "dataset": "multisocial_en",
    "mode": "default",
    "token_mode": "last_token",
    "prefix": false,
    "smoke_test": false,
    "ood": [
      "multisocial_de",
      "multisocial_nl",
      "multisocial_pt",
      "multisocial_ar"
    ],
    "pca_components": 0,
    "normalize_scores": true,
    "manifold": false
  },
  "steering_domain": "multisocial_en",
  "eval_domain": "multisocial_ar",
  "n_samples": 500,
  "n_layers": 33,
  "metrics_per_layer": {
    "layer_1": {
      "n_total": 500,
      "n_valid": 500,
      "n_val_total": 500,
      "n_val_valid": 500,
      "acc": 0.646,
      "f1": 0.5203252032520326,
      "pre": 0.8067226890756303,
      "recall": 0.384,
      "auroc": 0.679656,
      "optimal_threshold": 0.49431419372558594,
      "tpr_at_fpr_0_01": 0.0,
      "fpr95": 0.856,
      "aupr": 0.7075214672122518
    },
    "layer_2": {
      "n_total": 500,
      "n_valid": 500,
      "n_val_total": 500,
      "n_val_valid": 500,
      "acc": 0.662,
      "f1": 0.5633074935400517,
      "pre": 0.7956204379562044,
      "recall": 0.436,
      "auroc": 0.671744,
      "optimal_threshold": 0.47316014766693115,
      "tpr_at_fpr_0_01": 0.156,
      "fpr95": 0.876,
      "aupr": 0.7221549368574841
    },
    "layer_3": {
      "n_total": 500,
      "n_valid": 500,
      "n_val_total": 500,
      "n_val_valid": 500,
      "acc": 0.664,
      "f1": 0.5602094240837696,
      "pre": 0.8106060606060606,
      "recall": 0.428,
      "auroc": 0.753536,
      "optimal_threshold": 0.4378127455711365,
      "tpr_at_fpr_0_01": 0.14,
      "fpr95": 0.712,
      "aupr": 0.764259124055743
    },
    "layer_4": {
      "n_total": 500,
      "n_valid": 500,
      "n_val_total": 500,
      "n_val_valid": 500,
      "acc": 0.656,
      "f1": 0.5401069518716578,
      "pre": 0.8145161290322581,
      "recall": 0.404,
      "auroc": 0.7454080000000001,
      "optimal_threshold": 0.5327383875846863,
      "tpr_at_fpr_0_01": 0.144,
      "fpr95": 0.884,
      "aupr": 0.7716237404320957
    },
    "layer_5": {
      "n_total": 500,
      "n_valid": 500,
      "n_val_total": 500,
      "n_val_valid": 500,
      "acc": 0.672,
      "f1": 0.5816326530612245,
      "pre": 0.8028169014084507,
      "recall": 0.456,
      "auroc": 0.7838719999999999,
      "optimal_threshold": 0.3700315058231354,
      "tpr_at_fpr_0_01": 0.124,
      "fpr95": 0.796,
      "aupr": 0.7867155741097596
    },
    "layer_6": {
      "n_total": 500,
      "n_valid": 500,
      "n_val_total": 500,
      "n_val_valid": 500,
      "acc": 0.682,
      "f1": 0.6034912718204489,
      "pre": 0.8013245033112583,
      "recall": 0.484,
      "auroc": 0.802864,
      "optimal_threshold": 0.34031593799591064,
      "tpr_at_fpr_0_01": 0.188,
      "fpr95": 0.856,
      "aupr": 0.8043920319420272
    },
    "layer_7": {
      "n_total": 500,
      "n_valid": 500,
      "n_val_total": 500,
      "n_val_valid": 500,
      "acc": 0.67,
      "f1": 0.5801526717557252,
      "pre": 0.7972027972027972,
      "recall": 0.456,
      "auroc": 0.7745439999999999,
      "optimal_threshold": 0.37648576498031616,
      "tpr_at_fpr_0_01": 0.168,
      "fpr95": 0.9,
      "aupr": 0.788512420839282
    },
    "layer_8": {
      "n_total": 500,
      "n_valid": 500,
      "n_val_total": 500,
      "n_val_valid": 500,
      "acc": 0.674,
      "f1": 0.5852417302798982,
      "pre": 0.8041958041958042,
      "recall": 0.46,
      "auroc": 0.794912,
      "optimal_threshold": 0.3940226137638092,
      "tpr_at_fpr_0_01": 0.1,
      "fpr95": 0.752,
      "aupr": 0.7934553895745089
    },
    "layer_9": {
      "n_total": 500,
      "n_valid": 500,
      "n_val_total": 500,
      "n_val_valid": 500,
      "acc": 0.672,
      "f1": 0.5816326530612245,
      "pre": 0.8028169014084507,
      "recall": 0.456,
      "auroc": 0.782384,
      "optimal_threshold": 0.4066927433013916,
      "tpr_at_fpr_0_01": 0.12,
      "fpr95": 0.808,
      "aupr": 0.7878258320803102
    },
    "layer_10": {
      "n_total": 500,
      "n_valid": 500,
      "n_val_total": 500,
      "n_val_valid": 500,
      "acc": 0.66,
      "f1": 0.5405405405405406,
      "pre": 0.8333333333333334,
      "recall": 0.4,
      "auroc": 0.768016,
      "optimal_threshold": 0.45729121565818787,
      "tpr_at_fpr_0_01": 0.14,
      "fpr95": 0.86,
      "aupr": 0.7840792124218655
    },
    "layer_11": {
      "n_total": 500,
      "n_valid": 500,
      "n_val_total": 500,
      "n_val_valid": 500,
      "acc": 0.674,
      "f1": 0.5788113695090439,
      "pre": 0.8175182481751825,
      "recall": 0.448,
      "auroc": 0.795152,
      "optimal_threshold": 0.38762810826301575,
      "tpr_at_fpr_0_01": 0.124,
      "fpr95": 0.788,
      "aupr": 0.8005118043312636
    },
    "layer_12": {
      "n_total": 500,
      "n_valid": 500,
      "n_val_total": 500,
      "n_val_valid": 500,
      "acc": 0.676,
      "f1": 0.5824742268041238,
      "pre": 0.8188405797101449,
      "recall": 0.452,
      "auroc": 0.78552,
      "optimal_threshold": 0.397163987159729,
      "tpr_at_fpr_0_01": 0.12,
      "fpr95": 0.828,
      "aupr": 0.7918781729233955
    },
    "layer_13": {
      "n_total": 500,
      "n_valid": 500,
      "n_val_total": 500,
      "n_val_valid": 500,
      "acc": 0.656,
      "f1": 0.5351351351351351,
      "pre": 0.825,
      "recall": 0.396,
      "auroc": 0.7589279999999999,
      "optimal_threshold": 0.43289870023727417,
      "tpr_at_fpr_0_01": 0.136,
      "fpr95": 0.82,
      "aupr": 0.7763621079463294
    },
    "layer_14": {
      "n_total": 500,
      "n_valid": 500,
      "n_val_total": 500,
      "n_val_valid": 500,
      "acc": 0.672,
      "f1": 0.5729166666666666,
      "pre": 0.8208955223880597,
      "recall": 0.44,
      "auroc": 0.752064,
      "optimal_threshold": 0.37489280104637146,
      "tpr_at_fpr_0_01": 0.144,
      "fpr95": 0.86,
      "aupr": 0.7739042230413464
    },
    "layer_15": {
      "n_total": 500,
      "n_valid": 500,
      "n_val_total": 500,
      "n_val_valid": 500,
      "acc": 0.678,
      "f1": 0.5818181818181818,
      "pre": 0.8296296296296296,
      "recall": 0.448,
      "auroc": 0.809296,
      "optimal_threshold": 0.35264939069747925,
      "tpr_at_fpr_0_01": 0.164,
      "fpr95": 0.756,
      "aupr": 0.8116877978197616
    },
    "layer_16": {
      "n_total": 500,
      "n_valid": 500,
      "n_val_total": 500,
      "n_val_valid": 500,
      "acc": 0.648,
      "f1": 0.5111111111111111,
      "pre": 0.8363636363636363,
      "recall": 0.368,
      "auroc": 0.8096319999999999,
      "optimal_threshold": 0.4146443009376526,
      "tpr_at_fpr_0_01": 0.16,
      "fpr95": 0.768,
      "aupr": 0.812625434772581
    },
    "layer_17": {
      "n_total": 500,
      "n_valid": 500,
      "n_val_total": 500,
      "n_val_valid": 500,
      "acc": 0.672,
      "f1": 0.5706806282722513,
      "pre": 0.8257575757575758,
      "recall": 0.436,
      "auroc": 0.7989280000000001,
      "optimal_threshold": 0.33341291546821594,
      "tpr_at_fpr_0_01": 0.196,
      "fpr95": 0.776,
      "aupr": 0.8078761821530527
    },
    "layer_18": {
      "n_total": 500,
      "n_valid": 500,
      "n_val_total": 500,
      "n_val_valid": 500,
      "acc": 0.66,
      "f1": 0.5380434782608695,
      "pre": 0.8389830508474576,
      "recall": 0.396,
      "auroc": 0.792496,
      "optimal_threshold": 0.3603631854057312,
      "tpr_at_fpr_0_01": 0.164,
      "fpr95": 0.784,
      "aupr": 0.807789033360861
    },
    "layer_19": {
      "n_total": 500,
      "n_valid": 500,
      "n_val_total": 500,
      "n_val_valid": 500,
      "acc": 0.708,
      "f1": 0.635,
      "pre": 0.8466666666666667,
      "recall": 0.508,
      "auroc": 0.7894080000000001,
      "optimal_threshold": 0.2859920263290405,
      "tpr_at_fpr_0_01": 0.144,
      "fpr95": 0.824,
      "aupr": 0.8051836128367342
    },
    "layer_20": {
      "n_total": 500,
      "n_valid": 500,
      "n_val_total": 500,