{
  "args": {
    "model": "llama_8b",
    "dataset": "tsm_paras_en_first_gpt4o",
    "mode": "default",
    "token_mode": "last_token",
    "prefix": false,
    "smoke_test": false,
    "ood": [
      "tsm_paras_en_first_gemini",
      "tsm_paras_en_first_deepseek",
      "tsm_paras_pt_first_gpt4o",
      "tsm_paras_pt_first_gemini",
      "tsm_paras_pt_first_deepseek",
      "tsm_paras_vi_first_gpt4o",
      "tsm_paras_vi_first_gemini",
      "tsm_paras_vi_first_deepseek"
    ],
    "pca_components": 0,
    "normalize_scores": true,
    "ablation_set": "human",
    "manifold": false
  },
  "steering_domain": "tsm_paras_en_first_gpt4o",
  "eval_domain": "tsm_paras_pt_first_gemini",
  "n_samples": 500,
  "n_layers": 33,
  "metrics_per_layer": {
    "layer_1": {
      "n_total": 500,
      "n_valid": 500,
      "n_val_total": 500,
      "n_val_valid": 500,
      "acc": 0.52,
      "f1": 0.654178674351585,
      "pre": 0.5112612612612613,
      "recall": 0.908,
      "auroc": 0.5261680000000001,
      "optimal_threshold": 0.8834354877471924,
      "tpr_at_fpr_0_01": 0.016,
      "fpr95": 0.948,
      "aupr": 0.5185599682641936
    },
    "layer_2": {
      "n_total": 500,
      "n_valid": 500,
      "n_val_total": 500,
      "n_val_valid": 500,
      "acc": 0.478,
      "f1": 0.1607717041800643,
      "pre": 0.4098360655737705,
      "recall": 0.1,
      "auroc": 0.48337600000000003,
      "optimal_threshold": 0.6934412717819214,
      "tpr_at_fpr_0_01": 0.004,
      "fpr95": 0.952,
      "aupr": 0.4793751062672995
    },
    "layer_3": {
      "n_total": 500,
      "n_valid": 500,
      "n_val_total": 500,
      "n_val_valid": 500,
      "acc": 0.488,
      "f1": 0.152317880794702,
      "pre": 0.4423076923076923,
      "recall": 0.092,
      "auroc": 0.464496,
      "optimal_threshold": 0.5666473507881165,
      "tpr_at_fpr_0_01": 0.012,
      "fpr95": 0.948,
      "aupr": 0.47892435671553624
    },
    "layer_4": {
      "n_total": 500,
      "n_valid": 500,
      "n_val_total": 500,
      "n_val_valid": 500,
      "acc": 0.512,
      "f1": 0.05426356589147287,
      "pre": 0.875,
      "recall": 0.028,
      "auroc": 0.5190239999999999,
      "optimal_threshold": 0.6535915732383728,
      "tpr_at_fpr_0_01": 0.028,
      "fpr95": 0.908,
      "aupr": 0.5333058443687366
    },
    "layer_5": {
      "n_total": 500,
      "n_valid": 500,
      "n_val_total": 500,
      "n_val_valid": 500,
      "acc": 0.544,
      "f1": 0.21379310344827587,
      "pre": 0.775,
      "recall": 0.124,
      "auroc": 0.632032,
      "optimal_threshold": 0.4966926574707031,
      "tpr_at_fpr_0_01": 0.056,
      "fpr95": 0.92,
      "aupr": 0.6391918196514016
    },
    "layer_6": {
      "n_total": 500,
      "n_valid": 500,
      "n_val_total": 500,
      "n_val_valid": 500,
      "acc": 0.55,
      "f1": 0.2049469964664311,
      "pre": 0.8787878787878788,
      "recall": 0.116,
      "auroc": 0.704272,
      "optimal_threshold": 0.4498351514339447,
      "tpr_at_fpr_0_01": 0.068,
      "fpr95": 0.856,
      "aupr": 0.7105524076104828
    },
    "layer_7": {
      "n_total": 500,
      "n_valid": 500,
      "n_val_total": 500,
      "n_val_valid": 500,
      "acc": 0.556,
      "f1": 0.24489795918367346,
      "pre": 0.8181818181818182,
      "recall": 0.144,
      "auroc": 0.689344,
      "optimal_threshold": 0.4726249575614929,
      "tpr_at_fpr_0_01": 0.068,
      "fpr95": 0.844,
      "aupr": 0.6871909670457597
    },
    "layer_8": {
      "n_total": 500,
      "n_valid": 500,
      "n_val_total": 500,
      "n_val_valid": 500,
      "acc": 0.568,
      "f1": 0.29411764705882354,
      "pre": 0.8035714285714286,
      "recall": 0.18,
      "auroc": 0.6742239999999999,
      "optimal_threshold": 0.45125308632850647,
      "tpr_at_fpr_0_01": 0.06,
      "fpr95": 0.852,
      "aupr": 0.6802794523962168
    },
    "layer_9": {
      "n_total": 500,
      "n_valid": 500,
      "n_val_total": 500,
      "n_val_valid": 500,
      "acc": 0.55,
      "f1": 0.2902208201892745,
      "pre": 0.6865671641791045,
      "recall": 0.184,
      "auroc": 0.63896,
      "optimal_threshold": 0.42722517251968384,
      "tpr_at_fpr_0_01": 0.052,
      "fpr95": 0.896,
      "aupr": 0.6438552045748736
    },
    "layer_10": {
      "n_total": 500,
      "n_valid": 500,
      "n_val_total": 500,
      "n_val_valid": 500,
      "acc": 0.55,
      "f1": 0.24242424242424243,
      "pre": 0.7659574468085106,
      "recall": 0.144,
      "auroc": 0.64848,
      "optimal_threshold": 0.42672470211982727,
      "tpr_at_fpr_0_01": 0.06,
      "fpr95": 0.888,
      "aupr": 0.6570598994700261
    },
    "layer_11": {
      "n_total": 500,
      "n_valid": 500,
      "n_val_total": 500,
      "n_val_valid": 500,
      "acc": 0.59,
      "f1": 0.3573667711598746,
      "pre": 0.8260869565217391,
      "recall": 0.228,
      "auroc": 0.7207520000000001,
      "optimal_threshold": 0.3783377707004547,
      "tpr_at_fpr_0_01": 0.104,
      "fpr95": 0.792,
      "aupr": 0.73287248778067
    },
    "layer_12": {
      "n_total": 500,
      "n_valid": 500,
      "n_val_total": 500,
      "n_val_valid": 500,
      "acc": 0.592,
      "f1": 0.38181818181818183,
      "pre": 0.7875,
      "recall": 0.252,
      "auroc": 0.7015840000000001,
      "optimal_threshold": 0.3674197494983673,
      "tpr_at_fpr_0_01": 0.116,
      "fpr95": 0.812,
      "aupr": 0.714623246895302
    },
    "layer_13": {
      "n_total": 500,
      "n_valid": 500,
      "n_val_total": 500,
      "n_val_valid": 500,
      "acc": 0.576,
      "f1": 0.3375,
      "pre": 0.7714285714285715,
      "recall": 0.216,
      "auroc": 0.697392,
      "optimal_threshold": 0.35800084471702576,
      "tpr_at_fpr_0_01": 0.104,
      "fpr95": 0.828,
      "aupr": 0.7139947299679377
    },
    "layer_14": {
      "n_total": 500,
      "n_valid": 500,
      "n_val_total": 500,
      "n_val_valid": 500,
      "acc": 0.586,
      "f1": 0.35514018691588783,
      "pre": 0.8028169014084507,
      "recall": 0.228,
      "auroc": 0.693168,
      "optimal_threshold": 0.35261377692222595,
      "tpr_at_fpr_0_01": 0.088,
      "fpr95": 0.892,
      "aupr": 0.7078983843456987
    },
    "layer_15": {
      "n_total": 500,
      "n_valid": 500,
      "n_val_total": 500,
      "n_val_valid": 500,
      "acc": 0.582,
      "f1": 0.3102310231023102,
      "pre": 0.8867924528301887,
      "recall": 0.188,
      "auroc": 0.719216,
      "optimal_threshold": 0.33502939343452454,
      "tpr_at_fpr_0_01": 0.112,
      "fpr95": 0.832,
      "aupr": 0.7301480070399993
    },
    "layer_16": {
      "n_total": 500,
      "n_valid": 500,
      "n_val_total": 500,
      "n_val_valid": 500,
      "acc": 0.578,
      "f1": 0.33015873015873015,
      "pre": 0.8,
      "recall": 0.208,
      "auroc": 0.705696,
      "optimal_threshold": 0.3354555070400238,
      "tpr_at_fpr_0_01": 0.116,
      "fpr95": 0.832,
      "aupr": 0.7108370606768972
    },
    "layer_17": {
      "n_total": 500,
      "n_valid": 500,
      "n_val_total": 500,
      "n_val_valid": 500,
      "acc": 0.59,
      "f1": 0.3450479233226837,
      "pre": 0.8571428571428571,
      "recall": 0.216,
      "auroc": 0.7314719999999999,
      "optimal_threshold": 0.4015186131000519,
      "tpr_at_fpr_0_01": 0.096,
      "fpr95": 0.756,
      "aupr": 0.7421309629841054
    },
    "layer_18": {
      "n_total": 500,
      "n_valid": 500,
      "n_val_total": 500,
      "n_val_valid": 500,
      "acc": 0.63,
      "f1": 0.5066666666666667,
      "pre": 0.76,
      "recall": 0.38,
      "auroc": 0.7305599999999999,
      "optimal_threshold": 0.33600687980651855,
      "tpr_at_fpr_0_01": 0.1,
      "fpr95": 0.78,
      "aupr": 0.7353273860639966
    },
    "layer_19": {
      "n_total": 500,
      "n_valid": 500,
      "n_val_total": 500,
      "n_val_valid": 500,
      "acc": 0.6,
      "f1": 0.37888198757763975,
      "pre": 0.8472222222222222,
      "recall": 0.244,
      "auroc": 0.75064,