{
  "args": {
    "model": "llama_8b",
    "dataset": "tsm_paras_en_first_gpt4o",
    "mode": "default",
    "token_mode": "last_token",
    "prefix": false,
    "smoke_test": false,
    "ood": [
      "tsm_paras_en_first_gemini",
      "tsm_paras_en_first_deepseek",
      "tsm_paras_pt_first_gpt4o",
      "tsm_paras_pt_first_gemini",
      "tsm_paras_pt_first_deepseek",
      "tsm_paras_vi_first_gpt4o",
      "tsm_paras_vi_first_gemini",
      "tsm_paras_vi_first_deepseek"
    ],
    "pca_components": 0,
    "normalize_scores": true,
    "ablation_set": "human",
    "manifold": false
  },
  "steering_domain": "tsm_paras_en_first_gpt4o",
  "eval_domain": "tsm_paras_en_first_gemini",
  "n_samples": 500,
  "n_layers": 33,
  "metrics_per_layer": {
    "layer_1": {
      "n_total": 500,
      "n_valid": 500,
      "n_val_total": 500,
      "n_val_valid": 500,
      "acc": 0.536,
      "f1": 0.6685714285714286,
      "pre": 0.52,
      "recall": 0.936,
      "auroc": 0.540112,
      "optimal_threshold": 0.8834354877471924,
      "tpr_at_fpr_0_01": 0.008,
      "fpr95": 0.944,
      "aupr": 0.5232949425758332
    },
    "layer_2": {
      "n_total": 500,
      "n_valid": 500,
      "n_val_total": 500,
      "n_val_valid": 500,
      "acc": 0.51,
      "f1": 0.36363636363636365,
      "pre": 0.5185185185185185,
      "recall": 0.28,
      "auroc": 0.545104,
      "optimal_threshold": 0.6934412717819214,
      "tpr_at_fpr_0_01": 0.044,
      "fpr95": 0.892,
      "aupr": 0.5439868790187403
    },
    "layer_3": {
      "n_total": 500,
      "n_valid": 500,
      "n_val_total": 500,
      "n_val_valid": 500,
      "acc": 0.504,
      "f1": 0.35751295336787564,
      "pre": 0.5073529411764706,
      "recall": 0.276,
      "auroc": 0.52872,
      "optimal_threshold": 0.5666473507881165,
      "tpr_at_fpr_0_01": 0.028,
      "fpr95": 0.932,
      "aupr": 0.5374337248355601
    },
    "layer_4": {
      "n_total": 500,
      "n_valid": 500,
      "n_val_total": 500,
      "n_val_valid": 500,
      "acc": 0.53,
      "f1": 0.2586750788643533,
      "pre": 0.6119402985074627,
      "recall": 0.164,
      "auroc": 0.538608,
      "optimal_threshold": 0.6535915732383728,
      "tpr_at_fpr_0_01": 0.06,
      "fpr95": 0.92,
      "aupr": 0.5681733473038215
    },
    "layer_5": {
      "n_total": 500,
      "n_valid": 500,
      "n_val_total": 500,
      "n_val_valid": 500,
      "acc": 0.62,
      "f1": 0.5077720207253886,
      "pre": 0.7205882352941176,
      "recall": 0.392,
      "auroc": 0.6598080000000001,
      "optimal_threshold": 0.4966926574707031,
      "tpr_at_fpr_0_01": 0.108,
      "fpr95": 0.872,
      "aupr": 0.6927836444411382
    },
    "layer_6": {
      "n_total": 500,
      "n_valid": 500,
      "n_val_total": 500,
      "n_val_valid": 500,
      "acc": 0.678,
      "f1": 0.5944584382871536,
      "pre": 0.8027210884353742,
      "recall": 0.472,
      "auroc": 0.743584,
      "optimal_threshold": 0.4498351514339447,
      "tpr_at_fpr_0_01": 0.184,
      "fpr95": 0.824,
      "aupr": 0.7751610231285018
    },
    "layer_7": {
      "n_total": 500,
      "n_valid": 500,
      "n_val_total": 500,
      "n_val_valid": 500,
      "acc": 0.632,
      "f1": 0.4888888888888889,
      "pre": 0.8,
      "recall": 0.352,
      "auroc": 0.725488,
      "optimal_threshold": 0.4726249575614929,
      "tpr_at_fpr_0_01": 0.128,
      "fpr95": 0.848,
      "aupr": 0.7525167576465244
    },
    "layer_8": {
      "n_total": 500,
      "n_valid": 500,
      "n_val_total": 500,
      "n_val_valid": 500,
      "acc": 0.652,
      "f1": 0.5396825396825397,
      "pre": 0.796875,
      "recall": 0.408,
      "auroc": 0.6950240000000001,
      "optimal_threshold": 0.45125308632850647,
      "tpr_at_fpr_0_01": 0.16,
      "fpr95": 0.896,
      "aupr": 0.7264841190504814
    },
    "layer_9": {
      "n_total": 500,
      "n_valid": 500,
      "n_val_total": 500,
      "n_val_valid": 500,
      "acc": 0.626,
      "f1": 0.5117493472584856,
      "pre": 0.7368421052631579,
      "recall": 0.392,
      "auroc": 0.6806399999999999,
      "optimal_threshold": 0.42722517251968384,
      "tpr_at_fpr_0_01": 0.112,
      "fpr95": 0.896,
      "aupr": 0.7047099629468916
    },
    "layer_10": {
      "n_total": 500,
      "n_valid": 500,
      "n_val_total": 500,
      "n_val_valid": 500,
      "acc": 0.618,
      "f1": 0.45272206303724927,
      "pre": 0.797979797979798,
      "recall": 0.316,
      "auroc": 0.6857599999999999,
      "optimal_threshold": 0.42672470211982727,
      "tpr_at_fpr_0_01": 0.124,
      "fpr95": 0.912,
      "aupr": 0.7104497069893818
    },
    "layer_11": {
      "n_total": 500,
      "n_valid": 500,
      "n_val_total": 500,
      "n_val_valid": 500,
      "acc": 0.702,
      "f1": 0.6265664160401002,
      "pre": 0.8389261744966443,
      "recall": 0.5,
      "auroc": 0.7935519999999999,
      "optimal_threshold": 0.3783377707004547,
      "tpr_at_fpr_0_01": 0.224,
      "fpr95": 0.768,
      "aupr": 0.8138249853320102
    },
    "layer_12": {
      "n_total": 500,
      "n_valid": 500,
      "n_val_total": 500,
      "n_val_valid": 500,
      "acc": 0.69,
      "f1": 0.6115288220551378,
      "pre": 0.8187919463087249,
      "recall": 0.488,
      "auroc": 0.7698719999999999,
      "optimal_threshold": 0.3674197494983673,
      "tpr_at_fpr_0_01": 0.196,
      "fpr95": 0.772,
      "aupr": 0.7885788422269232
    },
    "layer_13": {
      "n_total": 500,
      "n_valid": 500,
      "n_val_total": 500,
      "n_val_valid": 500,
      "acc": 0.692,
      "f1": 0.6130653266331658,
      "pre": 0.8243243243243243,
      "recall": 0.488,
      "auroc": 0.776592,
      "optimal_threshold": 0.35800084471702576,
      "tpr_at_fpr_0_01": 0.196,
      "fpr95": 0.76,
      "aupr": 0.798029693529391
    },
    "layer_14": {
      "n_total": 500,
      "n_valid": 500,
      "n_val_total": 500,
      "n_val_valid": 500,
      "acc": 0.686,
      "f1": 0.596401028277635,
      "pre": 0.8345323741007195,
      "recall": 0.464,
      "auroc": 0.765552,
      "optimal_threshold": 0.35261377692222595,
      "tpr_at_fpr_0_01": 0.176,
      "fpr95": 0.824,
      "aupr": 0.7909927486006
    },
    "layer_15": {
      "n_total": 500,
      "n_valid": 500,
      "n_val_total": 500,
      "n_val_valid": 500,
      "acc": 0.686,
      "f1": 0.583554376657825,
      "pre": 0.8661417322834646,
      "recall": 0.44,
      "auroc": 0.795808,
      "optimal_threshold": 0.33502939343452454,
      "tpr_at_fpr_0_01": 0.228,
      "fpr95": 0.8,
      "aupr": 0.8178773877624503
    },
    "layer_16": {
      "n_total": 500,
      "n_valid": 500,
      "n_val_total": 500,
      "n_val_valid": 500,
      "acc": 0.7,
      "f1": 0.6153846153846154,
      "pre": 0.8571428571428571,
      "recall": 0.48,
      "auroc": 0.796576,
      "optimal_threshold": 0.3354555070400238,
      "tpr_at_fpr_0_01": 0.22,
      "fpr95": 0.768,
      "aupr": 0.8173914324856204
    },
    "layer_17": {
      "n_total": 500,
      "n_valid": 500,
      "n_val_total": 500,
      "n_val_valid": 500,
      "acc": 0.706,
      "f1": 0.6259541984732825,
      "pre": 0.8601398601398601,
      "recall": 0.492,
      "auroc": 0.812384,
      "optimal_threshold": 0.4015186131000519,
      "tpr_at_fpr_0_01": 0.268,
      "fpr95": 0.784,
      "aupr": 0.8336396484867148
    },
    "layer_18": {
      "n_total": 500,
      "n_valid": 500,
      "n_val_total": 500,
      "n_val_valid": 500,
      "acc": 0.744,
      "f1": 0.7205240174672489,
      "pre": 0.7932692307692307,
      "recall": 0.66,
      "auroc": 0.8136800000000001,
      "optimal_threshold": 0.33600687980651855,
      "tpr_at_fpr_0_01": 0.308,
      "fpr95": 0.816,
      "aupr": 0.8373416571356793
    },
    "layer_19": {
      "n_total": 500,
      "n_valid": 500,
      "n_val_total": 500,
      "n_val_valid": 500,
      "acc": 0.756,
      "f1": 0.7201834862385321,
      "pre": 0.8440860215053764,
      "recall": 0.628,
      "auroc": 0.8305279999999999,