{
  "args": {
    "model": "llama_8b",
    "dataset": "tsm_paras_en_first_gpt4o",
    "mode": "default",
    "token_mode": "last_token",
    "prefix": false,
    "smoke_test": false,
    "ood": [
      "tsm_sums_en_gemini",
      "tsm_sums_en_deepseek",
      "tsm_sums_pt_gpt4o",
      "tsm_sums_pt_gemini",
      "tsm_sums_pt_deepseek",
      "tsm_sums_vi_gpt4o",
      "tsm_sums_vi_gemini",
      "tsm_sums_vi_deepseek"
    ],
    "pca_components": 0,
    "normalize_scores": true,
    "ablation_set": "human",
    "manifold": false
  },
  "steering_domain": "tsm_paras_en_first_gpt4o",
  "eval_domain": "tsm_sums_pt_gemini",
  "n_samples": 500,
  "n_layers": 33,
  "metrics_per_layer": {
    "layer_1": {
      "n_total": 500,
      "n_valid": 500,
      "n_val_total": 500,
      "n_val_valid": 500,
      "acc": 0.512,
      "f1": 0.6639118457300276,
      "pre": 0.5063025210084033,
      "recall": 0.964,
      "auroc": 0.51924,
      "optimal_threshold": 0.8834354877471924,
      "tpr_at_fpr_0_01": 0.016,
      "fpr95": 0.94,
      "aupr": 0.5140073040086006
    },
    "layer_2": {
      "n_total": 500,
      "n_valid": 500,
      "n_val_total": 500,
      "n_val_valid": 500,
      "acc": 0.472,
      "f1": 0.12582781456953643,
      "pre": 0.36538461538461536,
      "recall": 0.076,
      "auroc": 0.463104,
      "optimal_threshold": 0.6934412717819214,
      "tpr_at_fpr_0_01": 0.008,
      "fpr95": 0.908,
      "aupr": 0.4629430104551478
    },
    "layer_3": {
      "n_total": 500,
      "n_valid": 500,
      "n_val_total": 500,
      "n_val_valid": 500,
      "acc": 0.496,
      "f1": 0.10638297872340426,
      "pre": 0.46875,
      "recall": 0.06,
      "auroc": 0.45819200000000004,
      "optimal_threshold": 0.5666473507881165,
      "tpr_at_fpr_0_01": 0.0,
      "fpr95": 0.924,
      "aupr": 0.4700430322530319
    },
    "layer_4": {
      "n_total": 500,
      "n_valid": 500,
      "n_val_total": 500,
      "n_val_valid": 500,
      "acc": 0.5,
      "f1": 0.015748031496062992,
      "pre": 0.5,
      "recall": 0.008,
      "auroc": 0.450816,
      "optimal_threshold": 0.6535915732383728,
      "tpr_at_fpr_0_01": 0.008,
      "fpr95": 0.932,
      "aupr": 0.4741306169121112
    },
    "layer_5": {
      "n_total": 500,
      "n_valid": 500,
      "n_val_total": 500,
      "n_val_valid": 500,
      "acc": 0.51,
      "f1": 0.07547169811320754,
      "pre": 0.6666666666666666,
      "recall": 0.04,
      "auroc": 0.5507040000000001,
      "optimal_threshold": 0.4966926574707031,
      "tpr_at_fpr_0_01": 0.028,
      "fpr95": 0.928,
      "aupr": 0.567973129035068
    },
    "layer_6": {
      "n_total": 500,
      "n_valid": 500,
      "n_val_total": 500,
      "n_val_valid": 500,
      "acc": 0.534,
      "f1": 0.14652014652014653,
      "pre": 0.8695652173913043,
      "recall": 0.08,
      "auroc": 0.5879840000000001,
      "optimal_threshold": 0.4498351514339447,
      "tpr_at_fpr_0_01": 0.076,
      "fpr95": 0.928,
      "aupr": 0.6129417866995118
    },
    "layer_7": {
      "n_total": 500,
      "n_valid": 500,
      "n_val_total": 500,
      "n_val_valid": 500,
      "acc": 0.53,
      "f1": 0.16370106761565836,
      "pre": 0.7419354838709677,
      "recall": 0.092,
      "auroc": 0.590624,
      "optimal_threshold": 0.4726249575614929,
      "tpr_at_fpr_0_01": 0.06,
      "fpr95": 0.948,
      "aupr": 0.6161461611207928
    },
    "layer_8": {
      "n_total": 500,
      "n_valid": 500,
      "n_val_total": 500,
      "n_val_valid": 500,
      "acc": 0.55,
      "f1": 0.26229508196721313,
      "pre": 0.7272727272727273,
      "recall": 0.16,
      "auroc": 0.5817760000000001,
      "optimal_threshold": 0.45125308632850647,
      "tpr_at_fpr_0_01": 0.056,
      "fpr95": 0.952,
      "aupr": 0.6138526658623138
    },
    "layer_9": {
      "n_total": 500,
      "n_valid": 500,
      "n_val_total": 500,
      "n_val_valid": 500,
      "acc": 0.558,
      "f1": 0.2984126984126984,
      "pre": 0.7230769230769231,
      "recall": 0.188,
      "auroc": 0.566048,
      "optimal_threshold": 0.42722517251968384,
      "tpr_at_fpr_0_01": 0.068,
      "fpr95": 0.956,
      "aupr": 0.6085240441307223
    },
    "layer_10": {
      "n_total": 500,
      "n_valid": 500,
      "n_val_total": 500,
      "n_val_valid": 500,
      "acc": 0.552,
      "f1": 0.28662420382165604,
      "pre": 0.703125,
      "recall": 0.18,
      "auroc": 0.574528,
      "optimal_threshold": 0.42672470211982727,
      "tpr_at_fpr_0_01": 0.1,
      "fpr95": 0.928,
      "aupr": 0.6173065194794791
    },
    "layer_11": {
      "n_total": 500,
      "n_valid": 500,
      "n_val_total": 500,
      "n_val_valid": 500,
      "acc": 0.56,
      "f1": 0.2857142857142857,
      "pre": 0.7586206896551724,
      "recall": 0.176,
      "auroc": 0.6394880000000001,
      "optimal_threshold": 0.3783377707004547,
      "tpr_at_fpr_0_01": 0.108,
      "fpr95": 0.904,
      "aupr": 0.658863053576116
    },
    "layer_12": {
      "n_total": 500,
      "n_valid": 500,
      "n_val_total": 500,
      "n_val_valid": 500,
      "acc": 0.552,
      "f1": 0.3212121212121212,
      "pre": 0.6625,
      "recall": 0.212,
      "auroc": 0.6047359999999999,
      "optimal_threshold": 0.3674197494983673,
      "tpr_at_fpr_0_01": 0.08,
      "fpr95": 0.9,
      "aupr": 0.6246608110391911
    },
    "layer_13": {
      "n_total": 500,
      "n_valid": 500,
      "n_val_total": 500,
      "n_val_valid": 500,
      "acc": 0.562,
      "f1": 0.2958199356913183,
      "pre": 0.7540983606557377,
      "recall": 0.184,
      "auroc": 0.6222399999999999,
      "optimal_threshold": 0.35800084471702576,
      "tpr_at_fpr_0_01": 0.096,
      "fpr95": 0.932,
      "aupr": 0.646773683198729
    },
    "layer_14": {
      "n_total": 500,
      "n_valid": 500,
      "n_val_total": 500,
      "n_val_valid": 500,
      "acc": 0.55,
      "f1": 0.28115015974440893,
      "pre": 0.6984126984126984,
      "recall": 0.176,
      "auroc": 0.6133440000000001,
      "optimal_threshold": 0.35261377692222595,
      "tpr_at_fpr_0_01": 0.096,
      "fpr95": 0.892,
      "aupr": 0.6371456308642793
    },
    "layer_15": {
      "n_total": 500,
      "n_valid": 500,
      "n_val_total": 500,
      "n_val_valid": 500,
      "acc": 0.554,
      "f1": 0.21201413427561838,
      "pre": 0.9090909090909091,
      "recall": 0.12,
      "auroc": 0.623712,
      "optimal_threshold": 0.33502939343452454,
      "tpr_at_fpr_0_01": 0.112,
      "fpr95": 0.88,
      "aupr": 0.6524307467551814
    },
    "layer_16": {
      "n_total": 500,
      "n_valid": 500,
      "n_val_total": 500,
      "n_val_valid": 500,
      "acc": 0.56,
      "f1": 0.2413793103448276,
      "pre": 0.875,
      "recall": 0.14,
      "auroc": 0.629408,
      "optimal_threshold": 0.3354555070400238,
      "tpr_at_fpr_0_01": 0.132,
      "fpr95": 0.9,
      "aupr": 0.6647259096761124
    },
    "layer_17": {
      "n_total": 500,
      "n_valid": 500,
      "n_val_total": 500,
      "n_val_valid": 500,
      "acc": 0.534,
      "f1": 0.14022140221402213,
      "pre": 0.9047619047619048,
      "recall": 0.076,
      "auroc": 0.625216,
      "optimal_threshold": 0.4015186131000519,
      "tpr_at_fpr_0_01": 0.084,
      "fpr95": 0.928,
      "aupr": 0.6428421827337294
    },
    "layer_18": {
      "n_total": 500,
      "n_valid": 500,
      "n_val_total": 500,
      "n_val_valid": 500,
      "acc": 0.564,
      "f1": 0.2967741935483871,
      "pre": 0.7666666666666667,
      "recall": 0.184,
      "auroc": 0.6396,
      "optimal_threshold": 0.33600687980651855,
      "tpr_at_fpr_0_01": 0.096,
      "fpr95": 0.94,
      "aupr": 0.653575753089908
    },
    "layer_19": {
      "n_total": 500,
      "n_valid": 500,
      "n_val_total": 500,
      "n_val_valid": 500,
      "acc": 0.526,
      "f1": 0.11895910780669144,
      "pre": 0.8421052631578947,
      "recall": 0.064,
      "auroc": 0.6400319999999999,
      "optimal_threshold": 0.3986956477165222,