{
  "args": {
    "model": "llama_8b",
    "dataset": "tsm_paras_en_first_gpt4o",
    "mode": "default",
    "token_mode": "last_token",
    "prefix": false,
    "smoke_test": false,
    "ood": [
      "tsm_sums_en_gemini",
      "tsm_sums_en_deepseek",
      "tsm_sums_pt_gpt4o",
      "tsm_sums_pt_gemini",
      "tsm_sums_pt_deepseek",
      "tsm_sums_vi_gpt4o",
      "tsm_sums_vi_gemini",
      "tsm_sums_vi_deepseek"
    ],
    "pca_components": 0,
    "normalize_scores": true,
    "ablation_set": "human",
    "manifold": false
  },
  "steering_domain": "tsm_paras_en_first_gpt4o",
  "eval_domain": "tsm_sums_pt_gpt4o",
  "n_samples": 458,
  "n_layers": 33,
  "metrics_per_layer": {
    "layer_1": {
      "n_total": 458,
      "n_valid": 458,
      "n_val_total": 500,
      "n_val_valid": 500,
      "acc": 0.5327510917030568,
      "f1": 0.672782874617737,
      "pre": 0.5176470588235295,
      "recall": 0.9606986899563319,
      "auroc": 0.5419900459564082,
      "optimal_threshold": 0.8834354877471924,
      "tpr_at_fpr_0_01": 0.021834061135371178,
      "fpr95": 0.8951965065502183,
      "aupr": 0.5275457747628817
    },
    "layer_2": {
      "n_total": 458,
      "n_valid": 458,
      "n_val_total": 500,
      "n_val_valid": 500,
      "acc": 0.5327510917030568,
      "f1": 0.27702702702702703,
      "pre": 0.6119402985074627,
      "recall": 0.17903930131004367,
      "auroc": 0.6345798135047004,
      "optimal_threshold": 0.6934412717819214,
      "tpr_at_fpr_0_01": 0.013100436681222707,
      "fpr95": 0.8602620087336245,
      "aupr": 0.5897305197858349
    },
    "layer_3": {
      "n_total": 458,
      "n_valid": 458,
      "n_val_total": 500,
      "n_val_valid": 500,
      "acc": 0.5567685589519651,
      "f1": 0.3164983164983165,
      "pre": 0.6911764705882353,
      "recall": 0.2052401746724891,
      "auroc": 0.6601323392002442,
      "optimal_threshold": 0.5666473507881165,
      "tpr_at_fpr_0_01": 0.03056768558951965,
      "fpr95": 0.8602620087336245,
      "aupr": 0.6429219490534399
    },
    "layer_4": {
      "n_total": 458,
      "n_valid": 458,
      "n_val_total": 500,
      "n_val_valid": 500,
      "acc": 0.5458515283842795,
      "f1": 0.1875,
      "pre": 0.8888888888888888,
      "recall": 0.10480349344978165,
      "auroc": 0.6818329169924295,
      "optimal_threshold": 0.6535915732383728,
      "tpr_at_fpr_0_01": 0.0611353711790393,
      "fpr95": 0.8558951965065502,
      "aupr": 0.6951564411159136
    },
    "layer_5": {
      "n_total": 458,
      "n_valid": 458,
      "n_val_total": 500,
      "n_val_valid": 500,
      "acc": 0.6855895196506551,
      "f1": 0.5688622754491018,
      "pre": 0.9047619047619048,
      "recall": 0.4148471615720524,
      "auroc": 0.840487404893118,
      "optimal_threshold": 0.4966926574707031,
      "tpr_at_fpr_0_01": 0.2838427947598253,
      "fpr95": 0.5764192139737991,
      "aupr": 0.8497092705026511
    },
    "layer_6": {
      "n_total": 458,
      "n_valid": 458,
      "n_val_total": 500,
      "n_val_valid": 500,
      "acc": 0.777292576419214,
      "f1": 0.7272727272727273,
      "pre": 0.9379310344827586,
      "recall": 0.5938864628820961,
      "auroc": 0.8830685913693485,
      "optimal_threshold": 0.4498351514339447,
      "tpr_at_fpr_0_01": 0.3624454148471616,
      "fpr95": 0.5633187772925764,
      "aupr": 0.8991180239718074
    },
    "layer_7": {
      "n_total": 458,
      "n_valid": 458,
      "n_val_total": 500,
      "n_val_valid": 500,
      "acc": 0.7816593886462883,
      "f1": 0.7422680412371134,
      "pre": 0.9056603773584906,
      "recall": 0.62882096069869,
      "auroc": 0.8730001334833432,
      "optimal_threshold": 0.4726249575614929,
      "tpr_at_fpr_0_01": 0.37117903930131,
      "fpr95": 0.5938864628820961,
      "aupr": 0.8939554525573139
    },
    "layer_8": {
      "n_total": 458,
      "n_valid": 458,
      "n_val_total": 500,
      "n_val_valid": 500,
      "acc": 0.7947598253275109,
      "f1": 0.7696078431372549,
      "pre": 0.8770949720670391,
      "recall": 0.6855895196506551,
      "auroc": 0.8609866325966324,
      "optimal_threshold": 0.45125308632850647,
      "tpr_at_fpr_0_01": 0.37554585152838427,
      "fpr95": 0.6069868995633187,
      "aupr": 0.8819094405117984
    },
    "layer_9": {
      "n_total": 458,
      "n_valid": 458,
      "n_val_total": 500,
      "n_val_valid": 500,
      "acc": 0.7991266375545851,
      "f1": 0.780952380952381,
      "pre": 0.8586387434554974,
      "recall": 0.7161572052401747,
      "auroc": 0.8582406895368128,
      "optimal_threshold": 0.42722517251968384,
      "tpr_at_fpr_0_01": 0.22707423580786026,
      "fpr95": 0.6768558951965066,
      "aupr": 0.8738456979871939
    },
    "layer_10": {
      "n_total": 458,
      "n_valid": 458,
      "n_val_total": 500,
      "n_val_valid": 500,
      "acc": 0.7707423580786026,
      "f1": 0.7540983606557377,
      "pre": 0.8131313131313131,
      "recall": 0.7030567685589519,
      "auroc": 0.8573253751835397,
      "optimal_threshold": 0.42672470211982727,
      "tpr_at_fpr_0_01": 0.3624454148471616,
      "fpr95": 0.6462882096069869,
      "aupr": 0.8756050823684394
    },
    "layer_11": {
      "n_total": 458,
      "n_valid": 458,
      "n_val_total": 500,
      "n_val_valid": 500,
      "acc": 0.8427947598253275,
      "f1": 0.8371040723981901,
      "pre": 0.8685446009389671,
      "recall": 0.8078602620087336,
      "auroc": 0.9176217082054118,
      "optimal_threshold": 0.3783377707004547,
      "tpr_at_fpr_0_01": 0.5589519650655022,
      "fpr95": 0.4847161572052402,
      "aupr": 0.9288038206035393
    },
    "layer_12": {
      "n_total": 458,
      "n_valid": 458,
      "n_val_total": 500,
      "n_val_valid": 500,
      "acc": 0.8056768558951966,
      "f1": 0.8094218415417559,
      "pre": 0.7941176470588235,
      "recall": 0.8253275109170306,
      "auroc": 0.9049979977498522,
      "optimal_threshold": 0.3674197494983673,
      "tpr_at_fpr_0_01": 0.537117903930131,
      "fpr95": 0.47161572052401746,
      "aupr": 0.9164643026944377
    },
    "layer_13": {
      "n_total": 458,
      "n_valid": 458,
      "n_val_total": 500,
      "n_val_valid": 500,
      "acc": 0.8406113537117904,
      "f1": 0.8344671201814059,
      "pre": 0.8679245283018868,
      "recall": 0.8034934497816594,
      "auroc": 0.909021567094449,
      "optimal_threshold": 0.35800084471702576,
      "tpr_at_fpr_0_01": 0.5938864628820961,
      "fpr95": 0.462882096069869,
      "aupr": 0.9239086882145342
    },
    "layer_14": {
      "n_total": 458,
      "n_valid": 458,
      "n_val_total": 500,
      "n_val_valid": 500,
      "acc": 0.8471615720524017,
      "f1": 0.8423423423423423,
      "pre": 0.8697674418604651,
      "recall": 0.8165938864628821,
      "auroc": 0.9256307087965523,
      "optimal_threshold": 0.35261377692222595,
      "tpr_at_fpr_0_01": 0.5764192139737991,
      "fpr95": 0.4410480349344978,
      "aupr": 0.9372119252344873
    },
    "layer_15": {
      "n_total": 458,
      "n_valid": 458,
      "n_val_total": 500,
      "n_val_valid": 500,
      "acc": 0.8537117903930131,
      "f1": 0.8385542168674699,
      "pre": 0.9354838709677419,
      "recall": 0.759825327510917,
      "auroc": 0.9340782975153029,
      "optimal_threshold": 0.33502939343452454,
      "tpr_at_fpr_0_01": 0.5720524017467249,
      "fpr95": 0.37554585152838427,
      "aupr": 0.9445360398026029
    },
    "layer_16": {
      "n_total": 458,
      "n_valid": 458,
      "n_val_total": 500,
      "n_val_valid": 500,
      "acc": 0.8733624454148472,
      "f1": 0.8632075471698113,
      "pre": 0.9384615384615385,
      "recall": 0.7991266375545851,
      "auroc": 0.9328006712305258,
      "optimal_threshold": 0.3354555070400238,
      "tpr_at_fpr_0_01": 0.5764192139737991,
      "fpr95": 0.37117903930131,
      "aupr": 0.9438914503908219
    },
    "layer_17": {
      "n_total": 458,
      "n_valid": 458,
      "n_val_total": 500,
      "n_val_valid": 500,