{
  "args": {
    "model": "llama_8b",
    "dataset": "multisocial_en",
    "mode": "default",
    "token_mode": "last_token",
    "prefix": false,
    "smoke_test": false,
    "ood": [
      "multisocial_de",
      "multisocial_nl",
      "multisocial_pt",
      "multisocial_ar"
    ],
    "pca_components": 0,
    "normalize_scores": true,
    "manifold": false
  },
  "steering_domain": "multisocial_en",
  "eval_domain": "multisocial_de",
  "n_samples": 500,
  "n_layers": 33,
  "metrics_per_layer": {
    "layer_1": {
      "n_total": 500,
      "n_valid": 500,
      "n_val_total": 500,
      "n_val_valid": 500,
      "acc": 0.71,
      "f1": 0.6854663774403471,
      "pre": 0.7488151658767772,
      "recall": 0.632,
      "auroc": 0.717936,
      "optimal_threshold": 0.49431419372558594,
      "tpr_at_fpr_0_01": 0.0,
      "fpr95": 0.932,
      "aupr": 0.7245003991433794
    },
    "layer_2": {
      "n_total": 500,
      "n_valid": 500,
      "n_val_total": 500,
      "n_val_valid": 500,
      "acc": 0.692,
      "f1": 0.692,
      "pre": 0.692,
      "recall": 0.692,
      "auroc": 0.744224,
      "optimal_threshold": 0.47316014766693115,
      "tpr_at_fpr_0_01": 0.076,
      "fpr95": 0.824,
      "aupr": 0.7473536824277642
    },
    "layer_3": {
      "n_total": 500,
      "n_valid": 500,
      "n_val_total": 500,
      "n_val_valid": 500,
      "acc": 0.692,
      "f1": 0.6869918699186992,
      "pre": 0.6983471074380165,
      "recall": 0.676,
      "auroc": 0.7589760000000001,
      "optimal_threshold": 0.4378127455711365,
      "tpr_at_fpr_0_01": 0.104,
      "fpr95": 0.792,
      "aupr": 0.7666182193543924
    },
    "layer_4": {
      "n_total": 500,
      "n_valid": 500,
      "n_val_total": 500,
      "n_val_valid": 500,
      "acc": 0.72,
      "f1": 0.6982758620689655,
      "pre": 0.7570093457943925,
      "recall": 0.648,
      "auroc": 0.778144,
      "optimal_threshold": 0.5327383875846863,
      "tpr_at_fpr_0_01": 0.18,
      "fpr95": 0.728,
      "aupr": 0.7967307677856479
    },
    "layer_5": {
      "n_total": 500,
      "n_valid": 500,
      "n_val_total": 500,
      "n_val_valid": 500,
      "acc": 0.71,
      "f1": 0.7070707070707071,
      "pre": 0.7142857142857143,
      "recall": 0.7,
      "auroc": 0.788528,
      "optimal_threshold": 0.3700315058231354,
      "tpr_at_fpr_0_01": 0.196,
      "fpr95": 0.696,
      "aupr": 0.8052247034494576
    },
    "layer_6": {
      "n_total": 500,
      "n_valid": 500,
      "n_val_total": 500,
      "n_val_valid": 500,
      "acc": 0.708,
      "f1": 0.7091633466135459,
      "pre": 0.7063492063492064,
      "recall": 0.712,
      "auroc": 0.792976,
      "optimal_threshold": 0.34031593799591064,
      "tpr_at_fpr_0_01": 0.224,
      "fpr95": 0.748,
      "aupr": 0.812545295427347
    },
    "layer_7": {
      "n_total": 500,
      "n_valid": 500,
      "n_val_total": 500,
      "n_val_valid": 500,
      "acc": 0.718,
      "f1": 0.7128309572301426,
      "pre": 0.7261410788381742,
      "recall": 0.7,
      "auroc": 0.79104,
      "optimal_threshold": 0.37648576498031616,
      "tpr_at_fpr_0_01": 0.184,
      "fpr95": 0.748,
      "aupr": 0.8044208827760624
    },
    "layer_8": {
      "n_total": 500,
      "n_valid": 500,
      "n_val_total": 500,
      "n_val_valid": 500,
      "acc": 0.714,
      "f1": 0.7014613778705637,
      "pre": 0.7336244541484717,
      "recall": 0.672,
      "auroc": 0.7980319999999999,
      "optimal_threshold": 0.3940226137638092,
      "tpr_at_fpr_0_01": 0.184,
      "fpr95": 0.708,
      "aupr": 0.814049597722195
    },
    "layer_9": {
      "n_total": 500,
      "n_valid": 500,
      "n_val_total": 500,
      "n_val_valid": 500,
      "acc": 0.712,
      "f1": 0.7,
      "pre": 0.7304347826086957,
      "recall": 0.672,
      "auroc": 0.79576,
      "optimal_threshold": 0.4066927433013916,
      "tpr_at_fpr_0_01": 0.248,
      "fpr95": 0.728,
      "aupr": 0.8151003292406953
    },
    "layer_10": {
      "n_total": 500,
      "n_valid": 500,
      "n_val_total": 500,
      "n_val_valid": 500,
      "acc": 0.736,
      "f1": 0.7,
      "pre": 0.8105263157894737,
      "recall": 0.616,
      "auroc": 0.8106399999999999,
      "optimal_threshold": 0.45729121565818787,
      "tpr_at_fpr_0_01": 0.268,
      "fpr95": 0.684,
      "aupr": 0.8246202253516997
    },
    "layer_11": {
      "n_total": 500,
      "n_valid": 500,
      "n_val_total": 500,
      "n_val_valid": 500,
      "acc": 0.74,
      "f1": 0.7257383966244726,
      "pre": 0.7678571428571429,
      "recall": 0.688,
      "auroc": 0.822576,
      "optimal_threshold": 0.38762810826301575,
      "tpr_at_fpr_0_01": 0.196,
      "fpr95": 0.624,
      "aupr": 0.8319771543884327
    },
    "layer_12": {
      "n_total": 500,
      "n_valid": 500,
      "n_val_total": 500,
      "n_val_valid": 500,
      "acc": 0.734,
      "f1": 0.7139784946236559,
      "pre": 0.772093023255814,
      "recall": 0.664,
      "auroc": 0.817616,
      "optimal_threshold": 0.397163987159729,
      "tpr_at_fpr_0_01": 0.172,
      "fpr95": 0.74,
      "aupr": 0.8245066163041551
    },
    "layer_13": {
      "n_total": 500,
      "n_valid": 500,
      "n_val_total": 500,
      "n_val_valid": 500,
      "acc": 0.734,
      "f1": 0.6997742663656885,
      "pre": 0.8031088082901554,
      "recall": 0.62,
      "auroc": 0.816608,
      "optimal_threshold": 0.43289870023727417,
      "tpr_at_fpr_0_01": 0.236,
      "fpr95": 0.696,
      "aupr": 0.8328499421852296
    },
    "layer_14": {
      "n_total": 500,
      "n_valid": 500,
      "n_val_total": 500,
      "n_val_valid": 500,
      "acc": 0.742,
      "f1": 0.7213822894168467,
      "pre": 0.784037558685446,
      "recall": 0.668,
      "auroc": 0.8153919999999999,
      "optimal_threshold": 0.37489280104637146,
      "tpr_at_fpr_0_01": 0.236,
      "fpr95": 0.676,
      "aupr": 0.8263819522751341
    },
    "layer_15": {
      "n_total": 500,
      "n_valid": 500,
      "n_val_total": 500,
      "n_val_valid": 500,
      "acc": 0.744,
      "f1": 0.7253218884120172,
      "pre": 0.7824074074074074,
      "recall": 0.676,
      "auroc": 0.8294080000000001,
      "optimal_threshold": 0.35264939069747925,
      "tpr_at_fpr_0_01": 0.248,
      "fpr95": 0.64,
      "aupr": 0.839049009688885
    },
    "layer_16": {
      "n_total": 500,
      "n_valid": 500,
      "n_val_total": 500,
      "n_val_valid": 500,
      "acc": 0.72,
      "f1": 0.6818181818181818,
      "pre": 0.7894736842105263,
      "recall": 0.6,
      "auroc": 0.8160799999999999,
      "optimal_threshold": 0.4146443009376526,
      "tpr_at_fpr_0_01": 0.256,
      "fpr95": 0.68,
      "aupr": 0.8306317885027805
    },
    "layer_17": {
      "n_total": 500,
      "n_valid": 500,
      "n_val_total": 500,
      "n_val_valid": 500,
      "acc": 0.724,
      "f1": 0.7063829787234043,
      "pre": 0.7545454545454545,
      "recall": 0.664,
      "auroc": 0.808016,
      "optimal_threshold": 0.33341291546821594,
      "tpr_at_fpr_0_01": 0.26,
      "fpr95": 0.72,
      "aupr": 0.8250520571104505
    },
    "layer_18": {
      "n_total": 500,
      "n_valid": 500,
      "n_val_total": 500,
      "n_val_valid": 500,
      "acc": 0.726,
      "f1": 0.7103594080338267,
      "pre": 0.7533632286995515,
      "recall": 0.672,
      "auroc": 0.7950559999999999,
      "optimal_threshold": 0.3603631854057312,
      "tpr_at_fpr_0_01": 0.252,
      "fpr95": 0.74,
      "aupr": 0.8195828481176791
    },
    "layer_19": {
      "n_total": 500,
      "n_valid": 500,
      "n_val_total": 500,
      "n_val_valid": 500,
      "acc": 0.722,
      "f1": 0.7203219315895373,
      "pre": 0.7246963562753036,
      "recall": 0.716,
      "auroc": 0.787056,
      "optimal_threshold": 0.2859920263290405,
      "tpr_at_fpr_0_01": 0.252,
      "fpr95": 0.808,
      "aupr": 0.8170583855668276
    },
    "layer_20": {
      "n_total": 500,
      "n_valid": 500,
      "n_val_total": 500,
      "n_val_valid": 500,
      "acc": 0.728,