{
  "args": {
    "model": "llama_8b",
    "dataset": "multisocial_en",
    "mode": "default",
    "token_mode": "last_token",
    "prefix": false,
    "smoke_test": false,
    "ood": [
      "multisocial_de",
      "multisocial_nl",
      "multisocial_pt",
      "multisocial_ar"
    ],
    "pca_components": 0,
    "normalize_scores": true,
    "manifold": false
  },
  "steering_domain": "multisocial_en",
  "eval_domain": "multisocial_en",
  "n_samples": 500,
  "n_layers": 33,
  "metrics_per_layer": {
    "layer_1": {
      "n_total": 500,
      "n_valid": 500,
      "n_val_total": 500,
      "n_val_valid": 500,
      "acc": 0.728,
      "f1": 0.6977777777777778,
      "pre": 0.785,
      "recall": 0.628,
      "auroc": 0.77972,
      "optimal_threshold": 0.49431419372558594,
      "tpr_at_fpr_0_01": 0.0,
      "fpr95": 0.78,
      "aupr": 0.786928109161444
    },
    "layer_2": {
      "n_total": 500,
      "n_valid": 500,
      "n_val_total": 500,
      "n_val_valid": 500,
      "acc": 0.728,
      "f1": 0.7213114754098361,
      "pre": 0.7394957983193278,
      "recall": 0.704,
      "auroc": 0.8054399999999999,
      "optimal_threshold": 0.47316014766693115,
      "tpr_at_fpr_0_01": 0.36,
      "fpr95": 0.836,
      "aupr": 0.8419291666394226
    },
    "layer_3": {
      "n_total": 500,
      "n_valid": 500,
      "n_val_total": 500,
      "n_val_valid": 500,
      "acc": 0.752,
      "f1": 0.7405857740585774,
      "pre": 0.7763157894736842,
      "recall": 0.708,
      "auroc": 0.8290719999999999,
      "optimal_threshold": 0.4378127455711365,
      "tpr_at_fpr_0_01": 0.332,
      "fpr95": 0.744,
      "aupr": 0.8508319884546116
    },
    "layer_4": {
      "n_total": 500,
      "n_valid": 500,
      "n_val_total": 500,
      "n_val_valid": 500,
      "acc": 0.756,
      "f1": 0.7347826086956522,
      "pre": 0.8047619047619048,
      "recall": 0.676,
      "auroc": 0.842128,
      "optimal_threshold": 0.5327383875846863,
      "tpr_at_fpr_0_01": 0.444,
      "fpr95": 0.708,
      "aupr": 0.8656207440322283
    },
    "layer_5": {
      "n_total": 500,
      "n_valid": 500,
      "n_val_total": 500,
      "n_val_valid": 500,
      "acc": 0.772,
      "f1": 0.7701612903225806,
      "pre": 0.7764227642276422,
      "recall": 0.764,
      "auroc": 0.8562079999999999,
      "optimal_threshold": 0.3700315058231354,
      "tpr_at_fpr_0_01": 0.42,
      "fpr95": 0.656,
      "aupr": 0.8742127233704111
    },
    "layer_6": {
      "n_total": 500,
      "n_valid": 500,
      "n_val_total": 500,
      "n_val_valid": 500,
      "acc": 0.78,
      "f1": 0.78515625,
      "pre": 0.767175572519084,
      "recall": 0.804,
      "auroc": 0.8598079999999999,
      "optimal_threshold": 0.34031593799591064,
      "tpr_at_fpr_0_01": 0.428,
      "fpr95": 0.584,
      "aupr": 0.8798198112741722
    },
    "layer_7": {
      "n_total": 500,
      "n_valid": 500,
      "n_val_total": 500,
      "n_val_valid": 500,
      "acc": 0.774,
      "f1": 0.7717171717171717,
      "pre": 0.7795918367346939,
      "recall": 0.764,
      "auroc": 0.865856,
      "optimal_threshold": 0.37648576498031616,
      "tpr_at_fpr_0_01": 0.404,
      "fpr95": 0.556,
      "aupr": 0.8810859080879674
    },
    "layer_8": {
      "n_total": 500,
      "n_valid": 500,
      "n_val_total": 500,
      "n_val_valid": 500,
      "acc": 0.79,
      "f1": 0.7861507128309573,
      "pre": 0.8008298755186722,
      "recall": 0.772,
      "auroc": 0.8725439999999999,
      "optimal_threshold": 0.3940226137638092,
      "tpr_at_fpr_0_01": 0.412,
      "fpr95": 0.576,
      "aupr": 0.8892440523210534
    },
    "layer_9": {
      "n_total": 500,
      "n_valid": 500,
      "n_val_total": 500,
      "n_val_valid": 500,
      "acc": 0.782,
      "f1": 0.7714884696016772,
      "pre": 0.8105726872246696,
      "recall": 0.736,
      "auroc": 0.872432,
      "optimal_threshold": 0.4066927433013916,
      "tpr_at_fpr_0_01": 0.38,
      "fpr95": 0.584,
      "aupr": 0.8864129574940444
    },
    "layer_10": {
      "n_total": 500,
      "n_valid": 500,
      "n_val_total": 500,
      "n_val_valid": 500,
      "acc": 0.79,
      "f1": 0.7702407002188184,
      "pre": 0.8502415458937198,
      "recall": 0.704,
      "auroc": 0.8808640000000001,
      "optimal_threshold": 0.45729121565818787,
      "tpr_at_fpr_0_01": 0.372,
      "fpr95": 0.58,
      "aupr": 0.8934786028902516
    },
    "layer_11": {
      "n_total": 500,
      "n_valid": 500,
      "n_val_total": 500,
      "n_val_valid": 500,
      "acc": 0.82,
      "f1": 0.8109243697478992,
      "pre": 0.8539823008849557,
      "recall": 0.772,
      "auroc": 0.889984,
      "optimal_threshold": 0.38762810826301575,
      "tpr_at_fpr_0_01": 0.396,
      "fpr95": 0.504,
      "aupr": 0.904014074077812
    },
    "layer_12": {
      "n_total": 500,
      "n_valid": 500,
      "n_val_total": 500,
      "n_val_valid": 500,
      "acc": 0.804,
      "f1": 0.7949790794979079,
      "pre": 0.8333333333333334,
      "recall": 0.76,
      "auroc": 0.8845280000000001,
      "optimal_threshold": 0.397163987159729,
      "tpr_at_fpr_0_01": 0.396,
      "fpr95": 0.508,
      "aupr": 0.8989126532981628
    },
    "layer_13": {
      "n_total": 500,
      "n_valid": 500,
      "n_val_total": 500,
      "n_val_valid": 500,
      "acc": 0.802,
      "f1": 0.7870967741935484,
      "pre": 0.8511627906976744,
      "recall": 0.732,
      "auroc": 0.88216,
      "optimal_threshold": 0.43289870023727417,
      "tpr_at_fpr_0_01": 0.428,
      "fpr95": 0.54,
      "aupr": 0.898849031635374
    },
    "layer_14": {
      "n_total": 500,
      "n_valid": 500,
      "n_val_total": 500,
      "n_val_valid": 500,
      "acc": 0.798,
      "f1": 0.7900207900207901,
      "pre": 0.8225108225108225,
      "recall": 0.76,
      "auroc": 0.8789759999999999,
      "optimal_threshold": 0.37489280104637146,
      "tpr_at_fpr_0_01": 0.388,
      "fpr95": 0.568,
      "aupr": 0.8957034961019765
    },
    "layer_15": {
      "n_total": 500,
      "n_valid": 500,
      "n_val_total": 500,
      "n_val_valid": 500,
      "acc": 0.798,
      "f1": 0.7926078028747433,
      "pre": 0.8143459915611815,
      "recall": 0.772,
      "auroc": 0.8883840000000001,
      "optimal_threshold": 0.35264939069747925,
      "tpr_at_fpr_0_01": 0.348,
      "fpr95": 0.524,
      "aupr": 0.9003995329204024
    },
    "layer_16": {
      "n_total": 500,
      "n_valid": 500,
      "n_val_total": 500,
      "n_val_valid": 500,
      "acc": 0.792,
      "f1": 0.7787234042553192,
      "pre": 0.8318181818181818,
      "recall": 0.732,
      "auroc": 0.8713279999999999,
      "optimal_threshold": 0.4146443009376526,
      "tpr_at_fpr_0_01": 0.36,
      "fpr95": 0.588,
      "aupr": 0.8866096540799969
    },
    "layer_17": {
      "n_total": 500,
      "n_valid": 500,
      "n_val_total": 500,
      "n_val_valid": 500,
      "acc": 0.794,
      "f1": 0.7919191919191919,
      "pre": 0.8,
      "recall": 0.784,
      "auroc": 0.862784,
      "optimal_threshold": 0.33341291546821594,
      "tpr_at_fpr_0_01": 0.324,
      "fpr95": 0.632,
      "aupr": 0.8790894089432766
    },
    "layer_18": {
      "n_total": 500,
      "n_valid": 500,
      "n_val_total": 500,
      "n_val_valid": 500,
      "acc": 0.8,
      "f1": 0.7950819672131147,
      "pre": 0.8151260504201681,
      "recall": 0.776,
      "auroc": 0.8522879999999999,
      "optimal_threshold": 0.3603631854057312,
      "tpr_at_fpr_0_01": 0.272,
      "fpr95": 0.652,
      "aupr": 0.870670050258448
    },
    "layer_19": {
      "n_total": 500,
      "n_valid": 500,
      "n_val_total": 500,
      "n_val_valid": 500,
      "acc": 0.774,
      "f1": 0.7822736030828517,
      "pre": 0.7546468401486989,
      "recall": 0.812,
      "auroc": 0.853504,
      "optimal_threshold": 0.2859920263290405,
      "tpr_at_fpr_0_01": 0.308,
      "fpr95": 0.704,
      "aupr": 0.8735872148236001
    },
    "layer_20": {
      "n_total": 500,
      "n_valid": 500,