{
  "args": {
    "model": "llama_8b",
    "dataset": "tsm_paras_en_first_gpt4o",
    "mode": "default",
    "token_mode": "last_token",
    "prefix": false,
    "smoke_test": false,
    "ood": [
      "tsm_sums_en_gemini",
      "tsm_sums_en_deepseek",
      "tsm_sums_pt_gpt4o",
      "tsm_sums_pt_gemini",
      "tsm_sums_pt_deepseek",
      "tsm_sums_vi_gpt4o",
      "tsm_sums_vi_gemini",
      "tsm_sums_vi_deepseek"
    ],
    "pca_components": 0,
    "normalize_scores": true,
    "ablation_set": "human",
    "manifold": false
  },
  "steering_domain": "tsm_paras_en_first_gpt4o",
  "eval_domain": "tsm_sums_pt_deepseek",
  "n_samples": 500,
  "n_layers": 33,
  "metrics_per_layer": {
    "layer_1": {
      "n_total": 500,
      "n_valid": 500,
      "n_val_total": 500,
      "n_val_valid": 500,
      "acc": 0.53,
      "f1": 0.6722454672245467,
      "pre": 0.5160599571734475,
      "recall": 0.964,
      "auroc": 0.5334,
      "optimal_threshold": 0.8834354877471924,
      "tpr_at_fpr_0_01": 0.008,
      "fpr95": 0.904,
      "aupr": 0.5195351372396341
    },
    "layer_2": {
      "n_total": 500,
      "n_valid": 500,
      "n_val_total": 500,
      "n_val_valid": 500,
      "acc": 0.524,
      "f1": 0.30409356725146197,
      "pre": 0.5652173913043478,
      "recall": 0.208,
      "auroc": 0.602912,
      "optimal_threshold": 0.6934412717819214,
      "tpr_at_fpr_0_01": 0.016,
      "fpr95": 0.86,
      "aupr": 0.5720088982711735
    },
    "layer_3": {
      "n_total": 500,
      "n_valid": 500,
      "n_val_total": 500,
      "n_val_valid": 500,
      "acc": 0.534,
      "f1": 0.26498422712933756,
      "pre": 0.6268656716417911,
      "recall": 0.168,
      "auroc": 0.6069279999999999,
      "optimal_threshold": 0.5666473507881165,
      "tpr_at_fpr_0_01": 0.02,
      "fpr95": 0.864,
      "aupr": 0.5835441862738469
    },
    "layer_4": {
      "n_total": 500,
      "n_valid": 500,
      "n_val_total": 500,
      "n_val_valid": 500,
      "acc": 0.534,
      "f1": 0.14652014652014653,
      "pre": 0.8695652173913043,
      "recall": 0.08,
      "auroc": 0.620224,
      "optimal_threshold": 0.6535915732383728,
      "tpr_at_fpr_0_01": 0.08,
      "fpr95": 0.904,
      "aupr": 0.6365178395731346
    },
    "layer_5": {
      "n_total": 500,
      "n_valid": 500,
      "n_val_total": 500,
      "n_val_valid": 500,
      "acc": 0.702,
      "f1": 0.5962059620596206,
      "pre": 0.9243697478991597,
      "recall": 0.44,
      "auroc": 0.8520159999999999,
      "optimal_threshold": 0.4966926574707031,
      "tpr_at_fpr_0_01": 0.364,
      "fpr95": 0.712,
      "aupr": 0.8629800701717296
    },
    "layer_6": {
      "n_total": 500,
      "n_valid": 500,
      "n_val_total": 500,
      "n_val_valid": 500,
      "acc": 0.76,
      "f1": 0.6938775510204082,
      "pre": 0.9577464788732394,
      "recall": 0.544,
      "auroc": 0.889296,
      "optimal_threshold": 0.4498351514339447,
      "tpr_at_fpr_0_01": 0.468,
      "fpr95": 0.612,
      "aupr": 0.9045753177794446
    },
    "layer_7": {
      "n_total": 500,
      "n_valid": 500,
      "n_val_total": 500,
      "n_val_valid": 500,
      "acc": 0.788,
      "f1": 0.7414634146341463,
      "pre": 0.95,
      "recall": 0.608,
      "auroc": 0.888032,
      "optimal_threshold": 0.4726249575614929,
      "tpr_at_fpr_0_01": 0.4,
      "fpr95": 0.612,
      "aupr": 0.9052449788422934
    },
    "layer_8": {
      "n_total": 500,
      "n_valid": 500,
      "n_val_total": 500,
      "n_val_valid": 500,
      "acc": 0.792,
      "f1": 0.7592592592592593,
      "pre": 0.9010989010989011,
      "recall": 0.656,
      "auroc": 0.8620480000000001,
      "optimal_threshold": 0.45125308632850647,
      "tpr_at_fpr_0_01": 0.424,
      "fpr95": 0.688,
      "aupr": 0.8855550810892866
    },
    "layer_9": {
      "n_total": 500,
      "n_valid": 500,
      "n_val_total": 500,
      "n_val_valid": 500,
      "acc": 0.79,
      "f1": 0.7629796839729119,
      "pre": 0.8756476683937824,
      "recall": 0.676,
      "auroc": 0.858816,
      "optimal_threshold": 0.42722517251968384,
      "tpr_at_fpr_0_01": 0.352,
      "fpr95": 0.68,
      "aupr": 0.8811024875685127
    },
    "layer_10": {
      "n_total": 500,
      "n_valid": 500,
      "n_val_total": 500,
      "n_val_valid": 500,
      "acc": 0.776,
      "f1": 0.7477477477477478,
      "pre": 0.8556701030927835,
      "recall": 0.664,
      "auroc": 0.8560319999999999,
      "optimal_threshold": 0.42672470211982727,
      "tpr_at_fpr_0_01": 0.416,
      "fpr95": 0.728,
      "aupr": 0.8837765606888924
    },
    "layer_11": {
      "n_total": 500,
      "n_valid": 500,
      "n_val_total": 500,
      "n_val_valid": 500,
      "acc": 0.854,
      "f1": 0.8402625820568927,
      "pre": 0.927536231884058,
      "recall": 0.768,
      "auroc": 0.921312,
      "optimal_threshold": 0.3783377707004547,
      "tpr_at_fpr_0_01": 0.58,
      "fpr95": 0.496,
      "aupr": 0.9364797318150129
    },
    "layer_12": {
      "n_total": 500,
      "n_valid": 500,
      "n_val_total": 500,
      "n_val_valid": 500,
      "acc": 0.83,
      "f1": 0.8247422680412371,
      "pre": 0.851063829787234,
      "recall": 0.8,
      "auroc": 0.9096479999999999,
      "optimal_threshold": 0.3674197494983673,
      "tpr_at_fpr_0_01": 0.576,
      "fpr95": 0.532,
      "aupr": 0.9258101442971376
    },
    "layer_13": {
      "n_total": 500,
      "n_valid": 500,
      "n_val_total": 500,
      "n_val_valid": 500,
      "acc": 0.84,
      "f1": 0.8290598290598291,
      "pre": 0.8899082568807339,
      "recall": 0.776,
      "auroc": 0.917328,
      "optimal_threshold": 0.35800084471702576,
      "tpr_at_fpr_0_01": 0.544,
      "fpr95": 0.46,
      "aupr": 0.9318665411212312
    },
    "layer_14": {
      "n_total": 500,
      "n_valid": 500,
      "n_val_total": 500,
      "n_val_valid": 500,
      "acc": 0.86,
      "f1": 0.8478260869565217,
      "pre": 0.9285714285714286,
      "recall": 0.78,
      "auroc": 0.9287519999999999,
      "optimal_threshold": 0.35261377692222595,
      "tpr_at_fpr_0_01": 0.52,
      "fpr95": 0.392,
      "aupr": 0.9407634652054677
    },
    "layer_15": {
      "n_total": 500,
      "n_valid": 500,
      "n_val_total": 500,
      "n_val_valid": 500,
      "acc": 0.862,
      "f1": 0.8456375838926175,
      "pre": 0.9593908629441624,
      "recall": 0.756,
      "auroc": 0.9456319999999999,
      "optimal_threshold": 0.33502939343452454,
      "tpr_at_fpr_0_01": 0.584,
      "fpr95": 0.288,
      "aupr": 0.9537872196367165
    },
    "layer_16": {
      "n_total": 500,
      "n_valid": 500,
      "n_val_total": 500,
      "n_val_valid": 500,
      "acc": 0.874,
      "f1": 0.8627450980392157,
      "pre": 0.9473684210526315,
      "recall": 0.792,
      "auroc": 0.944352,
      "optimal_threshold": 0.3354555070400238,
      "tpr_at_fpr_0_01": 0.568,
      "fpr95": 0.308,
      "aupr": 0.9523477440692232
    },
    "layer_17": {
      "n_total": 500,
      "n_valid": 500,
      "n_val_total": 500,
      "n_val_valid": 500,
      "acc": 0.846,
      "f1": 0.8213457076566125,
      "pre": 0.9779005524861878,
      "recall": 0.708,
      "auroc": 0.942176,
      "optimal_threshold": 0.4015186131000519,
      "tpr_at_fpr_0_01": 0.676,
      "fpr95": 0.38,
      "aupr": 0.9534804192762192
    },
    "layer_18": {
      "n_total": 500,
      "n_valid": 500,
      "n_val_total": 500,
      "n_val_valid": 500,
      "acc": 0.864,
      "f1": 0.8559322033898306,
      "pre": 0.9099099099099099,
      "recall": 0.808,
      "auroc": 0.9468000000000001,
      "optimal_threshold": 0.33600687980651855,
      "tpr_at_fpr_0_01": 0.704,
      "fpr95": 0.372,
      "aupr": 0.9551814155490401
    },
    "layer_19": {
      "n_total": 500,
      "n_valid": 500,
      "n_val_total": 500,
      "n_val_valid": 500,
      "acc": 0.824,
      "f1": 0.7864077669902912,
      "pre": 1.0,
      "recall": 0.648,
      "auroc": 0.9426880000000001,