{
  "args": {
    "model": "llama_8b",
    "dataset": "multisocial_en",
    "mode": "denoise",
    "token_mode": "last_token",
    "prefix": false,
    "smoke_test": false,
    "ood": [
      "multisocial_de",
      "multisocial_nl",
      "multisocial_pt",
      "multisocial_ar"
    ],
    "pca_components": 20,
    "normalize_scores": true,
    "manifold": true
  },
  "steering_domain": "multisocial_en",
  "eval_domain": "multisocial_ar",
  "n_samples": 500,
  "n_layers": 33,
  "metrics_per_layer": {
    "layer_1": {
      "n_total": 500,
      "n_valid": 500,
      "n_val_total": 500,
      "n_val_valid": 500,
      "acc": 0.634,
      "f1": 0.4930747922437673,
      "pre": 0.8018018018018018,
      "recall": 0.356,
      "auroc": 0.6805840000000001,
      "optimal_threshold": 0.5432754158973694,
      "tpr_at_fpr_0_01": 0.0,
      "fpr95": 0.884,
      "aupr": 0.7071829580548913
    },
    "layer_2": {
      "n_total": 500,
      "n_valid": 500,
      "n_val_total": 500,
      "n_val_valid": 500,
      "acc": 0.664,
      "f1": 0.5647668393782384,
      "pre": 0.8014705882352942,
      "recall": 0.436,
      "auroc": 0.671488,
      "optimal_threshold": 0.48281702399253845,
      "tpr_at_fpr_0_01": 0.14,
      "fpr95": 0.856,
      "aupr": 0.7228971144320901
    },
    "layer_3": {
      "n_total": 500,
      "n_valid": 500,
      "n_val_total": 500,
      "n_val_valid": 500,
      "acc": 0.66,
      "f1": 0.5572916666666666,
      "pre": 0.7985074626865671,
      "recall": 0.428,
      "auroc": 0.754912,
      "optimal_threshold": 0.4163551926612854,
      "tpr_at_fpr_0_01": 0.128,
      "fpr95": 0.776,
      "aupr": 0.7638259426908771
    },
    "layer_4": {
      "n_total": 500,
      "n_valid": 500,
      "n_val_total": 500,
      "n_val_valid": 500,
      "acc": 0.644,
      "f1": 0.5082872928176796,
      "pre": 0.8214285714285714,
      "recall": 0.368,
      "auroc": 0.7330559999999999,
      "optimal_threshold": 0.5893803834915161,
      "tpr_at_fpr_0_01": 0.148,
      "fpr95": 0.884,
      "aupr": 0.7637883730700387
    },
    "layer_5": {
      "n_total": 500,
      "n_valid": 500,
      "n_val_total": 500,
      "n_val_valid": 500,
      "acc": 0.67,
      "f1": 0.578005115089514,
      "pre": 0.8014184397163121,
      "recall": 0.452,
      "auroc": 0.772464,
      "optimal_threshold": 0.39107924699783325,
      "tpr_at_fpr_0_01": 0.108,
      "fpr95": 0.864,
      "aupr": 0.7795717414722666
    },
    "layer_6": {
      "n_total": 500,
      "n_valid": 500,
      "n_val_total": 500,
      "n_val_valid": 500,
      "acc": 0.664,
      "f1": 0.5692307692307692,
      "pre": 0.7928571428571428,
      "recall": 0.444,
      "auroc": 0.79904,
      "optimal_threshold": 0.37779751420021057,
      "tpr_at_fpr_0_01": 0.192,
      "fpr95": 0.848,
      "aupr": 0.8022627296903437
    },
    "layer_7": {
      "n_total": 500,
      "n_valid": 500,
      "n_val_total": 500,
      "n_val_valid": 500,
      "acc": 0.668,
      "f1": 0.576530612244898,
      "pre": 0.795774647887324,
      "recall": 0.452,
      "auroc": 0.770304,
      "optimal_threshold": 0.3891340494155884,
      "tpr_at_fpr_0_01": 0.116,
      "fpr95": 0.892,
      "aupr": 0.7836596495776861
    },
    "layer_8": {
      "n_total": 500,
      "n_valid": 500,
      "n_val_total": 500,
      "n_val_valid": 500,
      "acc": 0.67,
      "f1": 0.5822784810126582,
      "pre": 0.7931034482758621,
      "recall": 0.46,
      "auroc": 0.789712,
      "optimal_threshold": 0.3934800326824188,
      "tpr_at_fpr_0_01": 0.092,
      "fpr95": 0.76,
      "aupr": 0.7907732967142234
    },
    "layer_9": {
      "n_total": 500,
      "n_valid": 500,
      "n_val_total": 500,
      "n_val_valid": 500,
      "acc": 0.65,
      "f1": 0.5205479452054794,
      "pre": 0.8260869565217391,
      "recall": 0.38,
      "auroc": 0.7799360000000001,
      "optimal_threshold": 0.4917012155056,
      "tpr_at_fpr_0_01": 0.128,
      "fpr95": 0.792,
      "aupr": 0.7850611926701829
    },
    "layer_10": {
      "n_total": 500,
      "n_valid": 500,
      "n_val_total": 500,
      "n_val_valid": 500,
      "acc": 0.64,
      "f1": 0.4943820224719101,
      "pre": 0.8301886792452831,
      "recall": 0.352,
      "auroc": 0.7682079999999999,
      "optimal_threshold": 0.4842623770236969,
      "tpr_at_fpr_0_01": 0.128,
      "fpr95": 0.872,
      "aupr": 0.7823229109955989
    },
    "layer_11": {
      "n_total": 500,
      "n_valid": 500,
      "n_val_total": 500,
      "n_val_valid": 500,
      "acc": 0.66,
      "f1": 0.543010752688172,
      "pre": 0.8278688524590164,
      "recall": 0.404,
      "auroc": 0.798544,
      "optimal_threshold": 0.4095644950866699,
      "tpr_at_fpr_0_01": 0.128,
      "fpr95": 0.804,
      "aupr": 0.8013063435225275
    },
    "layer_12": {
      "n_total": 500,
      "n_valid": 500,
      "n_val_total": 500,
      "n_val_valid": 500,
      "acc": 0.666,
      "f1": 0.5570291777188329,
      "pre": 0.8267716535433071,
      "recall": 0.42,
      "auroc": 0.7842880000000001,
      "optimal_threshold": 0.40189802646636963,
      "tpr_at_fpr_0_01": 0.112,
      "fpr95": 0.82,
      "aupr": 0.7884506907793969
    },
    "layer_13": {
      "n_total": 500,
      "n_valid": 500,
      "n_val_total": 500,
      "n_val_valid": 500,
      "acc": 0.652,
      "f1": 0.5271739130434783,
      "pre": 0.8220338983050848,
      "recall": 0.388,
      "auroc": 0.7605919999999999,
      "optimal_threshold": 0.4233015179634094,
      "tpr_at_fpr_0_01": 0.12,
      "fpr95": 0.784,
      "aupr": 0.7753383677065662
    },
    "layer_14": {
      "n_total": 500,
      "n_valid": 500,
      "n_val_total": 500,
      "n_val_valid": 500,
      "acc": 0.678,
      "f1": 0.5924050632911393,
      "pre": 0.8068965517241379,
      "recall": 0.468,
      "auroc": 0.7483039999999999,
      "optimal_threshold": 0.34446683526039124,
      "tpr_at_fpr_0_01": 0.136,
      "fpr95": 0.828,
      "aupr": 0.7694885039905586
    },
    "layer_15": {
      "n_total": 500,
      "n_valid": 500,
      "n_val_total": 500,
      "n_val_valid": 500,
      "acc": 0.694,
      "f1": 0.6203473945409429,
      "pre": 0.8169934640522876,
      "recall": 0.5,
      "auroc": 0.805904,
      "optimal_threshold": 0.29075518250465393,
      "tpr_at_fpr_0_01": 0.168,
      "fpr95": 0.76,
      "aupr": 0.8068851900866005
    },
    "layer_16": {
      "n_total": 500,
      "n_valid": 500,
      "n_val_total": 500,
      "n_val_valid": 500,
      "acc": 0.65,
      "f1": 0.5152354570637119,
      "pre": 0.8378378378378378,
      "recall": 0.372,
      "auroc": 0.806592,
      "optimal_threshold": 0.39443135261535645,
      "tpr_at_fpr_0_01": 0.164,
      "fpr95": 0.768,
      "aupr": 0.8082727914045026
    },
    "layer_17": {
      "n_total": 500,
      "n_valid": 500,
      "n_val_total": 500,
      "n_val_valid": 500,
      "acc": 0.65,
      "f1": 0.5257452574525745,
      "pre": 0.8151260504201681,
      "recall": 0.388,
      "auroc": 0.796512,
      "optimal_threshold": 0.34985804557800293,
      "tpr_at_fpr_0_01": 0.192,
      "fpr95": 0.76,
      "aupr": 0.8039510248658157
    },
    "layer_18": {
      "n_total": 500,
      "n_valid": 500,
      "n_val_total": 500,
      "n_val_valid": 500,
      "acc": 0.652,
      "f1": 0.5193370165745856,
      "pre": 0.8392857142857143,
      "recall": 0.376,
      "auroc": 0.7912640000000001,
      "optimal_threshold": 0.36893948912620544,
      "tpr_at_fpr_0_01": 0.184,
      "fpr95": 0.78,
      "aupr": 0.8058270766617036
    },
    "layer_19": {
      "n_total": 500,
      "n_valid": 500,
      "n_val_total": 500,
      "n_val_valid": 500,
      "acc": 0.664,
      "f1": 0.5483870967741935,
      "pre": 0.8360655737704918,
      "recall": 0.408,
      "auroc": 0.7881279999999999,
      "optimal_threshold": 0.3296455144882202,
      "tpr_at_fpr_0_01": 0.148,
      "fpr95": 0.796,
      "aupr": 0.802488978336253
    },
    "layer_20": {
      "n_total": 500,
      "n_valid": 500,