{
  "args": {
    "model": "llama_8b",
    "dataset": "m4_wikipedia_chatgpt",
    "mode": "denoise",
    "token_mode": "last_token",
    "prefix": false,
    "smoke_test": false,
    "ood": [
      "multisocial_de",
      "multisocial_nl",
      "multisocial_pt",
      "multisocial_ar"
    ],
    "pca_components": 20,
    "normalize_scores": true,
    "manifold": true
  },
  "steering_domain": "m4_wikipedia_chatgpt",
  "eval_domain": "multisocial_nl",
  "n_samples": 500,
  "n_layers": 33,
  "metrics_per_layer": {
    "layer_1": {
      "n_total": 500,
      "n_valid": 500,
      "n_val_total": 500,
      "n_val_valid": 500,
      "acc": 0.696,
      "f1": 0.6465116279069767,
      "pre": 0.7722222222222223,
      "recall": 0.556,
      "auroc": 0.679832,
      "optimal_threshold": 0.5805057883262634,
      "tpr_at_fpr_0_01": 0.0,
      "fpr95": 0.932,
      "aupr": 0.6853149846459892
    },
    "layer_2": {
      "n_total": 500,
      "n_valid": 500,
      "n_val_total": 500,
      "n_val_valid": 500,
      "acc": 0.656,
      "f1": 0.5520833333333334,
      "pre": 0.7910447761194029,
      "recall": 0.424,
      "auroc": 0.706832,
      "optimal_threshold": 0.7456756830215454,
      "tpr_at_fpr_0_01": 0.02,
      "fpr95": 0.896,
      "aupr": 0.703904394289407
    },
    "layer_3": {
      "n_total": 500,
      "n_valid": 500,
      "n_val_total": 500,
      "n_val_valid": 500,
      "acc": 0.69,
      "f1": 0.6172839506172839,
      "pre": 0.8064516129032258,
      "recall": 0.5,
      "auroc": 0.7150719999999999,
      "optimal_threshold": 0.5878759026527405,
      "tpr_at_fpr_0_01": 0.064,
      "fpr95": 0.936,
      "aupr": 0.7248628087632312
    },
    "layer_4": {
      "n_total": 500,
      "n_valid": 500,
      "n_val_total": 500,
      "n_val_valid": 500,
      "acc": 0.634,
      "f1": 0.47564469914040114,
      "pre": 0.8383838383838383,
      "recall": 0.332,
      "auroc": 0.713712,
      "optimal_threshold": 0.5252223014831543,
      "tpr_at_fpr_0_01": 0.076,
      "fpr95": 0.928,
      "aupr": 0.7278175341586594
    },
    "layer_5": {
      "n_total": 500,
      "n_valid": 500,
      "n_val_total": 500,
      "n_val_valid": 500,
      "acc": 0.644,
      "f1": 0.5027932960893855,
      "pre": 0.8333333333333334,
      "recall": 0.36,
      "auroc": 0.718448,
      "optimal_threshold": 0.40623608231544495,
      "tpr_at_fpr_0_01": 0.064,
      "fpr95": 0.912,
      "aupr": 0.7364642515207497
    },
    "layer_6": {
      "n_total": 500,
      "n_valid": 500,
      "n_val_total": 500,
      "n_val_valid": 500,
      "acc": 0.672,
      "f1": 0.5638297872340425,
      "pre": 0.8412698412698413,
      "recall": 0.424,
      "auroc": 0.726368,
      "optimal_threshold": 0.40196385979652405,
      "tpr_at_fpr_0_01": 0.092,
      "fpr95": 0.896,
      "aupr": 0.748804838246688
    },
    "layer_7": {
      "n_total": 500,
      "n_valid": 500,
      "n_val_total": 500,
      "n_val_valid": 500,
      "acc": 0.676,
      "f1": 0.5803108808290155,
      "pre": 0.8235294117647058,
      "recall": 0.448,
      "auroc": 0.7280479999999999,
      "optimal_threshold": 0.4005964994430542,
      "tpr_at_fpr_0_01": 0.076,
      "fpr95": 0.872,
      "aupr": 0.7461013431099475
    },
    "layer_8": {
      "n_total": 500,
      "n_valid": 500,
      "n_val_total": 500,
      "n_val_valid": 500,
      "acc": 0.67,
      "f1": 0.60431654676259,
      "pre": 0.7544910179640718,
      "recall": 0.504,
      "auroc": 0.710096,
      "optimal_threshold": 0.44682344794273376,
      "tpr_at_fpr_0_01": 0.048,
      "fpr95": 0.884,
      "aupr": 0.7259788699799542
    },
    "layer_9": {
      "n_total": 500,
      "n_valid": 500,
      "n_val_total": 500,
      "n_val_valid": 500,
      "acc": 0.678,
      "f1": 0.6414253897550112,
      "pre": 0.7236180904522613,
      "recall": 0.576,
      "auroc": 0.719056,
      "optimal_threshold": 0.3729099631309509,
      "tpr_at_fpr_0_01": 0.084,
      "fpr95": 0.868,
      "aupr": 0.7357221457711403
    },
    "layer_10": {
      "n_total": 500,
      "n_valid": 500,
      "n_val_total": 500,
      "n_val_valid": 500,
      "acc": 0.672,
      "f1": 0.5706806282722513,
      "pre": 0.8257575757575758,
      "recall": 0.436,
      "auroc": 0.7287520000000001,
      "optimal_threshold": 0.41385483741760254,
      "tpr_at_fpr_0_01": 0.096,
      "fpr95": 0.88,
      "aupr": 0.7433423588557961
    },
    "layer_11": {
      "n_total": 500,
      "n_valid": 500,
      "n_val_total": 500,
      "n_val_valid": 500,
      "acc": 0.67,
      "f1": 0.5669291338582677,
      "pre": 0.8244274809160306,
      "recall": 0.432,
      "auroc": 0.726912,
      "optimal_threshold": 0.4588681757450104,
      "tpr_at_fpr_0_01": 0.124,
      "fpr95": 0.928,
      "aupr": 0.7520962449514373
    },
    "layer_12": {
      "n_total": 500,
      "n_valid": 500,
      "n_val_total": 500,
      "n_val_valid": 500,
      "acc": 0.66,
      "f1": 0.543010752688172,
      "pre": 0.8278688524590164,
      "recall": 0.404,
      "auroc": 0.7236480000000001,
      "optimal_threshold": 0.38503125309944153,
      "tpr_at_fpr_0_01": 0.092,
      "fpr95": 0.944,
      "aupr": 0.7439320147892442
    },
    "layer_13": {
      "n_total": 500,
      "n_valid": 500,
      "n_val_total": 500,
      "n_val_valid": 500,
      "acc": 0.618,
      "f1": 0.4298507462686567,
      "pre": 0.8470588235294118,
      "recall": 0.288,
      "auroc": 0.7171999999999998,
      "optimal_threshold": 0.4564739167690277,
      "tpr_at_fpr_0_01": 0.084,
      "fpr95": 0.904,
      "aupr": 0.740351009377627
    },
    "layer_14": {
      "n_total": 500,
      "n_valid": 500,
      "n_val_total": 500,
      "n_val_valid": 500,
      "acc": 0.674,
      "f1": 0.6353467561521253,
      "pre": 0.7208121827411168,
      "recall": 0.568,
      "auroc": 0.707792,
      "optimal_threshold": 0.4312001168727875,
      "tpr_at_fpr_0_01": 0.092,
      "fpr95": 0.892,
      "aupr": 0.7319169466755522
    },
    "layer_15": {
      "n_total": 500,
      "n_valid": 500,
      "n_val_total": 500,
      "n_val_valid": 500,
      "acc": 0.656,
      "f1": 0.5634517766497462,
      "pre": 0.7708333333333334,
      "recall": 0.444,
      "auroc": 0.7119840000000001,
      "optimal_threshold": 0.4522917866706848,
      "tpr_at_fpr_0_01": 0.084,
      "fpr95": 0.912,
      "aupr": 0.7359348993398405
    },
    "layer_16": {
      "n_total": 500,
      "n_valid": 500,
      "n_val_total": 500,
      "n_val_valid": 500,
      "acc": 0.638,
      "f1": 0.4813753581661891,
      "pre": 0.8484848484848485,
      "recall": 0.336,
      "auroc": 0.706688,
      "optimal_threshold": 0.44067201018333435,
      "tpr_at_fpr_0_01": 0.12,
      "fpr95": 0.912,
      "aupr": 0.7409063557415871
    },
    "layer_17": {
      "n_total": 500,
      "n_valid": 500,
      "n_val_total": 500,
      "n_val_valid": 500,
      "acc": 0.684,
      "f1": 0.6030150753768844,
      "pre": 0.8108108108108109,
      "recall": 0.48,
      "auroc": 0.7132639999999999,
      "optimal_threshold": 0.49268850684165955,
      "tpr_at_fpr_0_01": 0.132,
      "fpr95": 0.9,
      "aupr": 0.7460100628961902
    },
    "layer_18": {
      "n_total": 500,
      "n_valid": 500,
      "n_val_total": 500,
      "n_val_valid": 500,
      "acc": 0.65,
      "f1": 0.5939675174013921,
      "pre": 0.7071823204419889,
      "recall": 0.512,
      "auroc": 0.68736,
      "optimal_threshold": 0.513127326965332,
      "tpr_at_fpr_0_01": 0.124,
      "fpr95": 0.952,
      "aupr": 0.7212618398586231
    },
    "layer_19": {
      "n_total": 500,
      "n_valid": 500,
      "n_val_total": 500,
      "n_val_valid": 500,
      "acc": 0.682,
      "f1": 0.6378132118451025,
      "pre": 0.7407407407407407,
      "recall": 0.56,
      "auroc": 0.6947519999999999,
      "optimal_threshold": 0.5716080665588379,
      "tpr_at_fpr_0_01": 0.144,
      "fpr95": 0.972,
      "aupr": 0.7393005874894565
    },
    "layer_20": {
      "n_total": 500,