{
  "args": {
    "model": "llama_8b",
    "dataset": "m4_wikipedia_chatgpt",
    "mode": "denoise",
    "token_mode": "last_token",
    "prefix": false,
    "smoke_test": false,
    "ood": [
      "m4_wikihow_chatgpt",
      "m4_reddit_chatgpt",
      "m4_arxiv_chatgpt"
    ],
    "pca_components": 20,
    "normalize_scores": true,
    "manifold": true
  },
  "steering_domain": "m4_wikipedia_chatgpt",
  "eval_domain": "m4_arxiv_chatgpt",
  "n_samples": 500,
  "n_layers": 33,
  "metrics_per_layer": {
    "layer_1": {
      "n_total": 500,
      "n_valid": 500,
      "n_val_total": 500,
      "n_val_valid": 500,
      "acc": 0.512,
      "f1": 0.6720430107526881,
      "pre": 0.5060728744939271,
      "recall": 1.0,
      "auroc": 1.0,
      "optimal_threshold": 0.5805057883262634,
      "tpr_at_fpr_0_01": 1.0,
      "fpr95": 0.0,
      "aupr": 1.0
    },
    "layer_2": {
      "n_total": 500,
      "n_valid": 500,
      "n_val_total": 500,
      "n_val_valid": 500,
      "acc": 0.696,
      "f1": 0.7668711656441718,
      "pre": 0.6218905472636815,
      "recall": 1.0,
      "auroc": 1.0,
      "optimal_threshold": 0.7456756830215454,
      "tpr_at_fpr_0_01": 1.0,
      "fpr95": 0.0,
      "aupr": 1.0
    },
    "layer_3": {
      "n_total": 500,
      "n_valid": 500,
      "n_val_total": 500,
      "n_val_valid": 500,
      "acc": 0.51,
      "f1": 0.6711409395973155,
      "pre": 0.5050505050505051,
      "recall": 1.0,
      "auroc": 1.0,
      "optimal_threshold": 0.5878759026527405,
      "tpr_at_fpr_0_01": 1.0,
      "fpr95": 0.0,
      "aupr": 1.0
    },
    "layer_4": {
      "n_total": 500,
      "n_valid": 500,
      "n_val_total": 500,
      "n_val_valid": 500,
      "acc": 0.516,
      "f1": 0.6738544474393531,
      "pre": 0.508130081300813,
      "recall": 1.0,
      "auroc": 1.0,
      "optimal_threshold": 0.5252223014831543,
      "tpr_at_fpr_0_01": 1.0,
      "fpr95": 0.0,
      "aupr": 1.0
    },
    "layer_5": {
      "n_total": 500,
      "n_valid": 500,
      "n_val_total": 500,
      "n_val_valid": 500,
      "acc": 0.512,
      "f1": 0.6720430107526881,
      "pre": 0.5060728744939271,
      "recall": 1.0,
      "auroc": 0.999952,
      "optimal_threshold": 0.40623608231544495,
      "tpr_at_fpr_0_01": 0.996,
      "fpr95": 0.0,
      "aupr": 0.9999525691699604
    },
    "layer_6": {
      "n_total": 500,
      "n_valid": 500,
      "n_val_total": 500,
      "n_val_valid": 500,
      "acc": 0.504,
      "f1": 0.6684491978609626,
      "pre": 0.5020080321285141,
      "recall": 1.0,
      "auroc": 0.999424,
      "optimal_threshold": 0.40196385979652405,
      "tpr_at_fpr_0_01": 0.988,
      "fpr95": 0.0,
      "aupr": 0.9994376841390327
    },
    "layer_7": {
      "n_total": 500,
      "n_valid": 500,
      "n_val_total": 500,
      "n_val_valid": 500,
      "acc": 0.5,
      "f1": 0.6666666666666666,
      "pre": 0.5,
      "recall": 1.0,
      "auroc": 0.998688,
      "optimal_threshold": 0.4005964994430542,
      "tpr_at_fpr_0_01": 0.98,
      "fpr95": 0.0,
      "aupr": 0.9987579941201153
    },
    "layer_8": {
      "n_total": 500,
      "n_valid": 500,
      "n_val_total": 500,
      "n_val_valid": 500,
      "acc": 0.5,
      "f1": 0.6666666666666666,
      "pre": 0.5,
      "recall": 1.0,
      "auroc": 0.997632,
      "optimal_threshold": 0.44682344794273376,
      "tpr_at_fpr_0_01": 0.972,
      "fpr95": 0.0,
      "aupr": 0.9978213801528426
    },
    "layer_9": {
      "n_total": 500,
      "n_valid": 500,
      "n_val_total": 500,
      "n_val_valid": 500,
      "acc": 0.5,
      "f1": 0.6666666666666666,
      "pre": 0.5,
      "recall": 1.0,
      "auroc": 0.9958400000000001,
      "optimal_threshold": 0.3729099631309509,
      "tpr_at_fpr_0_01": 0.952,
      "fpr95": 0.008,
      "aupr": 0.9964601672058964
    },
    "layer_10": {
      "n_total": 500,
      "n_valid": 500,
      "n_val_total": 500,
      "n_val_valid": 500,
      "acc": 0.5,
      "f1": 0.6666666666666666,
      "pre": 0.5,
      "recall": 1.0,
      "auroc": 0.997104,
      "optimal_threshold": 0.41385483741760254,
      "tpr_at_fpr_0_01": 0.972,
      "fpr95": 0.0,
      "aupr": 0.9974349121273746
    },
    "layer_11": {
      "n_total": 500,
      "n_valid": 500,
      "n_val_total": 500,
      "n_val_valid": 500,
      "acc": 0.5,
      "f1": 0.6666666666666666,
      "pre": 0.5,
      "recall": 1.0,
      "auroc": 0.996448,
      "optimal_threshold": 0.4588681757450104,
      "tpr_at_fpr_0_01": 0.98,
      "fpr95": 0.0,
      "aupr": 0.997087840396162
    },
    "layer_12": {
      "n_total": 500,
      "n_valid": 500,
      "n_val_total": 500,
      "n_val_valid": 500,
      "acc": 0.5,
      "f1": 0.6666666666666666,
      "pre": 0.5,
      "recall": 1.0,
      "auroc": 0.994896,
      "optimal_threshold": 0.38503125309944153,
      "tpr_at_fpr_0_01": 0.968,
      "fpr95": 0.004,
      "aupr": 0.9958391835468883
    },
    "layer_13": {
      "n_total": 500,
      "n_valid": 500,
      "n_val_total": 500,
      "n_val_valid": 500,
      "acc": 0.5,
      "f1": 0.6666666666666666,
      "pre": 0.5,
      "recall": 1.0,
      "auroc": 0.9957440000000001,
      "optimal_threshold": 0.4564739167690277,
      "tpr_at_fpr_0_01": 0.956,
      "fpr95": 0.004,
      "aupr": 0.996554010694131
    },
    "layer_14": {
      "n_total": 500,
      "n_valid": 500,
      "n_val_total": 500,
      "n_val_valid": 500,
      "acc": 0.5,
      "f1": 0.6666666666666666,
      "pre": 0.5,
      "recall": 1.0,
      "auroc": 0.999232,
      "optimal_threshold": 0.4312001168727875,
      "tpr_at_fpr_0_01": 0.98,
      "fpr95": 0.0,
      "aupr": 0.9992651805457299
    },
    "layer_15": {
      "n_total": 500,
      "n_valid": 500,
      "n_val_total": 500,
      "n_val_valid": 500,
      "acc": 0.5,
      "f1": 0.6666666666666666,
      "pre": 0.5,
      "recall": 1.0,
      "auroc": 0.999216,
      "optimal_threshold": 0.4522917866706848,
      "tpr_at_fpr_0_01": 0.988,
      "fpr95": 0.0,
      "aupr": 0.999278995387499
    },
    "layer_16": {
      "n_total": 500,
      "n_valid": 500,
      "n_val_total": 500,
      "n_val_valid": 500,
      "acc": 0.5,
      "f1": 0.6666666666666666,
      "pre": 0.5,
      "recall": 1.0,
      "auroc": 0.998496,
      "optimal_threshold": 0.44067201018333435,
      "tpr_at_fpr_0_01": 0.988,
      "fpr95": 0.0,
      "aupr": 0.9987276062395128
    },
    "layer_17": {
      "n_total": 500,
      "n_valid": 500,
      "n_val_total": 500,
      "n_val_valid": 500,
      "acc": 0.5,
      "f1": 0.6666666666666666,
      "pre": 0.5,
      "recall": 1.0,
      "auroc": 0.99984,
      "optimal_threshold": 0.49268850684165955,
      "tpr_at_fpr_0_01": 0.992,
      "fpr95": 0.0,
      "aupr": 0.9998428284699706
    },
    "layer_18": {
      "n_total": 500,
      "n_valid": 500,
      "n_val_total": 500,
      "n_val_valid": 500,
      "acc": 0.5,
      "f1": 0.6666666666666666,
      "pre": 0.5,
      "recall": 1.0,
      "auroc": 0.9999359999999999,
      "optimal_threshold": 0.513127326965332,
      "tpr_at_fpr_0_01": 0.996,
      "fpr95": 0.0,
      "aupr": 0.9999365691699604
    },
    "layer_19": {
      "n_total": 500,
      "n_valid": 500,
      "n_val_total": 500,
      "n_val_valid": 500,
      "acc": 0.504,
      "f1": 0.6684491978609626,
      "pre": 0.5020080321285141,
      "recall": 1.0,
      "auroc": 1.0,
      "optimal_threshold": 0.5716080665588379,
      "tpr_at_fpr_0_01": 1.0,
      "fpr95": 0.0,
      "aupr": 1.0
    },
    "layer_20": {
      "n_total": 500,
      "n_valid": 500,
      "n_val_total": 500,
      "n_val_valid": 500,
      "acc": 0.562,
      "f1": 0.6954102920723226,
      "pre": 0.5330490405117271,
      "recall": 1.0,
      "auroc": 1.0,
      "optimal_threshold": 0.5852456092834473,
      "tpr_at_fpr_0_01": 1.0,
      "fpr95": 0.0,
      "aupr": 1.0
    },
    "layer_21": {
      "n_total": 500,
      "n_valid": 500,
      "n_val_total": 500,
      "n_val_valid": 500,