{
  "args": {
    "model": "llama_8b",
    "dataset": "m4_wikipedia_chatgpt",
    "mode": "denoise",
    "token_mode": "last_token",
    "prefix": false,
    "smoke_test": false,
    "ood": [
      "m4_wikihow_chatgpt",
      "m4_reddit_chatgpt",
      "m4_arxiv_chatgpt"
    ],
    "pca_components": 20,
    "normalize_scores": true,
    "manifold": true
  },
  "steering_domain": "m4_wikipedia_chatgpt",
  "eval_domain": "m4_reddit_chatgpt",
  "n_samples": 500,
  "n_layers": 33,
  "metrics_per_layer": {
    "layer_1": {
      "n_total": 500,
      "n_valid": 500,
      "n_val_total": 500,
      "n_val_valid": 500,
      "acc": 0.6,
      "f1": 0.7134670487106017,
      "pre": 0.5558035714285714,
      "recall": 0.996,
      "auroc": 0.585912,
      "optimal_threshold": 0.5805057883262634,
      "tpr_at_fpr_0_01": 0.0,
      "fpr95": 0.796,
      "aupr": 0.5477775900912071
    },
    "layer_2": {
      "n_total": 500,
      "n_valid": 500,
      "n_val_total": 500,
      "n_val_valid": 500,
      "acc": 0.626,
      "f1": 0.7245949926362297,
      "pre": 0.5734265734265734,
      "recall": 0.984,
      "auroc": 0.839168,
      "optimal_threshold": 0.7456756830215454,
      "tpr_at_fpr_0_01": 0.26,
      "fpr95": 0.688,
      "aupr": 0.8590772446791606
    },
    "layer_3": {
      "n_total": 500,
      "n_valid": 500,
      "n_val_total": 500,
      "n_val_valid": 500,
      "acc": 0.614,
      "f1": 0.7215007215007215,
      "pre": 0.5643340857787811,
      "recall": 1.0,
      "auroc": 0.8355359999999998,
      "optimal_threshold": 0.5878759026527405,
      "tpr_at_fpr_0_01": 0.208,
      "fpr95": 0.604,
      "aupr": 0.8444220866405553
    },
    "layer_4": {
      "n_total": 500,
      "n_valid": 500,
      "n_val_total": 500,
      "n_val_valid": 500,
      "acc": 0.632,
      "f1": 0.7302052785923754,
      "pre": 0.5763888888888888,
      "recall": 0.996,
      "auroc": 0.8887519999999999,
      "optimal_threshold": 0.5252223014831543,
      "tpr_at_fpr_0_01": 0.48,
      "fpr95": 0.568,
      "aupr": 0.908768741777187
    },
    "layer_5": {
      "n_total": 500,
      "n_valid": 500,
      "n_val_total": 500,
      "n_val_valid": 500,
      "acc": 0.62,
      "f1": 0.7246376811594203,
      "pre": 0.5681818181818182,
      "recall": 1.0,
      "auroc": 0.9381280000000001,
      "optimal_threshold": 0.40623608231544495,
      "tpr_at_fpr_0_01": 0.7,
      "fpr95": 0.392,
      "aupr": 0.9490167254086923
    },
    "layer_6": {
      "n_total": 500,
      "n_valid": 500,
      "n_val_total": 500,
      "n_val_valid": 500,
      "acc": 0.608,
      "f1": 0.7183908045977011,
      "pre": 0.5605381165919282,
      "recall": 1.0,
      "auroc": 0.949792,
      "optimal_threshold": 0.40196385979652405,
      "tpr_at_fpr_0_01": 0.744,
      "fpr95": 0.344,
      "aupr": 0.9584336610205635
    },
    "layer_7": {
      "n_total": 500,
      "n_valid": 500,
      "n_val_total": 500,
      "n_val_valid": 500,
      "acc": 0.602,
      "f1": 0.7153075822603719,
      "pre": 0.5567928730512249,
      "recall": 1.0,
      "auroc": 0.971488,
      "optimal_threshold": 0.4005964994430542,
      "tpr_at_fpr_0_01": 0.772,
      "fpr95": 0.216,
      "aupr": 0.975042513407755
    },
    "layer_8": {
      "n_total": 500,
      "n_valid": 500,
      "n_val_total": 500,
      "n_val_valid": 500,
      "acc": 0.59,
      "f1": 0.7092198581560284,
      "pre": 0.5494505494505495,
      "recall": 1.0,
      "auroc": 0.964832,
      "optimal_threshold": 0.44682344794273376,
      "tpr_at_fpr_0_01": 0.74,
      "fpr95": 0.252,
      "aupr": 0.9693672522326288
    },
    "layer_9": {
      "n_total": 500,
      "n_valid": 500,
      "n_val_total": 500,
      "n_val_valid": 500,
      "acc": 0.574,
      "f1": 0.7012622720897616,
      "pre": 0.5399568034557235,
      "recall": 1.0,
      "auroc": 0.979664,
      "optimal_threshold": 0.3729099631309509,
      "tpr_at_fpr_0_01": 0.804,
      "fpr95": 0.152,
      "aupr": 0.9821494787876002
    },
    "layer_10": {
      "n_total": 500,
      "n_valid": 500,
      "n_val_total": 500,
      "n_val_valid": 500,
      "acc": 0.594,
      "f1": 0.7112375533428165,
      "pre": 0.5518763796909493,
      "recall": 1.0,
      "auroc": 0.985568,
      "optimal_threshold": 0.41385483741760254,
      "tpr_at_fpr_0_01": 0.852,
      "fpr95": 0.088,
      "aupr": 0.9865316336070377
    },
    "layer_11": {
      "n_total": 500,
      "n_valid": 500,
      "n_val_total": 500,
      "n_val_valid": 500,
      "acc": 0.598,
      "f1": 0.7132667617689016,
      "pre": 0.5543237250554324,
      "recall": 1.0,
      "auroc": 0.9908,
      "optimal_threshold": 0.4588681757450104,
      "tpr_at_fpr_0_01": 0.86,
      "fpr95": 0.048,
      "aupr": 0.9911996511235402
    },
    "layer_12": {
      "n_total": 500,
      "n_valid": 500,
      "n_val_total": 500,
      "n_val_valid": 500,
      "acc": 0.59,
      "f1": 0.7092198581560284,
      "pre": 0.5494505494505495,
      "recall": 1.0,
      "auroc": 0.9909119999999999,
      "optimal_threshold": 0.38503125309944153,
      "tpr_at_fpr_0_01": 0.828,
      "fpr95": 0.044,
      "aupr": 0.9909531143787572
    },
    "layer_13": {
      "n_total": 500,
      "n_valid": 500,
      "n_val_total": 500,
      "n_val_valid": 500,
      "acc": 0.628,
      "f1": 0.7288629737609329,
      "pre": 0.573394495412844,
      "recall": 1.0,
      "auroc": 0.991152,
      "optimal_threshold": 0.4564739167690277,
      "tpr_at_fpr_0_01": 0.84,
      "fpr95": 0.064,
      "aupr": 0.9910758599955365
    },
    "layer_14": {
      "n_total": 500,
      "n_valid": 500,
      "n_val_total": 500,
      "n_val_valid": 500,
      "acc": 0.58,
      "f1": 0.704225352112676,
      "pre": 0.5434782608695652,
      "recall": 1.0,
      "auroc": 0.9932960000000001,
      "optimal_threshold": 0.4312001168727875,
      "tpr_at_fpr_0_01": 0.86,
      "fpr95": 0.036,
      "aupr": 0.9931770788644496
    },
    "layer_15": {
      "n_total": 500,
      "n_valid": 500,
      "n_val_total": 500,
      "n_val_valid": 500,
      "acc": 0.61,
      "f1": 0.7194244604316546,
      "pre": 0.5617977528089888,
      "recall": 1.0,
      "auroc": 0.9925280000000001,
      "optimal_threshold": 0.4522917866706848,
      "tpr_at_fpr_0_01": 0.848,
      "fpr95": 0.04,
      "aupr": 0.9922793983538293
    },
    "layer_16": {
      "n_total": 500,
      "n_valid": 500,
      "n_val_total": 500,
      "n_val_valid": 500,
      "acc": 0.624,
      "f1": 0.7267441860465116,
      "pre": 0.5707762557077626,
      "recall": 1.0,
      "auroc": 0.992,
      "optimal_threshold": 0.44067201018333435,
      "tpr_at_fpr_0_01": 0.784,
      "fpr95": 0.04,
      "aupr": 0.9918270104905176
    },
    "layer_17": {
      "n_total": 500,
      "n_valid": 500,
      "n_val_total": 500,
      "n_val_valid": 500,
      "acc": 0.6,
      "f1": 0.7142857142857143,
      "pre": 0.5555555555555556,
      "recall": 1.0,
      "auroc": 0.9914080000000001,
      "optimal_threshold": 0.49268850684165955,
      "tpr_at_fpr_0_01": 0.784,
      "fpr95": 0.048,
      "aupr": 0.9914767459137674
    },
    "layer_18": {
      "n_total": 500,
      "n_valid": 500,
      "n_val_total": 500,
      "n_val_valid": 500,
      "acc": 0.606,
      "f1": 0.7173601147776184,
      "pre": 0.5592841163310962,
      "recall": 1.0,
      "auroc": 0.988192,
      "optimal_threshold": 0.513127326965332,
      "tpr_at_fpr_0_01": 0.796,
      "fpr95": 0.076,
      "aupr": 0.9886082718450233
    },
    "layer_19": {
      "n_total": 500,
      "n_valid": 500,
      "n_val_total": 500,
      "n_val_valid": 500,
      "acc": 0.61,
      "f1": 0.7194244604316546,
      "pre": 0.5617977528089888,
      "recall": 1.0,
      "auroc": 0.983648,
      "optimal_threshold": 0.5716080665588379,
      "tpr_at_fpr_0_01": 0.804,
      "fpr95": 0.1,
      "aupr": 0.9854985959920307
    },
    "layer_20": {
      "n_total": 500,
      "n_valid": 500,
      "n_val_total": 500,
      "n_val_valid": 500,