{
  "args": {
    "model": "llama_8b",
    "dataset": "multisocial_en",
    "mode": "denoise",
    "token_mode": "last_token",
    "prefix": false,
    "smoke_test": false,
    "ood": [
      "multisocial_de",
      "multisocial_nl",
      "multisocial_pt",
      "multisocial_ar"
    ],
    "pca_components": 20,
    "normalize_scores": true,
    "manifold": true
  },
  "steering_domain": "multisocial_en",
  "eval_domain": "multisocial_nl",
  "n_samples": 500,
  "n_layers": 33,
  "metrics_per_layer": {
    "layer_1": {
      "n_total": 500,
      "n_valid": 500,
      "n_val_total": 500,
      "n_val_valid": 500,
      "acc": 0.7,
      "f1": 0.6527777777777778,
      "pre": 0.7747252747252747,
      "recall": 0.564,
      "auroc": 0.6933199999999999,
      "optimal_threshold": 0.5432754158973694,
      "tpr_at_fpr_0_01": 0.0,
      "fpr95": 0.94,
      "aupr": 0.6920768422566863
    },
    "layer_2": {
      "n_total": 500,
      "n_valid": 500,
      "n_val_total": 500,
      "n_val_valid": 500,
      "acc": 0.688,
      "f1": 0.6680851063829787,
      "pre": 0.7136363636363636,
      "recall": 0.628,
      "auroc": 0.720672,
      "optimal_threshold": 0.48281702399253845,
      "tpr_at_fpr_0_01": 0.044,
      "fpr95": 0.804,
      "aupr": 0.7134547674951813
    },
    "layer_3": {
      "n_total": 500,
      "n_valid": 500,
      "n_val_total": 500,
      "n_val_valid": 500,
      "acc": 0.698,
      "f1": 0.6752688172043011,
      "pre": 0.7302325581395349,
      "recall": 0.628,
      "auroc": 0.75048,
      "optimal_threshold": 0.4163551926612854,
      "tpr_at_fpr_0_01": 0.068,
      "fpr95": 0.812,
      "aupr": 0.7552064502036585
    },
    "layer_4": {
      "n_total": 500,
      "n_valid": 500,
      "n_val_total": 500,
      "n_val_valid": 500,
      "acc": 0.71,
      "f1": 0.6651270207852193,
      "pre": 0.7868852459016393,
      "recall": 0.576,
      "auroc": 0.7466400000000001,
      "optimal_threshold": 0.5893803834915161,
      "tpr_at_fpr_0_01": 0.096,
      "fpr95": 0.876,
      "aupr": 0.7662880889752599
    },
    "layer_5": {
      "n_total": 500,
      "n_valid": 500,
      "n_val_total": 500,
      "n_val_valid": 500,
      "acc": 0.702,
      "f1": 0.6809421841541756,
      "pre": 0.7327188940092166,
      "recall": 0.636,
      "auroc": 0.765968,
      "optimal_threshold": 0.39107924699783325,
      "tpr_at_fpr_0_01": 0.2,
      "fpr95": 0.84,
      "aupr": 0.7863095319550801
    },
    "layer_6": {
      "n_total": 500,
      "n_valid": 500,
      "n_val_total": 500,
      "n_val_valid": 500,
      "acc": 0.712,
      "f1": 0.6883116883116883,
      "pre": 0.75,
      "recall": 0.636,
      "auroc": 0.783856,
      "optimal_threshold": 0.37779751420021057,
      "tpr_at_fpr_0_01": 0.204,
      "fpr95": 0.772,
      "aupr": 0.8032079970303045
    },
    "layer_7": {
      "n_total": 500,
      "n_valid": 500,
      "n_val_total": 500,
      "n_val_valid": 500,
      "acc": 0.7,
      "f1": 0.6739130434782609,
      "pre": 0.7380952380952381,
      "recall": 0.62,
      "auroc": 0.7823039999999999,
      "optimal_threshold": 0.3891340494155884,
      "tpr_at_fpr_0_01": 0.176,
      "fpr95": 0.828,
      "aupr": 0.7996940287723808
    },
    "layer_8": {
      "n_total": 500,
      "n_valid": 500,
      "n_val_total": 500,
      "n_val_valid": 500,
      "acc": 0.708,
      "f1": 0.6826086956521739,
      "pre": 0.7476190476190476,
      "recall": 0.628,
      "auroc": 0.7891360000000001,
      "optimal_threshold": 0.3934800326824188,
      "tpr_at_fpr_0_01": 0.16,
      "fpr95": 0.812,
      "aupr": 0.8041941334272025
    },
    "layer_9": {
      "n_total": 500,
      "n_valid": 500,
      "n_val_total": 500,
      "n_val_valid": 500,
      "acc": 0.728,
      "f1": 0.6761904761904762,
      "pre": 0.8352941176470589,
      "recall": 0.568,
      "auroc": 0.7904159999999998,
      "optimal_threshold": 0.4917012155056,
      "tpr_at_fpr_0_01": 0.092,
      "fpr95": 0.8,
      "aupr": 0.7996117683026719
    },
    "layer_10": {
      "n_total": 500,
      "n_valid": 500,
      "n_val_total": 500,
      "n_val_valid": 500,
      "acc": 0.72,
      "f1": 0.6618357487922706,
      "pre": 0.8353658536585366,
      "recall": 0.548,
      "auroc": 0.801984,
      "optimal_threshold": 0.4842623770236969,
      "tpr_at_fpr_0_01": 0.1,
      "fpr95": 0.82,
      "aupr": 0.814162014628772
    },
    "layer_11": {
      "n_total": 500,
      "n_valid": 500,
      "n_val_total": 500,
      "n_val_valid": 500,
      "acc": 0.728,
      "f1": 0.6866359447004609,
      "pre": 0.8097826086956522,
      "recall": 0.596,
      "auroc": 0.8083520000000001,
      "optimal_threshold": 0.4095644950866699,
      "tpr_at_fpr_0_01": 0.168,
      "fpr95": 0.824,
      "aupr": 0.82408976159212
    },
    "layer_12": {
      "n_total": 500,
      "n_valid": 500,
      "n_val_total": 500,
      "n_val_valid": 500,
      "acc": 0.734,
      "f1": 0.691415313225058,
      "pre": 0.8232044198895028,
      "recall": 0.596,
      "auroc": 0.806384,
      "optimal_threshold": 0.40189802646636963,
      "tpr_at_fpr_0_01": 0.124,
      "fpr95": 0.836,
      "aupr": 0.8183227070684376
    },
    "layer_13": {
      "n_total": 500,
      "n_valid": 500,
      "n_val_total": 500,
      "n_val_valid": 500,
      "acc": 0.728,
      "f1": 0.6822429906542056,
      "pre": 0.8202247191011236,
      "recall": 0.584,
      "auroc": 0.800384,
      "optimal_threshold": 0.4233015179634094,
      "tpr_at_fpr_0_01": 0.148,
      "fpr95": 0.872,
      "aupr": 0.8186454415854676
    },
    "layer_14": {
      "n_total": 500,
      "n_valid": 500,
      "n_val_total": 500,
      "n_val_valid": 500,
      "acc": 0.708,
      "f1": 0.6812227074235808,
      "pre": 0.75,
      "recall": 0.624,
      "auroc": 0.792656,
      "optimal_threshold": 0.34446683526039124,
      "tpr_at_fpr_0_01": 0.128,
      "fpr95": 0.852,
      "aupr": 0.8093437890690047
    },
    "layer_15": {
      "n_total": 500,
      "n_valid": 500,
      "n_val_total": 500,
      "n_val_valid": 500,
      "acc": 0.726,
      "f1": 0.7091295116772823,
      "pre": 0.755656108597285,
      "recall": 0.668,
      "auroc": 0.8020480000000001,
      "optimal_threshold": 0.29075518250465393,
      "tpr_at_fpr_0_01": 0.164,
      "fpr95": 0.836,
      "aupr": 0.8187443904418497
    },
    "layer_16": {
      "n_total": 500,
      "n_valid": 500,
      "n_val_total": 500,
      "n_val_valid": 500,
      "acc": 0.718,
      "f1": 0.6713286713286714,
      "pre": 0.8044692737430168,
      "recall": 0.576,
      "auroc": 0.7902399999999999,
      "optimal_threshold": 0.39443135261535645,
      "tpr_at_fpr_0_01": 0.208,
      "fpr95": 0.876,
      "aupr": 0.8135473303583721
    },
    "layer_17": {
      "n_total": 500,
      "n_valid": 500,
      "n_val_total": 500,
      "n_val_valid": 500,
      "acc": 0.72,
      "f1": 0.6832579185520362,
      "pre": 0.7864583333333334,
      "recall": 0.604,
      "auroc": 0.78696,
      "optimal_threshold": 0.34985804557800293,
      "tpr_at_fpr_0_01": 0.196,
      "fpr95": 0.8,
      "aupr": 0.8011512502521981
    },
    "layer_18": {
      "n_total": 500,
      "n_valid": 500,
      "n_val_total": 500,
      "n_val_valid": 500,
      "acc": 0.71,
      "f1": 0.671201814058957,
      "pre": 0.774869109947644,
      "recall": 0.592,
      "auroc": 0.7649599999999999,
      "optimal_threshold": 0.36893948912620544,
      "tpr_at_fpr_0_01": 0.16,
      "fpr95": 0.84,
      "aupr": 0.7800568189027345
    },
    "layer_19": {
      "n_total": 500,
      "n_valid": 500,
      "n_val_total": 500,
      "n_val_valid": 500,
      "acc": 0.712,
      "f1": 0.6814159292035398,
      "pre": 0.7623762376237624,
      "recall": 0.616,
      "auroc": 0.7636639999999999,
      "optimal_threshold": 0.3296455144882202,
      "tpr_at_fpr_0_01": 0.144,
      "fpr95": 0.856,
      "aupr": 0.7803396962956513
    },
    "layer_20": {
      "n_total": 500,
      "n_valid": 500,