{
  "model": "llama_8b",
  "dataset": "multitude_en",
  "split": "val",
  "mode": "last_token",
  "n_samples": 200,
  "n_layers": 33,
  "dot_product_per_layer": [
    -0.10884322226047516,
    -0.17020604014396667,
    -0.24806442856788635,
    0.456087201833725,
    0.8584914207458496,
    1.217472791671753,
    1.5412863492965698,
    1.7331088781356812,
    2.0869836807250977,
    2.3693723678588867,
    2.8590035438537598,
    3.137065887451172,
    -3.1686127185821533,
    -3.4899158477783203,
    -3.9217944145202637,
    -4.265224456787109,
    -4.700135231018066,
    -5.547774791717529,
    -6.296761512756348,
    -6.776070594787598,
    -7.104171276092529,
    -7.581514358520508,
    -8.265284538269043,
    -8.75605583190918,
    -9.510581970214844,
    -10.135194778442383,
    -11.11587905883789,
    -12.132442474365234,
    -13.070575714111328,
    -14.326654434204102,
    -15.954658508300781,
    -18.485321044921875,
    -76.58689880371094
  ],
  "cosine_per_layer": [
    -0.9901001453399658,
    -0.8859718441963196,
    -0.8330309987068176,
    0.8617098331451416,
    0.9568918347358704,
    0.9585307836532593,
    0.985283374786377,
    0.9887384176254272,
    0.9925912618637085,
    0.9927149415016174,
    0.9944187998771667,
    0.9926261901855469,
    -0.9926100373268127,
    -0.9925240278244019,
    -0.991163969039917,
    -0.9905931949615479,
    -0.9917889833450317,
    -0.9912795424461365,
    -0.9907167553901672,
    -0.9907187819480896,
    -0.9906216263771057,
    -0.9892874956130981,
    -0.9885509014129639,
    -0.9877749681472778,
    -0.9875725507736206,
    -0.9870068430900574,
    -0.987453281879425,
    -0.9875918030738831,
    -0.9877626895904541,
    -0.9871509075164795,
    -0.9875162243843079,
    -0.9860060811042786,
    -0.9573777318000793
  ],
  "dot_product_mean": -7.135144233703613,
  "cosine_mean": -0.4463231861591339,
  "dot_product_last_layer": -76.58689880371094,
  "cosine_last_layer": -0.9573777318000793
}