{
  "model": "llama_8b",
  "dataset": "multisocial_en",
  "split": "val",
  "mode": "last_token",
  "n_samples": 200,
  "n_layers": 33,
  "dot_product_per_layer": [
    0.11704175919294357,
    0.2053171992301941,
    0.2932678461074829,
    0.45065563917160034,
    0.550622820854187,
    0.7050440311431885,
    0.8840731382369995,
    0.9221843481063843,
    1.0100727081298828,
    1.1116955280303955,
    1.265124797821045,
    -1.3377246856689453,
    1.416569471359253,
    1.447956919670105,
    1.6233429908752441,
    1.8187875747680664,
    2.1364288330078125,
    2.3568453788757324,
    2.78482723236084,
    2.9856982231140137,
    3.2712416648864746,
    3.564605712890625,
    3.915843963623047,
    4.199496269226074,
    4.582207679748535,
    4.832462310791016,
    5.241144180297852,
    5.73235559463501,
    6.210064888000488,
    6.5261430740356445,
    7.581426620483398,
    9.09933853149414,
    -20.003868103027344
  ],
  "cosine_per_layer": [
    0.8955882787704468,
    0.8880795240402222,
    0.8615261912345886,
    0.884381890296936,
    0.8548147678375244,
    0.8534282445907593,
    0.8630773425102234,
    0.8356914520263672,
    0.8389308452606201,
    0.8460717797279358,
    0.8626998066902161,
    -0.8681965470314026,
    0.8778984546661377,
    0.8350179195404053,
    0.8669095635414124,
    0.8760510087013245,
    0.8867753744125366,
    0.8652174472808838,
    0.8806508779525757,
    0.8560988306999207,
    0.8644155263900757,
    0.8608125448226929,
    0.8578296899795532,
    0.8526695370674133,
    0.8600011467933655,
    0.8464239835739136,
    0.8465598225593567,
    0.8374315500259399,
    0.8408570885658264,
    0.8248221278190613,
    0.8415329456329346,
    0.8227406740188599,
    -0.41272005438804626
  ],
  "dot_product_mean": 2.0454633235931396,
  "cosine_mean": 0.7667906284332275,
  "dot_product_last_layer": -20.003868103027344,
  "cosine_last_layer": -0.41272005438804626
}