{
  "args": {
    "model": "llama_8b",
    "dataset": "m4_multi",
    "mode": "denoise_layer_split",
    "token_mode": "last_token",
    "prefix": false,
    "smoke_test": false,
    "ood": [],
    "pca_components": 100,
    "normalize_scores": true,
    "ablation_set": "human",
    "manifold": true
  },
  "steering_domain": "m4_multi",
  "eval_domain": "m4_multi",
  "n_samples": 500,
  "n_layers": 33,
  "metrics_per_layer": {
    "layer_1": {
      "n_total": 500,
      "n_valid": 500,
      "n_val_total": 500,
      "n_val_valid": 500,
      "acc": 0.5,
      "f1": 0.0,
      "pre": 0.0,
      "recall": 0.0,
      "auroc": 0.804864,
      "optimal_threshold": 0.9074795842170715,
      "tpr_at_fpr_0_01": 0.0,
      "fpr95": 0.508,
      "aupr": 0.7399792877889517
    },
    "layer_2": {
      "n_total": 500,
      "n_valid": 500,
      "n_val_total": 500,
      "n_val_valid": 500,
      "acc": 0.77,
      "f1": 0.7657841140529531,
      "pre": 0.7800829875518672,
      "recall": 0.752,
      "auroc": 0.8423360000000001,
      "optimal_threshold": 0.7850503921508789,
      "tpr_at_fpr_0_01": 0.164,
      "fpr95": 0.636,
      "aupr": 0.8413524060161268
    },
    "layer_3": {
      "n_total": 500,
      "n_valid": 500,
      "n_val_total": 500,
      "n_val_valid": 500,
      "acc": 0.79,
      "f1": 0.784394250513347,
      "pre": 0.8059071729957806,
      "recall": 0.764,
      "auroc": 0.8463360000000001,
      "optimal_threshold": 0.6547406911849976,
      "tpr_at_fpr_0_01": 0.336,
      "fpr95": 0.868,
      "aupr": 0.8778700118322688
    },
    "layer_4": {
      "n_total": 500,
      "n_valid": 500,
      "n_val_total": 500,
      "n_val_valid": 500,
      "acc": 0.786,
      "f1": 0.7897838899803536,
      "pre": 0.7760617760617761,
      "recall": 0.804,
      "auroc": 0.851488,
      "optimal_threshold": 0.5564928650856018,
      "tpr_at_fpr_0_01": 0.488,
      "fpr95": 0.864,
      "aupr": 0.8951916017876107
    },
    "layer_5": {
      "n_total": 500,
      "n_valid": 500,
      "n_val_total": 500,
      "n_val_valid": 500,
      "acc": 0.792,
      "f1": 0.7928286852589641,
      "pre": 0.7896825396825397,
      "recall": 0.796,
      "auroc": 0.862192,
      "optimal_threshold": 0.48579686880111694,
      "tpr_at_fpr_0_01": 0.572,
      "fpr95": 0.86,
      "aupr": 0.9045580067653002
    },
    "layer_6": {
      "n_total": 500,
      "n_valid": 500,
      "n_val_total": 500,
      "n_val_valid": 500,
      "acc": 0.786,
      "f1": 0.7946257197696737,
      "pre": 0.7638376383763837,
      "recall": 0.828,
      "auroc": 0.8761439999999999,
      "optimal_threshold": 0.45688581466674805,
      "tpr_at_fpr_0_01": 0.588,
      "fpr95": 0.756,
      "aupr": 0.9109612499742625
    },
    "layer_7": {
      "n_total": 500,
      "n_valid": 500,
      "n_val_total": 500,
      "n_val_valid": 500,
      "acc": 0.788,
      "f1": 0.7969348659003831,
      "pre": 0.7647058823529411,
      "recall": 0.832,
      "auroc": 0.8679200000000001,
      "optimal_threshold": 0.4495948255062103,
      "tpr_at_fpr_0_01": 0.532,
      "fpr95": 0.736,
      "aupr": 0.9047943970456847
    },
    "layer_8": {
      "n_total": 500,
      "n_valid": 500,
      "n_val_total": 500,
      "n_val_valid": 500,
      "acc": 0.78,
      "f1": 0.7884615384615384,
      "pre": 0.7592592592592593,
      "recall": 0.82,
      "auroc": 0.861904,
      "optimal_threshold": 0.467855840921402,
      "tpr_at_fpr_0_01": 0.556,
      "fpr95": 0.8,
      "aupr": 0.901476518757034
    },
    "layer_9": {
      "n_total": 500,
      "n_valid": 500,
      "n_val_total": 500,
      "n_val_valid": 500,
      "acc": 0.706,
      "f1": 0.7461139896373057,
      "pre": 0.6565349544072948,
      "recall": 0.864,
      "auroc": 0.8603199999999999,
      "optimal_threshold": 0.3843376338481903,
      "tpr_at_fpr_0_01": 0.544,
      "fpr95": 0.824,
      "aupr": 0.9007384291536696
    },
    "layer_10": {
      "n_total": 500,
      "n_valid": 500,
      "n_val_total": 500,
      "n_val_valid": 500,
      "acc": 0.736,
      "f1": 0.7642857142857142,
      "pre": 0.6903225806451613,
      "recall": 0.856,
      "auroc": 0.8581599999999999,
      "optimal_threshold": 0.3657498061656952,
      "tpr_at_fpr_0_01": 0.608,
      "fpr95": 0.828,
      "aupr": 0.9008704158517935
    },
    "layer_11": {
      "n_total": 500,
      "n_valid": 500,
      "n_val_total": 500,
      "n_val_valid": 500,
      "acc": 0.634,
      "f1": 0.7162790697674418,
      "pre": 0.5848101265822785,
      "recall": 0.924,
      "auroc": 0.87224,
      "optimal_threshold": 0.32619282603263855,
      "tpr_at_fpr_0_01": 0.632,
      "fpr95": 0.8,
      "aupr": 0.9093979669089064
    },
    "layer_12": {
      "n_total": 500,
      "n_valid": 500,
      "n_val_total": 500,
      "n_val_valid": 500,
      "acc": 0.662,
      "f1": 0.723404255319149,
      "pre": 0.6121883656509696,
      "recall": 0.884,
      "auroc": 0.862688,
      "optimal_threshold": 0.3430097699165344,
      "tpr_at_fpr_0_01": 0.592,
      "fpr95": 0.784,
      "aupr": 0.9024570742065842
    },
    "layer_13": {
      "n_total": 500,
      "n_valid": 500,
      "n_val_total": 500,
      "n_val_valid": 500,
      "acc": 0.72,
      "f1": 0.7526501766784452,
      "pre": 0.6740506329113924,
      "recall": 0.852,
      "auroc": 0.870768,
      "optimal_threshold": 0.39536094665527344,
      "tpr_at_fpr_0_01": 0.608,
      "fpr95": 0.8,
      "aupr": 0.9093755417460653
    },
    "layer_14": {
      "n_total": 500,
      "n_valid": 500,
      "n_val_total": 500,
      "n_val_valid": 500,
      "acc": 0.632,
      "f1": 0.7115987460815048,
      "pre": 0.5850515463917526,
      "recall": 0.908,
      "auroc": 0.8756640000000002,
      "optimal_threshold": 0.3649711310863495,
      "tpr_at_fpr_0_01": 0.66,
      "fpr95": 0.776,
      "aupr": 0.9135740838435642
    },
    "layer_15": {
      "n_total": 500,
      "n_valid": 500,
      "n_val_total": 500,
      "n_val_valid": 500,
      "acc": 0.68,
      "f1": 0.7368421052631579,
      "pre": 0.6256983240223464,
      "recall": 0.896,
      "auroc": 0.8725759999999999,
      "optimal_threshold": 0.38092702627182007,
      "tpr_at_fpr_0_01": 0.632,
      "fpr95": 0.808,
      "aupr": 0.908650427446127
    },
    "layer_16": {
      "n_total": 500,
      "n_valid": 500,
      "n_val_total": 500,
      "n_val_valid": 500,
      "acc": 0.67,
      "f1": 0.7342995169082126,
      "pre": 0.6145552560646901,
      "recall": 0.912,
      "auroc": 0.877936,
      "optimal_threshold": 0.35935673117637634,
      "tpr_at_fpr_0_01": 0.668,
      "fpr95": 0.816,
      "aupr": 0.9131550644665613
    },
    "layer_17": {
      "n_total": 500,
      "n_valid": 500,
      "n_val_total": 500,
      "n_val_valid": 500,
      "acc": 0.702,
      "f1": 0.7495798319327731,
      "pre": 0.6463768115942029,
      "recall": 0.892,
      "auroc": 0.882192,
      "optimal_threshold": 0.39031195640563965,
      "tpr_at_fpr_0_01": 0.68,
      "fpr95": 0.796,
      "aupr": 0.9184898949501226
    },
    "layer_18": {
      "n_total": 500,
      "n_valid": 500,
      "n_val_total": 500,
      "n_val_valid": 500,
      "acc": 0.728,
      "f1": 0.7694915254237288,
      "pre": 0.6676470588235294,
      "recall": 0.908,
      "auroc": 0.897696,
      "optimal_threshold": 0.4163650870323181,
      "tpr_at_fpr_0_01": 0.636,
      "fpr95": 0.764,
      "aupr": 0.9269334867681562
    },
    "layer_19": {
      "n_total": 500,
      "n_valid": 500,
      "n_val_total": 500,
      "n_val_valid": 500,
      "acc": 0.766,
      "f1": 0.7943760984182777,
      "pre": 0.7084639498432602,
      "recall": 0.904,
      "auroc": 0.912752,
      "optimal_threshold": 0.44749724864959717,
      "tpr_at_fpr_0_01": 0.628,
      "fpr95": 0.548,
      "aupr": 0.9341720995770231
    },
    "layer_20": {
      "n_total": 500,
      "n_valid": 500,
      "n_val_total": 500,
      "n_val_valid": 500,
      "acc": 0.75,
      "f1": 0.7803163444639719,