{
  "args": {
    "model": "llama_8b",
    "dataset": "tsm_multi",
    "mode": "denoise_layer_split",
    "token_mode": "last_token",
    "prefix": false,
    "smoke_test": false,
    "ood": [],
    "pca_components": 25,
    "normalize_scores": true,
    "ablation_set": "human",
    "manifold": true
  },
  "steering_domain": "tsm_multi",
  "eval_domain": "tsm_multi",
  "n_samples": 500,
  "n_layers": 33,
  "metrics_per_layer": {
    "layer_1": {
      "n_total": 500,
      "n_valid": 500,
      "n_val_total": 500,
      "n_val_valid": 500,
      "acc": 0.49,
      "f1": 0.0,
      "pre": 0.0,
      "recall": 0.0,
      "auroc": 0.49003199999999997,
      "optimal_threshold": 0.5351948142051697,
      "tpr_at_fpr_0_01": 0.0,
      "fpr95": 0.984,
      "aupr": 0.5001664894352277
    },
    "layer_2": {
      "n_total": 500,
      "n_valid": 500,
      "n_val_total": 500,
      "n_val_valid": 500,
      "acc": 0.496,
      "f1": 0.0,
      "pre": 0.0,
      "recall": 0.0,
      "auroc": 0.571264,
      "optimal_threshold": 0.418658971786499,
      "tpr_at_fpr_0_01": 0.0,
      "fpr95": 0.9,
      "aupr": 0.5629349117811357
    },
    "layer_3": {
      "n_total": 500,
      "n_valid": 500,
      "n_val_total": 500,
      "n_val_valid": 500,
      "acc": 0.496,
      "f1": 0.0,
      "pre": 0.0,
      "recall": 0.0,
      "auroc": 0.582928,
      "optimal_threshold": 0.3819790780544281,
      "tpr_at_fpr_0_01": 0.0,
      "fpr95": 0.948,
      "aupr": 0.555157141797687
    },
    "layer_4": {
      "n_total": 500,
      "n_valid": 500,
      "n_val_total": 500,
      "n_val_valid": 500,
      "acc": 0.494,
      "f1": 0.0,
      "pre": 0.0,
      "recall": 0.0,
      "auroc": 0.642576,
      "optimal_threshold": 0.6305440068244934,
      "tpr_at_fpr_0_01": 0.0,
      "fpr95": 0.936,
      "aupr": 0.5953507052938973
    },
    "layer_5": {
      "n_total": 500,
      "n_valid": 500,
      "n_val_total": 500,
      "n_val_valid": 500,
      "acc": 0.498,
      "f1": 0.0,
      "pre": 0.0,
      "recall": 0.0,
      "auroc": 0.709552,
      "optimal_threshold": 0.5673683285713196,
      "tpr_at_fpr_0_01": 0.016,
      "fpr95": 0.912,
      "aupr": 0.7118599032795936
    },
    "layer_6": {
      "n_total": 500,
      "n_valid": 500,
      "n_val_total": 500,
      "n_val_valid": 500,
      "acc": 0.496,
      "f1": 0.0,
      "pre": 0.0,
      "recall": 0.0,
      "auroc": 0.662048,
      "optimal_threshold": 0.5978870391845703,
      "tpr_at_fpr_0_01": 0.004,
      "fpr95": 0.928,
      "aupr": 0.6749219440256159
    },
    "layer_7": {
      "n_total": 500,
      "n_valid": 500,
      "n_val_total": 500,
      "n_val_valid": 500,
      "acc": 0.602,
      "f1": 0.4198250728862974,
      "pre": 0.7741935483870968,
      "recall": 0.288,
      "auroc": 0.665584,
      "optimal_threshold": 0.376555472612381,
      "tpr_at_fpr_0_01": 0.044,
      "fpr95": 0.916,
      "aupr": 0.6726873889958382
    },
    "layer_8": {
      "n_total": 500,
      "n_valid": 500,
      "n_val_total": 500,
      "n_val_valid": 500,
      "acc": 0.498,
      "f1": 0.007905138339920948,
      "pre": 0.3333333333333333,
      "recall": 0.004,
      "auroc": 0.677936,
      "optimal_threshold": 0.5638667941093445,
      "tpr_at_fpr_0_01": 0.1,
      "fpr95": 0.92,
      "aupr": 0.6966923749257493
    },
    "layer_9": {
      "n_total": 500,
      "n_valid": 500,
      "n_val_total": 500,
      "n_val_valid": 500,
      "acc": 0.496,
      "f1": 0.0,
      "pre": 0.0,
      "recall": 0.0,
      "auroc": 0.650592,
      "optimal_threshold": 0.5804709196090698,
      "tpr_at_fpr_0_01": 0.072,
      "fpr95": 0.924,
      "aupr": 0.6708353794635482
    },
    "layer_10": {
      "n_total": 500,
      "n_valid": 500,
      "n_val_total": 500,
      "n_val_valid": 500,
      "acc": 0.498,
      "f1": 0.007905138339920948,
      "pre": 0.3333333333333333,
      "recall": 0.004,
      "auroc": 0.6690400000000001,
      "optimal_threshold": 0.5521036386489868,
      "tpr_at_fpr_0_01": 0.056,
      "fpr95": 0.908,
      "aupr": 0.6751466198842356
    },
    "layer_11": {
      "n_total": 500,
      "n_valid": 500,
      "n_val_total": 500,
      "n_val_valid": 500,
      "acc": 0.498,
      "f1": 0.0,
      "pre": 0.0,
      "recall": 0.0,
      "auroc": 0.7284639999999999,
      "optimal_threshold": 0.588308572769165,
      "tpr_at_fpr_0_01": 0.18,
      "fpr95": 0.852,
      "aupr": 0.7378495630611352
    },
    "layer_12": {
      "n_total": 500,
      "n_valid": 500,
      "n_val_total": 500,
      "n_val_valid": 500,
      "acc": 0.51,
      "f1": 0.04669260700389105,
      "pre": 0.8571428571428571,
      "recall": 0.024,
      "auroc": 0.722576,
      "optimal_threshold": 0.5646014213562012,
      "tpr_at_fpr_0_01": 0.184,
      "fpr95": 0.912,
      "aupr": 0.7520111479207523
    },
    "layer_13": {
      "n_total": 500,
      "n_valid": 500,
      "n_val_total": 500,
      "n_val_valid": 500,
      "acc": 0.54,
      "f1": 0.15441176470588236,
      "pre": 0.9545454545454546,
      "recall": 0.084,
      "auroc": 0.7558239999999999,
      "optimal_threshold": 0.5206325054168701,
      "tpr_at_fpr_0_01": 0.16,
      "fpr95": 0.88,
      "aupr": 0.7837491621239059
    },
    "layer_14": {
      "n_total": 500,
      "n_valid": 500,
      "n_val_total": 500,
      "n_val_valid": 500,
      "acc": 0.51,
      "f1": 0.04669260700389105,
      "pre": 0.8571428571428571,
      "recall": 0.024,
      "auroc": 0.689424,
      "optimal_threshold": 0.5572961568832397,
      "tpr_at_fpr_0_01": 0.116,
      "fpr95": 0.948,
      "aupr": 0.715932545659263
    },
    "layer_15": {
      "n_total": 500,
      "n_valid": 500,
      "n_val_total": 500,
      "n_val_valid": 500,
      "acc": 0.532,
      "f1": 0.13333333333333333,
      "pre": 0.9,
      "recall": 0.072,
      "auroc": 0.722736,
      "optimal_threshold": 0.5013213157653809,
      "tpr_at_fpr_0_01": 0.148,
      "fpr95": 0.956,
      "aupr": 0.7548288101422409
    },
    "layer_16": {
      "n_total": 500,
      "n_valid": 500,
      "n_val_total": 500,
      "n_val_valid": 500,
      "acc": 0.5,
      "f1": 0.0,
      "pre": 0.0,
      "recall": 0.0,
      "auroc": 0.717488,
      "optimal_threshold": 0.601199209690094,
      "tpr_at_fpr_0_01": 0.052,
      "fpr95": 0.904,
      "aupr": 0.737719584885526
    },
    "layer_17": {
      "n_total": 500,
      "n_valid": 500,
      "n_val_total": 500,
      "n_val_valid": 500,
      "acc": 0.5,
      "f1": 0.0,
      "pre": 0.0,
      "recall": 0.0,
      "auroc": 0.719376,
      "optimal_threshold": 0.5862920880317688,
      "tpr_at_fpr_0_01": 0.124,
      "fpr95": 0.912,
      "aupr": 0.7477791794078681
    },
    "layer_18": {
      "n_total": 500,
      "n_valid": 500,
      "n_val_total": 500,
      "n_val_valid": 500,
      "acc": 0.5,
      "f1": 0.0,
      "pre": 0.0,
      "recall": 0.0,
      "auroc": 0.735072,
      "optimal_threshold": 0.6003772020339966,
      "tpr_at_fpr_0_01": 0.088,
      "fpr95": 0.88,
      "aupr": 0.7468119105655947
    },
    "layer_19": {
      "n_total": 500,
      "n_valid": 500,
      "n_val_total": 500,
      "n_val_valid": 500,
      "acc": 0.5,
      "f1": 0.0,
      "pre": 0.0,
      "recall": 0.0,
      "auroc": 0.735808,
      "optimal_threshold": 0.5966694951057434,
      "tpr_at_fpr_0_01": 0.064,
      "fpr95": 0.88,
      "aupr": 0.74321467591833
    },
    "layer_20": {
      "n_total": 500,
      "n_valid": 500,
      "n_val_total": 500,
      "n_val_valid": 500,
      "acc": 0.5,
      "f1": 0.0,
      "pre": 0.0,
      "recall": 0.0,
      "auroc": 0.726416,
      "optimal_threshold": 0.5989431142807007,
      "tpr_at_fpr_0_01": 0.008,
      "fpr95": 0.884,
      "aupr": 0.7216227041232721
    },
    "layer_21": {
      "n_total": 500,
      "n_valid": 500,
      "n_val_total": 500,
      "n_val_valid": 500,
      "acc": 0.5,
      "f1": 0.0,
      "pre": 0.0,
      "recall": 0.0,
      "auroc": 0.737648,