{
  "args": {
    "model": "llama_8b",
    "dataset": "m4_multi",
    "mode": "denoise_layer_split",
    "token_mode": "last_token",
    "prefix": false,
    "smoke_test": false,
    "ood": [],
    "pca_components": 50,
    "normalize_scores": true,
    "ablation_set": "human",
    "manifold": true
  },
  "steering_domain": "m4_multi",
  "eval_domain": "m4_multi",
  "n_samples": 500,
  "n_layers": 33,
  "metrics_per_layer": {
    "layer_1": {
      "n_total": 500,
      "n_valid": 500,
      "n_val_total": 500,
      "n_val_valid": 500,
      "acc": 0.74,
      "f1": 0.7291666666666666,
      "pre": 0.7608695652173914,
      "recall": 0.7,
      "auroc": 0.800832,
      "optimal_threshold": 0.9028656482696533,
      "tpr_at_fpr_0_01": 0.0,
      "fpr95": 0.524,
      "aupr": 0.7378838922879054
    },
    "layer_2": {
      "n_total": 500,
      "n_valid": 500,
      "n_val_total": 500,
      "n_val_valid": 500,
      "acc": 0.748,
      "f1": 0.7449392712550608,
      "pre": 0.7540983606557377,
      "recall": 0.736,
      "auroc": 0.817984,
      "optimal_threshold": 0.71702641248703,
      "tpr_at_fpr_0_01": 0.148,
      "fpr95": 0.556,
      "aupr": 0.8056227542869807
    },
    "layer_3": {
      "n_total": 500,
      "n_valid": 500,
      "n_val_total": 500,
      "n_val_valid": 500,
      "acc": 0.802,
      "f1": 0.7880085653104925,
      "pre": 0.847926267281106,
      "recall": 0.736,
      "auroc": 0.842096,
      "optimal_threshold": 0.715353786945343,
      "tpr_at_fpr_0_01": 0.328,
      "fpr95": 0.856,
      "aupr": 0.8730983309317687
    },
    "layer_4": {
      "n_total": 500,
      "n_valid": 500,
      "n_val_total": 500,
      "n_val_valid": 500,
      "acc": 0.792,
      "f1": 0.796875,
      "pre": 0.7786259541984732,
      "recall": 0.816,
      "auroc": 0.857472,
      "optimal_threshold": 0.546101987361908,
      "tpr_at_fpr_0_01": 0.544,
      "fpr95": 0.856,
      "aupr": 0.8997009083276744
    },
    "layer_5": {
      "n_total": 500,
      "n_valid": 500,
      "n_val_total": 500,
      "n_val_valid": 500,
      "acc": 0.784,
      "f1": 0.7898832684824902,
      "pre": 0.7689393939393939,
      "recall": 0.812,
      "auroc": 0.8645280000000002,
      "optimal_threshold": 0.4549154043197632,
      "tpr_at_fpr_0_01": 0.6,
      "fpr95": 0.86,
      "aupr": 0.9061459283244846
    },
    "layer_6": {
      "n_total": 500,
      "n_valid": 500,
      "n_val_total": 500,
      "n_val_valid": 500,
      "acc": 0.786,
      "f1": 0.7946257197696737,
      "pre": 0.7638376383763837,
      "recall": 0.828,
      "auroc": 0.87128,
      "optimal_threshold": 0.49007749557495117,
      "tpr_at_fpr_0_01": 0.576,
      "fpr95": 0.752,
      "aupr": 0.9081503364645392
    },
    "layer_7": {
      "n_total": 500,
      "n_valid": 500,
      "n_val_total": 500,
      "n_val_valid": 500,
      "acc": 0.752,
      "f1": 0.7737226277372263,
      "pre": 0.7114093959731543,
      "recall": 0.848,
      "auroc": 0.864608,
      "optimal_threshold": 0.44019055366516113,
      "tpr_at_fpr_0_01": 0.524,
      "fpr95": 0.824,
      "aupr": 0.9040887163320627
    },
    "layer_8": {
      "n_total": 500,
      "n_valid": 500,
      "n_val_total": 500,
      "n_val_valid": 500,
      "acc": 0.746,
      "f1": 0.7678244972577697,
      "pre": 0.7070707070707071,
      "recall": 0.84,
      "auroc": 0.8597279999999999,
      "optimal_threshold": 0.4501933455467224,
      "tpr_at_fpr_0_01": 0.564,
      "fpr95": 0.808,
      "aupr": 0.9000770829537232
    },
    "layer_9": {
      "n_total": 500,
      "n_valid": 500,
      "n_val_total": 500,
      "n_val_valid": 500,
      "acc": 0.726,
      "f1": 0.7557932263814616,
      "pre": 0.6816720257234726,
      "recall": 0.848,
      "auroc": 0.8619839999999999,
      "optimal_threshold": 0.3917964994907379,
      "tpr_at_fpr_0_01": 0.56,
      "fpr95": 0.828,
      "aupr": 0.9019291347959704
    },
    "layer_10": {
      "n_total": 500,
      "n_valid": 500,
      "n_val_total": 500,
      "n_val_valid": 500,
      "acc": 0.7,
      "f1": 0.7395833333333334,
      "pre": 0.6533742331288344,
      "recall": 0.852,
      "auroc": 0.852304,
      "optimal_threshold": 0.3411567211151123,
      "tpr_at_fpr_0_01": 0.568,
      "fpr95": 0.836,
      "aupr": 0.8973477324588722
    },
    "layer_11": {
      "n_total": 500,
      "n_valid": 500,
      "n_val_total": 500,
      "n_val_valid": 500,
      "acc": 0.68,
      "f1": 0.7368421052631579,
      "pre": 0.6256983240223464,
      "recall": 0.896,
      "auroc": 0.8684160000000001,
      "optimal_threshold": 0.3299219012260437,
      "tpr_at_fpr_0_01": 0.632,
      "fpr95": 0.796,
      "aupr": 0.906902237697385
    },
    "layer_12": {
      "n_total": 500,
      "n_valid": 500,
      "n_val_total": 500,
      "n_val_valid": 500,
      "acc": 0.626,
      "f1": 0.7073552425665102,
      "pre": 0.5809768637532133,
      "recall": 0.904,
      "auroc": 0.856448,
      "optimal_threshold": 0.3088720142841339,
      "tpr_at_fpr_0_01": 0.616,
      "fpr95": 0.832,
      "aupr": 0.8991995527844836
    },
    "layer_13": {
      "n_total": 500,
      "n_valid": 500,
      "n_val_total": 500,
      "n_val_valid": 500,
      "acc": 0.626,
      "f1": 0.705511811023622,
      "pre": 0.5818181818181818,
      "recall": 0.896,
      "auroc": 0.8700479999999999,
      "optimal_threshold": 0.32973814010620117,
      "tpr_at_fpr_0_01": 0.616,
      "fpr95": 0.784,
      "aupr": 0.909222681985616
    },
    "layer_14": {
      "n_total": 500,
      "n_valid": 500,
      "n_val_total": 500,
      "n_val_valid": 500,
      "acc": 0.65,
      "f1": 0.7217806041335453,
      "pre": 0.5989445910290238,
      "recall": 0.908,
      "auroc": 0.872944,
      "optimal_threshold": 0.3430502414703369,
      "tpr_at_fpr_0_01": 0.644,
      "fpr95": 0.816,
      "aupr": 0.9122753955940853
    },
    "layer_15": {
      "n_total": 500,
      "n_valid": 500,
      "n_val_total": 500,
      "n_val_valid": 500,
      "acc": 0.722,
      "f1": 0.7590987868284229,
      "pre": 0.6697247706422018,
      "recall": 0.876,
      "auroc": 0.871696,
      "optimal_threshold": 0.3645407259464264,
      "tpr_at_fpr_0_01": 0.624,
      "fpr95": 0.82,
      "aupr": 0.9090597278968535
    },
    "layer_16": {
      "n_total": 500,
      "n_valid": 500,
      "n_val_total": 500,
      "n_val_valid": 500,
      "acc": 0.68,
      "f1": 0.739413680781759,
      "pre": 0.6236263736263736,
      "recall": 0.908,
      "auroc": 0.877888,
      "optimal_threshold": 0.35747960209846497,
      "tpr_at_fpr_0_01": 0.656,
      "fpr95": 0.816,
      "aupr": 0.9145005040240717
    },
    "layer_17": {
      "n_total": 500,
      "n_valid": 500,
      "n_val_total": 500,
      "n_val_valid": 500,
      "acc": 0.69,
      "f1": 0.7446457990115322,
      "pre": 0.6330532212885154,
      "recall": 0.904,
      "auroc": 0.8804000000000001,
      "optimal_threshold": 0.3678915202617645,
      "tpr_at_fpr_0_01": 0.676,
      "fpr95": 0.776,
      "aupr": 0.918235373237176
    },
    "layer_18": {
      "n_total": 500,
      "n_valid": 500,
      "n_val_total": 500,
      "n_val_valid": 500,
      "acc": 0.718,
      "f1": 0.7622259696458684,
      "pre": 0.6588921282798834,
      "recall": 0.904,
      "auroc": 0.8949599999999999,
      "optimal_threshold": 0.3958226144313812,
      "tpr_at_fpr_0_01": 0.656,
      "fpr95": 0.772,
      "aupr": 0.9261977077112742
    },
    "layer_19": {
      "n_total": 500,
      "n_valid": 500,
      "n_val_total": 500,
      "n_val_valid": 500,
      "acc": 0.772,
      "f1": 0.7956989247311828,
      "pre": 0.7207792207792207,
      "recall": 0.888,
      "auroc": 0.9102879999999999,
      "optimal_threshold": 0.43147096037864685,
      "tpr_at_fpr_0_01": 0.648,
      "fpr95": 0.564,
      "aupr": 0.9333685790423792
    },
    "layer_20": {
      "n_total": 500,
      "n_valid": 500,
      "n_val_total": 500,
      "n_val_valid": 500,
      "acc": 0.748,