{
  "args": {
    "model": "llama_8b",
    "dataset": "m4_multi",
    "mode": "denoise_layer_split",
    "token_mode": "last_token",
    "prefix": false,
    "smoke_test": false,
    "ood": [],
    "pca_components": 25,
    "normalize_scores": true,
    "ablation_set": "human",
    "manifold": true
  },
  "steering_domain": "m4_multi",
  "eval_domain": "m4_multi",
  "n_samples": 500,
  "n_layers": 33,
  "metrics_per_layer": {
    "layer_1": {
      "n_total": 500,
      "n_valid": 500,
      "n_val_total": 500,
      "n_val_valid": 500,
      "acc": 0.74,
      "f1": 0.7291666666666666,
      "pre": 0.7608695652173914,
      "recall": 0.7,
      "auroc": 0.798512,
      "optimal_threshold": 0.903923749923706,
      "tpr_at_fpr_0_01": 0.0,
      "fpr95": 0.52,
      "aupr": 0.7369114746382375
    },
    "layer_2": {
      "n_total": 500,
      "n_valid": 500,
      "n_val_total": 500,
      "n_val_valid": 500,
      "acc": 0.708,
      "f1": 0.6755555555555556,
      "pre": 0.76,
      "recall": 0.608,
      "auroc": 0.8168639999999999,
      "optimal_threshold": 0.7771845459938049,
      "tpr_at_fpr_0_01": 0.192,
      "fpr95": 0.532,
      "aupr": 0.8070130250896486
    },
    "layer_3": {
      "n_total": 500,
      "n_valid": 500,
      "n_val_total": 500,
      "n_val_valid": 500,
      "acc": 0.804,
      "f1": 0.7896995708154506,
      "pre": 0.8518518518518519,
      "recall": 0.736,
      "auroc": 0.84328,
      "optimal_threshold": 0.712348997592926,
      "tpr_at_fpr_0_01": 0.288,
      "fpr95": 0.86,
      "aupr": 0.8769085993871877
    },
    "layer_4": {
      "n_total": 500,
      "n_valid": 500,
      "n_val_total": 500,
      "n_val_valid": 500,
      "acc": 0.816,
      "f1": 0.8067226890756303,
      "pre": 0.8495575221238938,
      "recall": 0.768,
      "auroc": 0.853936,
      "optimal_threshold": 0.6177226305007935,
      "tpr_at_fpr_0_01": 0.476,
      "fpr95": 0.864,
      "aupr": 0.896248479987295
    },
    "layer_5": {
      "n_total": 500,
      "n_valid": 500,
      "n_val_total": 500,
      "n_val_valid": 500,
      "acc": 0.812,
      "f1": 0.8089430894308943,
      "pre": 0.8223140495867769,
      "recall": 0.796,
      "auroc": 0.8631679999999998,
      "optimal_threshold": 0.5052758455276489,
      "tpr_at_fpr_0_01": 0.616,
      "fpr95": 0.876,
      "aupr": 0.9066522579823333
    },
    "layer_6": {
      "n_total": 500,
      "n_valid": 500,
      "n_val_total": 500,
      "n_val_valid": 500,
      "acc": 0.76,
      "f1": 0.7802197802197802,
      "pre": 0.7195945945945946,
      "recall": 0.852,
      "auroc": 0.8686079999999999,
      "optimal_threshold": 0.4935174882411957,
      "tpr_at_fpr_0_01": 0.612,
      "fpr95": 0.82,
      "aupr": 0.907337012361956
    },
    "layer_7": {
      "n_total": 500,
      "n_valid": 500,
      "n_val_total": 500,
      "n_val_valid": 500,
      "acc": 0.736,
      "f1": 0.7634408602150538,
      "pre": 0.6915584415584416,
      "recall": 0.852,
      "auroc": 0.8667520000000002,
      "optimal_threshold": 0.45373988151550293,
      "tpr_at_fpr_0_01": 0.56,
      "fpr95": 0.812,
      "aupr": 0.9052062093795097
    },
    "layer_8": {
      "n_total": 500,
      "n_valid": 500,
      "n_val_total": 500,
      "n_val_valid": 500,
      "acc": 0.744,
      "f1": 0.7681159420289855,
      "pre": 0.7019867549668874,
      "recall": 0.848,
      "auroc": 0.8624959999999999,
      "optimal_threshold": 0.4446883499622345,
      "tpr_at_fpr_0_01": 0.584,
      "fpr95": 0.804,
      "aupr": 0.9024008660779701
    },
    "layer_9": {
      "n_total": 500,
      "n_valid": 500,
      "n_val_total": 500,
      "n_val_valid": 500,
      "acc": 0.786,
      "f1": 0.7897838899803536,
      "pre": 0.7760617760617761,
      "recall": 0.804,
      "auroc": 0.858864,
      "optimal_threshold": 0.43260693550109863,
      "tpr_at_fpr_0_01": 0.556,
      "fpr95": 0.84,
      "aupr": 0.8999084648869091
    },
    "layer_10": {
      "n_total": 500,
      "n_valid": 500,
      "n_val_total": 500,
      "n_val_valid": 500,
      "acc": 0.752,
      "f1": 0.7712177121771218,
      "pre": 0.7157534246575342,
      "recall": 0.836,
      "auroc": 0.8506400000000001,
      "optimal_threshold": 0.3697505593299866,
      "tpr_at_fpr_0_01": 0.604,
      "fpr95": 0.852,
      "aupr": 0.8968864374410703
    },
    "layer_11": {
      "n_total": 500,
      "n_valid": 500,
      "n_val_total": 500,
      "n_val_valid": 500,
      "acc": 0.692,
      "f1": 0.7363013698630136,
      "pre": 0.6437125748502994,
      "recall": 0.86,
      "auroc": 0.856768,
      "optimal_threshold": 0.323277086019516,
      "tpr_at_fpr_0_01": 0.628,
      "fpr95": 0.82,
      "aupr": 0.8999045026372307
    },
    "layer_12": {
      "n_total": 500,
      "n_valid": 500,
      "n_val_total": 500,
      "n_val_valid": 500,
      "acc": 0.618,
      "f1": 0.6992125984251969,
      "pre": 0.5766233766233766,
      "recall": 0.888,
      "auroc": 0.8477920000000001,
      "optimal_threshold": 0.30136799812316895,
      "tpr_at_fpr_0_01": 0.612,
      "fpr95": 0.884,
      "aupr": 0.895532569178496
    },
    "layer_13": {
      "n_total": 500,
      "n_valid": 500,
      "n_val_total": 500,
      "n_val_valid": 500,
      "acc": 0.748,
      "f1": 0.7675276752767528,
      "pre": 0.7123287671232876,
      "recall": 0.832,
      "auroc": 0.859968,
      "optimal_threshold": 0.36828118562698364,
      "tpr_at_fpr_0_01": 0.604,
      "fpr95": 0.844,
      "aupr": 0.9029733585544092
    },
    "layer_14": {
      "n_total": 500,
      "n_valid": 500,
      "n_val_total": 500,
      "n_val_valid": 500,
      "acc": 0.632,
      "f1": 0.7097791798107256,
      "pre": 0.5859375,
      "recall": 0.9,
      "auroc": 0.8662880000000001,
      "optimal_threshold": 0.35099300742149353,
      "tpr_at_fpr_0_01": 0.64,
      "fpr95": 0.868,
      "aupr": 0.9083778548241792
    },
    "layer_15": {
      "n_total": 500,
      "n_valid": 500,
      "n_val_total": 500,
      "n_val_valid": 500,
      "acc": 0.758,
      "f1": 0.7755102040816326,
      "pre": 0.7231833910034602,
      "recall": 0.836,
      "auroc": 0.8629279999999999,
      "optimal_threshold": 0.40799716114997864,
      "tpr_at_fpr_0_01": 0.592,
      "fpr95": 0.816,
      "aupr": 0.9030707133216714
    },
    "layer_16": {
      "n_total": 500,
      "n_valid": 500,
      "n_val_total": 500,
      "n_val_valid": 500,
      "acc": 0.678,
      "f1": 0.7330016583747927,
      "pre": 0.6260623229461756,
      "recall": 0.884,
      "auroc": 0.868304,
      "optimal_threshold": 0.35311293601989746,
      "tpr_at_fpr_0_01": 0.62,
      "fpr95": 0.784,
      "aupr": 0.9078722321149404
    },
    "layer_17": {
      "n_total": 500,
      "n_valid": 500,
      "n_val_total": 500,
      "n_val_valid": 500,
      "acc": 0.664,
      "f1": 0.7218543046357616,
      "pre": 0.615819209039548,
      "recall": 0.872,
      "auroc": 0.87008,
      "optimal_threshold": 0.3788590133190155,
      "tpr_at_fpr_0_01": 0.676,
      "fpr95": 0.796,
      "aupr": 0.9124181684818495
    },
    "layer_18": {
      "n_total": 500,
      "n_valid": 500,
      "n_val_total": 500,
      "n_val_valid": 500,
      "acc": 0.722,
      "f1": 0.7599309153713298,
      "pre": 0.668693009118541,
      "recall": 0.88,
      "auroc": 0.886432,
      "optimal_threshold": 0.3893928825855255,
      "tpr_at_fpr_0_01": 0.672,
      "fpr95": 0.76,
      "aupr": 0.9213387645826722
    },
    "layer_19": {
      "n_total": 500,
      "n_valid": 500,
      "n_val_total": 500,
      "n_val_valid": 500,
      "acc": 0.75,
      "f1": 0.782608695652174,
      "pre": 0.6923076923076923,
      "recall": 0.9,
      "auroc": 0.902752,
      "optimal_threshold": 0.4159882962703705,
      "tpr_at_fpr_0_01": 0.6,
      "fpr95": 0.624,
      "aupr": 0.9282344820432383
    },
    "layer_20": {
      "n_total": 500,
      "n_valid": 500,
      "n_val_total": 500,
      "n_val_valid": 500,
      "acc": 0.758,
      "f1": 0.7865961199294532,