{
  "args": {
    "model": "llama_8b",
    "dataset": "tsm_multi",
    "mode": "denoise_layer_split",
    "token_mode": "last_token",
    "prefix": false,
    "smoke_test": false,
    "ood": [],
    "pca_components": 50,
    "normalize_scores": true,
    "ablation_set": "human",
    "manifold": true
  },
  "steering_domain": "tsm_multi",
  "eval_domain": "tsm_multi",
  "n_samples": 500,
  "n_layers": 33,
  "metrics_per_layer": {
    "layer_1": {
      "n_total": 500,
      "n_valid": 500,
      "n_val_total": 500,
      "n_val_valid": 500,
      "acc": 0.49,
      "f1": 0.0,
      "pre": 0.0,
      "recall": 0.0,
      "auroc": 0.49001599999999995,
      "optimal_threshold": 0.5764920115470886,
      "tpr_at_fpr_0_01": 0.0,
      "fpr95": 0.984,
      "aupr": 0.5000776005463388
    },
    "layer_2": {
      "n_total": 500,
      "n_valid": 500,
      "n_val_total": 500,
      "n_val_valid": 500,
      "acc": 0.494,
      "f1": 0.0,
      "pre": 0.0,
      "recall": 0.0,
      "auroc": 0.596832,
      "optimal_threshold": 0.44416019320487976,
      "tpr_at_fpr_0_01": 0.0,
      "fpr95": 0.948,
      "aupr": 0.5931760096016877
    },
    "layer_3": {
      "n_total": 500,
      "n_valid": 500,
      "n_val_total": 500,
      "n_val_valid": 500,
      "acc": 0.496,
      "f1": 0.0,
      "pre": 0.0,
      "recall": 0.0,
      "auroc": 0.667424,
      "optimal_threshold": 0.4251422584056854,
      "tpr_at_fpr_0_01": 0.0,
      "fpr95": 0.848,
      "aupr": 0.6381888591254118
    },
    "layer_4": {
      "n_total": 500,
      "n_valid": 500,
      "n_val_total": 500,
      "n_val_valid": 500,
      "acc": 0.5,
      "f1": 0.0,
      "pre": 0.0,
      "recall": 0.0,
      "auroc": 0.681168,
      "optimal_threshold": 0.7366638779640198,
      "tpr_at_fpr_0_01": 0.0,
      "fpr95": 0.932,
      "aupr": 0.6411915830887476
    },
    "layer_5": {
      "n_total": 500,
      "n_valid": 500,
      "n_val_total": 500,
      "n_val_valid": 500,
      "acc": 0.498,
      "f1": 0.0,
      "pre": 0.0,
      "recall": 0.0,
      "auroc": 0.701888,
      "optimal_threshold": 0.5845896601676941,
      "tpr_at_fpr_0_01": 0.0,
      "fpr95": 0.884,
      "aupr": 0.7034466841871008
    },
    "layer_6": {
      "n_total": 500,
      "n_valid": 500,
      "n_val_total": 500,
      "n_val_valid": 500,
      "acc": 0.5,
      "f1": 0.0,
      "pre": 0.0,
      "recall": 0.0,
      "auroc": 0.676256,
      "optimal_threshold": 0.686385989189148,
      "tpr_at_fpr_0_01": 0.004,
      "fpr95": 0.888,
      "aupr": 0.670478311084455
    },
    "layer_7": {
      "n_total": 500,
      "n_valid": 500,
      "n_val_total": 500,
      "n_val_valid": 500,
      "acc": 0.65,
      "f1": 0.631578947368421,
      "pre": 0.6666666666666666,
      "recall": 0.6,
      "auroc": 0.7063680000000001,
      "optimal_threshold": 0.40219247341156006,
      "tpr_at_fpr_0_01": 0.08,
      "fpr95": 0.916,
      "aupr": 0.7140273808080277
    },
    "layer_8": {
      "n_total": 500,
      "n_valid": 500,
      "n_val_total": 500,
      "n_val_valid": 500,
      "acc": 0.504,
      "f1": 0.03125,
      "pre": 0.6666666666666666,
      "recall": 0.016,
      "auroc": 0.692016,
      "optimal_threshold": 0.5863836407661438,
      "tpr_at_fpr_0_01": 0.056,
      "fpr95": 0.864,
      "aupr": 0.7047043368008691
    },
    "layer_9": {
      "n_total": 500,
      "n_valid": 500,
      "n_val_total": 500,
      "n_val_valid": 500,
      "acc": 0.534,
      "f1": 0.1588447653429603,
      "pre": 0.8148148148148148,
      "recall": 0.088,
      "auroc": 0.64832,
      "optimal_threshold": 0.4724496006965637,
      "tpr_at_fpr_0_01": 0.004,
      "fpr95": 0.912,
      "aupr": 0.6608420217740842
    },
    "layer_10": {
      "n_total": 500,
      "n_valid": 500,
      "n_val_total": 500,
      "n_val_valid": 500,
      "acc": 0.53,
      "f1": 0.12639405204460966,
      "pre": 0.8947368421052632,
      "recall": 0.068,
      "auroc": 0.6838559999999999,
      "optimal_threshold": 0.4956957995891571,
      "tpr_at_fpr_0_01": 0.072,
      "fpr95": 0.872,
      "aupr": 0.6986992557069147
    },
    "layer_11": {
      "n_total": 500,
      "n_valid": 500,
      "n_val_total": 500,
      "n_val_valid": 500,
      "acc": 0.504,
      "f1": 0.023622047244094488,
      "pre": 0.75,
      "recall": 0.012,
      "auroc": 0.7774239999999999,
      "optimal_threshold": 0.5399792790412903,
      "tpr_at_fpr_0_01": 0.176,
      "fpr95": 0.8,
      "aupr": 0.7883853432481545
    },
    "layer_12": {
      "n_total": 500,
      "n_valid": 500,
      "n_val_total": 500,
      "n_val_valid": 500,
      "acc": 0.524,
      "f1": 0.0916030534351145,
      "pre": 1.0,
      "recall": 0.048,
      "auroc": 0.753424,
      "optimal_threshold": 0.5358891487121582,
      "tpr_at_fpr_0_01": 0.256,
      "fpr95": 0.84,
      "aupr": 0.7889544693682078
    },
    "layer_13": {
      "n_total": 500,
      "n_valid": 500,
      "n_val_total": 500,
      "n_val_valid": 500,
      "acc": 0.536,
      "f1": 0.13432835820895522,
      "pre": 1.0,
      "recall": 0.072,
      "auroc": 0.776928,
      "optimal_threshold": 0.55008465051651,
      "tpr_at_fpr_0_01": 0.312,
      "fpr95": 0.836,
      "aupr": 0.8113277203291976
    },
    "layer_14": {
      "n_total": 500,
      "n_valid": 500,
      "n_val_total": 500,
      "n_val_valid": 500,
      "acc": 0.502,
      "f1": 0.00796812749003984,
      "pre": 1.0,
      "recall": 0.004,
      "auroc": 0.7039840000000002,
      "optimal_threshold": 0.5708656907081604,
      "tpr_at_fpr_0_01": 0.112,
      "fpr95": 0.936,
      "aupr": 0.7401758068917901
    },
    "layer_15": {
      "n_total": 500,
      "n_valid": 500,
      "n_val_total": 500,
      "n_val_valid": 500,
      "acc": 0.538,
      "f1": 0.1412639405204461,
      "pre": 1.0,
      "recall": 0.076,
      "auroc": 0.7306879999999999,
      "optimal_threshold": 0.511340320110321,
      "tpr_at_fpr_0_01": 0.164,
      "fpr95": 0.916,
      "aupr": 0.7753836884484601
    },
    "layer_16": {
      "n_total": 500,
      "n_valid": 500,
      "n_val_total": 500,
      "n_val_valid": 500,
      "acc": 0.504,
      "f1": 0.015873015873015872,
      "pre": 1.0,
      "recall": 0.008,
      "auroc": 0.7521439999999999,
      "optimal_threshold": 0.5877649784088135,
      "tpr_at_fpr_0_01": 0.18,
      "fpr95": 0.912,
      "aupr": 0.7943192579818976
    },
    "layer_17": {
      "n_total": 500,
      "n_valid": 500,
      "n_val_total": 500,
      "n_val_valid": 500,
      "acc": 0.5,
      "f1": 0.0,
      "pre": 0.0,
      "recall": 0.0,
      "auroc": 0.75272,
      "optimal_threshold": 0.5798026323318481,
      "tpr_at_fpr_0_01": 0.088,
      "fpr95": 0.904,
      "aupr": 0.7778800660551868
    },
    "layer_18": {
      "n_total": 500,
      "n_valid": 500,
      "n_val_total": 500,
      "n_val_valid": 500,
      "acc": 0.5,
      "f1": 0.0,
      "pre": 0.0,
      "recall": 0.0,
      "auroc": 0.7670399999999999,
      "optimal_threshold": 0.5771917700767517,
      "tpr_at_fpr_0_01": 0.136,
      "fpr95": 0.9,
      "aupr": 0.7889377136883332
    },
    "layer_19": {
      "n_total": 500,
      "n_valid": 500,
      "n_val_total": 500,
      "n_val_valid": 500,
      "acc": 0.5,
      "f1": 0.0,
      "pre": 0.0,
      "recall": 0.0,
      "auroc": 0.7587039999999999,
      "optimal_threshold": 0.5918304324150085,
      "tpr_at_fpr_0_01": 0.044,
      "fpr95": 0.892,
      "aupr": 0.7772008902652974
    },
    "layer_20": {
      "n_total": 500,
      "n_valid": 500,
      "n_val_total": 500,
      "n_val_valid": 500,
      "acc": 0.5,
      "f1": 0.0,
      "pre": 0.0,
      "recall": 0.0,
      "auroc": 0.7598079999999998,
      "optimal_threshold": 0.5415968298912048,
      "tpr_at_fpr_0_01": 0.036,
      "fpr95": 0.872,
      "aupr": 0.7746691511018755
    },
    "layer_21": {
      "n_total": 500,
      "n_valid": 500,
      "n_val_total": 500,
      "n_val_valid": 500,
      "acc": 0.5,
      "f1": 0.0,
      "pre": 0.0,