{
  "args": {
    "dataset": "m4_wikipedia_chatgpt",
    "model": "qwen_06b",
    "smoke_test": true,
    "mode": "default",
    "token_mode": "last_token",
    "diff_vectors": false,
    "prefix": false,
    "normalize": true,
    "save_viz": true,
    "classifier": false,
    "n": 30,
    "suffix": "qwen_06b_m4_wikipedia_chatgpt_TMlast_token_CMdefault_DV0_PF0_NO1_ST.pdf",
    "title_info": "qwen_06b | m4_wikipedia_chatgpt | N=30 | TokenMode last_token | CoeMode default | DV 0 | Pre 0 | Norm 1"
  },
  "n": 30,
  "metrics": {
    "magnitude_change_mean": {
      "n_total": 30,
      "n_valid": 30,
      "n_val_total": 30,
      "n_val_valid": 30,
      "acc": 0.5666666666666667,
      "f1": 0.0,
      "pre": 0.0,
      "recall": 0.0,
      "auroc": 0.049773755656108615,
      "optimal_threshold": Infinity,
      "tpr_at_fpr_0_01": 0.0,
      "fpr95": 1.0,
      "aupr": 0.2818929601884733
    },
    "angle_change_mean": {
      "n_total": 30,
      "n_valid": 30,
      "n_val_total": 30,
      "n_val_valid": 30,
      "acc": 0.5666666666666667,
      "f1": 0.0,
      "pre": 0.0,
      "recall": 0.0,
      "auroc": 0.11764705882352944,
      "optimal_threshold": Infinity,
      "tpr_at_fpr_0_01": 0.0,
      "fpr95": 1.0,
      "aupr": 0.2913010135236522
    },
    "length_change_mean": {
      "n_total": 30,
      "n_valid": 30,
      "n_val_total": 30,
      "n_val_valid": 30,
      "acc": 0.6,
      "f1": 0.6842105263157895,
      "pre": 0.52,
      "recall": 1.0,
      "auroc": 0.34841628959276016,
      "optimal_threshold": 1.3751431703567505,
      "tpr_at_fpr_0_01": 0.0,
      "fpr95": 0.7058823529411765,
      "aupr": 0.3585726285919655
    },
    "diff_change_mean": {
      "n_total": 30,
      "n_valid": 30,
      "n_val_total": 30,
      "n_val_valid": 30,
      "acc": 0.4666666666666667,
      "f1": 0.6190476190476191,
      "pre": 0.4482758620689655,
      "recall": 1.0,
      "auroc": 0.12217194570135748,
      "optimal_threshold": 0.14637210965156555,
      "tpr_at_fpr_0_01": 0.0,
      "fpr95": 0.9411764705882353,
      "aupr": 0.2930096847450768
    },
    "diff_diff_change_mean": {
      "n_total": 30,
      "n_valid": 30,
      "n_val_total": 30,
      "n_val_valid": 30,
      "acc": 0.5666666666666667,
      "f1": 0.6666666666666666,
      "pre": 0.5,
      "recall": 1.0,
      "auroc": 0.3891402714932127,
      "optimal_threshold": -1.2296640872955322,
      "tpr_at_fpr_0_01": 0.0,
      "fpr95": 0.7647058823529411,
      "aupr": 0.3686444343410288
    },
    "diff_add_change_mean": {
      "n_total": 30,
      "n_valid": 30,
      "n_val_total": 30,
      "n_val_valid": 30,
      "acc": 0.4666666666666667,
      "f1": 0.6190476190476191,
      "pre": 0.4482758620689655,
      "recall": 1.0,
      "auroc": 0.14932126696832582,
      "optimal_threshold": 1.522408366203308,
      "tpr_at_fpr_0_01": 0.0,
      "fpr95": 0.9411764705882353,
      "aupr": 0.3017566926902894
    },
    "fs_layer_wise_change_mean": {
      "n_total": 30,
      "n_valid": 30,
      "n_val_total": 30,
      "n_val_valid": 30,
      "acc": 0.4666666666666667,
      "f1": 0.6190476190476191,
      "pre": 0.4482758620689655,
      "recall": 1.0,
      "auroc": 0.15384615384615388,
      "optimal_threshold": 1.6126643419265747,
      "tpr_at_fpr_0_01": 0.0,
      "fpr95": 0.9411764705882353,
      "aupr": 0.30449094592621484
    },
    "fs_avg_change_mean": {
      "n_total": 30,
      "n_valid": 30,
      "n_val_total": 30,
      "n_val_valid": 30,
      "acc": 0.5333333333333333,
      "f1": 0.65,
      "pre": 0.48148148148148145,
      "recall": 1.0,
      "auroc": 0.18099547511312222,
      "optimal_threshold": 1.4716540575027466,
      "tpr_at_fpr_0_01": 0.0,
      "fpr95": 0.8235294117647058,
      "aupr": 0.31124922546964023
    }
  }
}