{
  "args": {
    "dataset": "tsm_multi",
    "model": "llama_8b",
    "smoke_test": false,
    "mode": "denoise",
    "token_mode": "last_token",
    "diff_vectors": false,
    "prefix": false,
    "normalize": true,
    "save_viz": true,
    "classifier": false,
    "n": 500,
    "suffix": "llama_8b_tsm_multi_TMlast_token_CMdenoise_DV0_PF0_NO1.pdf",
    "title_info": "llama_8b | tsm_multi | N=500 | TokenMode last_token | CoeMode denoise | DV 0 | Pre 0 | Norm 1"
  },
  "n": 500,
  "metrics": {
    "magnitude_change_mean": {
      "n_total": 500,
      "n_valid": 500,
      "n_val_total": 500,
      "n_val_valid": 500,
      "acc": 0.51,
      "f1": 0.5632798573975044,
      "pre": 0.5080385852090032,
      "recall": 0.632,
      "auroc": 0.488688,
      "optimal_threshold": 0.05505083128809929,
      "tpr_at_fpr_0_01": 0.008,
      "fpr95": 0.956,
      "aupr": 0.4927137269910335
    },
    "angle_change_mean": {
      "n_total": 500,
      "n_valid": 500,
      "n_val_total": 500,
      "n_val_valid": 500,
      "acc": 0.5,
      "f1": 0.0,
      "pre": 0.0,
      "recall": 0.0,
      "auroc": 0.43912,
      "optimal_threshold": Infinity,
      "tpr_at_fpr_0_01": 0.0,
      "fpr95": 0.98,
      "aupr": 0.45399391468269223
    },
    "length_change_mean": {
      "n_total": 500,
      "n_valid": 500,
      "n_val_total": 500,
      "n_val_valid": 500,
      "acc": 0.548,
      "f1": 0.6089965397923875,
      "pre": 0.5365853658536586,
      "recall": 0.704,
      "auroc": 0.5511520000000001,
      "optimal_threshold": 1.2518216371536255,
      "tpr_at_fpr_0_01": 0.008,
      "fpr95": 0.876,
      "aupr": 0.5430234388381455
    },
    "diff_change_mean": {
      "n_total": 500,
      "n_valid": 500,
      "n_val_total": 500,
      "n_val_valid": 500,
      "acc": 0.558,
      "f1": 0.6452648475120385,
      "pre": 0.5388739946380697,
      "recall": 0.804,
      "auroc": 0.56504,
      "optimal_threshold": -0.24862535297870636,
      "tpr_at_fpr_0_01": 0.032,
      "fpr95": 0.928,
      "aupr": 0.5706816850805552
    },
    "diff_diff_change_mean": {
      "n_total": 500,
      "n_valid": 500,
      "n_val_total": 500,
      "n_val_valid": 500,
      "acc": 0.548,
      "f1": 0.6446540880503144,
      "pre": 0.5310880829015544,
      "recall": 0.82,
      "auroc": 0.5360800000000001,
      "optimal_threshold": -1.5052231550216675,
      "tpr_at_fpr_0_01": 0.02,
      "fpr95": 0.944,
      "aupr": 0.5327629206135618
    },
    "diff_add_change_mean": {
      "n_total": 500,
      "n_valid": 500,
      "n_val_total": 500,
      "n_val_valid": 500,
      "acc": 0.568,
      "f1": 0.5924528301886792,
      "pre": 0.5607142857142857,
      "recall": 0.628,
      "auroc": 0.5746720000000001,
      "optimal_threshold": 1.0114829540252686,
      "tpr_at_fpr_0_01": 0.048,
      "fpr95": 0.92,
      "aupr": 0.5834081035078865
    },
    "fs_layer_wise_change_mean": {
      "n_total": 500,
      "n_valid": 500,
      "n_val_total": 500,
      "n_val_valid": 500,
      "acc": 0.542,
      "f1": 0.5843920145190563,
      "pre": 0.5348837209302325,
      "recall": 0.644,
      "auroc": 0.520864,
      "optimal_threshold": 1.2947638034820557,
      "tpr_at_fpr_0_01": 0.02,
      "fpr95": 0.892,
      "aupr": 0.5181769955006141
    },
    "fs_avg_change_mean": {
      "n_total": 500,
      "n_valid": 500,
      "n_val_total": 500,
      "n_val_valid": 500,
      "acc": 0.542,
      "f1": 0.575139146567718,
      "pre": 0.5363321799307958,
      "recall": 0.62,
      "auroc": 0.5253760000000001,
      "optimal_threshold": 1.2903047800064087,
      "tpr_at_fpr_0_01": 0.016,
      "fpr95": 0.896,
      "aupr": 0.5188956408621987
    }
  }
}