{
  "args": {
    "dataset": "multisocial_full",
    "model": "llama_8b",
    "smoke_test": false,
    "mode": "denoise",
    "token_mode": "last_token",
    "diff_vectors": false,
    "prefix": false,
    "normalize": true,
    "save_viz": true,
    "classifier": false,
    "n": 500,
    "suffix": "llama_8b_multisocial_full_TMlast_token_CMdenoise_DV0_PF0_NO1.pdf",
    "title_info": "llama_8b | multisocial_full | N=500 | TokenMode last_token | CoeMode denoise | DV 0 | Pre 0 | Norm 1"
  },
  "n": 500,
  "metrics": {
    "magnitude_change_mean": {
      "n_total": 500,
      "n_valid": 500,
      "n_val_total": 500,
      "n_val_valid": 500,
      "acc": 0.636,
      "f1": 0.5235602094240838,
      "pre": 0.7575757575757576,
      "recall": 0.4,
      "auroc": 0.683584,
      "optimal_threshold": 0.059049759060144424,
      "tpr_at_fpr_0_01": 0.1,
      "fpr95": 0.8,
      "aupr": 0.7063239859038679
    },
    "angle_change_mean": {
      "n_total": 500,
      "n_valid": 500,
      "n_val_total": 500,
      "n_val_valid": 500,
      "acc": 0.514,
      "f1": 0.22364217252396165,
      "pre": 0.5555555555555556,
      "recall": 0.14,
      "auroc": 0.43300799999999995,
      "optimal_threshold": 0.3287181556224823,
      "tpr_at_fpr_0_01": 0.0,
      "fpr95": 0.964,
      "aupr": 0.4575520358396838
    },
    "length_change_mean": {
      "n_total": 500,
      "n_valid": 500,
      "n_val_total": 500,
      "n_val_valid": 500,
      "acc": 0.504,
      "f1": 0.015873015873015872,
      "pre": 1.0,
      "recall": 0.008,
      "auroc": 0.263536,
      "optimal_threshold": 1.3696322441101074,
      "tpr_at_fpr_0_01": 0.008,
      "fpr95": 0.968,
      "aupr": 0.37517449601787856
    },
    "diff_change_mean": {
      "n_total": 500,
      "n_valid": 500,
      "n_val_total": 500,
      "n_val_valid": 500,
      "acc": 0.612,
      "f1": 0.6072874493927125,
      "pre": 0.6147540983606558,
      "recall": 0.6,
      "auroc": 0.609376,
      "optimal_threshold": -0.23901867866516113,
      "tpr_at_fpr_0_01": 0.004,
      "fpr95": 0.896,
      "aupr": 0.5943046615258522
    },
    "diff_diff_change_mean": {
      "n_total": 500,
      "n_valid": 500,
      "n_val_total": 500,
      "n_val_valid": 500,
      "acc": 0.684,
      "f1": 0.6550218340611353,
      "pre": 0.7211538461538461,
      "recall": 0.6,
      "auroc": 0.710576,
      "optimal_threshold": -1.5139765739440918,
      "tpr_at_fpr_0_01": 0.044,
      "fpr95": 0.844,
      "aupr": 0.7037383168040836
    },
    "diff_add_change_mean": {
      "n_total": 500,
      "n_valid": 500,
      "n_val_total": 500,
      "n_val_valid": 500,
      "acc": 0.512,
      "f1": 0.6720430107526881,
      "pre": 0.5060728744939271,
      "recall": 1.0,
      "auroc": 0.30920000000000003,
      "optimal_threshold": 0.9719877243041992,
      "tpr_at_fpr_0_01": 0.0,
      "fpr95": 0.972,
      "aupr": 0.38523009886364434
    },
    "fs_layer_wise_change_mean": {
      "n_total": 500,
      "n_valid": 500,
      "n_val_total": 500,
      "n_val_valid": 500,
      "acc": 0.502,
      "f1": 0.6675567423230975,
      "pre": 0.501002004008016,
      "recall": 1.0,
      "auroc": 0.273296,
      "optimal_threshold": 1.2419763803482056,
      "tpr_at_fpr_0_01": 0.008,
      "fpr95": 0.988,
      "aupr": 0.3734067680494395
    },
    "fs_avg_change_mean": {
      "n_total": 500,
      "n_valid": 500,
      "n_val_total": 500,
      "n_val_valid": 500,
      "acc": 0.502,
      "f1": 0.6675567423230975,
      "pre": 0.501002004008016,
      "recall": 1.0,
      "auroc": 0.27824000000000004,
      "optimal_threshold": 1.2348688840866089,
      "tpr_at_fpr_0_01": 0.008,
      "fpr95": 0.988,
      "aupr": 0.3752709556459834
    }
  }
}