{
  "args": {
    "dataset": "tsm_multi",
    "model": "llama_8b",
    "smoke_test": false,
    "mode": "default",
    "token_mode": "last_token",
    "diff_vectors": false,
    "prefix": false,
    "normalize": true,
    "save_viz": true,
    "classifier": false,
    "n": 500,
    "suffix": "llama_8b_tsm_multi_TMlast_token_CMdefault_DV0_PF0_NO1.pdf",
    "title_info": "llama_8b | tsm_multi | N=500 | TokenMode last_token | CoeMode default | DV 0 | Pre 0 | Norm 1"
  },
  "n": 500,
  "metrics": {
    "magnitude_change_mean": {
      "n_total": 500,
      "n_valid": 500,
      "n_val_total": 500,
      "n_val_valid": 500,
      "acc": 0.504,
      "f1": 0.03125,
      "pre": 0.6666666666666666,
      "recall": 0.016,
      "auroc": 0.43587200000000004,
      "optimal_threshold": 0.06339575350284576,
      "tpr_at_fpr_0_01": 0.016,
      "fpr95": 0.976,
      "aupr": 0.46366866180871985
    },
    "angle_change_mean": {
      "n_total": 500,
      "n_valid": 500,
      "n_val_total": 500,
      "n_val_valid": 500,
      "acc": 0.5,
      "f1": 0.0,
      "pre": 0.0,
      "recall": 0.0,
      "auroc": 0.387648,
      "optimal_threshold": Infinity,
      "tpr_at_fpr_0_01": 0.0,
      "fpr95": 0.984,
      "aupr": 0.4220942882553126
    },
    "length_change_mean": {
      "n_total": 500,
      "n_valid": 500,
      "n_val_total": 500,
      "n_val_valid": 500,
      "acc": 0.562,
      "f1": 0.6380165289256199,
      "pre": 0.543661971830986,
      "recall": 0.772,
      "auroc": 0.559072,
      "optimal_threshold": 1.257049798965454,
      "tpr_at_fpr_0_01": 0.0,
      "fpr95": 0.868,
      "aupr": 0.5349497961200101
    },
    "diff_change_mean": {
      "n_total": 500,
      "n_valid": 500,
      "n_val_total": 500,
      "n_val_valid": 500,
      "acc": 0.596,
      "f1": 0.5738396624472574,
      "pre": 0.6071428571428571,
      "recall": 0.544,
      "auroc": 0.6159840000000001,
      "optimal_threshold": -0.2746928632259369,
      "tpr_at_fpr_0_01": 0.044,
      "fpr95": 0.88,
      "aupr": 0.6146913467240003
    },
    "diff_diff_change_mean": {
      "n_total": 500,
      "n_valid": 500,
      "n_val_total": 500,
      "n_val_valid": 500,
      "acc": 0.582,
      "f1": 0.4988009592326139,
      "pre": 0.6227544910179641,
      "recall": 0.416,
      "auroc": 0.586496,
      "optimal_threshold": -1.5311641693115234,
      "tpr_at_fpr_0_01": 0.008,
      "fpr95": 0.884,
      "aupr": 0.5621965185234523
    },
    "diff_add_change_mean": {
      "n_total": 500,
      "n_valid": 500,
      "n_val_total": 500,
      "n_val_valid": 500,
      "acc": 0.608,
      "f1": 0.6462093862815884,
      "pre": 0.5888157894736842,
      "recall": 0.716,
      "auroc": 0.6175039999999999,
      "optimal_threshold": 0.9788079261779785,
      "tpr_at_fpr_0_01": 0.056,
      "fpr95": 0.892,
      "aupr": 0.6188264785396598
    },
    "fs_layer_wise_change_mean": {
      "n_total": 500,
      "n_valid": 500,
      "n_val_total": 500,
      "n_val_valid": 500,
      "acc": 0.52,
      "f1": 0.664804469273743,
      "pre": 0.5107296137339056,
      "recall": 0.952,
      "auroc": 0.483184,
      "optimal_threshold": 1.3035370111465454,
      "tpr_at_fpr_0_01": 0.004,
      "fpr95": 0.912,
      "aupr": 0.47553336206881425
    },
    "fs_avg_change_mean": {
      "n_total": 500,
      "n_valid": 500,
      "n_val_total": 500,
      "n_val_valid": 500,
      "acc": 0.526,
      "f1": 0.6499261447562777,
      "pre": 0.5152224824355972,
      "recall": 0.88,
      "auroc": 0.493672,
      "optimal_threshold": 1.30012845993042,
      "tpr_at_fpr_0_01": 0.0,
      "fpr95": 0.92,
      "aupr": 0.47893665289477083
    }
  }
}