{
  "args": {
    "dataset": "m4_wikipedia_chatgpt",
    "model": "llama_8b",
    "smoke_test": false,
    "mode": "denoise",
    "token_mode": "last_token",
    "diff_vectors": false,
    "prefix": false,
    "normalize": true,
    "save_viz": true,
    "classifier": false,
    "n": 500,
    "suffix": "llama_8b_m4_wikipedia_chatgpt_TMlast_token_CMdenoise_DV0_PF0_NO1.pdf",
    "title_info": "llama_8b | m4_wikipedia_chatgpt | N=500 | TokenMode last_token | CoeMode denoise | DV 0 | Pre 0 | Norm 1"
  },
  "n": 500,
  "metrics": {
    "magnitude_change_mean": {
      "n_total": 500,
      "n_valid": 500,
      "n_val_total": 500,
      "n_val_valid": 500,
      "acc": 0.686,
      "f1": 0.733446519524618,
      "pre": 0.6371681415929203,
      "recall": 0.864,
      "auroc": 0.689792,
      "optimal_threshold": 0.05289993807673454,
      "tpr_at_fpr_0_01": 0.0,
      "fpr95": 0.596,
      "aupr": 0.58946719597872
    },
    "angle_change_mean": {
      "n_total": 500,
      "n_valid": 500,
      "n_val_total": 500,
      "n_val_valid": 500,
      "acc": 0.506,
      "f1": 0.6693440428380187,
      "pre": 0.5030181086519114,
      "recall": 1.0,
      "auroc": 0.135104,
      "optimal_threshold": 0.2740509510040283,
      "tpr_at_fpr_0_01": 0.0,
      "fpr95": 0.968,
      "aupr": 0.33239401496810145
    },
    "length_change_mean": {
      "n_total": 500,
      "n_valid": 500,
      "n_val_total": 500,
      "n_val_valid": 500,
      "acc": 0.538,
      "f1": 0.6787204450625869,
      "pre": 0.5202558635394456,
      "recall": 0.976,
      "auroc": 0.167856,
      "optimal_threshold": 1.2597264051437378,
      "tpr_at_fpr_0_01": 0.0,
      "fpr95": 0.888,
      "aupr": 0.34271755084257294
    },
    "diff_change_mean": {
      "n_total": 500,
      "n_valid": 500,
      "n_val_total": 500,
      "n_val_valid": 500,
      "acc": 0.864,
      "f1": 0.8768115942028986,
      "pre": 0.8013245033112583,
      "recall": 0.968,
      "auroc": 0.88208,
      "optimal_threshold": -0.2460193634033203,
      "tpr_at_fpr_0_01": 0.0,
      "fpr95": 0.228,
      "aupr": 0.7874312503897507
    },
    "diff_diff_change_mean": {
      "n_total": 500,
      "n_valid": 500,
      "n_val_total": 500,
      "n_val_valid": 500,
      "acc": 0.954,
      "f1": 0.9560229445506692,
      "pre": 0.9157509157509157,
      "recall": 1.0,
      "auroc": 0.974144,
      "optimal_threshold": -1.5225536823272705,
      "tpr_at_fpr_0_01": 0.288,
      "fpr95": 0.068,
      "aupr": 0.9422719604806299
    },
    "diff_add_change_mean": {
      "n_total": 500,
      "n_valid": 500,
      "n_val_total": 500,
      "n_val_valid": 500,
      "acc": 0.628,
      "f1": 0.7264705882352941,
      "pre": 0.5744186046511628,
      "recall": 0.988,
      "auroc": 0.360512,
      "optimal_threshold": 1.019697904586792,
      "tpr_at_fpr_0_01": 0.0,
      "fpr95": 0.712,
      "aupr": 0.3951813605322498
    },
    "fs_layer_wise_change_mean": {
      "n_total": 500,
      "n_valid": 500,
      "n_val_total": 500,
      "n_val_valid": 500,
      "acc": 0.508,
      "f1": 0.6693548387096774,
      "pre": 0.5040485829959515,
      "recall": 0.996,
      "auroc": 0.11133600000000002,
      "optimal_threshold": 1.2972179651260376,
      "tpr_at_fpr_0_01": 0.0,
      "fpr95": 0.964,
      "aupr": 0.32915289924093377
    },
    "fs_avg_change_mean": {
      "n_total": 500,
      "n_valid": 500,
      "n_val_total": 500,
      "n_val_valid": 500,
      "acc": 0.512,
      "f1": 0.6702702702702703,
      "pre": 0.5061224489795918,
      "recall": 0.992,
      "auroc": 0.11236800000000001,
      "optimal_threshold": 1.29204261302948,
      "tpr_at_fpr_0_01": 0.0,
      "fpr95": 0.96,
      "aupr": 0.3293308094286213
    }
  }
}