{
  "args": {
    "dataset": "multisocial_full",
    "model": "llama_8b",
    "smoke_test": false,
    "mode": "default",
    "token_mode": "last_token",
    "diff_vectors": false,
    "prefix": false,
    "normalize": true,
    "save_viz": true,
    "classifier": false,
    "n": 500,
    "suffix": "llama_8b_multisocial_full_TMlast_token_CMdefault_DV0_PF0_NO1.pdf",
    "title_info": "llama_8b | multisocial_full | N=500 | TokenMode last_token | CoeMode default | DV 0 | Pre 0 | Norm 1"
  },
  "n": 500,
  "metrics": {
    "magnitude_change_mean": {
      "n_total": 500,
      "n_valid": 500,
      "n_val_total": 500,
      "n_val_valid": 500,
      "acc": 0.654,
      "f1": 0.6311300639658849,
      "pre": 0.6757990867579908,
      "recall": 0.592,
      "auroc": 0.6630400000000001,
      "optimal_threshold": 0.058035992085933685,
      "tpr_at_fpr_0_01": 0.068,
      "fpr95": 0.916,
      "aupr": 0.6762849550901854
    },
    "angle_change_mean": {
      "n_total": 500,
      "n_valid": 500,
      "n_val_total": 500,
      "n_val_valid": 500,
      "acc": 0.6,
      "f1": 0.6491228070175439,
      "pre": 0.578125,
      "recall": 0.74,
      "auroc": 0.6111840000000001,
      "optimal_threshold": 0.3283454179763794,
      "tpr_at_fpr_0_01": 0.012,
      "fpr95": 0.848,
      "aupr": 0.5787026893061583
    },
    "length_change_mean": {
      "n_total": 500,
      "n_valid": 500,
      "n_val_total": 500,
      "n_val_valid": 500,
      "acc": 0.57,
      "f1": 0.6324786324786325,
      "pre": 0.5522388059701493,
      "recall": 0.74,
      "auroc": 0.544048,
      "optimal_threshold": 1.2492908239364624,
      "tpr_at_fpr_0_01": 0.008,
      "fpr95": 0.968,
      "aupr": 0.5131605133431318
    },
    "diff_change_mean": {
      "n_total": 500,
      "n_valid": 500,
      "n_val_total": 500,
      "n_val_valid": 500,
      "acc": 0.502,
      "f1": 0.660300136425648,
      "pre": 0.5010351966873706,
      "recall": 0.968,
      "auroc": 0.398512,
      "optimal_threshold": -0.31051209568977356,
      "tpr_at_fpr_0_01": 0.008,
      "fpr95": 0.956,
      "aupr": 0.4237566968274752
    },
    "diff_diff_change_mean": {
      "n_total": 500,
      "n_valid": 500,
      "n_val_total": 500,
      "n_val_valid": 500,
      "acc": 0.52,
      "f1": 0.664804469273743,
      "pre": 0.5107296137339056,
      "recall": 0.952,
      "auroc": 0.388512,
      "optimal_threshold": -1.5640006065368652,
      "tpr_at_fpr_0_01": 0.016,
      "fpr95": 0.912,
      "aupr": 0.42742633967976656
    },
    "diff_add_change_mean": {
      "n_total": 500,
      "n_valid": 500,
      "n_val_total": 500,
      "n_val_valid": 500,
      "acc": 0.51,
      "f1": 0.5351043643263758,
      "pre": 0.5090252707581228,
      "recall": 0.564,
      "auroc": 0.45672,
      "optimal_threshold": 0.974889874458313,
      "tpr_at_fpr_0_01": 0.0,
      "fpr95": 0.984,
      "aupr": 0.4517036983003755
    },
    "fs_layer_wise_change_mean": {
      "n_total": 500,
      "n_valid": 500,
      "n_val_total": 500,
      "n_val_valid": 500,
      "acc": 0.6,
      "f1": 0.6389891696750902,
      "pre": 0.5822368421052632,
      "recall": 0.708,
      "auroc": 0.5813600000000001,
      "optimal_threshold": 1.3025755882263184,
      "tpr_at_fpr_0_01": 0.012,
      "fpr95": 0.956,
      "aupr": 0.5340474959505467
    },
    "fs_avg_change_mean": {
      "n_total": 500,
      "n_valid": 500,
      "n_val_total": 500,
      "n_val_valid": 500,
      "acc": 0.604,
      "f1": 0.6438848920863309,
      "pre": 0.5849673202614379,
      "recall": 0.716,
      "auroc": 0.5856,
      "optimal_threshold": 1.2959288358688354,
      "tpr_at_fpr_0_01": 0.012,
      "fpr95": 0.96,
      "aupr": 0.5371482163600809
    }
  }
}