{
  "args": {
    "model": "llama_8b",
    "dataset": "tsm_multi",
    "mode": "denoise_layer",
    "token_mode": "last_token",
    "prefix": false,
    "smoke_test": false,
    "ood": [],
    "pca_components": 50,
    "normalize_scores": true,
    "manifold": true
  },
  "steering_domain": "tsm_multi",
  "eval_domain": "tsm_multi",
  "n_samples": 500,
  "n_layers": 33,
  "metrics_per_layer": {
    "layer_1": {
      "n_total": 500,
      "n_valid": 500,
      "n_val_total": 500,
      "n_val_valid": 500,
      "acc": 0.534,
      "f1": 0.6722925457102672,
      "pre": 0.5184381778741866,
      "recall": 0.956,
      "auroc": 0.5233920000000001,
      "optimal_threshold": 0.5207319855690002,
      "tpr_at_fpr_0_01": 0.0,
      "fpr95": 0.888,
      "aupr": 0.5119717888318664
    },
    "layer_2": {
      "n_total": 500,
      "n_valid": 500,
      "n_val_total": 500,
      "n_val_valid": 500,
      "acc": 0.58,
      "f1": 0.3712574850299401,
      "pre": 0.7380952380952381,
      "recall": 0.248,
      "auroc": 0.649472,
      "optimal_threshold": 0.7830660343170166,
      "tpr_at_fpr_0_01": 0.112,
      "fpr95": 0.892,
      "aupr": 0.6819312881581676
    },
    "layer_3": {
      "n_total": 500,
      "n_valid": 500,
      "n_val_total": 500,
      "n_val_valid": 500,
      "acc": 0.604,
      "f1": 0.625,
      "pre": 0.5935251798561151,
      "recall": 0.66,
      "auroc": 0.6391040000000001,
      "optimal_threshold": 0.6141927242279053,
      "tpr_at_fpr_0_01": 0.056,
      "fpr95": 0.844,
      "aupr": 0.6309700768686908
    },
    "layer_4": {
      "n_total": 500,
      "n_valid": 500,
      "n_val_total": 500,
      "n_val_valid": 500,
      "acc": 0.648,
      "f1": 0.6157205240174672,
      "pre": 0.6778846153846154,
      "recall": 0.564,
      "auroc": 0.7094880000000001,
      "optimal_threshold": 0.6677741408348083,
      "tpr_at_fpr_0_01": 0.132,
      "fpr95": 0.876,
      "aupr": 0.7239796851829192
    },
    "layer_5": {
      "n_total": 500,
      "n_valid": 500,
      "n_val_total": 500,
      "n_val_valid": 500,
      "acc": 0.72,
      "f1": 0.6875,
      "pre": 0.7777777777777778,
      "recall": 0.616,
      "auroc": 0.790272,
      "optimal_threshold": 0.495667040348053,
      "tpr_at_fpr_0_01": 0.212,
      "fpr95": 0.812,
      "aupr": 0.8125283145915413
    },
    "layer_6": {
      "n_total": 500,
      "n_valid": 500,
      "n_val_total": 500,
      "n_val_valid": 500,
      "acc": 0.728,
      "f1": 0.6777251184834123,
      "pre": 0.8313953488372093,
      "recall": 0.572,
      "auroc": 0.8289760000000002,
      "optimal_threshold": 0.49213021993637085,
      "tpr_at_fpr_0_01": 0.248,
      "fpr95": 0.696,
      "aupr": 0.8478774612220793
    },
    "layer_7": {
      "n_total": 500,
      "n_valid": 500,
      "n_val_total": 500,
      "n_val_valid": 500,
      "acc": 0.74,
      "f1": 0.7085201793721974,
      "pre": 0.8061224489795918,
      "recall": 0.632,
      "auroc": 0.8248800000000001,
      "optimal_threshold": 0.4575018286705017,
      "tpr_at_fpr_0_01": 0.228,
      "fpr95": 0.684,
      "aupr": 0.8438220561464874
    },
    "layer_8": {
      "n_total": 500,
      "n_valid": 500,
      "n_val_total": 500,
      "n_val_valid": 500,
      "acc": 0.75,
      "f1": 0.7412008281573499,
      "pre": 0.7682403433476395,
      "recall": 0.716,
      "auroc": 0.8278079999999999,
      "optimal_threshold": 0.4279627203941345,
      "tpr_at_fpr_0_01": 0.268,
      "fpr95": 0.704,
      "aupr": 0.8442666748415979
    },
    "layer_9": {
      "n_total": 500,
      "n_valid": 500,
      "n_val_total": 500,
      "n_val_valid": 500,
      "acc": 0.738,
      "f1": 0.7287784679089027,
      "pre": 0.7553648068669528,
      "recall": 0.704,
      "auroc": 0.8184159999999999,
      "optimal_threshold": 0.394288033246994,
      "tpr_at_fpr_0_01": 0.3,
      "fpr95": 0.768,
      "aupr": 0.8399578861264063
    },
    "layer_10": {
      "n_total": 500,
      "n_valid": 500,
      "n_val_total": 500,
      "n_val_valid": 500,
      "acc": 0.756,
      "f1": 0.758893280632411,
      "pre": 0.75,
      "recall": 0.768,
      "auroc": 0.82432,
      "optimal_threshold": 0.3922211229801178,
      "tpr_at_fpr_0_01": 0.34,
      "fpr95": 0.736,
      "aupr": 0.8517883110860913
    },
    "layer_11": {
      "n_total": 500,
      "n_valid": 500,
      "n_val_total": 500,
      "n_val_valid": 500,
      "acc": 0.778,
      "f1": 0.7720739219712526,
      "pre": 0.7932489451476793,
      "recall": 0.752,
      "auroc": 0.86488,
      "optimal_threshold": 0.35619550943374634,
      "tpr_at_fpr_0_01": 0.496,
      "fpr95": 0.708,
      "aupr": 0.8899546047322583
    },
    "layer_12": {
      "n_total": 500,
      "n_valid": 500,
      "n_val_total": 500,
      "n_val_valid": 500,
      "acc": 0.778,
      "f1": 0.74364896073903,
      "pre": 0.8797814207650273,
      "recall": 0.644,
      "auroc": 0.8602239999999999,
      "optimal_threshold": 0.4464256465435028,
      "tpr_at_fpr_0_01": 0.452,
      "fpr95": 0.72,
      "aupr": 0.887595765284333
    },
    "layer_13": {
      "n_total": 500,
      "n_valid": 500,
      "n_val_total": 500,
      "n_val_valid": 500,
      "acc": 0.776,
      "f1": 0.7431192660550459,
      "pre": 0.8709677419354839,
      "recall": 0.648,
      "auroc": 0.847664,
      "optimal_threshold": 0.4188714921474457,
      "tpr_at_fpr_0_01": 0.452,
      "fpr95": 0.744,
      "aupr": 0.8766275212060863
    },
    "layer_14": {
      "n_total": 500,
      "n_valid": 500,
      "n_val_total": 500,
      "n_val_valid": 500,
      "acc": 0.78,
      "f1": 0.7577092511013216,
      "pre": 0.8431372549019608,
      "recall": 0.688,
      "auroc": 0.8373919999999999,
      "optimal_threshold": 0.3697551488876343,
      "tpr_at_fpr_0_01": 0.46,
      "fpr95": 0.78,
      "aupr": 0.8704023614593815
    },
    "layer_15": {
      "n_total": 500,
      "n_valid": 500,
      "n_val_total": 500,
      "n_val_valid": 500,
      "acc": 0.764,
      "f1": 0.7434782608695653,
      "pre": 0.8142857142857143,
      "recall": 0.684,
      "auroc": 0.8387040000000001,
      "optimal_threshold": 0.37930694222450256,
      "tpr_at_fpr_0_01": 0.42,
      "fpr95": 0.776,
      "aupr": 0.8725630761537869
    },
    "layer_16": {
      "n_total": 500,
      "n_valid": 500,
      "n_val_total": 500,
      "n_val_valid": 500,
      "acc": 0.766,
      "f1": 0.7334851936218679,
      "pre": 0.8518518518518519,
      "recall": 0.644,
      "auroc": 0.834208,
      "optimal_threshold": 0.4315853416919708,
      "tpr_at_fpr_0_01": 0.444,
      "fpr95": 0.792,
      "aupr": 0.8682242738807816
    },
    "layer_17": {
      "n_total": 500,
      "n_valid": 500,
      "n_val_total": 500,
      "n_val_valid": 500,
      "acc": 0.776,
      "f1": 0.7370892018779343,
      "pre": 0.8920454545454546,
      "recall": 0.628,
      "auroc": 0.8428800000000001,
      "optimal_threshold": 0.45124751329421997,
      "tpr_at_fpr_0_01": 0.484,
      "fpr95": 0.744,
      "aupr": 0.8765627775622596
    },
    "layer_18": {
      "n_total": 500,
      "n_valid": 500,
      "n_val_total": 500,
      "n_val_valid": 500,
      "acc": 0.776,
      "f1": 0.7358490566037735,
      "pre": 0.896551724137931,
      "recall": 0.624,
      "auroc": 0.8436159999999999,
      "optimal_threshold": 0.4621962308883667,
      "tpr_at_fpr_0_01": 0.476,
      "fpr95": 0.764,
      "aupr": 0.8772355780253625
    },
    "layer_19": {
      "n_total": 500,
      "n_valid": 500,
      "n_val_total": 500,
      "n_val_valid": 500,
      "acc": 0.782,
      "f1": 0.7410926365795725,
      "pre": 0.9122807017543859,
      "recall": 0.624,
      "auroc": 0.853504,
      "optimal_threshold": 0.44901514053344727,
      "tpr_at_fpr_0_01": 0.52,
      "fpr95": 0.728,
      "aupr": 0.8858606157768136
    },
    "layer_20": {
      "n_total": 500,
      "n_valid": 500,
      "n_val_total": 500,
      "n_val_valid": 500,
      "acc": 0.776,
      "f1": 0.7358490566037735,