{
  "args": {
    "model": "llama_8b",
    "dataset": "tsm_multi",
    "mode": "ldp_by_layer",
    "token_mode": "last_token",
    "prefix": false,
    "smoke_test": false,
    "ood": [],
    "pca_components": 100,
    "normalize_scores": true,
    "manifold": true
  },
  "steering_domain": "tsm_multi",
  "eval_domain": "tsm_multi",
  "n_samples": 500,
  "n_layers": 33,
  "metrics_per_layer": {
    "layer_1": {
      "n_total": 500,
      "n_valid": 500,
      "n_val_total": 500,
      "n_val_valid": 500,
      "acc": 0.528,
      "f1": 0.6666666666666666,
      "pre": 0.5152838427947598,
      "recall": 0.944,
      "auroc": 0.5233920000000001,
      "optimal_threshold": 0.5207318067550659,
      "tpr_at_fpr_0_01": 0.0,
      "fpr95": 0.888,
      "aupr": 0.5119717888318664
    },
    "layer_2": {
      "n_total": 500,
      "n_valid": 500,
      "n_val_total": 500,
      "n_val_valid": 500,
      "acc": 0.61,
      "f1": 0.4475920679886686,
      "pre": 0.7669902912621359,
      "recall": 0.316,
      "auroc": 0.6557919999999999,
      "optimal_threshold": 0.7777556777000427,
      "tpr_at_fpr_0_01": 0.12,
      "fpr95": 0.888,
      "aupr": 0.6900168345746153
    },
    "layer_3": {
      "n_total": 500,
      "n_valid": 500,
      "n_val_total": 500,
      "n_val_valid": 500,
      "acc": 0.584,
      "f1": 0.4222222222222222,
      "pre": 0.6909090909090909,
      "recall": 0.304,
      "auroc": 0.6552479999999999,
      "optimal_threshold": 0.7164236307144165,
      "tpr_at_fpr_0_01": 0.076,
      "fpr95": 0.828,
      "aupr": 0.6589218218300946
    },
    "layer_4": {
      "n_total": 500,
      "n_valid": 500,
      "n_val_total": 500,
      "n_val_valid": 500,
      "acc": 0.648,
      "f1": 0.6088888888888889,
      "pre": 0.685,
      "recall": 0.548,
      "auroc": 0.712576,
      "optimal_threshold": 0.6739861369132996,
      "tpr_at_fpr_0_01": 0.132,
      "fpr95": 0.872,
      "aupr": 0.7277274537853381
    },
    "layer_5": {
      "n_total": 500,
      "n_valid": 500,
      "n_val_total": 500,
      "n_val_valid": 500,
      "acc": 0.73,
      "f1": 0.6993318485523385,
      "pre": 0.7889447236180904,
      "recall": 0.628,
      "auroc": 0.79512,
      "optimal_threshold": 0.4978097975254059,
      "tpr_at_fpr_0_01": 0.212,
      "fpr95": 0.82,
      "aupr": 0.8175719088500106
    },
    "layer_6": {
      "n_total": 500,
      "n_valid": 500,
      "n_val_total": 500,
      "n_val_valid": 500,
      "acc": 0.758,
      "f1": 0.7515400410677618,
      "pre": 0.7721518987341772,
      "recall": 0.732,
      "auroc": 0.834544,
      "optimal_threshold": 0.4455452859401703,
      "tpr_at_fpr_0_01": 0.26,
      "fpr95": 0.72,
      "aupr": 0.8532346899496184
    },
    "layer_7": {
      "n_total": 500,
      "n_valid": 500,
      "n_val_total": 500,
      "n_val_valid": 500,
      "acc": 0.744,
      "f1": 0.7104072398190046,
      "pre": 0.8177083333333334,
      "recall": 0.628,
      "auroc": 0.8303039999999999,
      "optimal_threshold": 0.4632854163646698,
      "tpr_at_fpr_0_01": 0.24,
      "fpr95": 0.664,
      "aupr": 0.8492031143075748
    },
    "layer_8": {
      "n_total": 500,
      "n_valid": 500,
      "n_val_total": 500,
      "n_val_valid": 500,
      "acc": 0.738,
      "f1": 0.7364185110663984,
      "pre": 0.7408906882591093,
      "recall": 0.732,
      "auroc": 0.83152,
      "optimal_threshold": 0.41831931471824646,
      "tpr_at_fpr_0_01": 0.3,
      "fpr95": 0.692,
      "aupr": 0.8485159232421897
    },
    "layer_9": {
      "n_total": 500,
      "n_valid": 500,
      "n_val_total": 500,
      "n_val_valid": 500,
      "acc": 0.742,
      "f1": 0.7295597484276729,
      "pre": 0.7665198237885462,
      "recall": 0.696,
      "auroc": 0.824192,
      "optimal_threshold": 0.39368802309036255,
      "tpr_at_fpr_0_01": 0.316,
      "fpr95": 0.76,
      "aupr": 0.845369328157078
    },
    "layer_10": {
      "n_total": 500,
      "n_valid": 500,
      "n_val_total": 500,
      "n_val_valid": 500,
      "acc": 0.754,
      "f1": 0.7564356435643564,
      "pre": 0.7490196078431373,
      "recall": 0.764,
      "auroc": 0.8289920000000001,
      "optimal_threshold": 0.3846402168273926,
      "tpr_at_fpr_0_01": 0.352,
      "fpr95": 0.752,
      "aupr": 0.856020111148496
    },
    "layer_11": {
      "n_total": 500,
      "n_valid": 500,
      "n_val_total": 500,
      "n_val_valid": 500,
      "acc": 0.782,
      "f1": 0.7780040733197556,
      "pre": 0.7925311203319502,
      "recall": 0.764,
      "auroc": 0.868352,
      "optimal_threshold": 0.35740771889686584,
      "tpr_at_fpr_0_01": 0.524,
      "fpr95": 0.664,
      "aupr": 0.8924995006803177
    },
    "layer_12": {
      "n_total": 500,
      "n_valid": 500,
      "n_val_total": 500,
      "n_val_valid": 500,
      "acc": 0.792,
      "f1": 0.7805907172995781,
      "pre": 0.8258928571428571,
      "recall": 0.74,
      "auroc": 0.8637279999999998,
      "optimal_threshold": 0.3902575671672821,
      "tpr_at_fpr_0_01": 0.46,
      "fpr95": 0.668,
      "aupr": 0.8902566477785936
    },
    "layer_13": {
      "n_total": 500,
      "n_valid": 500,
      "n_val_total": 500,
      "n_val_valid": 500,
      "acc": 0.768,
      "f1": 0.7613168724279835,
      "pre": 0.7838983050847458,
      "recall": 0.74,
      "auroc": 0.8523520000000001,
      "optimal_threshold": 0.35686856508255005,
      "tpr_at_fpr_0_01": 0.452,
      "fpr95": 0.704,
      "aupr": 0.8802827868481986
    },
    "layer_14": {
      "n_total": 500,
      "n_valid": 500,
      "n_val_total": 500,
      "n_val_valid": 500,
      "acc": 0.778,
      "f1": 0.753880266075388,
      "pre": 0.845771144278607,
      "recall": 0.68,
      "auroc": 0.8404960000000001,
      "optimal_threshold": 0.3758702278137207,
      "tpr_at_fpr_0_01": 0.464,
      "fpr95": 0.772,
      "aupr": 0.8727465178948474
    },
    "layer_15": {
      "n_total": 500,
      "n_valid": 500,
      "n_val_total": 500,
      "n_val_valid": 500,
      "acc": 0.776,
      "f1": 0.7543859649122807,
      "pre": 0.8349514563106796,
      "recall": 0.688,
      "auroc": 0.842128,
      "optimal_threshold": 0.3814969062805176,
      "tpr_at_fpr_0_01": 0.448,
      "fpr95": 0.74,
      "aupr": 0.8756389742796837
    },
    "layer_16": {
      "n_total": 500,
      "n_valid": 500,
      "n_val_total": 500,
      "n_val_valid": 500,
      "acc": 0.776,
      "f1": 0.7431192660550459,
      "pre": 0.8709677419354839,
      "recall": 0.648,
      "auroc": 0.836368,
      "optimal_threshold": 0.415875107049942,
      "tpr_at_fpr_0_01": 0.464,
      "fpr95": 0.8,
      "aupr": 0.8703145785155941
    },
    "layer_17": {
      "n_total": 500,
      "n_valid": 500,
      "n_val_total": 500,
      "n_val_valid": 500,
      "acc": 0.774,
      "f1": 0.7328605200945626,
      "pre": 0.8959537572254336,
      "recall": 0.62,
      "auroc": 0.8458559999999999,
      "optimal_threshold": 0.44918787479400635,
      "tpr_at_fpr_0_01": 0.488,
      "fpr95": 0.712,
      "aupr": 0.8793104916514619
    },
    "layer_18": {
      "n_total": 500,
      "n_valid": 500,
      "n_val_total": 500,
      "n_val_valid": 500,
      "acc": 0.77,
      "f1": 0.7215496368038741,
      "pre": 0.9141104294478528,
      "recall": 0.596,
      "auroc": 0.8457279999999998,
      "optimal_threshold": 0.47407054901123047,
      "tpr_at_fpr_0_01": 0.472,
      "fpr95": 0.748,
      "aupr": 0.8793783607934536
    },
    "layer_19": {
      "n_total": 500,
      "n_valid": 500,
      "n_val_total": 500,
      "n_val_valid": 500,
      "acc": 0.78,
      "f1": 0.7380952380952381,
      "pre": 0.9117647058823529,
      "recall": 0.62,
      "auroc": 0.8567999999999999,
      "optimal_threshold": 0.4427071213722229,
      "tpr_at_fpr_0_01": 0.532,
      "fpr95": 0.7,
      "aupr": 0.8881665393150683
    },
    "layer_20": {
      "n_total": 500,
      "n_valid": 500,
      "n_val_total": 500,
      "n_val_valid": 500,
      "acc": 0.742,
      "f1": 0.7414829659318637,