{
  "args": {
    "model": "llama_8b",
    "dataset": "tsm_multi",
    "mode": "ldp_by_layer",
    "token_mode": "last_token",
    "prefix": false,
    "smoke_test": false,
    "ood": [],
    "pca_components": 500,
    "normalize_scores": true,
    "manifold": true
  },
  "steering_domain": "tsm_multi",
  "eval_domain": "tsm_multi",
  "n_samples": 500,
  "n_layers": 33,
  "metrics_per_layer": {
    "layer_1": {
      "n_total": 500,
      "n_valid": 500,
      "n_val_total": 500,
      "n_val_valid": 500,
      "acc": 0.528,
      "f1": 0.6666666666666666,
      "pre": 0.5152838427947598,
      "recall": 0.944,
      "auroc": 0.5233920000000001,
      "optimal_threshold": 0.5207318067550659,
      "tpr_at_fpr_0_01": 0.0,
      "fpr95": 0.888,
      "aupr": 0.5119717888318664
    },
    "layer_2": {
      "n_total": 500,
      "n_valid": 500,
      "n_val_total": 500,
      "n_val_valid": 500,
      "acc": 0.584,
      "f1": 0.3696969696969697,
      "pre": 0.7625,
      "recall": 0.244,
      "auroc": 0.6584000000000001,
      "optimal_threshold": 0.7857250571250916,
      "tpr_at_fpr_0_01": 0.132,
      "fpr95": 0.888,
      "aupr": 0.6921152270496285
    },
    "layer_3": {
      "n_total": 500,
      "n_valid": 500,
      "n_val_total": 500,
      "n_val_valid": 500,
      "acc": 0.606,
      "f1": 0.5870020964360587,
      "pre": 0.6167400881057269,
      "recall": 0.56,
      "auroc": 0.66176,
      "optimal_threshold": 0.6424640417098999,
      "tpr_at_fpr_0_01": 0.076,
      "fpr95": 0.832,
      "aupr": 0.664908911580472
    },
    "layer_4": {
      "n_total": 500,
      "n_valid": 500,
      "n_val_total": 500,
      "n_val_valid": 500,
      "acc": 0.654,
      "f1": 0.6311300639658849,
      "pre": 0.6757990867579908,
      "recall": 0.592,
      "auroc": 0.714528,
      "optimal_threshold": 0.6643018126487732,
      "tpr_at_fpr_0_01": 0.132,
      "fpr95": 0.876,
      "aupr": 0.7302188824896535
    },
    "layer_5": {
      "n_total": 500,
      "n_valid": 500,
      "n_val_total": 500,
      "n_val_valid": 500,
      "acc": 0.72,
      "f1": 0.6995708154506438,
      "pre": 0.7546296296296297,
      "recall": 0.652,
      "auroc": 0.796784,
      "optimal_threshold": 0.4767879545688629,
      "tpr_at_fpr_0_01": 0.208,
      "fpr95": 0.82,
      "aupr": 0.8196493045004609
    },
    "layer_6": {
      "n_total": 500,
      "n_valid": 500,
      "n_val_total": 500,
      "n_val_valid": 500,
      "acc": 0.762,
      "f1": 0.7643564356435644,
      "pre": 0.7568627450980392,
      "recall": 0.772,
      "auroc": 0.837744,
      "optimal_threshold": 0.4296715557575226,
      "tpr_at_fpr_0_01": 0.268,
      "fpr95": 0.74,
      "aupr": 0.8562057200786017
    },
    "layer_7": {
      "n_total": 500,
      "n_valid": 500,
      "n_val_total": 500,
      "n_val_valid": 500,
      "acc": 0.744,
      "f1": 0.7117117117117117,
      "pre": 0.8144329896907216,
      "recall": 0.632,
      "auroc": 0.8323679999999999,
      "optimal_threshold": 0.46371233463287354,
      "tpr_at_fpr_0_01": 0.248,
      "fpr95": 0.648,
      "aupr": 0.8513295564988623
    },
    "layer_8": {
      "n_total": 500,
      "n_valid": 500,
      "n_val_total": 500,
      "n_val_valid": 500,
      "acc": 0.758,
      "f1": 0.7430997876857749,
      "pre": 0.7918552036199095,
      "recall": 0.7,
      "auroc": 0.834432,
      "optimal_threshold": 0.4357990324497223,
      "tpr_at_fpr_0_01": 0.316,
      "fpr95": 0.676,
      "aupr": 0.8513694165350509
    },
    "layer_9": {
      "n_total": 500,
      "n_valid": 500,
      "n_val_total": 500,
      "n_val_valid": 500,
      "acc": 0.744,
      "f1": 0.7322175732217573,
      "pre": 0.7675438596491229,
      "recall": 0.7,
      "auroc": 0.8269279999999999,
      "optimal_threshold": 0.39255157113075256,
      "tpr_at_fpr_0_01": 0.312,
      "fpr95": 0.772,
      "aupr": 0.8479948015867118
    },
    "layer_10": {
      "n_total": 500,
      "n_valid": 500,
      "n_val_total": 500,
      "n_val_valid": 500,
      "acc": 0.764,
      "f1": 0.7686274509803922,
      "pre": 0.7538461538461538,
      "recall": 0.784,
      "auroc": 0.834592,
      "optimal_threshold": 0.3803976774215698,
      "tpr_at_fpr_0_01": 0.356,
      "fpr95": 0.716,
      "aupr": 0.8605614893948581
    },
    "layer_11": {
      "n_total": 500,
      "n_valid": 500,
      "n_val_total": 500,
      "n_val_valid": 500,
      "acc": 0.782,
      "f1": 0.7733887733887734,
      "pre": 0.8051948051948052,
      "recall": 0.744,
      "auroc": 0.87192,
      "optimal_threshold": 0.3643656373023987,
      "tpr_at_fpr_0_01": 0.524,
      "fpr95": 0.66,
      "aupr": 0.8958892855650248
    },
    "layer_12": {
      "n_total": 500,
      "n_valid": 500,
      "n_val_total": 500,
      "n_val_valid": 500,
      "acc": 0.788,
      "f1": 0.7725321888412017,
      "pre": 0.8333333333333334,
      "recall": 0.72,
      "auroc": 0.8676,
      "optimal_threshold": 0.39866623282432556,
      "tpr_at_fpr_0_01": 0.464,
      "fpr95": 0.668,
      "aupr": 0.8932895443232318
    },
    "layer_13": {
      "n_total": 500,
      "n_valid": 500,
      "n_val_total": 500,
      "n_val_valid": 500,
      "acc": 0.768,
      "f1": 0.7552742616033755,
      "pre": 0.7991071428571429,
      "recall": 0.716,
      "auroc": 0.8550719999999999,
      "optimal_threshold": 0.36933284997940063,
      "tpr_at_fpr_0_01": 0.452,
      "fpr95": 0.688,
      "aupr": 0.8819668592558629
    },
    "layer_14": {
      "n_total": 500,
      "n_valid": 500,
      "n_val_total": 500,
      "n_val_valid": 500,
      "acc": 0.786,
      "f1": 0.7595505617977528,
      "pre": 0.8666666666666667,
      "recall": 0.676,
      "auroc": 0.843904,
      "optimal_threshold": 0.3903598189353943,
      "tpr_at_fpr_0_01": 0.448,
      "fpr95": 0.764,
      "aupr": 0.8750607080920155
    },
    "layer_15": {
      "n_total": 500,
      "n_valid": 500,
      "n_val_total": 500,
      "n_val_valid": 500,
      "acc": 0.78,
      "f1": 0.7555555555555555,
      "pre": 0.85,
      "recall": 0.68,
      "auroc": 0.84472,
      "optimal_threshold": 0.38893139362335205,
      "tpr_at_fpr_0_01": 0.416,
      "fpr95": 0.752,
      "aupr": 0.8774218424491335
    },
    "layer_16": {
      "n_total": 500,
      "n_valid": 500,
      "n_val_total": 500,
      "n_val_valid": 500,
      "acc": 0.782,
      "f1": 0.7528344671201814,
      "pre": 0.8691099476439791,
      "recall": 0.664,
      "auroc": 0.838752,
      "optimal_threshold": 0.4127073287963867,
      "tpr_at_fpr_0_01": 0.46,
      "fpr95": 0.784,
      "aupr": 0.8722125037271258
    },
    "layer_17": {
      "n_total": 500,
      "n_valid": 500,
      "n_val_total": 500,
      "n_val_valid": 500,
      "acc": 0.778,
      "f1": 0.7412587412587412,
      "pre": 0.888268156424581,
      "recall": 0.636,
      "auroc": 0.8488799999999999,
      "optimal_threshold": 0.4483327567577362,
      "tpr_at_fpr_0_01": 0.504,
      "fpr95": 0.7,
      "aupr": 0.8818414080998094
    },
    "layer_18": {
      "n_total": 500,
      "n_valid": 500,
      "n_val_total": 500,
      "n_val_valid": 500,
      "acc": 0.78,
      "f1": 0.7393364928909952,
      "pre": 0.9069767441860465,
      "recall": 0.624,
      "auroc": 0.8486880000000001,
      "optimal_threshold": 0.46585944294929504,
      "tpr_at_fpr_0_01": 0.476,
      "fpr95": 0.736,
      "aupr": 0.8822722760338737
    },
    "layer_19": {
      "n_total": 500,
      "n_valid": 500,
      "n_val_total": 500,
      "n_val_valid": 500,
      "acc": 0.782,
      "f1": 0.7410926365795725,
      "pre": 0.9122807017543859,
      "recall": 0.624,
      "auroc": 0.8590559999999999,
      "optimal_threshold": 0.44332632422447205,
      "tpr_at_fpr_0_01": 0.564,
      "fpr95": 0.696,
      "aupr": 0.8900527560520608
    },
    "layer_20": {
      "n_total": 500,
      "n_valid": 500,
      "n_val_total": 500,
      "n_val_valid": 500,
      "acc": 0.748,
      "f1": 0.7439024390243902,
      "pre": 0.756198347107438,