{
  "metrics": {
    "acc": 0.9933333333333333,
    "f1": 0.9934426229508196,
    "prec": 0.9901960784313726,
    "recall": 0.9967105263157895
  },
  "args": {
    "dataset": "arxiv_chatgpt",
    "model": "bert",
    "n": 3000,
    "smoke_test": false,
    "prefix": false
  }
}