{
  "metrics": {
    "acc": 0.9466666666666667,
    "f1": 0.9495268138801262,
    "prec": 0.9039039039039038,
    "recall": 1.0
  },
  "args": {
    "dataset": "wikipedia_chatgpt",
    "model": "bert",
    "n": 3000,
    "smoke_test": false,
    "prefix": false
  }
}