{
  "metrics": {
    "acc": 0.9966666666666667,
    "f1": 0.9967213114754099,
    "prec": 0.9934640522875817,
    "recall": 1.0
  },
  "args": {
    "dataset": "wikihow_chatgpt",
    "model": "bert",
    "n": 3000,
    "smoke_test": false,
    "prefix": false
  }
}