{
  "args": {
    "model": "llama_8b",
    "dataset": "multisocial_en",
    "mode": "m_lda",
    "token_mode": "last_token",
    "prefix": false,
    "smoke_test": false,
    "ood": [
      "multisocial_ar",
      "multisocial_de"
    ],
    "pca_components": 50,
    "normalize_scores": true,
    "ablation_set": "human",
    "manifold": true
  },
  "steering_domain": "multisocial_en",
  "eval_domain": "multisocial_ar",
  "n_samples": 500,
  "n_layers": 33,
  "metrics_per_layer": {
    "layer_1": {
      "n_total": 500,
      "n_valid": 500,
      "n_val_total": 500,
      "n_val_valid": 500,
      "acc": 0.666,
      "f1": 0.5593667546174143,
      "pre": 0.8217054263565892,
      "recall": 0.424,
      "auroc": 0.714408,
      "optimal_threshold": 0.5894442796707153,
      "tpr_at_fpr_0_01": 0.02,
      "fpr95": 0.844,
      "aupr": 0.7297185517172016
    },
    "layer_2": {
      "n_total": 500,
      "n_valid": 500,
      "n_val_total": 500,
      "n_val_valid": 500,
      "acc": 0.666,
      "f1": 0.5639686684073107,
      "pre": 0.8120300751879699,
      "recall": 0.432,
      "auroc": 0.6896800000000001,
      "optimal_threshold": 0.495014488697052,
      "tpr_at_fpr_0_01": 0.056,
      "fpr95": 0.844,
      "aupr": 0.719709798959046
    },
    "layer_3": {
      "n_total": 500,
      "n_valid": 500,
      "n_val_total": 500,
      "n_val_valid": 500,
      "acc": 0.668,
      "f1": 0.5631578947368421,
      "pre": 0.823076923076923,
      "recall": 0.428,
      "auroc": 0.734208,
      "optimal_threshold": 0.5679625272750854,
      "tpr_at_fpr_0_01": 0.084,
      "fpr95": 0.868,
      "aupr": 0.7474283537294437
    },
    "layer_4": {
      "n_total": 500,
      "n_valid": 500,
      "n_val_total": 500,
      "n_val_valid": 500,
      "acc": 0.666,
      "f1": 0.5424657534246575,
      "pre": 0.8608695652173913,
      "recall": 0.396,
      "auroc": 0.74096,
      "optimal_threshold": 0.6054069399833679,
      "tpr_at_fpr_0_01": 0.096,
      "fpr95": 0.888,
      "aupr": 0.77105972838667
    },
    "layer_5": {
      "n_total": 500,
      "n_valid": 500,
      "n_val_total": 500,
      "n_val_valid": 500,
      "acc": 0.632,
      "f1": 0.4556213017751479,
      "pre": 0.875,
      "recall": 0.308,
      "auroc": 0.791728,
      "optimal_threshold": 0.6729573607444763,
      "tpr_at_fpr_0_01": 0.164,
      "fpr95": 0.816,
      "aupr": 0.7962109709433236
    },
    "layer_6": {
      "n_total": 500,
      "n_valid": 500,
      "n_val_total": 500,
      "n_val_valid": 500,
      "acc": 0.636,
      "f1": 0.4451219512195122,
      "pre": 0.9358974358974359,
      "recall": 0.292,
      "auroc": 0.795904,
      "optimal_threshold": 0.5781543254852295,
      "tpr_at_fpr_0_01": 0.216,
      "fpr95": 0.696,
      "aupr": 0.8057299030260474
    },
    "layer_7": {
      "n_total": 500,
      "n_valid": 500,
      "n_val_total": 500,
      "n_val_valid": 500,
      "acc": 0.678,
      "f1": 0.5706666666666667,
      "pre": 0.856,
      "recall": 0.428,
      "auroc": 0.7974559999999999,
      "optimal_threshold": 0.5890529155731201,
      "tpr_at_fpr_0_01": 0.22,
      "fpr95": 0.788,
      "aupr": 0.8170812166727044
    },
    "layer_8": {
      "n_total": 500,
      "n_valid": 500,
      "n_val_total": 500,
      "n_val_valid": 500,
      "acc": 0.624,
      "f1": 0.4268292682926829,
      "pre": 0.8974358974358975,
      "recall": 0.28,
      "auroc": 0.80072,
      "optimal_threshold": 0.6001051664352417,
      "tpr_at_fpr_0_01": 0.18,
      "fpr95": 0.86,
      "aupr": 0.8115385207126279
    },
    "layer_9": {
      "n_total": 500,
      "n_valid": 500,
      "n_val_total": 500,
      "n_val_valid": 500,
      "acc": 0.65,
      "f1": 0.498567335243553,
      "pre": 0.8787878787878788,
      "recall": 0.348,
      "auroc": 0.801056,
      "optimal_threshold": 0.5634287595748901,
      "tpr_at_fpr_0_01": 0.216,
      "fpr95": 0.804,
      "aupr": 0.8145720868378559
    },
    "layer_10": {
      "n_total": 500,
      "n_valid": 500,
      "n_val_total": 500,
      "n_val_valid": 500,
      "acc": 0.634,
      "f1": 0.4633431085043988,
      "pre": 0.8681318681318682,
      "recall": 0.316,
      "auroc": 0.8097599999999999,
      "optimal_threshold": 0.536320686340332,
      "tpr_at_fpr_0_01": 0.18,
      "fpr95": 0.772,
      "aupr": 0.8236618354708187
    },
    "layer_11": {
      "n_total": 500,
      "n_valid": 500,
      "n_val_total": 500,
      "n_val_valid": 500,
      "acc": 0.624,
      "f1": 0.437125748502994,
      "pre": 0.8690476190476191,
      "recall": 0.292,
      "auroc": 0.822976,
      "optimal_threshold": 0.5484907031059265,
      "tpr_at_fpr_0_01": 0.208,
      "fpr95": 0.68,
      "aupr": 0.8285535160408247
    },
    "layer_12": {
      "n_total": 500,
      "n_valid": 500,
      "n_val_total": 500,
      "n_val_valid": 500,
      "acc": 0.662,
      "f1": 0.523943661971831,
      "pre": 0.8857142857142857,
      "recall": 0.372,
      "auroc": 0.836544,
      "optimal_threshold": 0.5409587025642395,
      "tpr_at_fpr_0_01": 0.212,
      "fpr95": 0.656,
      "aupr": 0.8420851678688202
    },
    "layer_13": {
      "n_total": 500,
      "n_valid": 500,
      "n_val_total": 500,
      "n_val_valid": 500,
      "acc": 0.662,
      "f1": 0.5185185185185185,
      "pre": 0.900990099009901,
      "recall": 0.364,
      "auroc": 0.824336,
      "optimal_threshold": 0.5386360883712769,
      "tpr_at_fpr_0_01": 0.168,
      "fpr95": 0.704,
      "aupr": 0.8314159840980777
    },
    "layer_14": {
      "n_total": 500,
      "n_valid": 500,
      "n_val_total": 500,
      "n_val_valid": 500,
      "acc": 0.71,
      "f1": 0.629156010230179,
      "pre": 0.8723404255319149,
      "recall": 0.492,
      "auroc": 0.8413599999999999,
      "optimal_threshold": 0.47576600313186646,
      "tpr_at_fpr_0_01": 0.192,
      "fpr95": 0.776,
      "aupr": 0.8468972852647723
    },
    "layer_15": {
      "n_total": 500,
      "n_valid": 500,
      "n_val_total": 500,
      "n_val_valid": 500,
      "acc": 0.694,
      "f1": 0.5876010781671159,
      "pre": 0.9008264462809917,
      "recall": 0.436,
      "auroc": 0.8545119999999999,
      "optimal_threshold": 0.5016165375709534,
      "tpr_at_fpr_0_01": 0.228,
      "fpr95": 0.728,
      "aupr": 0.8586573246595545
    },
    "layer_16": {
      "n_total": 500,
      "n_valid": 500,
      "n_val_total": 500,
      "n_val_valid": 500,
      "acc": 0.75,
      "f1": 0.7016706443914081,
      "pre": 0.8698224852071006,
      "recall": 0.588,
      "auroc": 0.8618239999999999,
      "optimal_threshold": 0.44969141483306885,
      "tpr_at_fpr_0_01": 0.168,
      "fpr95": 0.64,
      "aupr": 0.8619265693533525
    },
    "layer_17": {
      "n_total": 500,
      "n_valid": 500,
      "n_val_total": 500,
      "n_val_valid": 500,
      "acc": 0.736,
      "f1": 0.6796116504854369,
      "pre": 0.8641975308641975,
      "recall": 0.56,
      "auroc": 0.860384,
      "optimal_threshold": 0.4154391586780548,
      "tpr_at_fpr_0_01": 0.188,
      "fpr95": 0.608,
      "aupr": 0.8589108838092705
    },
    "layer_18": {
      "n_total": 500,
      "n_valid": 500,
      "n_val_total": 500,
      "n_val_valid": 500,
      "acc": 0.73,
      "f1": 0.6616541353383458,
      "pre": 0.8859060402684564,
      "recall": 0.528,
      "auroc": 0.8584960000000001,
      "optimal_threshold": 0.472287118434906,
      "tpr_at_fpr_0_01": 0.152,
      "fpr95": 0.652,
      "aupr": 0.8629659906768185
    },
    "layer_19": {
      "n_total": 500,
      "n_valid": 500,
      "n_val_total": 500,
      "n_val_valid": 500,
      "acc": 0.724,
      "f1": 0.6461538461538462,
      "pre": 0.9,
      "recall": 0.504,
      "auroc": 0.8673599999999999,
      "optimal_threshold": 0.44043460488319397,
      "tpr_at_fpr_0_01": 0.132,
      "fpr95": 0.772,
      "aupr": 0.8726518653292508
    },
    "layer_20": {
      "n_total": 500,
      "n_valid": 500,
      "n_val_total": 500,
      "n_val_valid": 500,
      "acc": 0.748,