{
  "args": {
    "model": "llama_8b",
    "dataset": "multisocial_en",
    "mode": "m_lda",
    "token_mode": "last_token",
    "prefix": false,
    "smoke_test": false,
    "ood": [
      "multisocial_ar",
      "multisocial_de"
    ],
    "pca_components": 25,
    "normalize_scores": true,
    "ablation_set": "human",
    "manifold": true
  },
  "steering_domain": "multisocial_en",
  "eval_domain": "multisocial_ar",
  "n_samples": 500,
  "n_layers": 33,
  "metrics_per_layer": {
    "layer_1": {
      "n_total": 500,
      "n_valid": 500,
      "n_val_total": 500,
      "n_val_valid": 500,
      "acc": 0.658,
      "f1": 0.544,
      "pre": 0.816,
      "recall": 0.408,
      "auroc": 0.718184,
      "optimal_threshold": 0.5810972452163696,
      "tpr_at_fpr_0_01": 0.02,
      "fpr95": 0.832,
      "aupr": 0.729375706849825
    },
    "layer_2": {
      "n_total": 500,
      "n_valid": 500,
      "n_val_total": 500,
      "n_val_valid": 500,
      "acc": 0.648,
      "f1": 0.5191256830601093,
      "pre": 0.8189655172413793,
      "recall": 0.38,
      "auroc": 0.666624,
      "optimal_threshold": 0.6109546422958374,
      "tpr_at_fpr_0_01": 0.036,
      "fpr95": 0.888,
      "aupr": 0.704351123457273
    },
    "layer_3": {
      "n_total": 500,
      "n_valid": 500,
      "n_val_total": 500,
      "n_val_valid": 500,
      "acc": 0.67,
      "f1": 0.5843828715365239,
      "pre": 0.7891156462585034,
      "recall": 0.464,
      "auroc": 0.7263999999999999,
      "optimal_threshold": 0.5150976181030273,
      "tpr_at_fpr_0_01": 0.052,
      "fpr95": 0.848,
      "aupr": 0.739590803371104
    },
    "layer_4": {
      "n_total": 500,
      "n_valid": 500,
      "n_val_total": 500,
      "n_val_valid": 500,
      "acc": 0.642,
      "f1": 0.5095890410958904,
      "pre": 0.808695652173913,
      "recall": 0.372,
      "auroc": 0.719584,
      "optimal_threshold": 0.5462046265602112,
      "tpr_at_fpr_0_01": 0.124,
      "fpr95": 0.928,
      "aupr": 0.7513731455027022
    },
    "layer_5": {
      "n_total": 500,
      "n_valid": 500,
      "n_val_total": 500,
      "n_val_valid": 500,
      "acc": 0.622,
      "f1": 0.425531914893617,
      "pre": 0.8860759493670886,
      "recall": 0.28,
      "auroc": 0.7813120000000001,
      "optimal_threshold": 0.5998013615608215,
      "tpr_at_fpr_0_01": 0.144,
      "fpr95": 0.84,
      "aupr": 0.7911642627177807
    },
    "layer_6": {
      "n_total": 500,
      "n_valid": 500,
      "n_val_total": 500,
      "n_val_valid": 500,
      "acc": 0.68,
      "f1": 0.6,
      "pre": 0.8,
      "recall": 0.48,
      "auroc": 0.798624,
      "optimal_threshold": 0.4559633731842041,
      "tpr_at_fpr_0_01": 0.24,
      "fpr95": 0.72,
      "aupr": 0.8044003286988747
    },
    "layer_7": {
      "n_total": 500,
      "n_valid": 500,
      "n_val_total": 500,
      "n_val_valid": 500,
      "acc": 0.662,
      "f1": 0.5266106442577031,
      "pre": 0.8785046728971962,
      "recall": 0.376,
      "auroc": 0.806576,
      "optimal_threshold": 0.48797371983528137,
      "tpr_at_fpr_0_01": 0.14,
      "fpr95": 0.76,
      "aupr": 0.8201544681066287
    },
    "layer_8": {
      "n_total": 500,
      "n_valid": 500,
      "n_val_total": 500,
      "n_val_valid": 500,
      "acc": 0.644,
      "f1": 0.49142857142857144,
      "pre": 0.86,
      "recall": 0.344,
      "auroc": 0.7925119999999999,
      "optimal_threshold": 0.5284905433654785,
      "tpr_at_fpr_0_01": 0.14,
      "fpr95": 0.78,
      "aupr": 0.8013033008065263
    },
    "layer_9": {
      "n_total": 500,
      "n_valid": 500,
      "n_val_total": 500,
      "n_val_valid": 500,
      "acc": 0.682,
      "f1": 0.5912596401028277,
      "pre": 0.8273381294964028,
      "recall": 0.46,
      "auroc": 0.8005920000000001,
      "optimal_threshold": 0.4216289222240448,
      "tpr_at_fpr_0_01": 0.148,
      "fpr95": 0.8,
      "aupr": 0.8067927781158872
    },
    "layer_10": {
      "n_total": 500,
      "n_valid": 500,
      "n_val_total": 500,
      "n_val_valid": 500,
      "acc": 0.664,
      "f1": 0.5333333333333333,
      "pre": 0.8727272727272727,
      "recall": 0.384,
      "auroc": 0.836752,
      "optimal_threshold": 0.4532528817653656,
      "tpr_at_fpr_0_01": 0.164,
      "fpr95": 0.66,
      "aupr": 0.8365927511683956
    },
    "layer_11": {
      "n_total": 500,
      "n_valid": 500,
      "n_val_total": 500,
      "n_val_valid": 500,
      "acc": 0.664,
      "f1": 0.5280898876404494,
      "pre": 0.8867924528301887,
      "recall": 0.376,
      "auroc": 0.863024,
      "optimal_threshold": 0.4658193588256836,
      "tpr_at_fpr_0_01": 0.16,
      "fpr95": 0.608,
      "aupr": 0.8594146935482644
    },
    "layer_12": {
      "n_total": 500,
      "n_valid": 500,
      "n_val_total": 500,
      "n_val_valid": 500,
      "acc": 0.702,
      "f1": 0.6089238845144357,
      "pre": 0.8854961832061069,
      "recall": 0.464,
      "auroc": 0.857408,
      "optimal_threshold": 0.4368676245212555,
      "tpr_at_fpr_0_01": 0.176,
      "fpr95": 0.584,
      "aupr": 0.8556329258649047
    },
    "layer_13": {
      "n_total": 500,
      "n_valid": 500,
      "n_val_total": 500,
      "n_val_valid": 500,
      "acc": 0.696,
      "f1": 0.6020942408376964,
      "pre": 0.8712121212121212,
      "recall": 0.46,
      "auroc": 0.841472,
      "optimal_threshold": 0.4788089096546173,
      "tpr_at_fpr_0_01": 0.228,
      "fpr95": 0.704,
      "aupr": 0.8412437388753721
    },
    "layer_14": {
      "n_total": 500,
      "n_valid": 500,
      "n_val_total": 500,
      "n_val_valid": 500,
      "acc": 0.678,
      "f1": 0.5636856368563685,
      "pre": 0.8739495798319328,
      "recall": 0.416,
      "auroc": 0.8456959999999998,
      "optimal_threshold": 0.4612277150154114,
      "tpr_at_fpr_0_01": 0.24,
      "fpr95": 0.628,
      "aupr": 0.8415363267926335
    },
    "layer_15": {
      "n_total": 500,
      "n_valid": 500,
      "n_val_total": 500,
      "n_val_valid": 500,
      "acc": 0.686,
      "f1": 0.5879265091863517,
      "pre": 0.8549618320610687,
      "recall": 0.448,
      "auroc": 0.8736320000000001,
      "optimal_threshold": 0.4009875953197479,
      "tpr_at_fpr_0_01": 0.22,
      "fpr95": 0.548,
      "aupr": 0.8632216572971896
    },
    "layer_16": {
      "n_total": 500,
      "n_valid": 500,
      "n_val_total": 500,
      "n_val_valid": 500,
      "acc": 0.672,
      "f1": 0.5519125683060109,
      "pre": 0.8706896551724138,
      "recall": 0.404,
      "auroc": 0.8675200000000001,
      "optimal_threshold": 0.4090762138366699,
      "tpr_at_fpr_0_01": 0.208,
      "fpr95": 0.612,
      "aupr": 0.8619947243642069
    },
    "layer_17": {
      "n_total": 500,
      "n_valid": 500,
      "n_val_total": 500,
      "n_val_valid": 500,
      "acc": 0.684,
      "f1": 0.5752688172043011,
      "pre": 0.8770491803278688,
      "recall": 0.428,
      "auroc": 0.8686560000000001,
      "optimal_threshold": 0.41889506578445435,
      "tpr_at_fpr_0_01": 0.212,
      "fpr95": 0.504,
      "aupr": 0.8578559067001343
    },
    "layer_18": {
      "n_total": 500,
      "n_valid": 500,
      "n_val_total": 500,
      "n_val_valid": 500,
      "acc": 0.71,
      "f1": 0.6272493573264781,
      "pre": 0.8776978417266187,
      "recall": 0.488,
      "auroc": 0.896784,
      "optimal_threshold": 0.4063878655433655,
      "tpr_at_fpr_0_01": 0.232,
      "fpr95": 0.344,
      "aupr": 0.8796235541920532
    },
    "layer_19": {
      "n_total": 500,
      "n_valid": 500,
      "n_val_total": 500,
      "n_val_valid": 500,
      "acc": 0.718,
      "f1": 0.6448362720403022,
      "pre": 0.8707482993197279,
      "recall": 0.512,
      "auroc": 0.8927039999999999,
      "optimal_threshold": 0.4221150875091553,
      "tpr_at_fpr_0_01": 0.228,
      "fpr95": 0.4,
      "aupr": 0.8795994079010465
    },
    "layer_20": {
      "n_total": 500,
      "n_valid": 500,
      "n_val_total": 500,
      "n_val_valid": 500,
      "acc": 0.756,