{
  "args": {
    "model": "llama_8b",
    "dataset": "multisocial_en",
    "mode": "m_lda",
    "token_mode": "last_token",
    "prefix": false,
    "smoke_test": false,
    "ood": [
      "multisocial_ar",
      "multisocial_de"
    ],
    "pca_components": 100,
    "normalize_scores": true,
    "ablation_set": "human",
    "manifold": true
  },
  "steering_domain": "multisocial_en",
  "eval_domain": "multisocial_ar",
  "n_samples": 500,
  "n_layers": 33,
  "metrics_per_layer": {
    "layer_1": {
      "n_total": 500,
      "n_valid": 500,
      "n_val_total": 500,
      "n_val_valid": 500,
      "acc": 0.66,
      "f1": 0.5380434782608695,
      "pre": 0.8389830508474576,
      "recall": 0.396,
      "auroc": 0.704432,
      "optimal_threshold": 0.6222783327102661,
      "tpr_at_fpr_0_01": 0.02,
      "fpr95": 0.848,
      "aupr": 0.7242416249947253
    },
    "layer_2": {
      "n_total": 500,
      "n_valid": 500,
      "n_val_total": 500,
      "n_val_valid": 500,
      "acc": 0.654,
      "f1": 0.5386666666666666,
      "pre": 0.808,
      "recall": 0.404,
      "auroc": 0.69648,
      "optimal_threshold": 0.5937111377716064,
      "tpr_at_fpr_0_01": 0.048,
      "fpr95": 0.868,
      "aupr": 0.7229228428057252
    },
    "layer_3": {
      "n_total": 500,
      "n_valid": 500,
      "n_val_total": 500,
      "n_val_valid": 500,
      "acc": 0.66,
      "f1": 0.5618556701030928,
      "pre": 0.7898550724637681,
      "recall": 0.436,
      "auroc": 0.718464,
      "optimal_threshold": 0.48361778259277344,
      "tpr_at_fpr_0_01": 0.068,
      "fpr95": 0.912,
      "aupr": 0.7388300715137233
    },
    "layer_4": {
      "n_total": 500,
      "n_valid": 500,
      "n_val_total": 500,
      "n_val_valid": 500,
      "acc": 0.68,
      "f1": 0.5789473684210527,
      "pre": 0.8461538461538461,
      "recall": 0.44,
      "auroc": 0.756768,
      "optimal_threshold": 0.49530231952667236,
      "tpr_at_fpr_0_01": 0.112,
      "fpr95": 0.832,
      "aupr": 0.7764682751520005
    },
    "layer_5": {
      "n_total": 500,
      "n_valid": 500,
      "n_val_total": 500,
      "n_val_valid": 500,
      "acc": 0.666,
      "f1": 0.5348189415041783,
      "pre": 0.8807339449541285,
      "recall": 0.384,
      "auroc": 0.7992,
      "optimal_threshold": 0.5460197329521179,
      "tpr_at_fpr_0_01": 0.192,
      "fpr95": 0.72,
      "aupr": 0.8063207419797689
    },
    "layer_6": {
      "n_total": 500,
      "n_valid": 500,
      "n_val_total": 500,
      "n_val_valid": 500,
      "acc": 0.66,
      "f1": 0.5251396648044693,
      "pre": 0.8703703703703703,
      "recall": 0.376,
      "auroc": 0.8009279999999999,
      "optimal_threshold": 0.5530629754066467,
      "tpr_at_fpr_0_01": 0.272,
      "fpr95": 0.716,
      "aupr": 0.8161042018247593
    },
    "layer_7": {
      "n_total": 500,
      "n_valid": 500,
      "n_val_total": 500,
      "n_val_valid": 500,
      "acc": 0.66,
      "f1": 0.5251396648044693,
      "pre": 0.8703703703703703,
      "recall": 0.376,
      "auroc": 0.813792,
      "optimal_threshold": 0.5513399243354797,
      "tpr_at_fpr_0_01": 0.212,
      "fpr95": 0.856,
      "aupr": 0.826735793413793
    },
    "layer_8": {
      "n_total": 500,
      "n_valid": 500,
      "n_val_total": 500,
      "n_val_valid": 500,
      "acc": 0.662,
      "f1": 0.5444743935309974,
      "pre": 0.8347107438016529,
      "recall": 0.404,
      "auroc": 0.8069440000000001,
      "optimal_threshold": 0.48607489466667175,
      "tpr_at_fpr_0_01": 0.188,
      "fpr95": 0.824,
      "aupr": 0.8179774694498492
    },
    "layer_9": {
      "n_total": 500,
      "n_valid": 500,
      "n_val_total": 500,
      "n_val_valid": 500,
      "acc": 0.688,
      "f1": 0.5916230366492147,
      "pre": 0.8560606060606061,
      "recall": 0.452,
      "auroc": 0.8186720000000001,
      "optimal_threshold": 0.5245258808135986,
      "tpr_at_fpr_0_01": 0.2,
      "fpr95": 0.736,
      "aupr": 0.8286322004178482
    },
    "layer_10": {
      "n_total": 500,
      "n_valid": 500,
      "n_val_total": 500,
      "n_val_valid": 500,
      "acc": 0.674,
      "f1": 0.555858310626703,
      "pre": 0.8717948717948718,
      "recall": 0.408,
      "auroc": 0.816896,
      "optimal_threshold": 0.5420835614204407,
      "tpr_at_fpr_0_01": 0.164,
      "fpr95": 0.76,
      "aupr": 0.8271648200329593
    },
    "layer_11": {
      "n_total": 500,
      "n_valid": 500,
      "n_val_total": 500,
      "n_val_valid": 500,
      "acc": 0.688,
      "f1": 0.5851063829787234,
      "pre": 0.873015873015873,
      "recall": 0.44,
      "auroc": 0.8325919999999999,
      "optimal_threshold": 0.5132730603218079,
      "tpr_at_fpr_0_01": 0.176,
      "fpr95": 0.7,
      "aupr": 0.8390977546038031
    },
    "layer_12": {
      "n_total": 500,
      "n_valid": 500,
      "n_val_total": 500,
      "n_val_valid": 500,
      "acc": 0.698,
      "f1": 0.6098191214470284,
      "pre": 0.8613138686131386,
      "recall": 0.472,
      "auroc": 0.851504,
      "optimal_threshold": 0.5166069269180298,
      "tpr_at_fpr_0_01": 0.24,
      "fpr95": 0.684,
      "aupr": 0.8516798680832692
    },
    "layer_13": {
      "n_total": 500,
      "n_valid": 500,
      "n_val_total": 500,
      "n_val_valid": 500,
      "acc": 0.712,
      "f1": 0.6345177664974619,
      "pre": 0.8680555555555556,
      "recall": 0.5,
      "auroc": 0.839472,
      "optimal_threshold": 0.4820147752761841,
      "tpr_at_fpr_0_01": 0.168,
      "fpr95": 0.712,
      "aupr": 0.8489117799926541
    },
    "layer_14": {
      "n_total": 500,
      "n_valid": 500,
      "n_val_total": 500,
      "n_val_valid": 500,
      "acc": 0.716,
      "f1": 0.6282722513089005,
      "pre": 0.9090909090909091,
      "recall": 0.48,
      "auroc": 0.8435839999999999,
      "optimal_threshold": 0.5252575278282166,
      "tpr_at_fpr_0_01": 0.164,
      "fpr95": 0.74,
      "aupr": 0.8465699599310146
    },
    "layer_15": {
      "n_total": 500,
      "n_valid": 500,
      "n_val_total": 500,
      "n_val_valid": 500,
      "acc": 0.686,
      "f1": 0.5674931129476584,
      "pre": 0.911504424778761,
      "recall": 0.412,
      "auroc": 0.8601279999999999,
      "optimal_threshold": 0.49795156717300415,
      "tpr_at_fpr_0_01": 0.224,
      "fpr95": 0.64,
      "aupr": 0.862091984867071
    },
    "layer_16": {
      "n_total": 500,
      "n_valid": 500,
      "n_val_total": 500,
      "n_val_valid": 500,
      "acc": 0.654,
      "f1": 0.4985507246376812,
      "pre": 0.9052631578947369,
      "recall": 0.344,
      "auroc": 0.8616320000000001,
      "optimal_threshold": 0.5323173999786377,
      "tpr_at_fpr_0_01": 0.156,
      "fpr95": 0.7,
      "aupr": 0.859170895794224
    },
    "layer_17": {
      "n_total": 500,
      "n_valid": 500,
      "n_val_total": 500,
      "n_val_valid": 500,
      "acc": 0.696,
      "f1": 0.5891891891891892,
      "pre": 0.9083333333333333,
      "recall": 0.436,
      "auroc": 0.879744,
      "optimal_threshold": 0.4554154574871063,
      "tpr_at_fpr_0_01": 0.28,
      "fpr95": 0.416,
      "aupr": 0.8756453604751778
    },
    "layer_18": {
      "n_total": 500,
      "n_valid": 500,
      "n_val_total": 500,
      "n_val_valid": 500,
      "acc": 0.728,
      "f1": 0.6548223350253807,
      "pre": 0.8958333333333334,
      "recall": 0.516,
      "auroc": 0.885456,
      "optimal_threshold": 0.42176711559295654,
      "tpr_at_fpr_0_01": 0.136,
      "fpr95": 0.408,
      "aupr": 0.8766683134174609
    },
    "layer_19": {
      "n_total": 500,
      "n_valid": 500,
      "n_val_total": 500,
      "n_val_valid": 500,
      "acc": 0.702,
      "f1": 0.6026666666666667,
      "pre": 0.904,
      "recall": 0.452,
      "auroc": 0.875856,
      "optimal_threshold": 0.439326673746109,
      "tpr_at_fpr_0_01": 0.156,
      "fpr95": 0.596,
      "aupr": 0.8703934761408086
    },
    "layer_20": {
      "n_total": 500,
      "n_valid": 500,
      "n_val_total": 500,
      "n_val_valid": 500,
      "acc": 0.732,