{
  "args": {
    "model": "llama_8b",
    "dataset": "multisocial_en",
    "mode": "m_lda",
    "token_mode": "last_token",
    "prefix": false,
    "smoke_test": false,
    "ood": [
      "multisocial_ar",
      "multisocial_de"
    ],
    "pca_components": 25,
    "normalize_scores": true,
    "ablation_set": "human",
    "manifold": true
  },
  "steering_domain": "multisocial_en",
  "eval_domain": "multisocial_de",
  "n_samples": 500,
  "n_layers": 33,
  "metrics_per_layer": {
    "layer_1": {
      "n_total": 500,
      "n_valid": 500,
      "n_val_total": 500,
      "n_val_valid": 500,
      "acc": 0.714,
      "f1": 0.6924731182795699,
      "pre": 0.7488372093023256,
      "recall": 0.644,
      "auroc": 0.7418560000000001,
      "optimal_threshold": 0.5810972452163696,
      "tpr_at_fpr_0_01": 0.032,
      "fpr95": 0.864,
      "aupr": 0.7452242372725868
    },
    "layer_2": {
      "n_total": 500,
      "n_valid": 500,
      "n_val_total": 500,
      "n_val_valid": 500,
      "acc": 0.722,
      "f1": 0.6848072562358276,
      "pre": 0.7905759162303665,
      "recall": 0.604,
      "auroc": 0.773504,
      "optimal_threshold": 0.6109546422958374,
      "tpr_at_fpr_0_01": 0.076,
      "fpr95": 0.776,
      "aupr": 0.7675225620618784
    },
    "layer_3": {
      "n_total": 500,
      "n_valid": 500,
      "n_val_total": 500,
      "n_val_valid": 500,
      "acc": 0.748,
      "f1": 0.7449392712550608,
      "pre": 0.7540983606557377,
      "recall": 0.736,
      "auroc": 0.795088,
      "optimal_threshold": 0.5150976181030273,
      "tpr_at_fpr_0_01": 0.036,
      "fpr95": 0.732,
      "aupr": 0.7700439009300137
    },
    "layer_4": {
      "n_total": 500,
      "n_valid": 500,
      "n_val_total": 500,
      "n_val_valid": 500,
      "acc": 0.746,
      "f1": 0.7107061503416856,
      "pre": 0.8253968253968254,
      "recall": 0.624,
      "auroc": 0.8048799999999999,
      "optimal_threshold": 0.5462046265602112,
      "tpr_at_fpr_0_01": 0.136,
      "fpr95": 0.66,
      "aupr": 0.8071479757879554
    },
    "layer_5": {
      "n_total": 500,
      "n_valid": 500,
      "n_val_total": 500,
      "n_val_valid": 500,
      "acc": 0.686,
      "f1": 0.583554376657825,
      "pre": 0.8661417322834646,
      "recall": 0.44,
      "auroc": 0.82528,
      "optimal_threshold": 0.5998013615608215,
      "tpr_at_fpr_0_01": 0.18,
      "fpr95": 0.644,
      "aupr": 0.8329887853396134
    },
    "layer_6": {
      "n_total": 500,
      "n_valid": 500,
      "n_val_total": 500,
      "n_val_valid": 500,
      "acc": 0.77,
      "f1": 0.7526881720430108,
      "pre": 0.813953488372093,
      "recall": 0.7,
      "auroc": 0.82912,
      "optimal_threshold": 0.4559633731842041,
      "tpr_at_fpr_0_01": 0.236,
      "fpr95": 0.676,
      "aupr": 0.8421435487798985
    },
    "layer_7": {
      "n_total": 500,
      "n_valid": 500,
      "n_val_total": 500,
      "n_val_valid": 500,
      "acc": 0.756,
      "f1": 0.7122641509433962,
      "pre": 0.867816091954023,
      "recall": 0.604,
      "auroc": 0.83776,
      "optimal_threshold": 0.48797371983528137,
      "tpr_at_fpr_0_01": 0.184,
      "fpr95": 0.644,
      "aupr": 0.8443623935207241
    },
    "layer_8": {
      "n_total": 500,
      "n_valid": 500,
      "n_val_total": 500,
      "n_val_valid": 500,
      "acc": 0.732,
      "f1": 0.6731707317073171,
      "pre": 0.8625,
      "recall": 0.552,
      "auroc": 0.8438399999999999,
      "optimal_threshold": 0.5284905433654785,
      "tpr_at_fpr_0_01": 0.26,
      "fpr95": 0.652,
      "aupr": 0.8496484570286303
    },
    "layer_9": {
      "n_total": 500,
      "n_valid": 500,
      "n_val_total": 500,
      "n_val_valid": 500,
      "acc": 0.752,
      "f1": 0.7280701754385965,
      "pre": 0.8058252427184466,
      "recall": 0.664,
      "auroc": 0.83968,
      "optimal_threshold": 0.4216289222240448,
      "tpr_at_fpr_0_01": 0.252,
      "fpr95": 0.688,
      "aupr": 0.8486733502183742
    },
    "layer_10": {
      "n_total": 500,
      "n_valid": 500,
      "n_val_total": 500,
      "n_val_valid": 500,
      "acc": 0.756,
      "f1": 0.7136150234741784,
      "pre": 0.8636363636363636,
      "recall": 0.608,
      "auroc": 0.863056,
      "optimal_threshold": 0.4532528817653656,
      "tpr_at_fpr_0_01": 0.208,
      "fpr95": 0.54,
      "aupr": 0.8623681238445348
    },
    "layer_11": {
      "n_total": 500,
      "n_valid": 500,
      "n_val_total": 500,
      "n_val_valid": 500,
      "acc": 0.748,
      "f1": 0.6985645933014354,
      "pre": 0.8690476190476191,
      "recall": 0.584,
      "auroc": 0.876304,
      "optimal_threshold": 0.4658193588256836,
      "tpr_at_fpr_0_01": 0.24,
      "fpr95": 0.464,
      "aupr": 0.8731592926114491
    },
    "layer_12": {
      "n_total": 500,
      "n_valid": 500,
      "n_val_total": 500,
      "n_val_valid": 500,
      "acc": 0.78,
      "f1": 0.7608695652173914,
      "pre": 0.8333333333333334,
      "recall": 0.7,
      "auroc": 0.873232,
      "optimal_threshold": 0.4368676245212555,
      "tpr_at_fpr_0_01": 0.224,
      "fpr95": 0.524,
      "aupr": 0.8667740426694223
    },
    "layer_13": {
      "n_total": 500,
      "n_valid": 500,
      "n_val_total": 500,
      "n_val_valid": 500,
      "acc": 0.8,
      "f1": 0.7797356828193832,
      "pre": 0.8676470588235294,
      "recall": 0.708,
      "auroc": 0.8745920000000001,
      "optimal_threshold": 0.4788089096546173,
      "tpr_at_fpr_0_01": 0.296,
      "fpr95": 0.54,
      "aupr": 0.8821093601046083
    },
    "layer_14": {
      "n_total": 500,
      "n_valid": 500,
      "n_val_total": 500,
      "n_val_valid": 500,
      "acc": 0.778,
      "f1": 0.7494356659142212,
      "pre": 0.8601036269430051,
      "recall": 0.664,
      "auroc": 0.8765759999999999,
      "optimal_threshold": 0.4612277150154114,
      "tpr_at_fpr_0_01": 0.18,
      "fpr95": 0.548,
      "aupr": 0.8731000323281801
    },
    "layer_15": {
      "n_total": 500,
      "n_valid": 500,
      "n_val_total": 500,
      "n_val_valid": 500,
      "acc": 0.79,
      "f1": 0.7692307692307693,
      "pre": 0.8536585365853658,
      "recall": 0.7,
      "auroc": 0.877808,
      "optimal_threshold": 0.4009875953197479,
      "tpr_at_fpr_0_01": 0.192,
      "fpr95": 0.528,
      "aupr": 0.8732497811758193
    },
    "layer_16": {
      "n_total": 500,
      "n_valid": 500,
      "n_val_total": 500,
      "n_val_valid": 500,
      "acc": 0.762,
      "f1": 0.7226107226107226,
      "pre": 0.8659217877094972,
      "recall": 0.62,
      "auroc": 0.8754560000000001,
      "optimal_threshold": 0.4090762138366699,
      "tpr_at_fpr_0_01": 0.248,
      "fpr95": 0.564,
      "aupr": 0.8753609558048928
    },
    "layer_17": {
      "n_total": 500,
      "n_valid": 500,
      "n_val_total": 500,
      "n_val_valid": 500,
      "acc": 0.768,
      "f1": 0.7327188940092166,
      "pre": 0.8641304347826086,
      "recall": 0.636,
      "auroc": 0.877104,
      "optimal_threshold": 0.41889506578445435,
      "tpr_at_fpr_0_01": 0.26,
      "fpr95": 0.512,
      "aupr": 0.8760901878011608
    },
    "layer_18": {
      "n_total": 500,
      "n_valid": 500,
      "n_val_total": 500,
      "n_val_valid": 500,
      "acc": 0.774,
      "f1": 0.7472035794183445,
      "pre": 0.8477157360406091,
      "recall": 0.668,
      "auroc": 0.8763679999999999,
      "optimal_threshold": 0.4063878655433655,
      "tpr_at_fpr_0_01": 0.252,
      "fpr95": 0.576,
      "aupr": 0.8744778549823641
    },
    "layer_19": {
      "n_total": 500,
      "n_valid": 500,
      "n_val_total": 500,
      "n_val_valid": 500,
      "acc": 0.772,
      "f1": 0.7510917030567685,
      "pre": 0.8269230769230769,
      "recall": 0.688,
      "auroc": 0.8732960000000001,
      "optimal_threshold": 0.4221150875091553,
      "tpr_at_fpr_0_01": 0.256,
      "fpr95": 0.508,
      "aupr": 0.8736301088567345
    },
    "layer_20": {
      "n_total": 500,
      "n_valid": 500,
      "n_val_total": 500,