{
  "args": {
    "model": "llama_8b",
    "dataset": "multisocial_en",
    "mode": "m_lda",
    "token_mode": "last_token",
    "prefix": false,
    "smoke_test": false,
    "ood": [
      "multisocial_ar",
      "multisocial_de"
    ],
    "pca_components": 100,
    "normalize_scores": true,
    "ablation_set": "human",
    "manifold": true
  },
  "steering_domain": "multisocial_en",
  "eval_domain": "multisocial_de",
  "n_samples": 500,
  "n_layers": 33,
  "metrics_per_layer": {
    "layer_1": {
      "n_total": 500,
      "n_valid": 500,
      "n_val_total": 500,
      "n_val_valid": 500,
      "acc": 0.716,
      "f1": 0.6926406926406926,
      "pre": 0.7547169811320755,
      "recall": 0.64,
      "auroc": 0.746064,
      "optimal_threshold": 0.6222783327102661,
      "tpr_at_fpr_0_01": 0.032,
      "fpr95": 0.896,
      "aupr": 0.7505712601358625
    },
    "layer_2": {
      "n_total": 500,
      "n_valid": 500,
      "n_val_total": 500,
      "n_val_valid": 500,
      "acc": 0.728,
      "f1": 0.695067264573991,
      "pre": 0.7908163265306123,
      "recall": 0.62,
      "auroc": 0.787616,
      "optimal_threshold": 0.5937111377716064,
      "tpr_at_fpr_0_01": 0.1,
      "fpr95": 0.816,
      "aupr": 0.7791894850098919
    },
    "layer_3": {
      "n_total": 500,
      "n_valid": 500,
      "n_val_total": 500,
      "n_val_valid": 500,
      "acc": 0.752,
      "f1": 0.7339055793991416,
      "pre": 0.7916666666666666,
      "recall": 0.684,
      "auroc": 0.81488,
      "optimal_threshold": 0.48361778259277344,
      "tpr_at_fpr_0_01": 0.108,
      "fpr95": 0.744,
      "aupr": 0.8059074882281975
    },
    "layer_4": {
      "n_total": 500,
      "n_valid": 500,
      "n_val_total": 500,
      "n_val_valid": 500,
      "acc": 0.768,
      "f1": 0.7489177489177489,
      "pre": 0.8160377358490566,
      "recall": 0.692,
      "auroc": 0.836848,
      "optimal_threshold": 0.49530231952667236,
      "tpr_at_fpr_0_01": 0.208,
      "fpr95": 0.612,
      "aupr": 0.8414222054255789
    },
    "layer_5": {
      "n_total": 500,
      "n_valid": 500,
      "n_val_total": 500,
      "n_val_valid": 500,
      "acc": 0.742,
      "f1": 0.6978922716627635,
      "pre": 0.8418079096045198,
      "recall": 0.596,
      "auroc": 0.8398079999999999,
      "optimal_threshold": 0.5460197329521179,
      "tpr_at_fpr_0_01": 0.208,
      "fpr95": 0.696,
      "aupr": 0.85280532681993
    },
    "layer_6": {
      "n_total": 500,
      "n_valid": 500,
      "n_val_total": 500,
      "n_val_valid": 500,
      "acc": 0.754,
      "f1": 0.7132867132867133,
      "pre": 0.8547486033519553,
      "recall": 0.612,
      "auroc": 0.8503839999999999,
      "optimal_threshold": 0.5530629754066467,
      "tpr_at_fpr_0_01": 0.312,
      "fpr95": 0.636,
      "aupr": 0.8662149562073282
    },
    "layer_7": {
      "n_total": 500,
      "n_valid": 500,
      "n_val_total": 500,
      "n_val_valid": 500,
      "acc": 0.748,
      "f1": 0.7,
      "pre": 0.8647058823529412,
      "recall": 0.588,
      "auroc": 0.850912,
      "optimal_threshold": 0.5513399243354797,
      "tpr_at_fpr_0_01": 0.248,
      "fpr95": 0.628,
      "aupr": 0.8575893913251766
    },
    "layer_8": {
      "n_total": 500,
      "n_valid": 500,
      "n_val_total": 500,
      "n_val_valid": 500,
      "acc": 0.748,
      "f1": 0.7149321266968326,
      "pre": 0.8229166666666666,
      "recall": 0.632,
      "auroc": 0.8473600000000001,
      "optimal_threshold": 0.48607489466667175,
      "tpr_at_fpr_0_01": 0.196,
      "fpr95": 0.616,
      "aupr": 0.8551274679283523
    },
    "layer_9": {
      "n_total": 500,
      "n_valid": 500,
      "n_val_total": 500,
      "n_val_valid": 500,
      "acc": 0.766,
      "f1": 0.7417218543046358,
      "pre": 0.8275862068965517,
      "recall": 0.672,
      "auroc": 0.854672,
      "optimal_threshold": 0.5245258808135986,
      "tpr_at_fpr_0_01": 0.312,
      "fpr95": 0.612,
      "aupr": 0.8628249344674203
    },
    "layer_10": {
      "n_total": 500,
      "n_valid": 500,
      "n_val_total": 500,
      "n_val_valid": 500,
      "acc": 0.776,
      "f1": 0.7431192660550459,
      "pre": 0.8709677419354839,
      "recall": 0.648,
      "auroc": 0.874176,
      "optimal_threshold": 0.5420835614204407,
      "tpr_at_fpr_0_01": 0.304,
      "fpr95": 0.56,
      "aupr": 0.8758983945675638
    },
    "layer_11": {
      "n_total": 500,
      "n_valid": 500,
      "n_val_total": 500,
      "n_val_valid": 500,
      "acc": 0.796,
      "f1": 0.777292576419214,
      "pre": 0.8557692307692307,
      "recall": 0.712,
      "auroc": 0.880048,
      "optimal_threshold": 0.5132730603218079,
      "tpr_at_fpr_0_01": 0.304,
      "fpr95": 0.46,
      "aupr": 0.8826553352887452
    },
    "layer_12": {
      "n_total": 500,
      "n_valid": 500,
      "n_val_total": 500,
      "n_val_valid": 500,
      "acc": 0.788,
      "f1": 0.774468085106383,
      "pre": 0.8272727272727273,
      "recall": 0.728,
      "auroc": 0.8806560000000001,
      "optimal_threshold": 0.5166069269180298,
      "tpr_at_fpr_0_01": 0.276,
      "fpr95": 0.5,
      "aupr": 0.8846518469819586
    },
    "layer_13": {
      "n_total": 500,
      "n_valid": 500,
      "n_val_total": 500,
      "n_val_valid": 500,
      "acc": 0.782,
      "f1": 0.7714884696016772,
      "pre": 0.8105726872246696,
      "recall": 0.736,
      "auroc": 0.8808959999999999,
      "optimal_threshold": 0.4820147752761841,
      "tpr_at_fpr_0_01": 0.38,
      "fpr95": 0.468,
      "aupr": 0.8894211411301608
    },
    "layer_14": {
      "n_total": 500,
      "n_valid": 500,
      "n_val_total": 500,
      "n_val_valid": 500,
      "acc": 0.8,
      "f1": 0.7767857142857143,
      "pre": 0.8787878787878788,
      "recall": 0.696,
      "auroc": 0.891408,
      "optimal_threshold": 0.5252575278282166,
      "tpr_at_fpr_0_01": 0.4,
      "fpr95": 0.572,
      "aupr": 0.899665887058995
    },
    "layer_15": {
      "n_total": 500,
      "n_valid": 500,
      "n_val_total": 500,
      "n_val_valid": 500,
      "acc": 0.79,
      "f1": 0.7651006711409396,
      "pre": 0.868020304568528,
      "recall": 0.684,
      "auroc": 0.8879040000000001,
      "optimal_threshold": 0.49795156717300415,
      "tpr_at_fpr_0_01": 0.296,
      "fpr95": 0.476,
      "aupr": 0.8937787260821667
    },
    "layer_16": {
      "n_total": 500,
      "n_valid": 500,
      "n_val_total": 500,
      "n_val_valid": 500,
      "acc": 0.746,
      "f1": 0.683291770573566,
      "pre": 0.9072847682119205,
      "recall": 0.548,
      "auroc": 0.89224,
      "optimal_threshold": 0.5323173999786377,
      "tpr_at_fpr_0_01": 0.388,
      "fpr95": 0.484,
      "aupr": 0.8975171578993779
    },
    "layer_17": {
      "n_total": 500,
      "n_valid": 500,
      "n_val_total": 500,
      "n_val_valid": 500,
      "acc": 0.78,
      "f1": 0.7393364928909952,
      "pre": 0.9069767441860465,
      "recall": 0.624,
      "auroc": 0.8884639999999999,
      "optimal_threshold": 0.4554154574871063,
      "tpr_at_fpr_0_01": 0.336,
      "fpr95": 0.536,
      "aupr": 0.8977410209317269
    },
    "layer_18": {
      "n_total": 500,
      "n_valid": 500,
      "n_val_total": 500,
      "n_val_valid": 500,
      "acc": 0.8,
      "f1": 0.7757847533632287,
      "pre": 0.8826530612244898,
      "recall": 0.692,
      "auroc": 0.89272,
      "optimal_threshold": 0.42176711559295654,
      "tpr_at_fpr_0_01": 0.308,
      "fpr95": 0.512,
      "aupr": 0.9001107513557571
    },
    "layer_19": {
      "n_total": 500,
      "n_valid": 500,
      "n_val_total": 500,
      "n_val_valid": 500,
      "acc": 0.784,
      "f1": 0.7534246575342466,
      "pre": 0.8776595744680851,
      "recall": 0.66,
      "auroc": 0.8889759999999999,
      "optimal_threshold": 0.439326673746109,
      "tpr_at_fpr_0_01": 0.276,
      "fpr95": 0.512,
      "aupr": 0.8950222069831163
    },
    "layer_20": {
      "n_total": 500,
      "n_valid": 500,
      "n_val_total": 500,