{
  "args": {
    "model": "llama_8b",
    "dataset": "multisocial_en",
    "mode": "m_lda",
    "token_mode": "last_token",
    "prefix": false,
    "smoke_test": false,
    "ood": [
      "multisocial_ar",
      "multisocial_de"
    ],
    "pca_components": 50,
    "normalize_scores": true,
    "ablation_set": "human",
    "manifold": true
  },
  "steering_domain": "multisocial_en",
  "eval_domain": "multisocial_en",
  "n_samples": 500,
  "n_layers": 33,
  "metrics_per_layer": {
    "layer_1": {
      "n_total": 500,
      "n_valid": 500,
      "n_val_total": 500,
      "n_val_valid": 500,
      "acc": 0.738,
      "f1": 0.721868365180467,
      "pre": 0.7692307692307693,
      "recall": 0.68,
      "auroc": 0.809032,
      "optimal_threshold": 0.5894442796707153,
      "tpr_at_fpr_0_01": 0.04,
      "fpr95": 0.796,
      "aupr": 0.8141603777949123
    },
    "layer_2": {
      "n_total": 500,
      "n_valid": 500,
      "n_val_total": 500,
      "n_val_valid": 500,
      "acc": 0.774,
      "f1": 0.7670103092783506,
      "pre": 0.7914893617021277,
      "recall": 0.744,
      "auroc": 0.84048,
      "optimal_threshold": 0.495014488697052,
      "tpr_at_fpr_0_01": 0.296,
      "fpr95": 0.752,
      "aupr": 0.8669279152573609
    },
    "layer_3": {
      "n_total": 500,
      "n_valid": 500,
      "n_val_total": 500,
      "n_val_valid": 500,
      "acc": 0.808,
      "f1": 0.8048780487804879,
      "pre": 0.8181818181818182,
      "recall": 0.792,
      "auroc": 0.87504,
      "optimal_threshold": 0.5679625272750854,
      "tpr_at_fpr_0_01": 0.268,
      "fpr95": 0.652,
      "aupr": 0.8893339360375241
    },
    "layer_4": {
      "n_total": 500,
      "n_valid": 500,
      "n_val_total": 500,
      "n_val_valid": 500,
      "acc": 0.822,
      "f1": 0.8110403397027601,
      "pre": 0.8642533936651584,
      "recall": 0.764,
      "auroc": 0.885008,
      "optimal_threshold": 0.6054069399833679,
      "tpr_at_fpr_0_01": 0.492,
      "fpr95": 0.62,
      "aupr": 0.9014242929275329
    },
    "layer_5": {
      "n_total": 500,
      "n_valid": 500,
      "n_val_total": 500,
      "n_val_valid": 500,
      "acc": 0.82,
      "f1": 0.7991071428571429,
      "pre": 0.9040404040404041,
      "recall": 0.716,
      "auroc": 0.9048,
      "optimal_threshold": 0.6729573607444763,
      "tpr_at_fpr_0_01": 0.516,
      "fpr95": 0.528,
      "aupr": 0.9153802897437746
    },
    "layer_6": {
      "n_total": 500,
      "n_valid": 500,
      "n_val_total": 500,
      "n_val_valid": 500,
      "acc": 0.836,
      "f1": 0.8185840707964602,
      "pre": 0.9158415841584159,
      "recall": 0.74,
      "auroc": 0.900976,
      "optimal_threshold": 0.5781543254852295,
      "tpr_at_fpr_0_01": 0.472,
      "fpr95": 0.536,
      "aupr": 0.9175397884893783
    },
    "layer_7": {
      "n_total": 500,
      "n_valid": 500,
      "n_val_total": 500,
      "n_val_valid": 500,
      "acc": 0.844,
      "f1": 0.8381742738589212,
      "pre": 0.8706896551724138,
      "recall": 0.808,
      "auroc": 0.90384,
      "optimal_threshold": 0.5890529155731201,
      "tpr_at_fpr_0_01": 0.388,
      "fpr95": 0.516,
      "aupr": 0.9180689568316623
    },
    "layer_8": {
      "n_total": 500,
      "n_valid": 500,
      "n_val_total": 500,
      "n_val_valid": 500,
      "acc": 0.83,
      "f1": 0.8123620309050773,
      "pre": 0.9064039408866995,
      "recall": 0.736,
      "auroc": 0.9094399999999999,
      "optimal_threshold": 0.6001051664352417,
      "tpr_at_fpr_0_01": 0.436,
      "fpr95": 0.476,
      "aupr": 0.9209140996965312
    },
    "layer_9": {
      "n_total": 500,
      "n_valid": 500,
      "n_val_total": 500,
      "n_val_valid": 500,
      "acc": 0.834,
      "f1": 0.821505376344086,
      "pre": 0.8883720930232558,
      "recall": 0.764,
      "auroc": 0.907904,
      "optimal_threshold": 0.5634287595748901,
      "tpr_at_fpr_0_01": 0.46,
      "fpr95": 0.456,
      "aupr": 0.9195904156146391
    },
    "layer_10": {
      "n_total": 500,
      "n_valid": 500,
      "n_val_total": 500,
      "n_val_valid": 500,
      "acc": 0.832,
      "f1": 0.8197424892703863,
      "pre": 0.8842592592592593,
      "recall": 0.764,
      "auroc": 0.9157120000000001,
      "optimal_threshold": 0.536320686340332,
      "tpr_at_fpr_0_01": 0.428,
      "fpr95": 0.392,
      "aupr": 0.9258468206403919
    },
    "layer_11": {
      "n_total": 500,
      "n_valid": 500,
      "n_val_total": 500,
      "n_val_valid": 500,
      "acc": 0.828,
      "f1": 0.8114035087719298,
      "pre": 0.8980582524271845,
      "recall": 0.74,
      "auroc": 0.917248,
      "optimal_threshold": 0.5484907031059265,
      "tpr_at_fpr_0_01": 0.364,
      "fpr95": 0.372,
      "aupr": 0.9260344957474821
    },
    "layer_12": {
      "n_total": 500,
      "n_valid": 500,
      "n_val_total": 500,
      "n_val_valid": 500,
      "acc": 0.832,
      "f1": 0.8197424892703863,
      "pre": 0.8842592592592593,
      "recall": 0.764,
      "auroc": 0.9178239999999999,
      "optimal_threshold": 0.5409587025642395,
      "tpr_at_fpr_0_01": 0.436,
      "fpr95": 0.372,
      "aupr": 0.9277312738040873
    },
    "layer_13": {
      "n_total": 500,
      "n_valid": 500,
      "n_val_total": 500,
      "n_val_valid": 500,
      "acc": 0.83,
      "f1": 0.8179871520342612,
      "pre": 0.880184331797235,
      "recall": 0.764,
      "auroc": 0.9173599999999998,
      "optimal_threshold": 0.5386360883712769,
      "tpr_at_fpr_0_01": 0.52,
      "fpr95": 0.396,
      "aupr": 0.928935142056766
    },
    "layer_14": {
      "n_total": 500,
      "n_valid": 500,
      "n_val_total": 500,
      "n_val_valid": 500,
      "acc": 0.832,
      "f1": 0.832,
      "pre": 0.832,
      "recall": 0.832,
      "auroc": 0.923744,
      "optimal_threshold": 0.47576600313186646,
      "tpr_at_fpr_0_01": 0.584,
      "fpr95": 0.392,
      "aupr": 0.9352044625212846
    },
    "layer_15": {
      "n_total": 500,
      "n_valid": 500,
      "n_val_total": 500,
      "n_val_valid": 500,
      "acc": 0.852,
      "f1": 0.8483606557377049,
      "pre": 0.8697478991596639,
      "recall": 0.828,
      "auroc": 0.925488,
      "optimal_threshold": 0.5016165375709534,
      "tpr_at_fpr_0_01": 0.48,
      "fpr95": 0.436,
      "aupr": 0.9341007011985928
    },
    "layer_16": {
      "n_total": 500,
      "n_valid": 500,
      "n_val_total": 500,
      "n_val_valid": 500,
      "acc": 0.82,
      "f1": 0.8262548262548263,
      "pre": 0.7985074626865671,
      "recall": 0.856,
      "auroc": 0.920432,
      "optimal_threshold": 0.44969141483306885,
      "tpr_at_fpr_0_01": 0.524,
      "fpr95": 0.364,
      "aupr": 0.9303221278088368
    },
    "layer_17": {
      "n_total": 500,
      "n_valid": 500,
      "n_val_total": 500,
      "n_val_valid": 500,
      "acc": 0.842,
      "f1": 0.8423153692614771,
      "pre": 0.8406374501992032,
      "recall": 0.844,
      "auroc": 0.9228000000000001,
      "optimal_threshold": 0.4154391586780548,
      "tpr_at_fpr_0_01": 0.532,
      "fpr95": 0.436,
      "aupr": 0.9318200651339273
    },
    "layer_18": {
      "n_total": 500,
      "n_valid": 500,
      "n_val_total": 500,
      "n_val_valid": 500,
      "acc": 0.844,
      "f1": 0.842741935483871,
      "pre": 0.8495934959349594,
      "recall": 0.836,
      "auroc": 0.9278080000000001,
      "optimal_threshold": 0.472287118434906,
      "tpr_at_fpr_0_01": 0.564,
      "fpr95": 0.368,
      "aupr": 0.9363831883273014
    },
    "layer_19": {
      "n_total": 500,
      "n_valid": 500,
      "n_val_total": 500,
      "n_val_valid": 500,
      "acc": 0.844,
      "f1": 0.842741935483871,
      "pre": 0.8495934959349594,
      "recall": 0.836,
      "auroc": 0.930192,
      "optimal_threshold": 0.44043460488319397,
      "tpr_at_fpr_0_01": 0.468,
      "fpr95": 0.34,
      "aupr": 0.9368724032554927
    },
    "layer_20": {
      "n_total": 500,
      "n_valid": 500,
      "n_val_total": 500,
      "n_val_valid": 500,
      "acc": 0.844,