{
  "args": {
    "model": "llama_8b",
    "dataset": "multisocial_en",
    "mode": "m_lda",
    "token_mode": "last_token",
    "prefix": false,
    "smoke_test": false,
    "ood": [
      "multisocial_ar",
      "multisocial_de"
    ],
    "pca_components": 50,
    "normalize_scores": true,
    "ablation_set": "human",
    "manifold": true
  },
  "steering_domain": "multisocial_en",
  "eval_domain": "multisocial_de",
  "n_samples": 500,
  "n_layers": 33,
  "metrics_per_layer": {
    "layer_1": {
      "n_total": 500,
      "n_valid": 500,
      "n_val_total": 500,
      "n_val_valid": 500,
      "acc": 0.716,
      "f1": 0.6952789699570815,
      "pre": 0.75,
      "recall": 0.648,
      "auroc": 0.751104,
      "optimal_threshold": 0.5894442796707153,
      "tpr_at_fpr_0_01": 0.032,
      "fpr95": 0.868,
      "aupr": 0.7516014022076127
    },
    "layer_2": {
      "n_total": 500,
      "n_valid": 500,
      "n_val_total": 500,
      "n_val_valid": 500,
      "acc": 0.728,
      "f1": 0.7106382978723405,
      "pre": 0.759090909090909,
      "recall": 0.668,
      "auroc": 0.776224,
      "optimal_threshold": 0.495014488697052,
      "tpr_at_fpr_0_01": 0.088,
      "fpr95": 0.788,
      "aupr": 0.7686985011198917
    },
    "layer_3": {
      "n_total": 500,
      "n_valid": 500,
      "n_val_total": 500,
      "n_val_valid": 500,
      "acc": 0.754,
      "f1": 0.7366167023554604,
      "pre": 0.7926267281105991,
      "recall": 0.688,
      "auroc": 0.8012319999999999,
      "optimal_threshold": 0.5679625272750854,
      "tpr_at_fpr_0_01": 0.096,
      "fpr95": 0.72,
      "aupr": 0.7899769266047989
    },
    "layer_4": {
      "n_total": 500,
      "n_valid": 500,
      "n_val_total": 500,
      "n_val_valid": 500,
      "acc": 0.75,
      "f1": 0.7191011235955056,
      "pre": 0.8205128205128205,
      "recall": 0.64,
      "auroc": 0.821264,
      "optimal_threshold": 0.6054069399833679,
      "tpr_at_fpr_0_01": 0.152,
      "fpr95": 0.66,
      "aupr": 0.8313443840950047
    },
    "layer_5": {
      "n_total": 500,
      "n_valid": 500,
      "n_val_total": 500,
      "n_val_valid": 500,
      "acc": 0.718,
      "f1": 0.6430379746835443,
      "pre": 0.8758620689655172,
      "recall": 0.508,
      "auroc": 0.82224,
      "optimal_threshold": 0.6729573607444763,
      "tpr_at_fpr_0_01": 0.216,
      "fpr95": 0.676,
      "aupr": 0.8347231938984787
    },
    "layer_6": {
      "n_total": 500,
      "n_valid": 500,
      "n_val_total": 500,
      "n_val_valid": 500,
      "acc": 0.728,
      "f1": 0.66,
      "pre": 0.88,
      "recall": 0.528,
      "auroc": 0.8388799999999998,
      "optimal_threshold": 0.5781543254852295,
      "tpr_at_fpr_0_01": 0.232,
      "fpr95": 0.68,
      "aupr": 0.8513789314569058
    },
    "layer_7": {
      "n_total": 500,
      "n_valid": 500,
      "n_val_total": 500,
      "n_val_valid": 500,
      "acc": 0.77,
      "f1": 0.7438752783964365,
      "pre": 0.8391959798994975,
      "recall": 0.668,
      "auroc": 0.84656,
      "optimal_threshold": 0.5890529155731201,
      "tpr_at_fpr_0_01": 0.18,
      "fpr95": 0.656,
      "aupr": 0.8479955947477036
    },
    "layer_8": {
      "n_total": 500,
      "n_valid": 500,
      "n_val_total": 500,
      "n_val_valid": 500,
      "acc": 0.708,
      "f1": 0.6217616580310881,
      "pre": 0.8823529411764706,
      "recall": 0.48,
      "auroc": 0.8453599999999999,
      "optimal_threshold": 0.6001051664352417,
      "tpr_at_fpr_0_01": 0.188,
      "fpr95": 0.564,
      "aupr": 0.8508953133075317
    },
    "layer_9": {
      "n_total": 500,
      "n_valid": 500,
      "n_val_total": 500,
      "n_val_valid": 500,
      "acc": 0.73,
      "f1": 0.6778042959427207,
      "pre": 0.8402366863905325,
      "recall": 0.568,
      "auroc": 0.8472000000000001,
      "optimal_threshold": 0.5634287595748901,
      "tpr_at_fpr_0_01": 0.212,
      "fpr95": 0.556,
      "aupr": 0.8497455135409815
    },
    "layer_10": {
      "n_total": 500,
      "n_valid": 500,
      "n_val_total": 500,
      "n_val_valid": 500,
      "acc": 0.732,
      "f1": 0.665,
      "pre": 0.8866666666666667,
      "recall": 0.532,
      "auroc": 0.865888,
      "optimal_threshold": 0.536320686340332,
      "tpr_at_fpr_0_01": 0.228,
      "fpr95": 0.48,
      "aupr": 0.8632958009138301
    },
    "layer_11": {
      "n_total": 500,
      "n_valid": 500,
      "n_val_total": 500,
      "n_val_valid": 500,
      "acc": 0.716,
      "f1": 0.634020618556701,
      "pre": 0.8913043478260869,
      "recall": 0.492,
      "auroc": 0.8657919999999999,
      "optimal_threshold": 0.5484907031059265,
      "tpr_at_fpr_0_01": 0.232,
      "fpr95": 0.5,
      "aupr": 0.8648565070118104
    },
    "layer_12": {
      "n_total": 500,
      "n_valid": 500,
      "n_val_total": 500,
      "n_val_valid": 500,
      "acc": 0.72,
      "f1": 0.6482412060301508,
      "pre": 0.8716216216216216,
      "recall": 0.516,
      "auroc": 0.870112,
      "optimal_threshold": 0.5409587025642395,
      "tpr_at_fpr_0_01": 0.244,
      "fpr95": 0.496,
      "aupr": 0.8684162520878818
    },
    "layer_13": {
      "n_total": 500,
      "n_valid": 500,
      "n_val_total": 500,
      "n_val_valid": 500,
      "acc": 0.742,
      "f1": 0.683046683046683,
      "pre": 0.8853503184713376,
      "recall": 0.556,
      "auroc": 0.8680479999999999,
      "optimal_threshold": 0.5386360883712769,
      "tpr_at_fpr_0_01": 0.296,
      "fpr95": 0.568,
      "aupr": 0.8778329166747714
    },
    "layer_14": {
      "n_total": 500,
      "n_valid": 500,
      "n_val_total": 500,
      "n_val_valid": 500,
      "acc": 0.8,
      "f1": 0.7816593886462883,
      "pre": 0.8605769230769231,
      "recall": 0.716,
      "auroc": 0.882144,
      "optimal_threshold": 0.47576600313186646,
      "tpr_at_fpr_0_01": 0.248,
      "fpr95": 0.44,
      "aupr": 0.8817604321323722
    },
    "layer_15": {
      "n_total": 500,
      "n_valid": 500,
      "n_val_total": 500,
      "n_val_valid": 500,
      "acc": 0.788,
      "f1": 0.7633928571428571,
      "pre": 0.8636363636363636,
      "recall": 0.684,
      "auroc": 0.8853600000000001,
      "optimal_threshold": 0.5016165375709534,
      "tpr_at_fpr_0_01": 0.216,
      "fpr95": 0.48,
      "aupr": 0.8849140435029255
    },
    "layer_16": {
      "n_total": 500,
      "n_valid": 500,
      "n_val_total": 500,
      "n_val_valid": 500,
      "acc": 0.788,
      "f1": 0.7800829875518672,
      "pre": 0.8103448275862069,
      "recall": 0.752,
      "auroc": 0.884128,
      "optimal_threshold": 0.44969141483306885,
      "tpr_at_fpr_0_01": 0.244,
      "fpr95": 0.5,
      "aupr": 0.8837829229843999
    },
    "layer_17": {
      "n_total": 500,
      "n_valid": 500,
      "n_val_total": 500,
      "n_val_valid": 500,
      "acc": 0.802,
      "f1": 0.7880085653104925,
      "pre": 0.847926267281106,
      "recall": 0.736,
      "auroc": 0.880704,
      "optimal_threshold": 0.4154391586780548,
      "tpr_at_fpr_0_01": 0.288,
      "fpr95": 0.52,
      "aupr": 0.8836405809320531
    },
    "layer_18": {
      "n_total": 500,
      "n_valid": 500,
      "n_val_total": 500,
      "n_val_valid": 500,
      "acc": 0.784,
      "f1": 0.7672413793103449,
      "pre": 0.8317757009345794,
      "recall": 0.712,
      "auroc": 0.8855199999999999,
      "optimal_threshold": 0.472287118434906,
      "tpr_at_fpr_0_01": 0.344,
      "fpr95": 0.516,
      "aupr": 0.8909747183810333
    },
    "layer_19": {
      "n_total": 500,
      "n_valid": 500,
      "n_val_total": 500,
      "n_val_valid": 500,
      "acc": 0.778,
      "f1": 0.7602591792656588,
      "pre": 0.8262910798122066,
      "recall": 0.704,
      "auroc": 0.882112,
      "optimal_threshold": 0.44043460488319397,
      "tpr_at_fpr_0_01": 0.316,
      "fpr95": 0.536,
      "aupr": 0.888379356923718
    },
    "layer_20": {
      "n_total": 500,
      "n_valid": 500,
      "n_val_total": 500,
      "n_val_valid": 500,
      "acc": 0.794,