{
  "args": {
    "model": "llama_8b",
    "dataset": "multisocial_full",
    "mode": "last_token",
    "centering": false,
    "prefix": false,
    "smoke_test": false,
    "ood": false,
    "ood_set": "",
    "manifold": true,
    "pca_components": 1
  },
  "steering_domain": "multisocial_full",
  "eval_domain": "multisocial_full",
  "n_samples": 500,
  "n_layers": 33,
  "metrics_per_layer": {
    "layer_1": {
      "n_total": 500,
      "n_valid": 500,
      "acc": 0.694,
      "f1": 0.6203473945409429,
      "pre": 0.8169934640522876,
      "recall": 0.5,
      "auroc": 0.717224,
      "optimal_threshold": 0.13058307766914368,
      "tpr_at_fpr_0_01": 0.0,
      "fpr95": 0.896,
      "aupr": 0.743242179860726
    },
    "layer_2": {
      "n_total": 500,
      "n_valid": 500,
      "acc": 0.696,
      "f1": 0.6180904522613065,
      "pre": 0.831081081081081,
      "recall": 0.492,
      "auroc": 0.7080479999999999,
      "optimal_threshold": 0.2508387565612793,
      "tpr_at_fpr_0_01": 0.028,
      "fpr95": 0.932,
      "aupr": 0.7404831327348259
    },
    "layer_3": {
      "n_total": 500,
      "n_valid": 500,
      "acc": 0.698,
      "f1": 0.6378896882494005,
      "pre": 0.7964071856287425,
      "recall": 0.532,
      "auroc": 0.7240960000000001,
      "optimal_threshold": 0.33061468601226807,
      "tpr_at_fpr_0_01": 0.036,
      "fpr95": 0.856,
      "aupr": 0.7380143255365479
    },
    "layer_4": {
      "n_total": 500,
      "n_valid": 500,
      "acc": 0.706,
      "f1": 0.649164677804296,
      "pre": 0.8047337278106509,
      "recall": 0.544,
      "auroc": 0.7476160000000001,
      "optimal_threshold": 0.5374528169631958,
      "tpr_at_fpr_0_01": 0.192,
      "fpr95": 0.836,
      "aupr": 0.7863664306708628
    },
    "layer_5": {
      "n_total": 500,
      "n_valid": 500,
      "acc": 0.704,
      "f1": 0.63,
      "pre": 0.84,
      "recall": 0.504,
      "auroc": 0.7632160000000001,
      "optimal_threshold": 0.7111345529556274,
      "tpr_at_fpr_0_01": 0.196,
      "fpr95": 0.856,
      "aupr": 0.7902206559316208
    },
    "layer_6": {
      "n_total": 500,
      "n_valid": 500,
      "acc": 0.708,
      "f1": 0.6331658291457286,
      "pre": 0.8513513513513513,
      "recall": 0.504,
      "auroc": 0.77288,
      "optimal_threshold": 0.8531638383865356,
      "tpr_at_fpr_0_01": 0.188,
      "fpr95": 0.728,
      "aupr": 0.7905922680075008
    },
    "layer_7": {
      "n_total": 500,
      "n_valid": 500,
      "acc": 0.704,
      "f1": 0.6407766990291263,
      "pre": 0.8148148148148148,
      "recall": 0.528,
      "auroc": 0.7699519999999999,
      "optimal_threshold": 0.8663406372070312,
      "tpr_at_fpr_0_01": 0.196,
      "fpr95": 0.76,
      "aupr": 0.7842345403230486
    },
    "layer_8": {
      "n_total": 500,
      "n_valid": 500,
      "acc": 0.706,
      "f1": 0.6557377049180327,
      "pre": 0.7909604519774012,
      "recall": 0.56,
      "auroc": 0.776208,
      "optimal_threshold": 0.46729201078414917,
      "tpr_at_fpr_0_01": 0.204,
      "fpr95": 0.752,
      "aupr": 0.7922686491650471
    },
    "layer_9": {
      "n_total": 500,
      "n_valid": 500,
      "acc": 0.702,
      "f1": 0.6510538641686182,
      "pre": 0.7853107344632768,
      "recall": 0.556,
      "auroc": 0.757648,
      "optimal_threshold": 0.6446617245674133,
      "tpr_at_fpr_0_01": 0.132,
      "fpr95": 0.748,
      "aupr": 0.7762793823223023
    },
    "layer_10": {
      "n_total": 500,
      "n_valid": 500,
      "acc": 0.702,
      "f1": 0.6510538641686182,
      "pre": 0.7853107344632768,
      "recall": 0.556,
      "auroc": 0.745216,
      "optimal_threshold": 0.799986720085144,
      "tpr_at_fpr_0_01": 0.1,
      "fpr95": 0.736,
      "aupr": 0.756515959523606
    },
    "layer_11": {
      "n_total": 500,
      "n_valid": 500,
      "acc": 0.698,
      "f1": 0.6447058823529411,
      "pre": 0.7828571428571428,
      "recall": 0.548,
      "auroc": 0.742864,
      "optimal_threshold": 1.0299522876739502,
      "tpr_at_fpr_0_01": 0.128,
      "fpr95": 0.776,
      "aupr": 0.7560882833816721
    },
    "layer_12": {
      "n_total": 500,
      "n_valid": 500,
      "acc": 0.692,
      "f1": 0.6367924528301887,
      "pre": 0.7758620689655172,
      "recall": 0.54,
      "auroc": 0.7359519999999999,
      "optimal_threshold": 1.1010714769363403,
      "tpr_at_fpr_0_01": 0.132,
      "fpr95": 0.784,
      "aupr": 0.7517762249852188
    },
    "layer_13": {
      "n_total": 500,
      "n_valid": 500,
      "acc": 0.692,
      "f1": 0.6367924528301887,
      "pre": 0.7758620689655172,
      "recall": 0.54,
      "auroc": 0.729584,
      "optimal_threshold": 1.0876874923706055,
      "tpr_at_fpr_0_01": 0.088,
      "fpr95": 0.78,
      "aupr": 0.7472083092847189
    },
    "layer_14": {
      "n_total": 500,
      "n_valid": 500,
      "acc": 0.664,
      "f1": 0.5980861244019139,
      "pre": 0.7440476190476191,
      "recall": 0.5,
      "auroc": 0.6956,
      "optimal_threshold": 2.0657155513763428,
      "tpr_at_fpr_0_01": 0.064,
      "fpr95": 0.784,
      "aupr": 0.6971929388046869
    },
    "layer_15": {
      "n_total": 500,
      "n_valid": 500,
      "acc": 0.67,
      "f1": 0.6224256292906178,
      "pre": 0.7272727272727273,
      "recall": 0.544,
      "auroc": 0.68832,
      "optimal_threshold": 1.239378571510315,
      "tpr_at_fpr_0_01": 0.044,
      "fpr95": 0.78,
      "aupr": 0.6891846096493457
    },
    "layer_16": {
      "n_total": 500,
      "n_valid": 500,
      "acc": 0.672,
      "f1": 0.6221198156682027,
      "pre": 0.7336956521739131,
      "recall": 0.54,
      "auroc": 0.6933440000000001,
      "optimal_threshold": 1.7863740921020508,
      "tpr_at_fpr_0_01": 0.052,
      "fpr95": 0.78,
      "aupr": 0.7000239875839721
    },
    "layer_17": {
      "n_total": 500,
      "n_valid": 500,
      "acc": 0.676,
      "f1": 0.6267281105990783,
      "pre": 0.7391304347826086,
      "recall": 0.544,
      "auroc": 0.704208,
      "optimal_threshold": 2.3945956230163574,
      "tpr_at_fpr_0_01": 0.08,
      "fpr95": 0.828,
      "aupr": 0.71984299277559
    },
    "layer_18": {
      "n_total": 500,
      "n_valid": 500,
      "acc": 0.676,
      "f1": 0.64,
      "pre": 0.72,
      "recall": 0.576,
      "auroc": 0.6780799999999999,
      "optimal_threshold": 2.689390182495117,
      "tpr_at_fpr_0_01": 0.056,
      "fpr95": 0.9,
      "aupr": 0.7018613869065463
    },
    "layer_19": {
      "n_total": 500,
      "n_valid": 500,
      "acc": 0.674,
      "f1": 0.6182669789227166,
      "pre": 0.7457627118644068,
      "recall": 0.528,
      "auroc": 0.6850400000000001,
      "optimal_threshold": 4.073912620544434,
      "tpr_at_fpr_0_01": 0.084,
      "fpr95": 0.88,
      "aupr": 0.7114856211134093
    },
    "layer_20": {
      "n_total": 500,
      "n_valid": 500,
      "acc": 0.676,
      "f1": 0.64,
      "pre": 0.72,
      "recall": 0.576,
      "auroc": 0.665904,
      "optimal_threshold": 4.332606315612793,
      "tpr_at_fpr_0_01": 0.072,
      "fpr95": 0.94,
      "aupr": 0.6979322169487304
    },
    "layer_21": {
      "n_total": 500,
      "n_valid": 500,
      "acc": 0.67,
      "f1": 0.6275395033860045,
      "pre": 0.7202072538860104,
      "recall": 0.556,
      "auroc": 0.663664,
      "optimal_threshold": 5.13465690612793,
      "tpr_at_fpr_0_01": 0.072,
      "fpr95": 0.904,
      "aupr": 0.6977206894625948
    },
    "layer_22": {
      "n_total": 500,
      "n_valid": 500,
      "acc": 0.676,
      "f1": 0.6318181818181818,
      "pre": 0.7315789473684211,
      "recall": 0.556,
      "auroc": 0.667904,
      "optimal_threshold": 5.760847091674805,
      "tpr_at_fpr_0_01": 0.056,
      "fpr95": 0.96,
      "aupr": 0.7010451996701341
    },
    "layer_23": {
      "n_total": 500,
      "n_valid": 500,
      "acc": 0.676,
      "f1": 0.6267281105990783,
      "pre": 0.7391304347826086,
      "recall": 0.544,
      "auroc": 0.6665760000000001,
      "optimal_threshold": 6.894770622253418,