{
  "args": {
    "model": "llama_8b",
    "dataset": "multisocial_full",
    "mode": "last_token",
    "centering": false,
    "prefix": false,
    "smoke_test": false,
    "ood": false,
    "ood_set": "",
    "manifold": true,
    "pca_components": 10
  },
  "steering_domain": "multisocial_full",
  "eval_domain": "multisocial_full",
  "n_samples": 500,
  "n_layers": 33,
  "metrics_per_layer": {
    "layer_1": {
      "n_total": 500,
      "n_valid": 500,
      "acc": 0.704,
      "f1": 0.6390243902439025,
      "pre": 0.81875,
      "recall": 0.524,
      "auroc": 0.7370639999999999,
      "optimal_threshold": 0.11017562448978424,
      "tpr_at_fpr_0_01": 0.0,
      "fpr95": 0.876,
      "aupr": 0.7537919543187929
    },
    "layer_2": {
      "n_total": 500,
      "n_valid": 500,
      "acc": 0.708,
      "f1": 0.6256410256410256,
      "pre": 0.8714285714285714,
      "recall": 0.488,
      "auroc": 0.760208,
      "optimal_threshold": 0.20967476069927216,
      "tpr_at_fpr_0_01": 0.028,
      "fpr95": 0.836,
      "aupr": 0.7727665548179729
    },
    "layer_3": {
      "n_total": 500,
      "n_valid": 500,
      "acc": 0.706,
      "f1": 0.6457831325301204,
      "pre": 0.8121212121212121,
      "recall": 0.536,
      "auroc": 0.782128,
      "optimal_threshold": 0.23658984899520874,
      "tpr_at_fpr_0_01": 0.156,
      "fpr95": 0.692,
      "aupr": 0.7987323843989254
    },
    "layer_4": {
      "n_total": 500,
      "n_valid": 500,
      "acc": 0.718,
      "f1": 0.718562874251497,
      "pre": 0.7171314741035857,
      "recall": 0.72,
      "auroc": 0.7878239999999999,
      "optimal_threshold": 0.10128401219844818,
      "tpr_at_fpr_0_01": 0.18,
      "fpr95": 0.72,
      "aupr": 0.8117489974208398
    },
    "layer_5": {
      "n_total": 500,
      "n_valid": 500,
      "acc": 0.728,
      "f1": 0.734375,
      "pre": 0.7175572519083969,
      "recall": 0.752,
      "auroc": 0.8042879999999999,
      "optimal_threshold": -0.027237504720687866,
      "tpr_at_fpr_0_01": 0.244,
      "fpr95": 0.608,
      "aupr": 0.8186616136452761
    },
    "layer_6": {
      "n_total": 500,
      "n_valid": 500,
      "acc": 0.728,
      "f1": 0.7404580152671756,
      "pre": 0.708029197080292,
      "recall": 0.776,
      "auroc": 0.812384,
      "optimal_threshold": -0.037610214203596115,
      "tpr_at_fpr_0_01": 0.172,
      "fpr95": 0.588,
      "aupr": 0.8243131493059171
    },
    "layer_7": {
      "n_total": 500,
      "n_valid": 500,
      "acc": 0.732,
      "f1": 0.7362204724409449,
      "pre": 0.7248062015503876,
      "recall": 0.748,
      "auroc": 0.816864,
      "optimal_threshold": -0.021281808614730835,
      "tpr_at_fpr_0_01": 0.12,
      "fpr95": 0.544,
      "aupr": 0.8183004067161763
    },
    "layer_8": {
      "n_total": 500,
      "n_valid": 500,
      "acc": 0.748,
      "f1": 0.7352941176470589,
      "pre": 0.7743362831858407,
      "recall": 0.7,
      "auroc": 0.832832,
      "optimal_threshold": -0.059811972081661224,
      "tpr_at_fpr_0_01": 0.208,
      "fpr95": 0.584,
      "aupr": 0.8408563556765822
    },
    "layer_9": {
      "n_total": 500,
      "n_valid": 500,
      "acc": 0.756,
      "f1": 0.7510204081632653,
      "pre": 0.7666666666666667,
      "recall": 0.736,
      "auroc": 0.8351359999999999,
      "optimal_threshold": -0.05647808313369751,
      "tpr_at_fpr_0_01": 0.192,
      "fpr95": 0.568,
      "aupr": 0.8422070273796349
    },
    "layer_10": {
      "n_total": 500,
      "n_valid": 500,
      "acc": 0.756,
      "f1": 0.7715355805243446,
      "pre": 0.7253521126760564,
      "recall": 0.824,
      "auroc": 0.838336,
      "optimal_threshold": -0.09216322749853134,
      "tpr_at_fpr_0_01": 0.236,
      "fpr95": 0.588,
      "aupr": 0.8428293452899073
    },
    "layer_11": {
      "n_total": 500,
      "n_valid": 500,
      "acc": 0.764,
      "f1": 0.766798418972332,
      "pre": 0.7578125,
      "recall": 0.776,
      "auroc": 0.843376,
      "optimal_threshold": 0.014816224575042725,
      "tpr_at_fpr_0_01": 0.22,
      "fpr95": 0.592,
      "aupr": 0.8502195500344273
    },
    "layer_12": {
      "n_total": 500,
      "n_valid": 500,
      "acc": 0.772,
      "f1": 0.772,
      "pre": 0.772,
      "recall": 0.772,
      "auroc": 0.844272,
      "optimal_threshold": 0.13558898866176605,
      "tpr_at_fpr_0_01": 0.248,
      "fpr95": 0.556,
      "aupr": 0.8521868560359218
    },
    "layer_13": {
      "n_total": 500,
      "n_valid": 500,
      "acc": 0.772,
      "f1": 0.7605042016806722,
      "pre": 0.8008849557522124,
      "recall": 0.724,
      "auroc": 0.8426880000000001,
      "optimal_threshold": 0.1700141429901123,
      "tpr_at_fpr_0_01": 0.196,
      "fpr95": 0.58,
      "aupr": 0.8513606491662754
    },
    "layer_14": {
      "n_total": 500,
      "n_valid": 500,
      "acc": 0.764,
      "f1": 0.7521008403361344,
      "pre": 0.7920353982300885,
      "recall": 0.716,
      "auroc": 0.8293920000000001,
      "optimal_threshold": 0.41408419609069824,
      "tpr_at_fpr_0_01": 0.252,
      "fpr95": 0.608,
      "aupr": 0.8373250676072721
    },
    "layer_15": {
      "n_total": 500,
      "n_valid": 500,
      "acc": 0.78,
      "f1": 0.7736625514403292,
      "pre": 0.7966101694915254,
      "recall": 0.752,
      "auroc": 0.8468640000000001,
      "optimal_threshold": 0.013633079826831818,
      "tpr_at_fpr_0_01": 0.232,
      "fpr95": 0.576,
      "aupr": 0.8553003442006722
    },
    "layer_16": {
      "n_total": 500,
      "n_valid": 500,
      "acc": 0.768,
      "f1": 0.7613168724279835,
      "pre": 0.7838983050847458,
      "recall": 0.74,
      "auroc": 0.841424,
      "optimal_threshold": 0.2402336597442627,
      "tpr_at_fpr_0_01": 0.24,
      "fpr95": 0.588,
      "aupr": 0.8518238016536416
    },
    "layer_17": {
      "n_total": 500,
      "n_valid": 500,
      "acc": 0.776,
      "f1": 0.7723577235772358,
      "pre": 0.7851239669421488,
      "recall": 0.76,
      "auroc": 0.845008,
      "optimal_threshold": 0.24413397908210754,
      "tpr_at_fpr_0_01": 0.22,
      "fpr95": 0.568,
      "aupr": 0.8533502434175413
    },
    "layer_18": {
      "n_total": 500,
      "n_valid": 500,
      "acc": 0.782,
      "f1": 0.7806841046277666,
      "pre": 0.7854251012145749,
      "recall": 0.776,
      "auroc": 0.846368,
      "optimal_threshold": 0.09313216805458069,
      "tpr_at_fpr_0_01": 0.212,
      "fpr95": 0.584,
      "aupr": 0.8536258207501307
    },
    "layer_19": {
      "n_total": 500,
      "n_valid": 500,
      "acc": 0.786,
      "f1": 0.7766179540709812,
      "pre": 0.8122270742358079,
      "recall": 0.744,
      "auroc": 0.8524480000000001,
      "optimal_threshold": 0.3010972738265991,
      "tpr_at_fpr_0_01": 0.276,
      "fpr95": 0.628,
      "aupr": 0.8583069061960306
    },
    "layer_20": {
      "n_total": 500,
      "n_valid": 500,
      "acc": 0.772,
      "f1": 0.7673469387755102,
      "pre": 0.7833333333333333,
      "recall": 0.752,
      "auroc": 0.8484320000000001,
      "optimal_threshold": 0.3308563232421875,
      "tpr_at_fpr_0_01": 0.284,
      "fpr95": 0.584,
      "aupr": 0.8507869994641868
    },
    "layer_21": {
      "n_total": 500,
      "n_valid": 500,
      "acc": 0.786,
      "f1": 0.7829614604462475,
      "pre": 0.7942386831275721,
      "recall": 0.772,
      "auroc": 0.8556,
      "optimal_threshold": 0.09415997564792633,
      "tpr_at_fpr_0_01": 0.248,
      "fpr95": 0.556,
      "aupr": 0.8534112037874199
    },
    "layer_22": {
      "n_total": 500,
      "n_valid": 500,
      "acc": 0.786,
      "f1": 0.7775467775467776,
      "pre": 0.8095238095238095,
      "recall": 0.748,
      "auroc": 0.858784,
      "optimal_threshold": 0.47769391536712646,
      "tpr_at_fpr_0_01": 0.2,
      "fpr95": 0.508,
      "aupr": 0.8544901041861697
    },
    "layer_23": {
      "n_total": 500,
      "n_valid": 500,
      "acc": 0.79,
      "f1": 0.7852760736196319,
      "pre": 0.803347280334728,
      "recall": 0.768,