{
  "args": {
    "model": "llama_8b",
    "dataset": "multisocial_full",
    "mode": "last_token",
    "centering": false,
    "prefix": false,
    "smoke_test": false,
    "ood": false,
    "ood_set": "",
    "manifold": true,
    "pca_components": 15
  },
  "steering_domain": "multisocial_full",
  "eval_domain": "multisocial_full",
  "n_samples": 500,
  "n_layers": 33,
  "metrics_per_layer": {
    "layer_1": {
      "n_total": 500,
      "n_valid": 500,
      "acc": 0.704,
      "f1": 0.6390243902439025,
      "pre": 0.81875,
      "recall": 0.524,
      "auroc": 0.7412880000000001,
      "optimal_threshold": 0.10865703225135803,
      "tpr_at_fpr_0_01": 0.0,
      "fpr95": 0.872,
      "aupr": 0.7568752048463141
    },
    "layer_2": {
      "n_total": 500,
      "n_valid": 500,
      "acc": 0.706,
      "f1": 0.6297229219143576,
      "pre": 0.8503401360544217,
      "recall": 0.5,
      "auroc": 0.7671680000000001,
      "optimal_threshold": 0.2003755420446396,
      "tpr_at_fpr_0_01": 0.048,
      "fpr95": 0.816,
      "aupr": 0.778961661695461
    },
    "layer_3": {
      "n_total": 500,
      "n_valid": 500,
      "acc": 0.712,
      "f1": 0.6521739130434783,
      "pre": 0.823170731707317,
      "recall": 0.54,
      "auroc": 0.7876799999999999,
      "optimal_threshold": 0.24229010939598083,
      "tpr_at_fpr_0_01": 0.16,
      "fpr95": 0.656,
      "aupr": 0.804663269411203
    },
    "layer_4": {
      "n_total": 500,
      "n_valid": 500,
      "acc": 0.728,
      "f1": 0.7246963562753036,
      "pre": 0.7336065573770492,
      "recall": 0.716,
      "auroc": 0.792432,
      "optimal_threshold": 0.10341808199882507,
      "tpr_at_fpr_0_01": 0.204,
      "fpr95": 0.728,
      "aupr": 0.8163478218389841
    },
    "layer_5": {
      "n_total": 500,
      "n_valid": 500,
      "acc": 0.738,
      "f1": 0.7456310679611651,
      "pre": 0.7245283018867924,
      "recall": 0.768,
      "auroc": 0.8164319999999998,
      "optimal_threshold": -0.04576811566948891,
      "tpr_at_fpr_0_01": 0.268,
      "fpr95": 0.608,
      "aupr": 0.8273859617024328
    },
    "layer_6": {
      "n_total": 500,
      "n_valid": 500,
      "acc": 0.752,
      "f1": 0.7615384615384615,
      "pre": 0.7333333333333333,
      "recall": 0.792,
      "auroc": 0.829216,
      "optimal_threshold": 0.004457447677850723,
      "tpr_at_fpr_0_01": 0.148,
      "fpr95": 0.552,
      "aupr": 0.8376428709067106
    },
    "layer_7": {
      "n_total": 500,
      "n_valid": 500,
      "acc": 0.752,
      "f1": 0.7669172932330827,
      "pre": 0.723404255319149,
      "recall": 0.816,
      "auroc": 0.8318399999999999,
      "optimal_threshold": -0.036623626947402954,
      "tpr_at_fpr_0_01": 0.128,
      "fpr95": 0.512,
      "aupr": 0.8326160098399211
    },
    "layer_8": {
      "n_total": 500,
      "n_valid": 500,
      "acc": 0.758,
      "f1": 0.7677543186180422,
      "pre": 0.7380073800738007,
      "recall": 0.8,
      "auroc": 0.843248,
      "optimal_threshold": -0.16520430147647858,
      "tpr_at_fpr_0_01": 0.204,
      "fpr95": 0.552,
      "aupr": 0.8499291518994972
    },
    "layer_9": {
      "n_total": 500,
      "n_valid": 500,
      "acc": 0.764,
      "f1": 0.7739463601532567,
      "pre": 0.7426470588235294,
      "recall": 0.808,
      "auroc": 0.8434879999999999,
      "optimal_threshold": -0.15932723879814148,
      "tpr_at_fpr_0_01": 0.236,
      "fpr95": 0.556,
      "aupr": 0.8512848154848741
    },
    "layer_10": {
      "n_total": 500,
      "n_valid": 500,
      "acc": 0.766,
      "f1": 0.7796610169491526,
      "pre": 0.7366548042704626,
      "recall": 0.828,
      "auroc": 0.845648,
      "optimal_threshold": -0.040320947766304016,
      "tpr_at_fpr_0_01": 0.248,
      "fpr95": 0.58,
      "aupr": 0.8492407297433441
    },
    "layer_11": {
      "n_total": 500,
      "n_valid": 500,
      "acc": 0.772,
      "f1": 0.7729083665338645,
      "pre": 0.7698412698412699,
      "recall": 0.776,
      "auroc": 0.8518399999999998,
      "optimal_threshold": 0.05939441919326782,
      "tpr_at_fpr_0_01": 0.248,
      "fpr95": 0.588,
      "aupr": 0.8573461116341289
    },
    "layer_12": {
      "n_total": 500,
      "n_valid": 500,
      "acc": 0.774,
      "f1": 0.7788649706457925,
      "pre": 0.7624521072796935,
      "recall": 0.796,
      "auroc": 0.8508800000000001,
      "optimal_threshold": 0.0838279202580452,
      "tpr_at_fpr_0_01": 0.264,
      "fpr95": 0.532,
      "aupr": 0.8577216586712599
    },
    "layer_13": {
      "n_total": 500,
      "n_valid": 500,
      "acc": 0.778,
      "f1": 0.7682672233820459,
      "pre": 0.8034934497816594,
      "recall": 0.736,
      "auroc": 0.849216,
      "optimal_threshold": 0.17922145128250122,
      "tpr_at_fpr_0_01": 0.232,
      "fpr95": 0.58,
      "aupr": 0.8578023077672754
    },
    "layer_14": {
      "n_total": 500,
      "n_valid": 500,
      "acc": 0.768,
      "f1": 0.7642276422764228,
      "pre": 0.7768595041322314,
      "recall": 0.752,
      "auroc": 0.8373759999999999,
      "optimal_threshold": 0.3352912664413452,
      "tpr_at_fpr_0_01": 0.276,
      "fpr95": 0.588,
      "aupr": 0.8452380724688748
    },
    "layer_15": {
      "n_total": 500,
      "n_valid": 500,
      "acc": 0.782,
      "f1": 0.7797979797979798,
      "pre": 0.7877551020408163,
      "recall": 0.772,
      "auroc": 0.8564479999999999,
      "optimal_threshold": -0.018926069140434265,
      "tpr_at_fpr_0_01": 0.256,
      "fpr95": 0.544,
      "aupr": 0.8631330881020574
    },
    "layer_16": {
      "n_total": 500,
      "n_valid": 500,
      "acc": 0.774,
      "f1": 0.7660455486542443,
      "pre": 0.7939914163090128,
      "recall": 0.74,
      "auroc": 0.8520159999999999,
      "optimal_threshold": 0.32461974024772644,
      "tpr_at_fpr_0_01": 0.28,
      "fpr95": 0.6,
      "aupr": 0.8613853534012408
    },
    "layer_17": {
      "n_total": 500,
      "n_valid": 500,
      "acc": 0.778,
      "f1": 0.7633262260127932,
      "pre": 0.817351598173516,
      "recall": 0.716,
      "auroc": 0.853648,
      "optimal_threshold": 0.453360915184021,
      "tpr_at_fpr_0_01": 0.264,
      "fpr95": 0.556,
      "aupr": 0.8612286353845797
    },
    "layer_18": {
      "n_total": 500,
      "n_valid": 500,
      "acc": 0.786,
      "f1": 0.7946257197696737,
      "pre": 0.7638376383763837,
      "recall": 0.828,
      "auroc": 0.856848,
      "optimal_threshold": -0.052886515855789185,
      "tpr_at_fpr_0_01": 0.244,
      "fpr95": 0.56,
      "aupr": 0.8624744913778274
    },
    "layer_19": {
      "n_total": 500,
      "n_valid": 500,
      "acc": 0.788,
      "f1": 0.7896825396825397,
      "pre": 0.7834645669291339,
      "recall": 0.796,
      "auroc": 0.8615360000000001,
      "optimal_threshold": 0.12778237462043762,
      "tpr_at_fpr_0_01": 0.3,
      "fpr95": 0.584,
      "aupr": 0.8662233268180219
    },
    "layer_20": {
      "n_total": 500,
      "n_valid": 500,
      "acc": 0.784,
      "f1": 0.7923076923076923,
      "pre": 0.762962962962963,
      "recall": 0.824,
      "auroc": 0.857424,
      "optimal_threshold": 0.13432374596595764,
      "tpr_at_fpr_0_01": 0.3,
      "fpr95": 0.54,
      "aupr": 0.860051901258575
    },
    "layer_21": {
      "n_total": 500,
      "n_valid": 500,
      "acc": 0.79,
      "f1": 0.7920792079207921,
      "pre": 0.7843137254901961,
      "recall": 0.8,
      "auroc": 0.86336,
      "optimal_threshold": 0.03443315625190735,
      "tpr_at_fpr_0_01": 0.24,
      "fpr95": 0.484,
      "aupr": 0.8623411554377975
    },
    "layer_22": {
      "n_total": 500,
      "n_valid": 500,
      "acc": 0.79,
      "f1": 0.7878787878787878,
      "pre": 0.7959183673469388,
      "recall": 0.78,
      "auroc": 0.864048,
      "optimal_threshold": 0.33244937658309937,
      "tpr_at_fpr_0_01": 0.228,
      "fpr95": 0.5,
      "aupr": 0.8616628751784536
    },
    "layer_23": {
      "n_total": 500,
      "n_valid": 500,
      "acc": 0.792,
      "f1": 0.7928286852589641,