{
  "args": {
    "model": "llama_8b",
    "dataset": "multisocial_full",
    "mode": "last_token",
    "centering": false,
    "prefix": false,
    "smoke_test": false,
    "ood": false,
    "ood_set": "",
    "manifold": true,
    "pca_components": 5
  },
  "steering_domain": "multisocial_full",
  "eval_domain": "multisocial_full",
  "n_samples": 500,
  "n_layers": 33,
  "metrics_per_layer": {
    "layer_1": {
      "n_total": 500,
      "n_valid": 500,
      "acc": 0.692,
      "f1": 0.6169154228855721,
      "pre": 0.8157894736842105,
      "recall": 0.496,
      "auroc": 0.7163600000000001,
      "optimal_threshold": 0.12230710685253143,
      "tpr_at_fpr_0_01": 0.0,
      "fpr95": 0.892,
      "aupr": 0.7432957953568359
    },
    "layer_2": {
      "n_total": 500,
      "n_valid": 500,
      "acc": 0.7,
      "f1": 0.6192893401015228,
      "pre": 0.8472222222222222,
      "recall": 0.488,
      "auroc": 0.742336,
      "optimal_threshold": 0.19533240795135498,
      "tpr_at_fpr_0_01": 0.052,
      "fpr95": 0.844,
      "aupr": 0.760986659995008
    },
    "layer_3": {
      "n_total": 500,
      "n_valid": 500,
      "acc": 0.7,
      "f1": 0.6376811594202898,
      "pre": 0.8048780487804879,
      "recall": 0.528,
      "auroc": 0.7638399999999999,
      "optimal_threshold": 0.2710282802581787,
      "tpr_at_fpr_0_01": 0.152,
      "fpr95": 0.708,
      "aupr": 0.7837421903937873
    },
    "layer_4": {
      "n_total": 500,
      "n_valid": 500,
      "acc": 0.71,
      "f1": 0.6522781774580336,
      "pre": 0.8143712574850299,
      "recall": 0.544,
      "auroc": 0.771744,
      "optimal_threshold": 0.4206928610801697,
      "tpr_at_fpr_0_01": 0.168,
      "fpr95": 0.772,
      "aupr": 0.7991101275938085
    },
    "layer_5": {
      "n_total": 500,
      "n_valid": 500,
      "acc": 0.726,
      "f1": 0.7419962335216572,
      "pre": 0.701067615658363,
      "recall": 0.788,
      "auroc": 0.7914399999999999,
      "optimal_threshold": -0.10258762538433075,
      "tpr_at_fpr_0_01": 0.192,
      "fpr95": 0.736,
      "aupr": 0.808139751494679
    },
    "layer_6": {
      "n_total": 500,
      "n_valid": 500,
      "acc": 0.726,
      "f1": 0.7410207939508506,
      "pre": 0.7025089605734767,
      "recall": 0.784,
      "auroc": 0.801168,
      "optimal_threshold": -0.06329533457756042,
      "tpr_at_fpr_0_01": 0.208,
      "fpr95": 0.764,
      "aupr": 0.8123604950578267
    },
    "layer_7": {
      "n_total": 500,
      "n_valid": 500,
      "acc": 0.728,
      "f1": 0.7374517374517374,
      "pre": 0.7126865671641791,
      "recall": 0.764,
      "auroc": 0.8091360000000001,
      "optimal_threshold": -0.04114678502082825,
      "tpr_at_fpr_0_01": 0.052,
      "fpr95": 0.576,
      "aupr": 0.8086168891857186
    },
    "layer_8": {
      "n_total": 500,
      "n_valid": 500,
      "acc": 0.74,
      "f1": 0.7537878787878788,
      "pre": 0.7158273381294964,
      "recall": 0.796,
      "auroc": 0.818016,
      "optimal_threshold": -0.1840914785861969,
      "tpr_at_fpr_0_01": 0.156,
      "fpr95": 0.652,
      "aupr": 0.8242959101109112
    },
    "layer_9": {
      "n_total": 500,
      "n_valid": 500,
      "acc": 0.746,
      "f1": 0.742393509127789,
      "pre": 0.7530864197530864,
      "recall": 0.732,
      "auroc": 0.827344,
      "optimal_threshold": -0.029300987720489502,
      "tpr_at_fpr_0_01": 0.18,
      "fpr95": 0.588,
      "aupr": 0.8317441209801484
    },
    "layer_10": {
      "n_total": 500,
      "n_valid": 500,
      "acc": 0.726,
      "f1": 0.7287128712871287,
      "pre": 0.7215686274509804,
      "recall": 0.736,
      "auroc": 0.8152799999999999,
      "optimal_threshold": 0.12708432972431183,
      "tpr_at_fpr_0_01": 0.124,
      "fpr95": 0.592,
      "aupr": 0.8204518340132826
    },
    "layer_11": {
      "n_total": 500,
      "n_valid": 500,
      "acc": 0.746,
      "f1": 0.7599243856332704,
      "pre": 0.7204301075268817,
      "recall": 0.804,
      "auroc": 0.8235839999999999,
      "optimal_threshold": 0.010571636259555817,
      "tpr_at_fpr_0_01": 0.212,
      "fpr95": 0.576,
      "aupr": 0.8294905725442265
    },
    "layer_12": {
      "n_total": 500,
      "n_valid": 500,
      "acc": 0.744,
      "f1": 0.7593984962406015,
      "pre": 0.7163120567375887,
      "recall": 0.808,
      "auroc": 0.82104,
      "optimal_threshold": 0.08834803849458694,
      "tpr_at_fpr_0_01": 0.216,
      "fpr95": 0.58,
      "aupr": 0.8273843941309547
    },
    "layer_13": {
      "n_total": 500,
      "n_valid": 500,
      "acc": 0.734,
      "f1": 0.7164179104477612,
      "pre": 0.7671232876712328,
      "recall": 0.672,
      "auroc": 0.8200640000000001,
      "optimal_threshold": 0.3715514540672302,
      "tpr_at_fpr_0_01": 0.18,
      "fpr95": 0.588,
      "aupr": 0.8271694713989194
    },
    "layer_14": {
      "n_total": 500,
      "n_valid": 500,
      "acc": 0.746,
      "f1": 0.7495069033530573,
      "pre": 0.7392996108949417,
      "recall": 0.76,
      "auroc": 0.8113760000000001,
      "optimal_threshold": 0.3533889949321747,
      "tpr_at_fpr_0_01": 0.172,
      "fpr95": 0.616,
      "aupr": 0.8177548595734858
    },
    "layer_15": {
      "n_total": 500,
      "n_valid": 500,
      "acc": 0.762,
      "f1": 0.769825918762089,
      "pre": 0.7453183520599251,
      "recall": 0.796,
      "auroc": 0.8336960000000001,
      "optimal_threshold": 0.05556470528244972,
      "tpr_at_fpr_0_01": 0.24,
      "fpr95": 0.604,
      "aupr": 0.8404069193983267
    },
    "layer_16": {
      "n_total": 500,
      "n_valid": 500,
      "acc": 0.754,
      "f1": 0.7554671968190855,
      "pre": 0.7509881422924901,
      "recall": 0.76,
      "auroc": 0.82752,
      "optimal_threshold": 0.3747628927230835,
      "tpr_at_fpr_0_01": 0.264,
      "fpr95": 0.616,
      "aupr": 0.8367473865240302
    },
    "layer_17": {
      "n_total": 500,
      "n_valid": 500,
      "acc": 0.772,
      "f1": 0.7553648068669528,
      "pre": 0.8148148148148148,
      "recall": 0.704,
      "auroc": 0.8372159999999998,
      "optimal_threshold": 0.5534436702728271,
      "tpr_at_fpr_0_01": 0.224,
      "fpr95": 0.568,
      "aupr": 0.8460635211803973
    },
    "layer_18": {
      "n_total": 500,
      "n_valid": 500,
      "acc": 0.762,
      "f1": 0.75564681724846,
      "pre": 0.7763713080168776,
      "recall": 0.736,
      "auroc": 0.8289120000000001,
      "optimal_threshold": 0.5619515180587769,
      "tpr_at_fpr_0_01": 0.22,
      "fpr95": 0.612,
      "aupr": 0.8362896760814343
    },
    "layer_19": {
      "n_total": 500,
      "n_valid": 500,
      "acc": 0.77,
      "f1": 0.760914760914761,
      "pre": 0.7922077922077922,
      "recall": 0.732,
      "auroc": 0.8355520000000001,
      "optimal_threshold": 0.6444287300109863,
      "tpr_at_fpr_0_01": 0.272,
      "fpr95": 0.604,
      "aupr": 0.8437989596074092
    },
    "layer_20": {
      "n_total": 500,
      "n_valid": 500,
      "acc": 0.75,
      "f1": 0.7276688453159041,
      "pre": 0.7990430622009569,
      "recall": 0.668,
      "auroc": 0.82968,
      "optimal_threshold": 1.1265673637390137,
      "tpr_at_fpr_0_01": 0.208,
      "fpr95": 0.572,
      "aupr": 0.8314448936821048
    },
    "layer_21": {
      "n_total": 500,
      "n_valid": 500,
      "acc": 0.754,
      "f1": 0.7320261437908496,
      "pre": 0.8038277511961722,
      "recall": 0.672,
      "auroc": 0.8373279999999999,
      "optimal_threshold": 0.9827249050140381,
      "tpr_at_fpr_0_01": 0.184,
      "fpr95": 0.528,
      "aupr": 0.8356821828006225
    },
    "layer_22": {
      "n_total": 500,
      "n_valid": 500,
      "acc": 0.754,
      "f1": 0.7296703296703296,
      "pre": 0.8097560975609757,
      "recall": 0.664,
      "auroc": 0.8380960000000001,
      "optimal_threshold": 1.2998217344284058,
      "tpr_at_fpr_0_01": 0.132,
      "fpr95": 0.532,
      "aupr": 0.8347107753300586
    },
    "layer_23": {
      "n_total": 500,
      "n_valid": 500,
      "acc": 0.764,