{
  "args": {
    "model": "llama_8b",
    "dataset": "m4_multilingual",
    "mode": "last_token",
    "centering": false,
    "prefix": false,
    "smoke_test": false,
    "ood": false,
    "ood_set": "",
    "manifold": true,
    "pca_components": 15
  },
  "steering_domain": "m4_multilingual",
  "eval_domain": "m4_multilingual",
  "n_samples": 500,
  "n_layers": 33,
  "metrics_per_layer": {
    "layer_1": {
      "n_total": 500,
      "n_valid": 500,
      "acc": 0.526,
      "f1": 0.4397163120567376,
      "pre": 0.5375722543352601,
      "recall": 0.372,
      "auroc": 0.506488,
      "optimal_threshold": 0.1620791107416153,
      "tpr_at_fpr_0_01": 0.0,
      "fpr95": 0.952,
      "aupr": 0.516562837031657
    },
    "layer_2": {
      "n_total": 500,
      "n_valid": 500,
      "acc": 0.576,
      "f1": 0.3872832369942196,
      "pre": 0.6979166666666666,
      "recall": 0.268,
      "auroc": 0.5511520000000001,
      "optimal_threshold": 0.17531108856201172,
      "tpr_at_fpr_0_01": 0.064,
      "fpr95": 0.872,
      "aupr": 0.5905020429795944
    },
    "layer_3": {
      "n_total": 500,
      "n_valid": 500,
      "acc": 0.582,
      "f1": 0.2962962962962963,
      "pre": 0.9361702127659575,
      "recall": 0.176,
      "auroc": 0.5941120000000001,
      "optimal_threshold": 0.23216599225997925,
      "tpr_at_fpr_0_01": 0.132,
      "fpr95": 0.868,
      "aupr": 0.6362462971039058
    },
    "layer_4": {
      "n_total": 500,
      "n_valid": 500,
      "acc": 0.604,
      "f1": 0.39263803680981596,
      "pre": 0.8421052631578947,
      "recall": 0.256,
      "auroc": 0.598176,
      "optimal_threshold": 0.44031769037246704,
      "tpr_at_fpr_0_01": 0.184,
      "fpr95": 0.868,
      "aupr": 0.6568694993493875
    },
    "layer_5": {
      "n_total": 500,
      "n_valid": 500,
      "acc": 0.616,
      "f1": 0.45454545454545453,
      "pre": 0.7843137254901961,
      "recall": 0.32,
      "auroc": 0.611488,
      "optimal_threshold": 0.45962756872177124,
      "tpr_at_fpr_0_01": 0.228,
      "fpr95": 0.904,
      "aupr": 0.676970957242304
    },
    "layer_6": {
      "n_total": 500,
      "n_valid": 500,
      "acc": 0.614,
      "f1": 0.4340175953079179,
      "pre": 0.8131868131868132,
      "recall": 0.296,
      "auroc": 0.6453120000000001,
      "optimal_threshold": 0.7229937314987183,
      "tpr_at_fpr_0_01": 0.176,
      "fpr95": 0.864,
      "aupr": 0.6903094064714512
    },
    "layer_7": {
      "n_total": 500,
      "n_valid": 500,
      "acc": 0.63,
      "f1": 0.5040214477211796,
      "pre": 0.7642276422764228,
      "recall": 0.376,
      "auroc": 0.625456,
      "optimal_threshold": 0.8488270044326782,
      "tpr_at_fpr_0_01": 0.188,
      "fpr95": 0.916,
      "aupr": 0.692719682730145
    },
    "layer_8": {
      "n_total": 500,
      "n_valid": 500,
      "acc": 0.62,
      "f1": 0.4540229885057471,
      "pre": 0.8061224489795918,
      "recall": 0.316,
      "auroc": 0.6151519999999999,
      "optimal_threshold": 0.971321165561676,
      "tpr_at_fpr_0_01": 0.196,
      "fpr95": 0.908,
      "aupr": 0.683308070752233
    },
    "layer_9": {
      "n_total": 500,
      "n_valid": 500,
      "acc": 0.634,
      "f1": 0.49586776859504134,
      "pre": 0.7964601769911505,
      "recall": 0.36,
      "auroc": 0.608864,
      "optimal_threshold": 1.1612579822540283,
      "tpr_at_fpr_0_01": 0.2,
      "fpr95": 0.9,
      "aupr": 0.6833858449855006
    },
    "layer_10": {
      "n_total": 500,
      "n_valid": 500,
      "acc": 0.62,
      "f1": 0.5,
      "pre": 0.7307692307692307,
      "recall": 0.38,
      "auroc": 0.606128,
      "optimal_threshold": 1.2642698287963867,
      "tpr_at_fpr_0_01": 0.188,
      "fpr95": 0.908,
      "aupr": 0.67810128439706
    },
    "layer_11": {
      "n_total": 500,
      "n_valid": 500,
      "acc": 0.622,
      "f1": 0.4489795918367347,
      "pre": 0.8279569892473119,
      "recall": 0.308,
      "auroc": 0.6124959999999999,
      "optimal_threshold": 1.7070503234863281,
      "tpr_at_fpr_0_01": 0.18,
      "fpr95": 0.9,
      "aupr": 0.6795303491184048
    },
    "layer_12": {
      "n_total": 500,
      "n_valid": 500,
      "acc": 0.598,
      "f1": 0.3963963963963964,
      "pre": 0.7951807228915663,
      "recall": 0.264,
      "auroc": 0.578496,
      "optimal_threshold": 2.2629799842834473,
      "tpr_at_fpr_0_01": 0.172,
      "fpr95": 0.892,
      "aupr": 0.6541611178626827
    },
    "layer_13": {
      "n_total": 500,
      "n_valid": 500,
      "acc": 0.592,
      "f1": 0.32894736842105265,
      "pre": 0.9259259259259259,
      "recall": 0.2,
      "auroc": 0.565136,
      "optimal_threshold": 2.723875045776367,
      "tpr_at_fpr_0_01": 0.184,
      "fpr95": 0.908,
      "aupr": 0.6445472719768537
    },
    "layer_14": {
      "n_total": 500,
      "n_valid": 500,
      "acc": 0.594,
      "f1": 0.35555555555555557,
      "pre": 0.8615384615384616,
      "recall": 0.224,
      "auroc": 0.56888,
      "optimal_threshold": 2.5846543312072754,
      "tpr_at_fpr_0_01": 0.172,
      "fpr95": 0.888,
      "aupr": 0.6394513440692797
    },
    "layer_15": {
      "n_total": 500,
      "n_valid": 500,
      "acc": 0.6,
      "f1": 0.375,
      "pre": 0.8571428571428571,
      "recall": 0.24,
      "auroc": 0.5759839999999999,
      "optimal_threshold": 2.7812976837158203,
      "tpr_at_fpr_0_01": 0.156,
      "fpr95": 0.88,
      "aupr": 0.6485522314301404
    },
    "layer_16": {
      "n_total": 500,
      "n_valid": 500,
      "acc": 0.612,
      "f1": 0.4393063583815029,
      "pre": 0.7916666666666666,
      "recall": 0.304,
      "auroc": 0.5980960000000001,
      "optimal_threshold": 2.812488079071045,
      "tpr_at_fpr_0_01": 0.16,
      "fpr95": 0.888,
      "aupr": 0.6635014816400163
    },
    "layer_17": {
      "n_total": 500,
      "n_valid": 500,
      "acc": 0.592,
      "f1": 0.36645962732919257,
      "pre": 0.8194444444444444,
      "recall": 0.236,
      "auroc": 0.561616,
      "optimal_threshold": 3.523588180541992,
      "tpr_at_fpr_0_01": 0.136,
      "fpr95": 0.892,
      "aupr": 0.6324591433706124
    },
    "layer_18": {
      "n_total": 500,
      "n_valid": 500,
      "acc": 0.602,
      "f1": 0.42318840579710143,
      "pre": 0.7684210526315789,
      "recall": 0.292,
      "auroc": 0.567936,
      "optimal_threshold": 3.7905640602111816,
      "tpr_at_fpr_0_01": 0.148,
      "fpr95": 0.904,
      "aupr": 0.6419230148174765
    },
    "layer_19": {
      "n_total": 500,
      "n_valid": 500,
      "acc": 0.598,
      "f1": 0.45231607629427795,
      "pre": 0.7094017094017094,
      "recall": 0.332,
      "auroc": 0.5691839999999999,
      "optimal_threshold": 4.365289211273193,
      "tpr_at_fpr_0_01": 0.124,
      "fpr95": 0.884,
      "aupr": 0.6383355725025899
    },
    "layer_20": {
      "n_total": 500,
      "n_valid": 500,
      "acc": 0.596,
      "f1": 0.38414634146341464,
      "pre": 0.8076923076923077,
      "recall": 0.252,
      "auroc": 0.564384,
      "optimal_threshold": 5.649291515350342,
      "tpr_at_fpr_0_01": 0.132,
      "fpr95": 0.9,
      "aupr": 0.6382959066573478
    },
    "layer_21": {
      "n_total": 500,
      "n_valid": 500,
      "acc": 0.586,
      "f1": 0.3591331269349845,
      "pre": 0.7945205479452054,
      "recall": 0.232,
      "auroc": 0.563696,
      "optimal_threshold": 5.713871955871582,
      "tpr_at_fpr_0_01": 0.132,
      "fpr95": 0.904,
      "aupr": 0.6345226731513045
    },
    "layer_22": {
      "n_total": 500,
      "n_valid": 500,
      "acc": 0.586,
      "f1": 0.3591331269349845,
      "pre": 0.7945205479452054,
      "recall": 0.232,
      "auroc": 0.5638240000000001,
      "optimal_threshold": 6.344610691070557,
      "tpr_at_fpr_0_01": 0.124,
      "fpr95": 0.908,
      "aupr": 0.6339569475490627
    },
    "layer_23": {
      "n_total": 500,
      "n_valid": 500,
      "acc": 0.578,
      "f1": 0.3258785942492013,
      "pre": 0.8095238095238095,
      "recall": 0.204,