{
  "args": {
    "model": "llama_8b",
    "dataset": "m4_multilingual",
    "mode": "last_token",
    "centering": false,
    "prefix": false,
    "smoke_test": false,
    "ood": false,
    "ood_set": "",
    "manifold": true,
    "pca_components": 12
  },
  "steering_domain": "m4_multilingual",
  "eval_domain": "m4_multilingual",
  "n_samples": 500,
  "n_layers": 33,
  "metrics_per_layer": {
    "layer_1": {
      "n_total": 500,
      "n_valid": 500,
      "acc": 0.526,
      "f1": 0.4397163120567376,
      "pre": 0.5375722543352601,
      "recall": 0.372,
      "auroc": 0.5045360000000001,
      "optimal_threshold": 0.1626383364200592,
      "tpr_at_fpr_0_01": 0.0,
      "fpr95": 0.948,
      "aupr": 0.5159133610260473
    },
    "layer_2": {
      "n_total": 500,
      "n_valid": 500,
      "acc": 0.574,
      "f1": 0.40668523676880225,
      "pre": 0.6697247706422018,
      "recall": 0.292,
      "auroc": 0.552448,
      "optimal_threshold": 0.17198660969734192,
      "tpr_at_fpr_0_01": 0.064,
      "fpr95": 0.872,
      "aupr": 0.5932040376383387
    },
    "layer_3": {
      "n_total": 500,
      "n_valid": 500,
      "acc": 0.588,
      "f1": 0.6869300911854104,
      "pre": 0.553921568627451,
      "recall": 0.904,
      "auroc": 0.591504,
      "optimal_threshold": -0.03891545906662941,
      "tpr_at_fpr_0_01": 0.148,
      "fpr95": 0.84,
      "aupr": 0.633861228117852
    },
    "layer_4": {
      "n_total": 500,
      "n_valid": 500,
      "acc": 0.606,
      "f1": 0.39384615384615385,
      "pre": 0.8533333333333334,
      "recall": 0.256,
      "auroc": 0.59136,
      "optimal_threshold": 0.4167715609073639,
      "tpr_at_fpr_0_01": 0.184,
      "fpr95": 0.86,
      "aupr": 0.6548955619341108
    },
    "layer_5": {
      "n_total": 500,
      "n_valid": 500,
      "acc": 0.614,
      "f1": 0.40978593272171254,
      "pre": 0.8701298701298701,
      "recall": 0.268,
      "auroc": 0.611296,
      "optimal_threshold": 0.5467950701713562,
      "tpr_at_fpr_0_01": 0.224,
      "fpr95": 0.896,
      "aupr": 0.6758751820502688
    },
    "layer_6": {
      "n_total": 500,
      "n_valid": 500,
      "acc": 0.614,
      "f1": 0.4340175953079179,
      "pre": 0.8131868131868132,
      "recall": 0.296,
      "auroc": 0.646112,
      "optimal_threshold": 0.7125464677810669,
      "tpr_at_fpr_0_01": 0.164,
      "fpr95": 0.86,
      "aupr": 0.6897975511624272
    },
    "layer_7": {
      "n_total": 500,
      "n_valid": 500,
      "acc": 0.63,
      "f1": 0.4931506849315068,
      "pre": 0.782608695652174,
      "recall": 0.36,
      "auroc": 0.624464,
      "optimal_threshold": 0.8832153081893921,
      "tpr_at_fpr_0_01": 0.188,
      "fpr95": 0.92,
      "aupr": 0.692072542437781
    },
    "layer_8": {
      "n_total": 500,
      "n_valid": 500,
      "acc": 0.622,
      "f1": 0.48501362397820164,
      "pre": 0.7606837606837606,
      "recall": 0.356,
      "auroc": 0.613344,
      "optimal_threshold": 0.9045212864875793,
      "tpr_at_fpr_0_01": 0.192,
      "fpr95": 0.904,
      "aupr": 0.6823336712890531
    },
    "layer_9": {
      "n_total": 500,
      "n_valid": 500,
      "acc": 0.632,
      "f1": 0.5,
      "pre": 0.7796610169491526,
      "recall": 0.368,
      "auroc": 0.6084320000000001,
      "optimal_threshold": 1.1331027746200562,
      "tpr_at_fpr_0_01": 0.2,
      "fpr95": 0.88,
      "aupr": 0.682852303815701
    },
    "layer_10": {
      "n_total": 500,
      "n_valid": 500,
      "acc": 0.62,
      "f1": 0.5,
      "pre": 0.7307692307692307,
      "recall": 0.38,
      "auroc": 0.605408,
      "optimal_threshold": 1.2582836151123047,
      "tpr_at_fpr_0_01": 0.188,
      "fpr95": 0.904,
      "aupr": 0.6778444856708585
    },
    "layer_11": {
      "n_total": 500,
      "n_valid": 500,
      "acc": 0.62,
      "f1": 0.4444444444444444,
      "pre": 0.8260869565217391,
      "recall": 0.304,
      "auroc": 0.612304,
      "optimal_threshold": 1.6928441524505615,
      "tpr_at_fpr_0_01": 0.18,
      "fpr95": 0.9,
      "aupr": 0.6791143062385137
    },
    "layer_12": {
      "n_total": 500,
      "n_valid": 500,
      "acc": 0.596,
      "f1": 0.39156626506024095,
      "pre": 0.7926829268292683,
      "recall": 0.26,
      "auroc": 0.5782240000000001,
      "optimal_threshold": 2.2954342365264893,
      "tpr_at_fpr_0_01": 0.172,
      "fpr95": 0.892,
      "aupr": 0.653965842195789
    },
    "layer_13": {
      "n_total": 500,
      "n_valid": 500,
      "acc": 0.592,
      "f1": 0.32894736842105265,
      "pre": 0.9259259259259259,
      "recall": 0.2,
      "auroc": 0.5654560000000001,
      "optimal_threshold": 2.725076675415039,
      "tpr_at_fpr_0_01": 0.184,
      "fpr95": 0.912,
      "aupr": 0.6447486516033898
    },
    "layer_14": {
      "n_total": 500,
      "n_valid": 500,
      "acc": 0.594,
      "f1": 0.35555555555555557,
      "pre": 0.8615384615384616,
      "recall": 0.224,
      "auroc": 0.5680479999999999,
      "optimal_threshold": 2.577700614929199,
      "tpr_at_fpr_0_01": 0.172,
      "fpr95": 0.888,
      "aupr": 0.6380513372120553
    },
    "layer_15": {
      "n_total": 500,
      "n_valid": 500,
      "acc": 0.6,
      "f1": 0.375,
      "pre": 0.8571428571428571,
      "recall": 0.24,
      "auroc": 0.576176,
      "optimal_threshold": 2.792701244354248,
      "tpr_at_fpr_0_01": 0.16,
      "fpr95": 0.888,
      "aupr": 0.6485285715273355
    },
    "layer_16": {
      "n_total": 500,
      "n_valid": 500,
      "acc": 0.612,
      "f1": 0.436046511627907,
      "pre": 0.7978723404255319,
      "recall": 0.3,
      "auroc": 0.598528,
      "optimal_threshold": 2.832773208618164,
      "tpr_at_fpr_0_01": 0.16,
      "fpr95": 0.888,
      "aupr": 0.6637777437189051
    },
    "layer_17": {
      "n_total": 500,
      "n_valid": 500,
      "acc": 0.592,
      "f1": 0.36645962732919257,
      "pre": 0.8194444444444444,
      "recall": 0.236,
      "auroc": 0.561696,
      "optimal_threshold": 3.538084030151367,
      "tpr_at_fpr_0_01": 0.136,
      "fpr95": 0.892,
      "aupr": 0.6328588443788408
    },
    "layer_18": {
      "n_total": 500,
      "n_valid": 500,
      "acc": 0.602,
      "f1": 0.42318840579710143,
      "pre": 0.7684210526315789,
      "recall": 0.292,
      "auroc": 0.5700959999999999,
      "optimal_threshold": 3.8377294540405273,
      "tpr_at_fpr_0_01": 0.16,
      "fpr95": 0.904,
      "aupr": 0.6447076562896694
    },
    "layer_19": {
      "n_total": 500,
      "n_valid": 500,
      "acc": 0.598,
      "f1": 0.4462809917355372,
      "pre": 0.7168141592920354,
      "recall": 0.324,
      "auroc": 0.568912,
      "optimal_threshold": 4.432850360870361,
      "tpr_at_fpr_0_01": 0.132,
      "fpr95": 0.888,
      "aupr": 0.6404332580734056
    },
    "layer_20": {
      "n_total": 500,
      "n_valid": 500,
      "acc": 0.598,
      "f1": 0.3963963963963964,
      "pre": 0.7951807228915663,
      "recall": 0.264,
      "auroc": 0.5667519999999999,
      "optimal_threshold": 5.620851516723633,
      "tpr_at_fpr_0_01": 0.144,
      "fpr95": 0.9,
      "aupr": 0.6419652481244758
    },
    "layer_21": {
      "n_total": 500,
      "n_valid": 500,
      "acc": 0.588,
      "f1": 0.36419753086419754,
      "pre": 0.7972972972972973,
      "recall": 0.236,
      "auroc": 0.56376,
      "optimal_threshold": 5.731789588928223,
      "tpr_at_fpr_0_01": 0.132,
      "fpr95": 0.904,
      "aupr": 0.6353350724952785
    },
    "layer_22": {
      "n_total": 500,
      "n_valid": 500,
      "acc": 0.586,
      "f1": 0.41025641025641024,
      "pre": 0.7128712871287128,
      "recall": 0.288,
      "auroc": 0.566384,
      "optimal_threshold": 5.950651168823242,
      "tpr_at_fpr_0_01": 0.124,
      "fpr95": 0.908,
      "aupr": 0.6358124745592405
    },
    "layer_23": {
      "n_total": 500,
      "n_valid": 500,
      "acc": 0.578,
      "f1": 0.3215434083601286,
      "pre": 0.819672131147541,
      "recall": 0.2,
      "auroc": 0.5612000000000001,