{
  "args": {
    "model": "llama_8b",
    "dataset": "editlens",
    "mode": "m_logistic",
    "token_mode": "last_token",
    "prefix": false,
    "smoke_test": false,
    "ood": [],
    "pca_components": 25,
    "normalize_scores": true,
    "ablation_set": "human",
    "manifold": true
  },
  "steering_domain": "editlens",
  "eval_domain": "editlens",
  "n_samples": 500,
  "n_layers": 33,
  "metrics_per_layer": {
    "layer_1": {
      "n_total": 500,
      "n_valid": 500,
      "n_val_total": 500,
      "n_val_valid": 500,
      "acc": 0.6,
      "f1": 0.6855345911949685,
      "pre": 0.5647668393782384,
      "recall": 0.872,
      "auroc": 0.621384,
      "optimal_threshold": 0.4875434637069702,
      "tpr_at_fpr_0_01": 0.0,
      "fpr95": 0.824,
      "aupr": 0.5744892743607335
    },
    "layer_2": {
      "n_total": 500,
      "n_valid": 500,
      "n_val_total": 500,
      "n_val_valid": 500,
      "acc": 0.708,
      "f1": 0.688034188034188,
      "pre": 0.7385321100917431,
      "recall": 0.644,
      "auroc": 0.762688,
      "optimal_threshold": 0.5581300258636475,
      "tpr_at_fpr_0_01": 0.116,
      "fpr95": 0.736,
      "aupr": 0.7682236811475197
    },
    "layer_3": {
      "n_total": 500,
      "n_valid": 500,
      "n_val_total": 500,
      "n_val_valid": 500,
      "acc": 0.718,
      "f1": 0.7272727272727273,
      "pre": 0.704119850187266,
      "recall": 0.752,
      "auroc": 0.782448,
      "optimal_threshold": 0.5012598037719727,
      "tpr_at_fpr_0_01": 0.12,
      "fpr95": 0.78,
      "aupr": 0.79046279048381
    },
    "layer_4": {
      "n_total": 500,
      "n_valid": 500,
      "n_val_total": 500,
      "n_val_valid": 500,
      "acc": 0.762,
      "f1": 0.75564681724846,
      "pre": 0.7763713080168776,
      "recall": 0.736,
      "auroc": 0.83056,
      "optimal_threshold": 0.42342883348464966,
      "tpr_at_fpr_0_01": 0.192,
      "fpr95": 0.8,
      "aupr": 0.8500767812855178
    },
    "layer_5": {
      "n_total": 500,
      "n_valid": 500,
      "n_val_total": 500,
      "n_val_valid": 500,
      "acc": 0.788,
      "f1": 0.7937743190661478,
      "pre": 0.7727272727272727,
      "recall": 0.816,
      "auroc": 0.873088,
      "optimal_threshold": 0.4198819398880005,
      "tpr_at_fpr_0_01": 0.344,
      "fpr95": 0.664,
      "aupr": 0.888509454894374
    },
    "layer_6": {
      "n_total": 500,
      "n_valid": 500,
      "n_val_total": 500,
      "n_val_valid": 500,
      "acc": 0.818,
      "f1": 0.814663951120163,
      "pre": 0.8298755186721992,
      "recall": 0.8,
      "auroc": 0.899392,
      "optimal_threshold": 0.48432525992393494,
      "tpr_at_fpr_0_01": 0.52,
      "fpr95": 0.556,
      "aupr": 0.9139520990016281
    },
    "layer_7": {
      "n_total": 500,
      "n_valid": 500,
      "n_val_total": 500,
      "n_val_valid": 500,
      "acc": 0.806,
      "f1": 0.7858719646799117,
      "pre": 0.8768472906403941,
      "recall": 0.712,
      "auroc": 0.8859840000000001,
      "optimal_threshold": 0.44990310072898865,
      "tpr_at_fpr_0_01": 0.504,
      "fpr95": 0.544,
      "aupr": 0.9037472418189576
    },
    "layer_8": {
      "n_total": 500,
      "n_valid": 500,
      "n_val_total": 500,
      "n_val_valid": 500,
      "acc": 0.802,
      "f1": 0.7843137254901961,
      "pre": 0.861244019138756,
      "recall": 0.72,
      "auroc": 0.896896,
      "optimal_threshold": 0.45631521940231323,
      "tpr_at_fpr_0_01": 0.444,
      "fpr95": 0.464,
      "aupr": 0.9081277602283233
    },
    "layer_9": {
      "n_total": 500,
      "n_valid": 500,
      "n_val_total": 500,
      "n_val_valid": 500,
      "acc": 0.776,
      "f1": 0.7307692307692307,
      "pre": 0.9156626506024096,
      "recall": 0.608,
      "auroc": 0.8804319999999999,
      "optimal_threshold": 0.4630526304244995,
      "tpr_at_fpr_0_01": 0.44,
      "fpr95": 0.512,
      "aupr": 0.8972590088503228
    },
    "layer_10": {
      "n_total": 500,
      "n_valid": 500,
      "n_val_total": 500,
      "n_val_valid": 500,
      "acc": 0.79,
      "f1": 0.782608695652174,
      "pre": 0.8111587982832618,
      "recall": 0.756,
      "auroc": 0.8750079999999999,
      "optimal_threshold": 0.4239930510520935,
      "tpr_at_fpr_0_01": 0.532,
      "fpr95": 0.632,
      "aupr": 0.8974856260605759
    },
    "layer_11": {
      "n_total": 500,
      "n_valid": 500,
      "n_val_total": 500,
      "n_val_valid": 500,
      "acc": 0.826,
      "f1": 0.8053691275167785,
      "pre": 0.9137055837563451,
      "recall": 0.72,
      "auroc": 0.918032,
      "optimal_threshold": 0.43421491980552673,
      "tpr_at_fpr_0_01": 0.6,
      "fpr95": 0.44,
      "aupr": 0.9322896853284788
    },
    "layer_12": {
      "n_total": 500,
      "n_valid": 500,
      "n_val_total": 500,
      "n_val_valid": 500,
      "acc": 0.81,
      "f1": 0.7855530474040632,
      "pre": 0.9015544041450777,
      "recall": 0.696,
      "auroc": 0.907984,
      "optimal_threshold": 0.455325722694397,
      "tpr_at_fpr_0_01": 0.58,
      "fpr95": 0.472,
      "aupr": 0.9242323181065911
    },
    "layer_13": {
      "n_total": 500,
      "n_valid": 500,
      "n_val_total": 500,
      "n_val_valid": 500,
      "acc": 0.82,
      "f1": 0.8051948051948052,
      "pre": 0.8773584905660378,
      "recall": 0.744,
      "auroc": 0.910096,
      "optimal_threshold": 0.4204429090023041,
      "tpr_at_fpr_0_01": 0.588,
      "fpr95": 0.496,
      "aupr": 0.9264955821976839
    },
    "layer_14": {
      "n_total": 500,
      "n_valid": 500,
      "n_val_total": 500,
      "n_val_valid": 500,
      "acc": 0.792,
      "f1": 0.7581395348837209,
      "pre": 0.9055555555555556,
      "recall": 0.652,
      "auroc": 0.8868479999999999,
      "optimal_threshold": 0.48834630846977234,
      "tpr_at_fpr_0_01": 0.524,
      "fpr95": 0.632,
      "aupr": 0.9077364166425059
    },
    "layer_15": {
      "n_total": 500,
      "n_valid": 500,
      "n_val_total": 500,
      "n_val_valid": 500,
      "acc": 0.792,
      "f1": 0.7647058823529411,
      "pre": 0.8802083333333334,
      "recall": 0.676,
      "auroc": 0.886304,
      "optimal_threshold": 0.4368419051170349,
      "tpr_at_fpr_0_01": 0.564,
      "fpr95": 0.604,
      "aupr": 0.9087721441683052
    },
    "layer_16": {
      "n_total": 500,
      "n_valid": 500,
      "n_val_total": 500,
      "n_val_valid": 500,
      "acc": 0.79,
      "f1": 0.7640449438202247,
      "pre": 0.8717948717948718,
      "recall": 0.68,
      "auroc": 0.88032,
      "optimal_threshold": 0.4513457119464874,
      "tpr_at_fpr_0_01": 0.524,
      "fpr95": 0.596,
      "aupr": 0.9049581195191883
    },
    "layer_17": {
      "n_total": 500,
      "n_valid": 500,
      "n_val_total": 500,
      "n_val_valid": 500,
      "acc": 0.808,
      "f1": 0.7876106194690266,
      "pre": 0.8811881188118812,
      "recall": 0.712,
      "auroc": 0.89696,
      "optimal_threshold": 0.43905919790267944,
      "tpr_at_fpr_0_01": 0.572,
      "fpr95": 0.604,
      "aupr": 0.9195126105294027
    },
    "layer_18": {
      "n_total": 500,
      "n_valid": 500,
      "n_val_total": 500,
      "n_val_valid": 500,
      "acc": 0.836,
      "f1": 0.8291666666666667,
      "pre": 0.8652173913043478,
      "recall": 0.796,
      "auroc": 0.896096,
      "optimal_threshold": 0.3761739432811737,
      "tpr_at_fpr_0_01": 0.576,
      "fpr95": 0.584,
      "aupr": 0.9187222343345661
    },
    "layer_19": {
      "n_total": 500,
      "n_valid": 500,
      "n_val_total": 500,
      "n_val_valid": 500,
      "acc": 0.836,
      "f1": 0.8346774193548387,
      "pre": 0.8414634146341463,
      "recall": 0.828,
      "auroc": 0.906992,
      "optimal_threshold": 0.37447389960289,
      "tpr_at_fpr_0_01": 0.552,
      "fpr95": 0.536,
      "aupr": 0.9255608523502787
    },
    "layer_20": {
      "n_total": 500,
      "n_valid": 500,
      "n_val_total": 500,
      "n_val_valid": 500,
      "acc": 0.824,
      "f1": 0.8078602620087336,
      "pre": 0.8894230769230769,