{
  "args": {
    "model": "llama_8b",
    "dataset": "editlens",
    "mode": "m_logistic",
    "token_mode": "last_token",
    "prefix": false,
    "smoke_test": false,
    "ood": [],
    "pca_components": 100,
    "normalize_scores": true,
    "ablation_set": "human",
    "manifold": true
  },
  "steering_domain": "editlens",
  "eval_domain": "editlens",
  "n_samples": 500,
  "n_layers": 33,
  "metrics_per_layer": {
    "layer_1": {
      "n_total": 500,
      "n_valid": 500,
      "n_val_total": 500,
      "n_val_valid": 500,
      "acc": 0.61,
      "f1": 0.6909667194928685,
      "pre": 0.5721784776902887,
      "recall": 0.872,
      "auroc": 0.6225200000000001,
      "optimal_threshold": 0.5161710977554321,
      "tpr_at_fpr_0_01": 0.0,
      "fpr95": 0.828,
      "aupr": 0.5748773473765773
    },
    "layer_2": {
      "n_total": 500,
      "n_valid": 500,
      "n_val_total": 500,
      "n_val_valid": 500,
      "acc": 0.734,
      "f1": 0.7223382045929019,
      "pre": 0.7554585152838428,
      "recall": 0.692,
      "auroc": 0.7987839999999999,
      "optimal_threshold": 0.5068574547767639,
      "tpr_at_fpr_0_01": 0.232,
      "fpr95": 0.768,
      "aupr": 0.825495907115077
    },
    "layer_3": {
      "n_total": 500,
      "n_valid": 500,
      "n_val_total": 500,
      "n_val_valid": 500,
      "acc": 0.746,
      "f1": 0.7590132827324478,
      "pre": 0.7220216606498195,
      "recall": 0.8,
      "auroc": 0.820352,
      "optimal_threshold": 0.4420330226421356,
      "tpr_at_fpr_0_01": 0.2,
      "fpr95": 0.76,
      "aupr": 0.8374818160641633
    },
    "layer_4": {
      "n_total": 500,
      "n_valid": 500,
      "n_val_total": 500,
      "n_val_valid": 500,
      "acc": 0.78,
      "f1": 0.7429906542056075,
      "pre": 0.8932584269662921,
      "recall": 0.636,
      "auroc": 0.8665760000000001,
      "optimal_threshold": 0.5383251905441284,
      "tpr_at_fpr_0_01": 0.316,
      "fpr95": 0.724,
      "aupr": 0.8854107696672737
    },
    "layer_5": {
      "n_total": 500,
      "n_valid": 500,
      "n_val_total": 500,
      "n_val_valid": 500,
      "acc": 0.826,
      "f1": 0.8160676532769556,
      "pre": 0.8654708520179372,
      "recall": 0.772,
      "auroc": 0.9067679999999999,
      "optimal_threshold": 0.4454743564128876,
      "tpr_at_fpr_0_01": 0.472,
      "fpr95": 0.508,
      "aupr": 0.9196620388953425
    },
    "layer_6": {
      "n_total": 500,
      "n_valid": 500,
      "n_val_total": 500,
      "n_val_valid": 500,
      "acc": 0.85,
      "f1": 0.8459958932238193,
      "pre": 0.869198312236287,
      "recall": 0.824,
      "auroc": 0.920432,
      "optimal_threshold": 0.3806605339050293,
      "tpr_at_fpr_0_01": 0.584,
      "fpr95": 0.48,
      "aupr": 0.9329194454201691
    },
    "layer_7": {
      "n_total": 500,
      "n_valid": 500,
      "n_val_total": 500,
      "n_val_valid": 500,
      "acc": 0.84,
      "f1": 0.8367346938775511,
      "pre": 0.8541666666666666,
      "recall": 0.82,
      "auroc": 0.9071520000000001,
      "optimal_threshold": 0.37939754128456116,
      "tpr_at_fpr_0_01": 0.524,
      "fpr95": 0.564,
      "aupr": 0.9243006097104995
    },
    "layer_8": {
      "n_total": 500,
      "n_valid": 500,
      "n_val_total": 500,
      "n_val_valid": 500,
      "acc": 0.836,
      "f1": 0.8319672131147541,
      "pre": 0.8529411764705882,
      "recall": 0.812,
      "auroc": 0.90984,
      "optimal_threshold": 0.45025280117988586,
      "tpr_at_fpr_0_01": 0.568,
      "fpr95": 0.54,
      "aupr": 0.9263839962159088
    },
    "layer_9": {
      "n_total": 500,
      "n_valid": 500,
      "n_val_total": 500,
      "n_val_valid": 500,
      "acc": 0.808,
      "f1": 0.7966101694915254,
      "pre": 0.8468468468468469,
      "recall": 0.752,
      "auroc": 0.8890720000000002,
      "optimal_threshold": 0.4257373809814453,
      "tpr_at_fpr_0_01": 0.496,
      "fpr95": 0.656,
      "aupr": 0.9110465502819707
    },
    "layer_10": {
      "n_total": 500,
      "n_valid": 500,
      "n_val_total": 500,
      "n_val_valid": 500,
      "acc": 0.818,
      "f1": 0.8084210526315789,
      "pre": 0.8533333333333334,
      "recall": 0.768,
      "auroc": 0.889248,
      "optimal_threshold": 0.45824480056762695,
      "tpr_at_fpr_0_01": 0.564,
      "fpr95": 0.704,
      "aupr": 0.9144322487563626
    },
    "layer_11": {
      "n_total": 500,
      "n_valid": 500,
      "n_val_total": 500,
      "n_val_valid": 500,
      "acc": 0.852,
      "f1": 0.8445378151260504,
      "pre": 0.8893805309734514,
      "recall": 0.804,
      "auroc": 0.9173760000000001,
      "optimal_threshold": 0.4553576409816742,
      "tpr_at_fpr_0_01": 0.564,
      "fpr95": 0.54,
      "aupr": 0.9349726301224016
    },
    "layer_12": {
      "n_total": 500,
      "n_valid": 500,
      "n_val_total": 500,
      "n_val_valid": 500,
      "acc": 0.846,
      "f1": 0.8392484342379958,
      "pre": 0.8777292576419214,
      "recall": 0.804,
      "auroc": 0.9157120000000001,
      "optimal_threshold": 0.4607541263103485,
      "tpr_at_fpr_0_01": 0.54,
      "fpr95": 0.592,
      "aupr": 0.9317880737632415
    },
    "layer_13": {
      "n_total": 500,
      "n_valid": 500,
      "n_val_total": 500,
      "n_val_valid": 500,
      "acc": 0.852,
      "f1": 0.8418803418803419,
      "pre": 0.9036697247706422,
      "recall": 0.788,
      "auroc": 0.912624,
      "optimal_threshold": 0.48860964179039,
      "tpr_at_fpr_0_01": 0.588,
      "fpr95": 0.6,
      "aupr": 0.9333392098540492
    },
    "layer_14": {
      "n_total": 500,
      "n_valid": 500,
      "n_val_total": 500,
      "n_val_valid": 500,
      "acc": 0.822,
      "f1": 0.81419624217119,
      "pre": 0.851528384279476,
      "recall": 0.78,
      "auroc": 0.895008,
      "optimal_threshold": 0.44623515009880066,
      "tpr_at_fpr_0_01": 0.516,
      "fpr95": 0.624,
      "aupr": 0.9159266177389673
    },
    "layer_15": {
      "n_total": 500,
      "n_valid": 500,
      "n_val_total": 500,
      "n_val_valid": 500,
      "acc": 0.834,
      "f1": 0.8302658486707567,
      "pre": 0.8493723849372385,
      "recall": 0.812,
      "auroc": 0.906432,
      "optimal_threshold": 0.40080422163009644,
      "tpr_at_fpr_0_01": 0.548,
      "fpr95": 0.552,
      "aupr": 0.925579297345227
    },
    "layer_16": {
      "n_total": 500,
      "n_valid": 500,
      "n_val_total": 500,
      "n_val_valid": 500,
      "acc": 0.816,
      "f1": 0.8181818181818182,
      "pre": 0.80859375,
      "recall": 0.828,
      "auroc": 0.904992,
      "optimal_threshold": 0.4391877055168152,
      "tpr_at_fpr_0_01": 0.568,
      "fpr95": 0.512,
      "aupr": 0.9252013002186962
    },
    "layer_17": {
      "n_total": 500,
      "n_valid": 500,
      "n_val_total": 500,
      "n_val_valid": 500,
      "acc": 0.826,
      "f1": 0.8242424242424242,
      "pre": 0.8326530612244898,
      "recall": 0.816,
      "auroc": 0.908784,
      "optimal_threshold": 0.4079298675060272,
      "tpr_at_fpr_0_01": 0.604,
      "fpr95": 0.544,
      "aupr": 0.929537050709263
    },
    "layer_18": {
      "n_total": 500,
      "n_valid": 500,
      "n_val_total": 500,
      "n_val_valid": 500,
      "acc": 0.832,
      "f1": 0.8306451612903226,
      "pre": 0.8373983739837398,
      "recall": 0.824,
      "auroc": 0.91264,
      "optimal_threshold": 0.4495941400527954,
      "tpr_at_fpr_0_01": 0.632,
      "fpr95": 0.544,
      "aupr": 0.933616008708686
    },
    "layer_19": {
      "n_total": 500,
      "n_valid": 500,
      "n_val_total": 500,
      "n_val_valid": 500,
      "acc": 0.862,
      "f1": 0.8628230616302187,
      "pre": 0.857707509881423,
      "recall": 0.868,
      "auroc": 0.9189919999999999,
      "optimal_threshold": 0.43148356676101685,
      "tpr_at_fpr_0_01": 0.568,
      "fpr95": 0.548,
      "aupr": 0.9349082188062124
    },
    "layer_20": {
      "n_total": 500,
      "n_valid": 500,
      "n_val_total": 500,
      "n_val_valid": 500,
      "acc": 0.852,