{
  "args": {
    "model": "llama_8b",
    "dataset": "multisocial_en",
    "mode": "ldp_by_layer",
    "token_mode": "last_token",
    "prefix": false,
    "smoke_test": false,
    "ood": [
      "multisocial_ar"
    ],
    "pca_components": 25,
    "normalize_scores": true,
    "ablation_set": "human",
    "manifold": true
  },
  "steering_domain": "multisocial_en",
  "eval_domain": "multisocial_ar",
  "n_samples": 500,
  "n_layers": 33,
  "metrics_per_layer": {
    "layer_1": {
      "n_total": 500,
      "n_valid": 500,
      "n_val_total": 500,
      "n_val_valid": 500,
      "acc": 0.634,
      "f1": 0.4930747922437673,
      "pre": 0.8018018018018018,
      "recall": 0.356,
      "auroc": 0.680312,
      "optimal_threshold": 0.5447033047676086,
      "tpr_at_fpr_0_01": 0.0,
      "fpr95": 0.892,
      "aupr": 0.7074893233105093
    },
    "layer_2": {
      "n_total": 500,
      "n_valid": 500,
      "n_val_total": 500,
      "n_val_valid": 500,
      "acc": 0.662,
      "f1": 0.5633074935400517,
      "pre": 0.7956204379562044,
      "recall": 0.436,
      "auroc": 0.6716,
      "optimal_threshold": 0.4701993465423584,
      "tpr_at_fpr_0_01": 0.16,
      "fpr95": 0.844,
      "aupr": 0.7223307712101428
    },
    "layer_3": {
      "n_total": 500,
      "n_valid": 500,
      "n_val_total": 500,
      "n_val_valid": 500,
      "acc": 0.66,
      "f1": 0.5572916666666666,
      "pre": 0.7985074626865671,
      "recall": 0.428,
      "auroc": 0.7536160000000001,
      "optimal_threshold": 0.42217299342155457,
      "tpr_at_fpr_0_01": 0.124,
      "fpr95": 0.768,
      "aupr": 0.7632107723397765
    },
    "layer_4": {
      "n_total": 500,
      "n_valid": 500,
      "n_val_total": 500,
      "n_val_valid": 500,
      "acc": 0.646,
      "f1": 0.512396694214876,
      "pre": 0.8230088495575221,
      "recall": 0.372,
      "auroc": 0.7394239999999999,
      "optimal_threshold": 0.5858829617500305,
      "tpr_at_fpr_0_01": 0.148,
      "fpr95": 0.888,
      "aupr": 0.7676843264362816
    },
    "layer_5": {
      "n_total": 500,
      "n_valid": 500,
      "n_val_total": 500,
      "n_val_valid": 500,
      "acc": 0.67,
      "f1": 0.578005115089514,
      "pre": 0.8014184397163121,
      "recall": 0.452,
      "auroc": 0.77704,
      "optimal_threshold": 0.3911903500556946,
      "tpr_at_fpr_0_01": 0.116,
      "fpr95": 0.816,
      "aupr": 0.7820898909099843
    },
    "layer_6": {
      "n_total": 500,
      "n_valid": 500,
      "n_val_total": 500,
      "n_val_valid": 500,
      "acc": 0.666,
      "f1": 0.5728900255754475,
      "pre": 0.7943262411347518,
      "recall": 0.448,
      "auroc": 0.798624,
      "optimal_threshold": 0.37207961082458496,
      "tpr_at_fpr_0_01": 0.192,
      "fpr95": 0.848,
      "aupr": 0.8019708786576158
    },
    "layer_7": {
      "n_total": 500,
      "n_valid": 500,
      "n_val_total": 500,
      "n_val_valid": 500,
      "acc": 0.668,
      "f1": 0.576530612244898,
      "pre": 0.795774647887324,
      "recall": 0.452,
      "auroc": 0.774272,
      "optimal_threshold": 0.379913866519928,
      "tpr_at_fpr_0_01": 0.128,
      "fpr95": 0.896,
      "aupr": 0.7871518485271162
    },
    "layer_8": {
      "n_total": 500,
      "n_valid": 500,
      "n_val_total": 500,
      "n_val_valid": 500,
      "acc": 0.642,
      "f1": 0.49002849002849,
      "pre": 0.8514851485148515,
      "recall": 0.344,
      "auroc": 0.7916160000000001,
      "optimal_threshold": 0.5419449806213379,
      "tpr_at_fpr_0_01": 0.092,
      "fpr95": 0.776,
      "aupr": 0.7913535415757103
    },
    "layer_9": {
      "n_total": 500,
      "n_valid": 500,
      "n_val_total": 500,
      "n_val_valid": 500,
      "acc": 0.65,
      "f1": 0.5205479452054794,
      "pre": 0.8260869565217391,
      "recall": 0.38,
      "auroc": 0.778928,
      "optimal_threshold": 0.4993734657764435,
      "tpr_at_fpr_0_01": 0.132,
      "fpr95": 0.8,
      "aupr": 0.7844748668111599
    },
    "layer_10": {
      "n_total": 500,
      "n_valid": 500,
      "n_val_total": 500,
      "n_val_valid": 500,
      "acc": 0.66,
      "f1": 0.5454545454545454,
      "pre": 0.8225806451612904,
      "recall": 0.408,
      "auroc": 0.770176,
      "optimal_threshold": 0.430639386177063,
      "tpr_at_fpr_0_01": 0.128,
      "fpr95": 0.864,
      "aupr": 0.7833841079992545
    },
    "layer_11": {
      "n_total": 500,
      "n_valid": 500,
      "n_val_total": 500,
      "n_val_valid": 500,
      "acc": 0.668,
      "f1": 0.5561497326203209,
      "pre": 0.8387096774193549,
      "recall": 0.416,
      "auroc": 0.8002239999999999,
      "optimal_threshold": 0.41097792983055115,
      "tpr_at_fpr_0_01": 0.124,
      "fpr95": 0.792,
      "aupr": 0.8014700650257978
    },
    "layer_12": {
      "n_total": 500,
      "n_valid": 500,
      "n_val_total": 500,
      "n_val_valid": 500,
      "acc": 0.666,
      "f1": 0.5570291777188329,
      "pre": 0.8267716535433071,
      "recall": 0.42,
      "auroc": 0.7865120000000001,
      "optimal_threshold": 0.41465574502944946,
      "tpr_at_fpr_0_01": 0.112,
      "fpr95": 0.808,
      "aupr": 0.7894991951846486
    },
    "layer_13": {
      "n_total": 500,
      "n_valid": 500,
      "n_val_total": 500,
      "n_val_valid": 500,
      "acc": 0.628,
      "f1": 0.44642857142857145,
      "pre": 0.872093023255814,
      "recall": 0.3,
      "auroc": 0.7580159999999999,
      "optimal_threshold": 0.5182271599769592,
      "tpr_at_fpr_0_01": 0.116,
      "fpr95": 0.832,
      "aupr": 0.7740554543324545
    },
    "layer_14": {
      "n_total": 500,
      "n_valid": 500,
      "n_val_total": 500,
      "n_val_valid": 500,
      "acc": 0.674,
      "f1": 0.5831202046035806,
      "pre": 0.8085106382978723,
      "recall": 0.456,
      "auroc": 0.7503839999999999,
      "optimal_threshold": 0.3560708165168762,
      "tpr_at_fpr_0_01": 0.14,
      "fpr95": 0.82,
      "aupr": 0.7703800779627266
    },
    "layer_15": {
      "n_total": 500,
      "n_valid": 500,
      "n_val_total": 500,
      "n_val_valid": 500,
      "acc": 0.638,
      "f1": 0.47230320699708456,
      "pre": 0.8709677419354839,
      "recall": 0.324,
      "auroc": 0.80816,
      "optimal_threshold": 0.42987868189811707,
      "tpr_at_fpr_0_01": 0.172,
      "fpr95": 0.744,
      "aupr": 0.8083445991905293
    },
    "layer_16": {
      "n_total": 500,
      "n_valid": 500,
      "n_val_total": 500,
      "n_val_valid": 500,
      "acc": 0.644,
      "f1": 0.5,
      "pre": 0.839622641509434,
      "recall": 0.356,
      "auroc": 0.808112,
      "optimal_threshold": 0.41162043809890747,
      "tpr_at_fpr_0_01": 0.168,
      "fpr95": 0.776,
      "aupr": 0.8104470297997208
    },
    "layer_17": {
      "n_total": 500,
      "n_valid": 500,
      "n_val_total": 500,
      "n_val_valid": 500,
      "acc": 0.656,
      "f1": 0.5376344086021505,
      "pre": 0.819672131147541,
      "recall": 0.4,
      "auroc": 0.7966559999999998,
      "optimal_threshold": 0.34073391556739807,
      "tpr_at_fpr_0_01": 0.192,
      "fpr95": 0.752,
      "aupr": 0.804295430950628
    },
    "layer_18": {
      "n_total": 500,
      "n_valid": 500,
      "n_val_total": 500,
      "n_val_valid": 500,
      "acc": 0.654,
      "f1": 0.5260273972602739,
      "pre": 0.8347826086956521,
      "recall": 0.384,
      "auroc": 0.791264,
      "optimal_threshold": 0.3660029172897339,
      "tpr_at_fpr_0_01": 0.184,
      "fpr95": 0.78,
      "aupr": 0.8063482222611414
    },
    "layer_19": {
      "n_total": 500,
      "n_valid": 500,
      "n_val_total": 500,
      "n_val_valid": 500,
      "acc": 0.664,
      "f1": 0.5483870967741935,
      "pre": 0.8360655737704918,
      "recall": 0.408,
      "auroc": 0.787424,
      "optimal_threshold": 0.32703033089637756,
      "tpr_at_fpr_0_01": 0.148,
      "fpr95": 0.796,
      "aupr": 0.8017215788341123
    },
    "layer_20": {
      "n_total": 500,
      "n_valid": 500,
      "n_val_total": 500,
      "n_val_valid": 500,