{
  "args": {
    "model": "llama_8b",
    "dataset": "multisocial_full",
    "mode": "clean_topic_val",
    "token_mode": "last_token",
    "prefix": false,
    "smoke_test": false,
    "ood": [],
    "pca_components": 0,
    "normalize_scores": true,
    "ablation_set": "human",
    "manifold": true
  },
  "steering_domain": "multisocial_full",
  "eval_domain": "multisocial_full",
  "n_samples": 500,
  "n_layers": 33,
  "metrics_per_layer": {
    "layer_1": {
      "n_total": 500,
      "n_valid": 500,
      "n_val_total": 500,
      "n_val_valid": 500,
      "acc": 0.694,
      "f1": 0.6845360824742268,
      "pre": 0.7063829787234043,
      "recall": 0.664,
      "auroc": 0.753272,
      "optimal_threshold": 0.5494476556777954,
      "tpr_at_fpr_0_01": 0.0,
      "fpr95": 0.856,
      "aupr": 0.7670220186127262
    },
    "layer_2": {
      "n_total": 500,
      "n_valid": 500,
      "n_val_total": 500,
      "n_val_valid": 500,
      "acc": 0.734,
      "f1": 0.7407407407407407,
      "pre": 0.7224334600760456,
      "recall": 0.76,
      "auroc": 0.8106879999999999,
      "optimal_threshold": 0.5509264469146729,
      "tpr_at_fpr_0_01": 0.076,
      "fpr95": 0.736,
      "aupr": 0.8096902630771319
    },
    "layer_3": {
      "n_total": 500,
      "n_valid": 500,
      "n_val_total": 500,
      "n_val_valid": 500,
      "acc": 0.748,
      "f1": 0.7319148936170212,
      "pre": 0.7818181818181819,
      "recall": 0.688,
      "auroc": 0.8334240000000002,
      "optimal_threshold": 0.6299542784690857,
      "tpr_at_fpr_0_01": 0.268,
      "fpr95": 0.628,
      "aupr": 0.8359647984070147
    },
    "layer_4": {
      "n_total": 500,
      "n_valid": 500,
      "n_val_total": 500,
      "n_val_valid": 500,
      "acc": 0.686,
      "f1": 0.7108655616942909,
      "pre": 0.658703071672355,
      "recall": 0.772,
      "auroc": 0.7863359999999999,
      "optimal_threshold": 0.41813957691192627,
      "tpr_at_fpr_0_01": 0.24,
      "fpr95": 0.764,
      "aupr": 0.8132303234038962
    },
    "layer_5": {
      "n_total": 500,
      "n_valid": 500,
      "n_val_total": 500,
      "n_val_valid": 500,
      "acc": 0.702,
      "f1": 0.7255985267034991,
      "pre": 0.6723549488054608,
      "recall": 0.788,
      "auroc": 0.80968,
      "optimal_threshold": 0.3362581133842468,
      "tpr_at_fpr_0_01": 0.232,
      "fpr95": 0.636,
      "aupr": 0.8279963455290074
    },
    "layer_6": {
      "n_total": 500,
      "n_valid": 500,
      "n_val_total": 500,
      "n_val_valid": 500,
      "acc": 0.722,
      "f1": 0.7258382642998028,
      "pre": 0.7159533073929961,
      "recall": 0.736,
      "auroc": 0.829392,
      "optimal_threshold": 0.39592400193214417,
      "tpr_at_fpr_0_01": 0.236,
      "fpr95": 0.62,
      "aupr": 0.8404282251761614
    },
    "layer_7": {
      "n_total": 500,
      "n_valid": 500,
      "n_val_total": 500,
      "n_val_valid": 500,
      "acc": 0.704,
      "f1": 0.7131782945736435,
      "pre": 0.6917293233082706,
      "recall": 0.736,
      "auroc": 0.8271199999999999,
      "optimal_threshold": 0.37229329347610474,
      "tpr_at_fpr_0_01": 0.128,
      "fpr95": 0.568,
      "aupr": 0.8315381496449534
    },
    "layer_8": {
      "n_total": 500,
      "n_valid": 500,
      "n_val_total": 500,
      "n_val_valid": 500,
      "acc": 0.764,
      "f1": 0.7620967741935484,
      "pre": 0.7682926829268293,
      "recall": 0.756,
      "auroc": 0.855648,
      "optimal_threshold": 0.4335349202156067,
      "tpr_at_fpr_0_01": 0.224,
      "fpr95": 0.528,
      "aupr": 0.8600075359305971
    },
    "layer_9": {
      "n_total": 500,
      "n_valid": 500,
      "n_val_total": 500,
      "n_val_valid": 500,
      "acc": 0.768,
      "f1": 0.7827715355805244,
      "pre": 0.7359154929577465,
      "recall": 0.836,
      "auroc": 0.8586720000000001,
      "optimal_threshold": 0.4071078896522522,
      "tpr_at_fpr_0_01": 0.224,
      "fpr95": 0.552,
      "aupr": 0.8635965517229875
    },
    "layer_10": {
      "n_total": 500,
      "n_valid": 500,
      "n_val_total": 500,
      "n_val_valid": 500,
      "acc": 0.768,
      "f1": 0.7835820895522388,
      "pre": 0.7342657342657343,
      "recall": 0.84,
      "auroc": 0.8592,
      "optimal_threshold": 0.3887716233730316,
      "tpr_at_fpr_0_01": 0.284,
      "fpr95": 0.532,
      "aupr": 0.8638847241362044
    },
    "layer_11": {
      "n_total": 500,
      "n_valid": 500,
      "n_val_total": 500,
      "n_val_valid": 500,
      "acc": 0.776,
      "f1": 0.7925925925925926,
      "pre": 0.7379310344827587,
      "recall": 0.856,
      "auroc": 0.863888,
      "optimal_threshold": 0.3715722858905792,
      "tpr_at_fpr_0_01": 0.236,
      "fpr95": 0.52,
      "aupr": 0.8689500722120971
    },
    "layer_12": {
      "n_total": 500,
      "n_valid": 500,
      "n_val_total": 500,
      "n_val_valid": 500,
      "acc": 0.768,
      "f1": 0.7456140350877193,
      "pre": 0.8252427184466019,
      "recall": 0.68,
      "auroc": 0.863856,
      "optimal_threshold": 0.466105580329895,
      "tpr_at_fpr_0_01": 0.268,
      "fpr95": 0.532,
      "aupr": 0.8689742524506342
    },
    "layer_13": {
      "n_total": 500,
      "n_valid": 500,
      "n_val_total": 500,
      "n_val_valid": 500,
      "acc": 0.77,
      "f1": 0.7722772277227723,
      "pre": 0.7647058823529411,
      "recall": 0.78,
      "auroc": 0.8622879999999999,
      "optimal_threshold": 0.4120127260684967,
      "tpr_at_fpr_0_01": 0.26,
      "fpr95": 0.532,
      "aupr": 0.8693796341208311
    },
    "layer_14": {
      "n_total": 500,
      "n_valid": 500,
      "n_val_total": 500,
      "n_val_valid": 500,
      "acc": 0.778,
      "f1": 0.7885714285714286,
      "pre": 0.7527272727272727,
      "recall": 0.828,
      "auroc": 0.8571200000000001,
      "optimal_threshold": 0.422175794839859,
      "tpr_at_fpr_0_01": 0.284,
      "fpr95": 0.628,
      "aupr": 0.8634231143247812
    },
    "layer_15": {
      "n_total": 500,
      "n_valid": 500,
      "n_val_total": 500,
      "n_val_valid": 500,
      "acc": 0.8,
      "f1": 0.7991967871485943,
      "pre": 0.8024193548387096,
      "recall": 0.796,
      "auroc": 0.872784,
      "optimal_threshold": 0.3918042480945587,
      "tpr_at_fpr_0_01": 0.26,
      "fpr95": 0.56,
      "aupr": 0.87714351319812
    },
    "layer_16": {
      "n_total": 500,
      "n_valid": 500,
      "n_val_total": 500,
      "n_val_valid": 500,
      "acc": 0.776,
      "f1": 0.7870722433460076,
      "pre": 0.75,
      "recall": 0.828,
      "auroc": 0.8697280000000001,
      "optimal_threshold": 0.36581864953041077,
      "tpr_at_fpr_0_01": 0.284,
      "fpr95": 0.532,
      "aupr": 0.8754144011913731
    },
    "layer_17": {
      "n_total": 500,
      "n_valid": 500,
      "n_val_total": 500,
      "n_val_valid": 500,
      "acc": 0.774,
      "f1": 0.7788649706457925,
      "pre": 0.7624521072796935,
      "recall": 0.796,
      "auroc": 0.8704479999999999,
      "optimal_threshold": 0.3705248534679413,
      "tpr_at_fpr_0_01": 0.324,
      "fpr95": 0.532,
      "aupr": 0.8753799165412532
    },
    "layer_18": {
      "n_total": 500,
      "n_valid": 500,
      "n_val_total": 500,
      "n_val_valid": 500,
      "acc": 0.792,
      "f1": 0.7903225806451613,
      "pre": 0.7967479674796748,
      "recall": 0.784,
      "auroc": 0.87072,
      "optimal_threshold": 0.36462804675102234,
      "tpr_at_fpr_0_01": 0.296,
      "fpr95": 0.496,
      "aupr": 0.8743586146082121
    },
    "layer_19": {
      "n_total": 500,
      "n_valid": 500,
      "n_val_total": 500,
      "n_val_valid": 500,
      "acc": 0.794,
      "f1": 0.790224032586558,
      "pre": 0.8049792531120332,
      "recall": 0.776,
      "auroc": 0.8773600000000001,
      "optimal_threshold": 0.3730446398258209,
      "tpr_at_fpr_0_01": 0.328,
      "fpr95": 0.504,
      "aupr": 0.8796226691326937
    },
    "layer_20": {
      "n_total": 500,
      "n_valid": 500,
      "n_val_total": 500,
      "n_val_valid": 500,