{
  "args": {
    "model": "llama_8b",
    "dataset": "multisocial_en",
    "mode": "clean_topic_val",
    "token_mode": "last_token",
    "prefix": false,
    "smoke_test": false,
    "ood": [],
    "pca_components": 0,
    "normalize_scores": true,
    "ablation_set": "human",
    "manifold": true
  },
  "steering_domain": "multisocial_en",
  "eval_domain": "multisocial_en",
  "n_samples": 500,
  "n_layers": 33,
  "metrics_per_layer": {
    "layer_1": {
      "n_total": 500,
      "n_valid": 500,
      "n_val_total": 500,
      "n_val_valid": 500,
      "acc": 0.718,
      "f1": 0.6602409638554216,
      "pre": 0.8303030303030303,
      "recall": 0.548,
      "auroc": 0.74356,
      "optimal_threshold": 0.5752249360084534,
      "tpr_at_fpr_0_01": 0.0,
      "fpr95": 0.868,
      "aupr": 0.777586968789989
    },
    "layer_2": {
      "n_total": 500,
      "n_valid": 500,
      "n_val_total": 500,
      "n_val_valid": 500,
      "acc": 0.776,
      "f1": 0.7695473251028807,
      "pre": 0.7923728813559322,
      "recall": 0.748,
      "auroc": 0.8366720000000001,
      "optimal_threshold": 0.4714035987854004,
      "tpr_at_fpr_0_01": 0.368,
      "fpr95": 0.816,
      "aupr": 0.8672223118564437
    },
    "layer_3": {
      "n_total": 500,
      "n_valid": 500,
      "n_val_total": 500,
      "n_val_valid": 500,
      "acc": 0.794,
      "f1": 0.7910750507099391,
      "pre": 0.8024691358024691,
      "recall": 0.78,
      "auroc": 0.8675999999999999,
      "optimal_threshold": 0.4308863878250122,
      "tpr_at_fpr_0_01": 0.368,
      "fpr95": 0.652,
      "aupr": 0.8866516886255186
    },
    "layer_4": {
      "n_total": 500,
      "n_valid": 500,
      "n_val_total": 500,
      "n_val_valid": 500,
      "acc": 0.826,
      "f1": 0.8137044967880086,
      "pre": 0.8755760368663594,
      "recall": 0.76,
      "auroc": 0.8783679999999999,
      "optimal_threshold": 0.527847170829773,
      "tpr_at_fpr_0_01": 0.496,
      "fpr95": 0.664,
      "aupr": 0.903374843490385
    },
    "layer_5": {
      "n_total": 500,
      "n_valid": 500,
      "n_val_total": 500,
      "n_val_valid": 500,
      "acc": 0.812,
      "f1": 0.8049792531120332,
      "pre": 0.8362068965517241,
      "recall": 0.776,
      "auroc": 0.8872960000000001,
      "optimal_threshold": 0.5249301195144653,
      "tpr_at_fpr_0_01": 0.468,
      "fpr95": 0.64,
      "aupr": 0.9069949183387156
    },
    "layer_6": {
      "n_total": 500,
      "n_valid": 500,
      "n_val_total": 500,
      "n_val_valid": 500,
      "acc": 0.752,
      "f1": 0.7155963302752294,
      "pre": 0.8387096774193549,
      "recall": 0.624,
      "auroc": 0.871248,
      "optimal_threshold": 0.5264154076576233,
      "tpr_at_fpr_0_01": 0.436,
      "fpr95": 0.572,
      "aupr": 0.886489337596339
    },
    "layer_7": {
      "n_total": 500,
      "n_valid": 500,
      "n_val_total": 500,
      "n_val_valid": 500,
      "acc": 0.776,
      "f1": 0.7383177570093458,
      "pre": 0.8876404494382022,
      "recall": 0.632,
      "auroc": 0.8813279999999999,
      "optimal_threshold": 0.5138208270072937,
      "tpr_at_fpr_0_01": 0.436,
      "fpr95": 0.504,
      "aupr": 0.8930124328803098
    },
    "layer_8": {
      "n_total": 500,
      "n_valid": 500,
      "n_val_total": 500,
      "n_val_valid": 500,
      "acc": 0.778,
      "f1": 0.7471526195899773,
      "pre": 0.8677248677248677,
      "recall": 0.656,
      "auroc": 0.8817759999999999,
      "optimal_threshold": 0.5010337233543396,
      "tpr_at_fpr_0_01": 0.42,
      "fpr95": 0.572,
      "aupr": 0.8947878200455744
    },
    "layer_9": {
      "n_total": 500,
      "n_valid": 500,
      "n_val_total": 500,
      "n_val_valid": 500,
      "acc": 0.78,
      "f1": 0.7477064220183486,
      "pre": 0.8763440860215054,
      "recall": 0.652,
      "auroc": 0.8811199999999999,
      "optimal_threshold": 0.4833190143108368,
      "tpr_at_fpr_0_01": 0.396,
      "fpr95": 0.612,
      "aupr": 0.8923335394898635
    },
    "layer_10": {
      "n_total": 500,
      "n_valid": 500,
      "n_val_total": 500,
      "n_val_valid": 500,
      "acc": 0.772,
      "f1": 0.7298578199052133,
      "pre": 0.8953488372093024,
      "recall": 0.616,
      "auroc": 0.8888,
      "optimal_threshold": 0.5384681820869446,
      "tpr_at_fpr_0_01": 0.376,
      "fpr95": 0.58,
      "aupr": 0.8994679126385445
    },
    "layer_11": {
      "n_total": 500,
      "n_valid": 500,
      "n_val_total": 500,
      "n_val_valid": 500,
      "acc": 0.804,
      "f1": 0.7831858407079646,
      "pre": 0.8762376237623762,
      "recall": 0.708,
      "auroc": 0.898176,
      "optimal_threshold": 0.4529675245285034,
      "tpr_at_fpr_0_01": 0.404,
      "fpr95": 0.456,
      "aupr": 0.9093567314844595
    },
    "layer_12": {
      "n_total": 500,
      "n_valid": 500,
      "n_val_total": 500,
      "n_val_valid": 500,
      "acc": 0.79,
      "f1": 0.7563805104408353,
      "pre": 0.9005524861878453,
      "recall": 0.652,
      "auroc": 0.89184,
      "optimal_threshold": 0.4803987443447113,
      "tpr_at_fpr_0_01": 0.396,
      "fpr95": 0.484,
      "aupr": 0.9042215909017536
    },
    "layer_13": {
      "n_total": 500,
      "n_valid": 500,
      "n_val_total": 500,
      "n_val_valid": 500,
      "acc": 0.81,
      "f1": 0.8073022312373225,
      "pre": 0.8189300411522634,
      "recall": 0.796,
      "auroc": 0.8905919999999998,
      "optimal_threshold": 0.38296958804130554,
      "tpr_at_fpr_0_01": 0.42,
      "fpr95": 0.544,
      "aupr": 0.9048428505153282
    },
    "layer_14": {
      "n_total": 500,
      "n_valid": 500,
      "n_val_total": 500,
      "n_val_valid": 500,
      "acc": 0.794,
      "f1": 0.7632183908045977,
      "pre": 0.8972972972972973,
      "recall": 0.664,
      "auroc": 0.8944000000000001,
      "optimal_threshold": 0.48070722818374634,
      "tpr_at_fpr_0_01": 0.404,
      "fpr95": 0.588,
      "aupr": 0.9068544987899952
    },
    "layer_15": {
      "n_total": 500,
      "n_valid": 500,
      "n_val_total": 500,
      "n_val_valid": 500,
      "acc": 0.794,
      "f1": 0.7621247113163973,
      "pre": 0.9016393442622951,
      "recall": 0.66,
      "auroc": 0.892496,
      "optimal_threshold": 0.46123525500297546,
      "tpr_at_fpr_0_01": 0.36,
      "fpr95": 0.496,
      "aupr": 0.9034020719181515
    },
    "layer_16": {
      "n_total": 500,
      "n_valid": 500,
      "n_val_total": 500,
      "n_val_valid": 500,
      "acc": 0.792,
      "f1": 0.7860082304526749,
      "pre": 0.809322033898305,
      "recall": 0.764,
      "auroc": 0.8835839999999999,
      "optimal_threshold": 0.3622097969055176,
      "tpr_at_fpr_0_01": 0.352,
      "fpr95": 0.568,
      "aupr": 0.897577000962922
    },
    "layer_17": {
      "n_total": 500,
      "n_valid": 500,
      "n_val_total": 500,
      "n_val_valid": 500,
      "acc": 0.784,
      "f1": 0.7610619469026548,
      "pre": 0.8514851485148515,
      "recall": 0.688,
      "auroc": 0.877616,
      "optimal_threshold": 0.42039600014686584,
      "tpr_at_fpr_0_01": 0.36,
      "fpr95": 0.596,
      "aupr": 0.8918847161498711
    },
    "layer_18": {
      "n_total": 500,
      "n_valid": 500,
      "n_val_total": 500,
      "n_val_valid": 500,
      "acc": 0.79,
      "f1": 0.7712418300653595,
      "pre": 0.84688995215311,
      "recall": 0.708,
      "auroc": 0.869328,
      "optimal_threshold": 0.4161229431629181,
      "tpr_at_fpr_0_01": 0.356,
      "fpr95": 0.66,
      "aupr": 0.8855887406817946
    },
    "layer_19": {
      "n_total": 500,
      "n_valid": 500,
      "n_val_total": 500,
      "n_val_valid": 500,
      "acc": 0.792,
      "f1": 0.7833333333333333,
      "pre": 0.8173913043478261,
      "recall": 0.752,
      "auroc": 0.856176,
      "optimal_threshold": 0.3623839318752289,
      "tpr_at_fpr_0_01": 0.324,
      "fpr95": 0.672,
      "aupr": 0.8762077967837231
    },
    "layer_20": {
      "n_total": 500,
      "n_valid": 500,
      "n_val_total": 500,
      "n_val_valid": 500,