{
  "args": {
    "dataset": "arxiv_chatgpt",
    "model": "llama_8b",
    "smoke_test": false,
    "mode": "last_token",
    "diff_vectors": false,
    "prefix": false,
    "normalize": true,
    "save_viz": false,
    "classifier": false,
    "score": true,
    "n": 500,
    "suffix": "llama_8b_arxiv_chatgpt_MODElast_token_DV0_PF0_NO1.pdf",
    "title_info": "llama_8b | arxiv_chatgpt | N=500 | Mode last_token | DV 0 | Pre 0 | Norm 1"
  },
  "metrics": {
    "diff_diff_change_mean": {
      "auc": 0.999184,
      "fpr": [
        0.0,
        0.0,
        0.0,
        0.004,
        0.004,
        0.008,
        0.008,
        0.028,
        0.028,
        0.048,
        0.048,
        0.068,
        0.068,
        1.0
      ],
      "tpr": [
        0.0,
        0.004,
        0.948,
        0.948,
        0.968,
        0.968,
        0.988,
        0.988,
        0.992,
        0.992,
        0.996,
        0.996,
        1.0,
        1.0
      ],
      "thresholds": [
        Infinity,
        -1.498387098312378,
        -1.5379188060760498,
        -1.5389081239700317,
        -1.5408968925476074,
        -1.5413352251052856,
        -1.5435194969177246,
        -1.5465303659439087,
        -1.5471117496490479,
        -1.5486154556274414,
        -1.5487349033355713,
        -1.5508031845092773,
        -1.550868034362793,
        -1.5842134952545166
      ],
      "n": 500
    },
    "diff_add_change_mean": {
      "auc": 1.0,
      "fpr": [
        0.0,
        0.0,
        0.0,
        1.0
      ],
      "tpr": [
        0.0,
        0.004,
        1.0,
        1.0
      ],
      "thresholds": [
        Infinity,
        1.0435118675231934,
        1.0094020366668701,
        0.9743527173995972
      ],
      "n": 500
    },
    "feature_space_change_mean": {
      "auc": 0.015568000000000007,
      "fpr": [
        0.0,
        0.004,
        0.472,
        0.472,
        0.792,
        0.792,
        0.832,
        0.832,
        0.88,
        0.88,
        0.896,
        0.896,
        0.9,
        0.9,
        0.904,
        0.904,
        0.928,
        0.928,
        0.94,
        0.94,
        0.948,
        0.948,
        0.952,
        0.952,
        0.956,
        0.956,
        0.96,
        0.96,
        0.964,
        0.964,
        0.972,
        0.972,
        0.98,
        0.98,
        0.984,
        0.984,
        0.988,
        0.988,
        0.992,
        0.992,
        0.996,
        0.996,
        1.0,
        1.0
      ],
      "tpr": [
        0.0,
        0.0,
        0.0,
        0.004,
        0.004,
        0.008,
        0.008,
        0.012,
        0.012,
        0.016,
        0.016,
        0.02,
        0.02,
        0.032,
        0.032,
        0.04,
        0.04,
        0.044,
        0.044,
        0.056,
        0.056,
        0.068,
        0.068,
        0.084,
        0.084,
        0.14,
        0.14,
        0.144,
        0.144,
        0.152,
        0.152,
        0.188,
        0.188,
        0.2,
        0.2,
        0.22,
        0.22,
        0.32,
        0.32,
        0.36,
        0.36,
        0.532,
        0.532,
        1.0
      ],
      "thresholds": [
        Infinity,
        1.3396403789520264,
        1.3311426639556885,
        1.3311139345169067,
        1.3271361589431763,
        1.3271188735961914,
        1.3264617919921875,
        1.3264516592025757,
        1.3256096839904785,
        1.3253675699234009,
        1.3248130083084106,
        1.324737548828125,
        1.3246546983718872,
        1.3245543241500854,
        1.3241889476776123,
        1.3237484693527222,
        1.3235855102539062,
        1.3235148191452026,
        1.3233332633972168,
        1.32301926612854,
        1.3226264715194702,
        1.3222572803497314,
        1.3221813440322876,
        1.321622371673584,
        1.3212924003601074,
        1.3198926448822021,
        1.3198202848434448,
        1.3197128772735596,
        1.3196451663970947,
        1.3194663524627686,
        1.3193713426589966,
        1.3187799453735352,
        1.3186566829681396,
        1.3186206817626953,
        1.3184765577316284,
        1.3181183338165283,
        1.318089485168457,
        1.3172125816345215,
        1.3171590566635132,
        1.3167527914047241,
        1.316718578338623,
        1.3151369094848633,
        1.3151302337646484,
        1.3060308694839478
      ],
      "n": 500
    },
    "feature_average_change_mean": {
      "auc": 0.01993600000000001,
      "fpr": [
        0.0,
        0.004,
        0.38,
        0.38,
        0.752,
        0.752,
        0.784,
        0.784,
        0.856,
        0.856,
        0.86,
        0.86,
        0.868,
        0.868,
        0.88,
        0.88,
        0.892,
        0.892,
        0.9,
        0.9,
        0.908,
        0.908,
        0.92,
        0.92,
        0.924,
        0.924,
        0.944,
        0.944,
        0.948,
        0.948,
        0.952,
        0.952,
        0.956,
        0.956,
        0.96,
        0.96,
        0.964,
        0.964,
        0.968,
        0.968,
        0.976,
        0.976,
        0.98,
        0.98,
        0.984,
        0.984,
        0.988,
        0.988,
        0.992,
        0.992,
        0.996,
        0.996,
        1.0,
        1.0
      ],
      "tpr": [
        0.0,
        0.0,
        0.0,
        0.004,
        0.004,
        0.008,
        0.008,
        0.012,
        0.012,
        0.016,
        0.016,
        0.02,
        0.02,
        0.024,
        0.024,
        0.028,
        0.028,
        0.032,
        0.032,
        0.04,
        0.04,
        0.052,
        0.052,
        0.056,
        0.056,
        0.06,
        0.06,
        0.072,
        0.072,
        0.084,
        0.084,
        0.096,
        0.096,
        0.144,
        0.144,
        0.16,
        0.16,
        0.192,
        0.192,
        0.216,
        0.216,
        0.244,
        0.244,
        0.252,
        0.252,
        0.316,
        0.316,
        0.356,
        0.356,
        0.444,
        0.444,
        0.672,
        0.672,
        1.0
      ],
      "thresholds": [
        Infinity,
        1.3336039781570435,
        1.3255953788757324,
        1.3255146741867065,
        1.3213971853256226,
        1.3213952779769897,
        1.3208523988723755,
        1.3207343816757202,
        1.3194611072540283,
        1.3194258213043213,
        1.3193907737731934,
        1.3193172216415405,
        1.3191531896591187,
        1.3190875053405762,
        1.3189862966537476,
        1.318862795829773,
        1.3186699151992798,
        1.3185381889343262,
        1.3180855512619019,
        1.3179627656936646,
        1.317865014076233,
        1.3173636198043823,
        1.3171789646148682,
        1.3170032501220703,
        1.3170006275177002,
        1.3169127702713013,
        1.3166874647140503,
        1.316394329071045,
        1.3162221908569336,
        1.3158305883407593,
        1.315617561340332,
        1.3151652812957764,
        1.314799189567566,
        1.3139621019363403,
        1.3138059377670288,
        1.3136708736419678,
        1.3135991096496582,
        1.312959909439087,
        1.3129009008407593,
        1.312647819519043,
        1.3124346733093262,
        1.3121964931488037,
        1.3121799230575562,
        1.3121435642242432,
        1.3121411800384521,
        1.3115332126617432,
        1.311511754989624,
        1.311072587966919,
        1.3110313415527344,
        1.3103634119033813,
        1.3103569746017456,
        1.3080191612243652,
        1.307977318763733,
        1.3001893758773804
      ],
      "n": 500
    }
  }
}