{
  "args": {
    "model": "llama_8b",
    "dataset": "multisocial_en",
    "mode": "pca_layer",
    "token_mode": "last_token",
    "prefix": false,
    "smoke_test": false,
    "ood": [
      "multisocial_ar"
    ],
    "pca_components": 50,
    "normalize_scores": true,
    "manifold": true
  },
  "steering_domain": "multisocial_en",
  "eval_domain": "multisocial_ar",
  "n_samples": 500,
  "n_layers": 33,
  "metrics_per_layer": {
    "layer_1": {
      "n_total": 500,
      "n_valid": 500,
      "n_val_total": 500,
      "n_val_valid": 500,
      "acc": 0.644,
      "f1": 0.5163043478260869,
      "pre": 0.8050847457627118,
      "recall": 0.38,
      "auroc": 0.6801999999999999,
      "optimal_threshold": 0.49988773465156555,
      "tpr_at_fpr_0_01": 0.0,
      "fpr95": 0.892,
      "aupr": 0.7078742623461458
    },
    "layer_2": {
      "n_total": 500,
      "n_valid": 500,
      "n_val_total": 500,
      "n_val_valid": 500,
      "acc": 0.66,
      "f1": 0.5618556701030928,
      "pre": 0.7898550724637681,
      "recall": 0.436,
      "auroc": 0.673712,
      "optimal_threshold": 0.47439178824424744,
      "tpr_at_fpr_0_01": 0.16,
      "fpr95": 0.856,
      "aupr": 0.7227148071331805
    },
    "layer_3": {
      "n_total": 500,
      "n_valid": 500,
      "n_val_total": 500,
      "n_val_valid": 500,
      "acc": 0.66,
      "f1": 0.5502645502645502,
      "pre": 0.8125,
      "recall": 0.416,
      "auroc": 0.753376,
      "optimal_threshold": 0.47841817140579224,
      "tpr_at_fpr_0_01": 0.136,
      "fpr95": 0.744,
      "aupr": 0.7640802198901606
    },
    "layer_4": {
      "n_total": 500,
      "n_valid": 500,
      "n_val_total": 500,
      "n_val_valid": 500,
      "acc": 0.652,
      "f1": 0.5245901639344263,
      "pre": 0.8275862068965517,
      "recall": 0.384,
      "auroc": 0.741152,
      "optimal_threshold": 0.5827434659004211,
      "tpr_at_fpr_0_01": 0.144,
      "fpr95": 0.888,
      "aupr": 0.7689842194976593
    },
    "layer_5": {
      "n_total": 500,
      "n_valid": 500,
      "n_val_total": 500,
      "n_val_valid": 500,
      "acc": 0.674,
      "f1": 0.5873417721518988,
      "pre": 0.8,
      "recall": 0.464,
      "auroc": 0.782624,
      "optimal_threshold": 0.38895341753959656,
      "tpr_at_fpr_0_01": 0.128,
      "fpr95": 0.796,
      "aupr": 0.7858263085851671
    },
    "layer_6": {
      "n_total": 500,
      "n_valid": 500,
      "n_val_total": 500,
      "n_val_valid": 500,
      "acc": 0.672,
      "f1": 0.5858585858585859,
      "pre": 0.7945205479452054,
      "recall": 0.464,
      "auroc": 0.800384,
      "optimal_threshold": 0.3547157347202301,
      "tpr_at_fpr_0_01": 0.184,
      "fpr95": 0.808,
      "aupr": 0.801999077557275
    },
    "layer_7": {
      "n_total": 500,
      "n_valid": 500,
      "n_val_total": 500,
      "n_val_valid": 500,
      "acc": 0.668,
      "f1": 0.576530612244898,
      "pre": 0.795774647887324,
      "recall": 0.452,
      "auroc": 0.77376,
      "optimal_threshold": 0.39022594690322876,
      "tpr_at_fpr_0_01": 0.148,
      "fpr95": 0.892,
      "aupr": 0.7872050179680982
    },
    "layer_8": {
      "n_total": 500,
      "n_valid": 500,
      "n_val_total": 500,
      "n_val_valid": 500,
      "acc": 0.672,
      "f1": 0.5816326530612245,
      "pre": 0.8028169014084507,
      "recall": 0.456,
      "auroc": 0.793744,
      "optimal_threshold": 0.411113440990448,
      "tpr_at_fpr_0_01": 0.1,
      "fpr95": 0.792,
      "aupr": 0.7924243288768538
    },
    "layer_9": {
      "n_total": 500,
      "n_valid": 500,
      "n_val_total": 500,
      "n_val_valid": 500,
      "acc": 0.654,
      "f1": 0.5286103542234333,
      "pre": 0.8290598290598291,
      "recall": 0.388,
      "auroc": 0.7800319999999998,
      "optimal_threshold": 0.49503326416015625,
      "tpr_at_fpr_0_01": 0.12,
      "fpr95": 0.824,
      "aupr": 0.7864301461588878
    },
    "layer_10": {
      "n_total": 500,
      "n_valid": 500,
      "n_val_total": 500,
      "n_val_valid": 500,
      "acc": 0.644,
      "f1": 0.5,
      "pre": 0.839622641509434,
      "recall": 0.356,
      "auroc": 0.7680959999999999,
      "optimal_threshold": 0.4959854185581207,
      "tpr_at_fpr_0_01": 0.14,
      "fpr95": 0.88,
      "aupr": 0.7829132952348432
    },
    "layer_11": {
      "n_total": 500,
      "n_valid": 500,
      "n_val_total": 500,
      "n_val_valid": 500,
      "acc": 0.674,
      "f1": 0.5744125326370757,
      "pre": 0.8270676691729323,
      "recall": 0.44,
      "auroc": 0.797248,
      "optimal_threshold": 0.39573001861572266,
      "tpr_at_fpr_0_01": 0.116,
      "fpr95": 0.804,
      "aupr": 0.7996521010448958
    },
    "layer_12": {
      "n_total": 500,
      "n_valid": 500,
      "n_val_total": 500,
      "n_val_valid": 500,
      "acc": 0.66,
      "f1": 0.5454545454545454,
      "pre": 0.8225806451612904,
      "recall": 0.408,
      "auroc": 0.788704,
      "optimal_threshold": 0.42965424060821533,
      "tpr_at_fpr_0_01": 0.12,
      "fpr95": 0.824,
      "aupr": 0.7925686666560625
    },
    "layer_13": {
      "n_total": 500,
      "n_valid": 500,
      "n_val_total": 500,
      "n_val_valid": 500,
      "acc": 0.626,
      "f1": 0.44837758112094395,
      "pre": 0.8539325842696629,
      "recall": 0.304,
      "auroc": 0.7601919999999999,
      "optimal_threshold": 0.5165859460830688,
      "tpr_at_fpr_0_01": 0.128,
      "fpr95": 0.808,
      "aupr": 0.7756448207776814
    },
    "layer_14": {
      "n_total": 500,
      "n_valid": 500,
      "n_val_total": 500,
      "n_val_valid": 500,
      "acc": 0.674,
      "f1": 0.5744125326370757,
      "pre": 0.8270676691729323,
      "recall": 0.44,
      "auroc": 0.7521439999999999,
      "optimal_threshold": 0.37428954243659973,
      "tpr_at_fpr_0_01": 0.14,
      "fpr95": 0.848,
      "aupr": 0.7728604452731276
    },
    "layer_15": {
      "n_total": 500,
      "n_valid": 500,
      "n_val_total": 500,
      "n_val_valid": 500,
      "acc": 0.67,
      "f1": 0.5646437994722955,
      "pre": 0.8294573643410853,
      "recall": 0.428,
      "auroc": 0.807744,
      "optimal_threshold": 0.3609696924686432,
      "tpr_at_fpr_0_01": 0.168,
      "fpr95": 0.748,
      "aupr": 0.8100198006005742
    },
    "layer_16": {
      "n_total": 500,
      "n_valid": 500,
      "n_val_total": 500,
      "n_val_valid": 500,
      "acc": 0.644,
      "f1": 0.5027932960893855,
      "pre": 0.8333333333333334,
      "recall": 0.36,
      "auroc": 0.810112,
      "optimal_threshold": 0.4048207104206085,
      "tpr_at_fpr_0_01": 0.164,
      "fpr95": 0.76,
      "aupr": 0.8126972011297067
    },
    "layer_17": {
      "n_total": 500,
      "n_valid": 500,
      "n_val_total": 500,
      "n_val_valid": 500,
      "acc": 0.654,
      "f1": 0.5361930294906166,
      "pre": 0.8130081300813008,
      "recall": 0.4,
      "auroc": 0.7979360000000001,
      "optimal_threshold": 0.340038001537323,
      "tpr_at_fpr_0_01": 0.188,
      "fpr95": 0.76,
      "aupr": 0.8061327636373679
    },
    "layer_18": {
      "n_total": 500,
      "n_valid": 500,
      "n_val_total": 500,
      "n_val_valid": 500,
      "acc": 0.66,
      "f1": 0.5380434782608695,
      "pre": 0.8389830508474576,
      "recall": 0.396,
      "auroc": 0.7902559999999998,
      "optimal_threshold": 0.3538735508918762,
      "tpr_at_fpr_0_01": 0.172,
      "fpr95": 0.788,
      "aupr": 0.8065246688442511
    },
    "layer_19": {
      "n_total": 500,
      "n_valid": 500,
      "n_val_total": 500,
      "n_val_valid": 500,
      "acc": 0.666,
      "f1": 0.5498652291105122,
      "pre": 0.8429752066115702,
      "recall": 0.408,
      "auroc": 0.787472,
      "optimal_threshold": 0.3286256492137909,
      "tpr_at_fpr_0_01": 0.144,
      "fpr95": 0.812,
      "aupr": 0.8035150643534505
    },
    "layer_20": {
      "n_total": 500,
      "n_valid": 500,
      "n_val_total": 500,
      "n_val_valid": 500,
      "acc": 0.664,
      "f1": 0.5483870967741935,