{
  "metrics": {
    "n_total": 500,
    "n_valid": 500,
    "acc": 0.77,
    "f1": 0.7174447174447175,
    "pre": 0.9299363057324841,
    "recall": 0.584,
    "auroc": 0.820608,
    "optimal_threshold": 0.895532488822937,
    "tpr_at_fpr_0_01": 0.444,
    "fpr95": 0.64,
    "aupr": 0.8487669646435001
  },
  "args": {
    "dataset": "m4_multilingual",
    "model": "encoder",
    "smoke_test": false,
    "prefix": false,
    "base_model_1": "meta-llama/Meta-Llama-3-8B",
    "base_model_2": "meta-llama/Meta-Llama-3-8B-instruct",
    "n": 500
  }
}