{
  "metrics": {
    "n_total": 30,
    "n_valid": 30,
    "acc": 0.7333333333333333,
    "f1": 0.7142857142857143,
    "pre": 0.7142857142857143,
    "recall": 0.7142857142857143,
    "auroc": 0.75,
    "optimal_threshold": 0.6062119603157043,
    "tpr_at_fpr_0_01": 0.42857142857142855,
    "fpr95": 0.9375,
    "aupr": 0.7961483695344207
  },
  "args": {
    "dataset": "multisocial_full",
    "model": "encoder",
    "smoke_test": true,
    "prefix": false,
    "base_model_1": "Qwen/Qwen3-0.6B-Base",
    "base_model_2": "Qwen/Qwen3-0.6B",
    "n": 30
  }
}