{
  "args": {
    "dataset": "multisocial_en",
    "model": "encoder",
    "smoke_test": false,
    "ood": true,
    "base_model_1": "meta-llama/Meta-Llama-3-8B",
    "base_model_2": "meta-llama/Meta-Llama-3-8B-instruct"
  },
  "metrics": {
    "n_total": 500,
    "auroc": 0.8482240000000001,
    "accuracy": 0.606,
    "f1": 0.39384615384615385,
    "tpr_at_fpr_0_05": 0.296,
    "optimal_threshold_f1": 0.7247247247247247,
    "optimal_threshold_acc": 0.7247247247247247,
    "aupr": 0.8112612816587083
  }
}