{
  "metrics": {
    "n_total": 500,
    "n_valid": 500,
    "n_val_total": 500,
    "n_val_valid": 500,
    "acc": 0.822,
    "f1": 0.8164948453608247,
    "pre": 0.8425531914893617,
    "recall": 0.792,
    "auroc": 0.896864,
    "optimal_threshold": 0.7051767110824585,
    "tpr_at_fpr_0_01": 0.396,
    "fpr95": 0.528,
    "aupr": 0.9082944987514979
  },
  "args": {
    "dataset": "m4_multi",
    "model": "encoder",
    "smoke_test": false,
    "prefix": false,
    "base_model_1": "meta-llama/Meta-Llama-3-8B",
    "base_model_2": "meta-llama/Meta-Llama-3-8B-instruct",
    "n": 500
  }
}