{
  "metrics": {
    "n_total": 500,
    "n_valid": 500,
    "n_val_total": 500,
    "n_val_valid": 500,
    "acc": 0.974,
    "f1": 0.9738430583501007,
    "pre": 0.979757085020243,
    "recall": 0.968,
    "auroc": 0.9983839999999999,
    "optimal_threshold": 0.9412460923194885,
    "tpr_at_fpr_0_01": 0.956,
    "fpr95": 0.008,
    "aupr": 0.9983753603009491
  },
  "args": {
    "dataset": "drl_t1_paraphrase",
    "model": "encoder",
    "smoke_test": false,
    "prefix": false,
    "base_model_1": "meta-llama/Meta-Llama-3-8B",
    "base_model_2": "meta-llama/Meta-Llama-3-8B-instruct",
    "n": 500
  }
}