{
  "args": {
    "dataset": "multisocial_en",
    "model": "entropy",
    "smoke_test": false,
    "ood": true,
    "base_model_1": "meta-llama/Meta-Llama-3-8B",
    "base_model_2": "meta-llama/Meta-Llama-3-8B-instruct"
  },
  "metrics": {
    "n_total": 500,
    "auroc": 0.19151200000000002,
    "accuracy": 0.498,
    "f1": 0.664886515353805,
    "tpr_at_fpr_0_05": 0.0,
    "optimal_threshold_f1": 0.9259259259259259,
    "optimal_threshold_acc": 0.9259259259259259,
    "aupr": 0.3430154378251116
  }
}