{
  "metrics": {
    "n_total": 500,
    "n_valid": 500,
    "n_val_total": 500,
    "n_val_valid": 500,
    "acc": 0.572,
    "f1": 0.5201793721973094,
    "pre": 0.5918367346938775,
    "recall": 0.464,
    "auroc": 0.5705439999999999,
    "optimal_threshold": -1.7788835763931274,
    "tpr_at_fpr_0_01": 0.0,
    "fpr95": 0.94,
    "aupr": 0.5379198095181503
  },
  "args": {
    "dataset": "tsm_multi",
    "model": "likelihood",
    "smoke_test": false,
    "prefix": false,
    "base_model_1": "meta-llama/Meta-Llama-3-8B",
    "base_model_2": "meta-llama/Meta-Llama-3-8B-instruct",
    "n": 500
  }
}