{
  "metrics": {
    "n_total": 500,
    "n_valid": 500,
    "n_val_total": 500,
    "n_val_valid": 500,
    "acc": 0.556,
    "f1": 0.34705882352941175,
    "pre": 0.6555555555555556,
    "recall": 0.236,
    "auroc": 0.5717920000000001,
    "optimal_threshold": 2.1721375102887395,
    "tpr_at_fpr_0_01": 0.052,
    "fpr95": 0.956,
    "aupr": 0.6137316460876379
  },
  "args": {
    "dataset": "drl_t1_perturbation",
    "model": "llr",
    "smoke_test": false,
    "prefix": false,
    "base_model_1": "meta-llama/Meta-Llama-3-8B",
    "base_model_2": "meta-llama/Meta-Llama-3-8B-instruct",
    "n": 500
  }
}