{
  "metrics": {
    "n_total": 500,
    "n_valid": 500,
    "acc": 0.874,
    "f1": 0.8662420382165605,
    "pre": 0.9230769230769231,
    "recall": 0.816,
    "auroc": 0.93384,
    "optimal_threshold": 2.181699625417609,
    "tpr_at_fpr_0_01": 0.572,
    "fpr95": 0.376,
    "aupr": 0.9450512047063323
  },
  "args": {
    "dataset": "m4_multilingual",
    "model": "llr",
    "smoke_test": false,
    "prefix": false,
    "base_model_1": "meta-llama/Meta-Llama-3-8B",
    "base_model_2": "meta-llama/Meta-Llama-3-8B-instruct",
    "n": 500
  }
}