{
  "metrics": {
    "n_total": 500,
    "n_valid": 500,
    "n_val_total": 500,
    "n_val_valid": 500,
    "acc": 0.496,
    "f1": 0.45689655172413796,
    "pre": 0.4953271028037383,
    "recall": 0.424,
    "auroc": 0.46864,
    "optimal_threshold": 63.625850677490234,
    "tpr_at_fpr_0_01": 0.016,
    "fpr95": 0.96,
    "aupr": 0.4926498829909113
  },
  "args": {
    "dataset": "tsm_multi",
    "model": "rank",
    "smoke_test": false,
    "prefix": false,
    "base_model_1": "meta-llama/Meta-Llama-3-8B",
    "base_model_2": "meta-llama/Meta-Llama-3-8B-instruct",
    "n": 500
  }
}