{
  "args": {
    "model": "llama_8b",
    "dataset": "tsm_multi",
    "mode": "pca_sv",
    "token_mode": "last_token",
    "prefix": false,
    "smoke_test": false,
    "ood": [],
    "pca_components": 25,
    "normalize_scores": true,
    "manifold": true
  },
  "steering_domain": "tsm_multi",
  "eval_domain": "tsm_multi",
  "n_samples": 500,
  "n_layers": 33,
  "metrics_per_layer": {
    "layer_1": {
      "n_total": 500,
      "n_valid": 500,
      "n_val_total": 500,
      "n_val_valid": 500,
      "acc": 0.53,
      "f1": 0.6704067321178121,
      "pre": 0.5161987041036717,
      "recall": 0.956,
      "auroc": 0.5233920000000001,
      "optimal_threshold": 0.6081083416938782,
      "tpr_at_fpr_0_01": 0.0,
      "fpr95": 0.896,
      "aupr": 0.511966386379008
    },
    "layer_2": {
      "n_total": 500,
      "n_valid": 500,
      "n_val_total": 500,
      "n_val_valid": 500,
      "acc": 0.568,
      "f1": 0.5113122171945701,
      "pre": 0.5885416666666666,
      "recall": 0.452,
      "auroc": 0.6007840000000001,
      "optimal_threshold": 0.7614312767982483,
      "tpr_at_fpr_0_01": 0.044,
      "fpr95": 0.868,
      "aupr": 0.58750609638183
    },
    "layer_3": {
      "n_total": 500,
      "n_valid": 500,
      "n_val_total": 500,
      "n_val_valid": 500,
      "acc": 0.572,
      "f1": 0.5931558935361216,
      "pre": 0.5652173913043478,
      "recall": 0.624,
      "auroc": 0.5926400000000001,
      "optimal_threshold": 0.6094112396240234,
      "tpr_at_fpr_0_01": 0.012,
      "fpr95": 0.908,
      "aupr": 0.5664912307221097
    },
    "layer_4": {
      "n_total": 500,
      "n_valid": 500,
      "n_val_total": 500,
      "n_val_valid": 500,
      "acc": 0.586,
      "f1": 0.5784114052953157,
      "pre": 0.5892116182572614,
      "recall": 0.568,
      "auroc": 0.636768,
      "optimal_threshold": 0.744077742099762,
      "tpr_at_fpr_0_01": 0.032,
      "fpr95": 0.876,
      "aupr": 0.6172871785723079
    },
    "layer_5": {
      "n_total": 500,
      "n_valid": 500,
      "n_val_total": 500,
      "n_val_valid": 500,
      "acc": 0.608,
      "f1": 0.65,
      "pre": 0.5870967741935483,
      "recall": 0.728,
      "auroc": 0.660848,
      "optimal_threshold": 0.675460934638977,
      "tpr_at_fpr_0_01": 0.112,
      "fpr95": 0.868,
      "aupr": 0.6813156538965228
    },
    "layer_6": {
      "n_total": 500,
      "n_valid": 500,
      "n_val_total": 500,
      "n_val_valid": 500,
      "acc": 0.662,
      "f1": 0.6004728132387707,
      "pre": 0.7341040462427746,
      "recall": 0.508,
      "auroc": 0.7243679999999999,
      "optimal_threshold": 0.7720726728439331,
      "tpr_at_fpr_0_01": 0.164,
      "fpr95": 0.84,
      "aupr": 0.7540537930817125
    },
    "layer_7": {
      "n_total": 500,
      "n_valid": 500,
      "n_val_total": 500,
      "n_val_valid": 500,
      "acc": 0.71,
      "f1": 0.6588235294117647,
      "pre": 0.8,
      "recall": 0.56,
      "auroc": 0.7612319999999999,
      "optimal_threshold": 0.7780799269676208,
      "tpr_at_fpr_0_01": 0.184,
      "fpr95": 0.86,
      "aupr": 0.7854382556899593
    },
    "layer_8": {
      "n_total": 500,
      "n_valid": 500,
      "n_val_total": 500,
      "n_val_valid": 500,
      "acc": 0.692,
      "f1": 0.692,
      "pre": 0.692,
      "recall": 0.692,
      "auroc": 0.7419520000000001,
      "optimal_threshold": 0.6643455624580383,
      "tpr_at_fpr_0_01": 0.108,
      "fpr95": 0.824,
      "aupr": 0.7445782585041654
    },
    "layer_9": {
      "n_total": 500,
      "n_valid": 500,
      "n_val_total": 500,
      "n_val_valid": 500,
      "acc": 0.652,
      "f1": 0.5372340425531915,
      "pre": 0.8015873015873016,
      "recall": 0.404,
      "auroc": 0.727792,
      "optimal_threshold": 0.7232319712638855,
      "tpr_at_fpr_0_01": 0.144,
      "fpr95": 0.82,
      "aupr": 0.7450043045495877
    },
    "layer_10": {
      "n_total": 500,
      "n_valid": 500,
      "n_val_total": 500,
      "n_val_valid": 500,
      "acc": 0.654,
      "f1": 0.6560636182902585,
      "pre": 0.6521739130434783,
      "recall": 0.66,
      "auroc": 0.730024,
      "optimal_threshold": 0.6705200672149658,
      "tpr_at_fpr_0_01": 0.08,
      "fpr95": 0.888,
      "aupr": 0.7482417590648698
    },
    "layer_11": {
      "n_total": 500,
      "n_valid": 500,
      "n_val_total": 500,
      "n_val_valid": 500,
      "acc": 0.688,
      "f1": 0.6578947368421053,
      "pre": 0.7281553398058253,
      "recall": 0.6,
      "auroc": 0.7570239999999999,
      "optimal_threshold": 0.6884900331497192,
      "tpr_at_fpr_0_01": 0.184,
      "fpr95": 0.852,
      "aupr": 0.775535684266027
    },
    "layer_12": {
      "n_total": 500,
      "n_valid": 500,
      "n_val_total": 500,
      "n_val_valid": 500,
      "acc": 0.686,
      "f1": 0.6762886597938145,
      "pre": 0.6978723404255319,
      "recall": 0.656,
      "auroc": 0.762864,
      "optimal_threshold": 0.6594545245170593,
      "tpr_at_fpr_0_01": 0.232,
      "fpr95": 0.824,
      "aupr": 0.7926654963572222
    },
    "layer_13": {
      "n_total": 500,
      "n_valid": 500,
      "n_val_total": 500,
      "n_val_valid": 500,
      "acc": 0.66,
      "f1": 0.62882096069869,
      "pre": 0.6923076923076923,
      "recall": 0.576,
      "auroc": 0.7390880000000002,
      "optimal_threshold": 0.7140909433364868,
      "tpr_at_fpr_0_01": 0.184,
      "fpr95": 0.836,
      "aupr": 0.7615317304675231
    },
    "layer_14": {
      "n_total": 500,
      "n_valid": 500,
      "n_val_total": 500,
      "n_val_valid": 500,
      "acc": 0.66,
      "f1": 0.6428571428571429,
      "pre": 0.6769911504424779,
      "recall": 0.612,
      "auroc": 0.7298560000000001,
      "optimal_threshold": 0.7096589207649231,
      "tpr_at_fpr_0_01": 0.12,
      "fpr95": 0.824,
      "aupr": 0.7336311873313037
    },
    "layer_15": {
      "n_total": 500,
      "n_valid": 500,
      "n_val_total": 500,
      "n_val_valid": 500,
      "acc": 0.648,
      "f1": 0.6302521008403361,
      "pre": 0.6637168141592921,
      "recall": 0.6,
      "auroc": 0.728896,
      "optimal_threshold": 0.6652449369430542,
      "tpr_at_fpr_0_01": 0.228,
      "fpr95": 0.852,
      "aupr": 0.7650475385145038
    },
    "layer_16": {
      "n_total": 500,
      "n_valid": 500,
      "n_val_total": 500,
      "n_val_valid": 500,
      "acc": 0.666,
      "f1": 0.5856079404466501,
      "pre": 0.7712418300653595,
      "recall": 0.472,
      "auroc": 0.738256,
      "optimal_threshold": 0.7541830539703369,
      "tpr_at_fpr_0_01": 0.16,
      "fpr95": 0.82,
      "aupr": 0.7663909201468577
    },
    "layer_17": {
      "n_total": 500,
      "n_valid": 500,
      "n_val_total": 500,
      "n_val_valid": 500,
      "acc": 0.664,
      "f1": 0.5778894472361809,
      "pre": 0.777027027027027,
      "recall": 0.46,
      "auroc": 0.7223200000000001,
      "optimal_threshold": 0.745673656463623,
      "tpr_at_fpr_0_01": 0.172,
      "fpr95": 0.868,
      "aupr": 0.7509500244153434
    },
    "layer_18": {
      "n_total": 500,
      "n_valid": 500,
      "n_val_total": 500,
      "n_val_valid": 500,
      "acc": 0.64,
      "f1": 0.589041095890411,
      "pre": 0.6861702127659575,
      "recall": 0.516,
      "auroc": 0.71472,
      "optimal_threshold": 0.6761437654495239,
      "tpr_at_fpr_0_01": 0.1,
      "fpr95": 0.848,
      "aupr": 0.731361315273066
    },
    "layer_19": {
      "n_total": 500,
      "n_valid": 500,
      "n_val_total": 500,
      "n_val_valid": 500,
      "acc": 0.642,
      "f1": 0.5421994884910486,
      "pre": 0.75177304964539,
      "recall": 0.424,
      "auroc": 0.70384,
      "optimal_threshold": 0.6834210157394409,
      "tpr_at_fpr_0_01": 0.12,
      "fpr95": 0.816,
      "aupr": 0.7288182300085202
    },
    "layer_20": {
      "n_total": 500,
      "n_valid": 500,
      "n_val_total": 500,
      "n_val_valid": 500,
      "acc": 0.636,
      "f1": 0.5284974093264249,
      "pre": 0.75,
      "recall": 0.408,