{
  "args": {
    "model": "llama_8b",
    "dataset": "tsm_multi",
    "mode": "pca_sv",
    "token_mode": "last_token",
    "prefix": false,
    "smoke_test": false,
    "ood": [],
    "pca_components": 100,
    "normalize_scores": true,
    "manifold": true
  },
  "steering_domain": "tsm_multi",
  "eval_domain": "tsm_multi",
  "n_samples": 500,
  "n_layers": 33,
  "metrics_per_layer": {
    "layer_1": {
      "n_total": 500,
      "n_valid": 500,
      "n_val_total": 500,
      "n_val_valid": 500,
      "acc": 0.526,
      "f1": 0.6647807637906648,
      "pre": 0.5142231947483589,
      "recall": 0.94,
      "auroc": 0.5236000000000001,
      "optimal_threshold": 0.6185958385467529,
      "tpr_at_fpr_0_01": 0.0,
      "fpr95": 0.892,
      "aupr": 0.5120237583485069
    },
    "layer_2": {
      "n_total": 500,
      "n_valid": 500,
      "n_val_total": 500,
      "n_val_valid": 500,
      "acc": 0.562,
      "f1": 0.39669421487603307,
      "pre": 0.6371681415929203,
      "recall": 0.288,
      "auroc": 0.614448,
      "optimal_threshold": 0.7610138654708862,
      "tpr_at_fpr_0_01": 0.064,
      "fpr95": 0.88,
      "aupr": 0.6209070793003855
    },
    "layer_3": {
      "n_total": 500,
      "n_valid": 500,
      "n_val_total": 500,
      "n_val_valid": 500,
      "acc": 0.612,
      "f1": 0.6283524904214559,
      "pre": 0.6029411764705882,
      "recall": 0.656,
      "auroc": 0.6275999999999999,
      "optimal_threshold": 0.6219351291656494,
      "tpr_at_fpr_0_01": 0.052,
      "fpr95": 0.868,
      "aupr": 0.6257325393683241
    },
    "layer_4": {
      "n_total": 500,
      "n_valid": 500,
      "n_val_total": 500,
      "n_val_valid": 500,
      "acc": 0.622,
      "f1": 0.6257425742574257,
      "pre": 0.6196078431372549,
      "recall": 0.632,
      "auroc": 0.6633760000000001,
      "optimal_threshold": 0.7135003209114075,
      "tpr_at_fpr_0_01": 0.044,
      "fpr95": 0.888,
      "aupr": 0.6502454598979539
    },
    "layer_5": {
      "n_total": 500,
      "n_valid": 500,
      "n_val_total": 500,
      "n_val_valid": 500,
      "acc": 0.652,
      "f1": 0.618421052631579,
      "pre": 0.6844660194174758,
      "recall": 0.564,
      "auroc": 0.7199360000000001,
      "optimal_threshold": 0.6104602813720703,
      "tpr_at_fpr_0_01": 0.216,
      "fpr95": 0.804,
      "aupr": 0.7435458896856388
    },
    "layer_6": {
      "n_total": 500,
      "n_valid": 500,
      "n_val_total": 500,
      "n_val_valid": 500,
      "acc": 0.716,
      "f1": 0.691304347826087,
      "pre": 0.7571428571428571,
      "recall": 0.636,
      "auroc": 0.777504,
      "optimal_threshold": 0.7032779455184937,
      "tpr_at_fpr_0_01": 0.196,
      "fpr95": 0.74,
      "aupr": 0.7999150588384859
    },
    "layer_7": {
      "n_total": 500,
      "n_valid": 500,
      "n_val_total": 500,
      "n_val_valid": 500,
      "acc": 0.722,
      "f1": 0.683371298405467,
      "pre": 0.7936507936507936,
      "recall": 0.6,
      "auroc": 0.782336,
      "optimal_threshold": 0.6598092913627625,
      "tpr_at_fpr_0_01": 0.256,
      "fpr95": 0.796,
      "aupr": 0.8081084070988213
    },
    "layer_8": {
      "n_total": 500,
      "n_valid": 500,
      "n_val_total": 500,
      "n_val_valid": 500,
      "acc": 0.714,
      "f1": 0.70020964360587,
      "pre": 0.73568281938326,
      "recall": 0.668,
      "auroc": 0.7735200000000001,
      "optimal_threshold": 0.5933352112770081,
      "tpr_at_fpr_0_01": 0.18,
      "fpr95": 0.764,
      "aupr": 0.7885337982970269
    },
    "layer_9": {
      "n_total": 500,
      "n_valid": 500,
      "n_val_total": 500,
      "n_val_valid": 500,
      "acc": 0.694,
      "f1": 0.6530612244897959,
      "pre": 0.7539267015706806,
      "recall": 0.576,
      "auroc": 0.759728,
      "optimal_threshold": 0.6058030724525452,
      "tpr_at_fpr_0_01": 0.124,
      "fpr95": 0.796,
      "aupr": 0.7806054071998731
    },
    "layer_10": {
      "n_total": 500,
      "n_valid": 500,
      "n_val_total": 500,
      "n_val_valid": 500,
      "acc": 0.69,
      "f1": 0.6485260770975056,
      "pre": 0.7486910994764397,
      "recall": 0.572,
      "auroc": 0.750496,
      "optimal_threshold": 0.6466984152793884,
      "tpr_at_fpr_0_01": 0.192,
      "fpr95": 0.86,
      "aupr": 0.7782196319575935
    },
    "layer_11": {
      "n_total": 500,
      "n_valid": 500,
      "n_val_total": 500,
      "n_val_valid": 500,
      "acc": 0.712,
      "f1": 0.6727272727272727,
      "pre": 0.7789473684210526,
      "recall": 0.592,
      "auroc": 0.79016,
      "optimal_threshold": 0.6409742832183838,
      "tpr_at_fpr_0_01": 0.296,
      "fpr95": 0.78,
      "aupr": 0.8245959423280481
    },
    "layer_12": {
      "n_total": 500,
      "n_valid": 500,
      "n_val_total": 500,
      "n_val_valid": 500,
      "acc": 0.742,
      "f1": 0.7139689578713969,
      "pre": 0.8009950248756219,
      "recall": 0.644,
      "auroc": 0.802048,
      "optimal_threshold": 0.5921951532363892,
      "tpr_at_fpr_0_01": 0.312,
      "fpr95": 0.788,
      "aupr": 0.8385533059160184
    },
    "layer_13": {
      "n_total": 500,
      "n_valid": 500,
      "n_val_total": 500,
      "n_val_valid": 500,
      "acc": 0.71,
      "f1": 0.6697038724373576,
      "pre": 0.7777777777777778,
      "recall": 0.588,
      "auroc": 0.788176,
      "optimal_threshold": 0.6292170882225037,
      "tpr_at_fpr_0_01": 0.292,
      "fpr95": 0.776,
      "aupr": 0.8197399732419639
    },
    "layer_14": {
      "n_total": 500,
      "n_valid": 500,
      "n_val_total": 500,
      "n_val_valid": 500,
      "acc": 0.73,
      "f1": 0.6938775510204082,
      "pre": 0.8010471204188482,
      "recall": 0.612,
      "auroc": 0.7976479999999999,
      "optimal_threshold": 0.5979900360107422,
      "tpr_at_fpr_0_01": 0.332,
      "fpr95": 0.796,
      "aupr": 0.8278578997018394
    },
    "layer_15": {
      "n_total": 500,
      "n_valid": 500,
      "n_val_total": 500,
      "n_val_valid": 500,
      "acc": 0.712,
      "f1": 0.6619718309859155,
      "pre": 0.8011363636363636,
      "recall": 0.564,
      "auroc": 0.7920159999999999,
      "optimal_threshold": 0.600887656211853,
      "tpr_at_fpr_0_01": 0.328,
      "fpr95": 0.824,
      "aupr": 0.8294318080550751
    },
    "layer_16": {
      "n_total": 500,
      "n_valid": 500,
      "n_val_total": 500,
      "n_val_valid": 500,
      "acc": 0.722,
      "f1": 0.6666666666666666,
      "pre": 0.8323353293413174,
      "recall": 0.556,
      "auroc": 0.78504,
      "optimal_threshold": 0.607768714427948,
      "tpr_at_fpr_0_01": 0.296,
      "fpr95": 0.84,
      "aupr": 0.8210048591156149
    },
    "layer_17": {
      "n_total": 500,
      "n_valid": 500,
      "n_val_total": 500,
      "n_val_valid": 500,
      "acc": 0.714,
      "f1": 0.6697459584295612,
      "pre": 0.7923497267759563,
      "recall": 0.58,
      "auroc": 0.7804159999999999,
      "optimal_threshold": 0.549622118473053,
      "tpr_at_fpr_0_01": 0.316,
      "fpr95": 0.836,
      "aupr": 0.8214030188840568
    },
    "layer_18": {
      "n_total": 500,
      "n_valid": 500,
      "n_val_total": 500,
      "n_val_valid": 500,
      "acc": 0.72,
      "f1": 0.6774193548387096,
      "pre": 0.7989130434782609,
      "recall": 0.588,
      "auroc": 0.7818080000000001,
      "optimal_threshold": 0.5115171670913696,
      "tpr_at_fpr_0_01": 0.264,
      "fpr95": 0.804,
      "aupr": 0.8210114969247788
    },
    "layer_19": {
      "n_total": 500,
      "n_valid": 500,
      "n_val_total": 500,
      "n_val_valid": 500,
      "acc": 0.732,
      "f1": 0.6869158878504673,
      "pre": 0.8258426966292135,
      "recall": 0.588,
      "auroc": 0.7873279999999999,
      "optimal_threshold": 0.48065635561943054,
      "tpr_at_fpr_0_01": 0.376,
      "fpr95": 0.808,
      "aupr": 0.8293842443116887
    },
    "layer_20": {
      "n_total": 500,
      "n_valid": 500,
      "n_val_total": 500,
      "n_val_valid": 500,
      "acc": 0.714,
      "f1": 0.6619385342789598,