{
  "args": {
    "model": "llama_8b",
    "dataset": "m4_multilingual",
    "mode": "last_token",
    "centering": false,
    "prefix": false,
    "smoke_test": false,
    "ood": false,
    "ood_set": "",
    "manifold": true,
    "pca_components": 20
  },
  "steering_domain": "m4_multilingual",
  "eval_domain": "m4_multilingual",
  "n_samples": 500,
  "n_layers": 33,
  "metrics_per_layer": {
    "layer_1": {
      "n_total": 500,
      "n_valid": 500,
      "acc": 0.53,
      "f1": 0.6037099494097807,
      "pre": 0.521865889212828,
      "recall": 0.716,
      "auroc": 0.507528,
      "optimal_threshold": 0.01517334021627903,
      "tpr_at_fpr_0_01": 0.0,
      "fpr95": 0.952,
      "aupr": 0.516982146219991
    },
    "layer_2": {
      "n_total": 500,
      "n_valid": 500,
      "acc": 0.572,
      "f1": 0.4022346368715084,
      "pre": 0.6666666666666666,
      "recall": 0.288,
      "auroc": 0.545632,
      "optimal_threshold": 0.1653982698917389,
      "tpr_at_fpr_0_01": 0.056,
      "fpr95": 0.904,
      "aupr": 0.5805793904454725
    },
    "layer_3": {
      "n_total": 500,
      "n_valid": 500,
      "acc": 0.582,
      "f1": 0.6739469578783152,
      "pre": 0.5524296675191815,
      "recall": 0.864,
      "auroc": 0.593056,
      "optimal_threshold": -0.025227729231119156,
      "tpr_at_fpr_0_01": 0.152,
      "fpr95": 0.896,
      "aupr": 0.6378272686494497
    },
    "layer_4": {
      "n_total": 500,
      "n_valid": 500,
      "acc": 0.606,
      "f1": 0.45429362880886426,
      "pre": 0.7387387387387387,
      "recall": 0.328,
      "auroc": 0.596848,
      "optimal_threshold": 0.3835787773132324,
      "tpr_at_fpr_0_01": 0.184,
      "fpr95": 0.876,
      "aupr": 0.6571845302714747
    },
    "layer_5": {
      "n_total": 500,
      "n_valid": 500,
      "acc": 0.614,
      "f1": 0.40978593272171254,
      "pre": 0.8701298701298701,
      "recall": 0.268,
      "auroc": 0.612032,
      "optimal_threshold": 0.5412675142288208,
      "tpr_at_fpr_0_01": 0.228,
      "fpr95": 0.912,
      "aupr": 0.6775709169046414
    },
    "layer_6": {
      "n_total": 500,
      "n_valid": 500,
      "acc": 0.61,
      "f1": 0.417910447761194,
      "pre": 0.8235294117647058,
      "recall": 0.28,
      "auroc": 0.643088,
      "optimal_threshold": 0.7510089874267578,
      "tpr_at_fpr_0_01": 0.176,
      "fpr95": 0.848,
      "aupr": 0.6897484825509693
    },
    "layer_7": {
      "n_total": 500,
      "n_valid": 500,
      "acc": 0.636,
      "f1": 0.510752688172043,
      "pre": 0.7786885245901639,
      "recall": 0.38,
      "auroc": 0.625792,
      "optimal_threshold": 0.8700426816940308,
      "tpr_at_fpr_0_01": 0.188,
      "fpr95": 0.912,
      "aupr": 0.6955501512283586
    },
    "layer_8": {
      "n_total": 500,
      "n_valid": 500,
      "acc": 0.624,
      "f1": 0.46285714285714286,
      "pre": 0.81,
      "recall": 0.324,
      "auroc": 0.612384,
      "optimal_threshold": 0.9625371694564819,
      "tpr_at_fpr_0_01": 0.192,
      "fpr95": 0.904,
      "aupr": 0.6833570351711578
    },
    "layer_9": {
      "n_total": 500,
      "n_valid": 500,
      "acc": 0.636,
      "f1": 0.5,
      "pre": 0.7982456140350878,
      "recall": 0.364,
      "auroc": 0.607872,
      "optimal_threshold": 1.1642295122146606,
      "tpr_at_fpr_0_01": 0.2,
      "fpr95": 0.904,
      "aupr": 0.6833074375163661
    },
    "layer_10": {
      "n_total": 500,
      "n_valid": 500,
      "acc": 0.62,
      "f1": 0.5,
      "pre": 0.7307692307692307,
      "recall": 0.38,
      "auroc": 0.6037440000000001,
      "optimal_threshold": 1.2712657451629639,
      "tpr_at_fpr_0_01": 0.188,
      "fpr95": 0.916,
      "aupr": 0.6775032368974718
    },
    "layer_11": {
      "n_total": 500,
      "n_valid": 500,
      "acc": 0.626,
      "f1": 0.4579710144927536,
      "pre": 0.8315789473684211,
      "recall": 0.316,
      "auroc": 0.611184,
      "optimal_threshold": 1.693709135055542,
      "tpr_at_fpr_0_01": 0.184,
      "fpr95": 0.9,
      "aupr": 0.6796217840308693
    },
    "layer_12": {
      "n_total": 500,
      "n_valid": 500,
      "acc": 0.598,
      "f1": 0.3890577507598784,
      "pre": 0.810126582278481,
      "recall": 0.256,
      "auroc": 0.578704,
      "optimal_threshold": 2.342867612838745,
      "tpr_at_fpr_0_01": 0.176,
      "fpr95": 0.904,
      "aupr": 0.6553520484047725
    },
    "layer_13": {
      "n_total": 500,
      "n_valid": 500,
      "acc": 0.594,
      "f1": 0.33876221498371334,
      "pre": 0.9122807017543859,
      "recall": 0.208,
      "auroc": 0.560736,
      "optimal_threshold": 2.5980372428894043,
      "tpr_at_fpr_0_01": 0.184,
      "fpr95": 0.916,
      "aupr": 0.6433699360566749
    },
    "layer_14": {
      "n_total": 500,
      "n_valid": 500,
      "acc": 0.594,
      "f1": 0.35555555555555557,
      "pre": 0.8615384615384616,
      "recall": 0.224,
      "auroc": 0.5666720000000001,
      "optimal_threshold": 2.5841407775878906,
      "tpr_at_fpr_0_01": 0.172,
      "fpr95": 0.888,
      "aupr": 0.6380663647010676
    },
    "layer_15": {
      "n_total": 500,
      "n_valid": 500,
      "acc": 0.6,
      "f1": 0.375,
      "pre": 0.8571428571428571,
      "recall": 0.24,
      "auroc": 0.5756479999999999,
      "optimal_threshold": 2.788485050201416,
      "tpr_at_fpr_0_01": 0.16,
      "fpr95": 0.876,
      "aupr": 0.6490826425042924
    },
    "layer_16": {
      "n_total": 500,
      "n_valid": 500,
      "acc": 0.612,
      "f1": 0.436046511627907,
      "pre": 0.7978723404255319,
      "recall": 0.3,
      "auroc": 0.5980319999999999,
      "optimal_threshold": 2.7968082427978516,
      "tpr_at_fpr_0_01": 0.144,
      "fpr95": 0.888,
      "aupr": 0.6630157116415043
    },
    "layer_17": {
      "n_total": 500,
      "n_valid": 500,
      "acc": 0.592,
      "f1": 0.35443037974683544,
      "pre": 0.8484848484848485,
      "recall": 0.224,
      "auroc": 0.5623199999999999,
      "optimal_threshold": 3.5537936687469482,
      "tpr_at_fpr_0_01": 0.12,
      "fpr95": 0.88,
      "aupr": 0.6319956028799543
    },
    "layer_18": {
      "n_total": 500,
      "n_valid": 500,
      "acc": 0.6,
      "f1": 0.42528735632183906,
      "pre": 0.7551020408163265,
      "recall": 0.296,
      "auroc": 0.5672159999999999,
      "optimal_threshold": 3.7693252563476562,
      "tpr_at_fpr_0_01": 0.144,
      "fpr95": 0.9,
      "aupr": 0.6412166040972141
    },
    "layer_19": {
      "n_total": 500,
      "n_valid": 500,
      "acc": 0.598,
      "f1": 0.4207492795389049,
      "pre": 0.7525773195876289,
      "recall": 0.292,
      "auroc": 0.566288,
      "optimal_threshold": 4.5511794090271,
      "tpr_at_fpr_0_01": 0.124,
      "fpr95": 0.88,
      "aupr": 0.6349230373598282
    },
    "layer_20": {
      "n_total": 500,
      "n_valid": 500,
      "acc": 0.592,
      "f1": 0.3780487804878049,
      "pre": 0.7948717948717948,
      "recall": 0.248,
      "auroc": 0.560224,
      "optimal_threshold": 5.678079128265381,
      "tpr_at_fpr_0_01": 0.128,
      "fpr95": 0.9,
      "aupr": 0.6321451343233369
    },
    "layer_21": {
      "n_total": 500,
      "n_valid": 500,
      "acc": 0.586,
      "f1": 0.3893805309734513,
      "pre": 0.7415730337078652,
      "recall": 0.264,
      "auroc": 0.558128,
      "optimal_threshold": 5.5134477615356445,
      "tpr_at_fpr_0_01": 0.128,
      "fpr95": 0.9,
      "aupr": 0.6259665854229219
    },
    "layer_22": {
      "n_total": 500,
      "n_valid": 500,
      "acc": 0.582,
      "f1": 0.34890965732087226,
      "pre": 0.7887323943661971,
      "recall": 0.224,
      "auroc": 0.562048,
      "optimal_threshold": 6.4059247970581055,
      "tpr_at_fpr_0_01": 0.112,
      "fpr95": 0.908,
      "aupr": 0.6290183627466264
    },
    "layer_23": {
      "n_total": 500,
      "n_valid": 500,
      "acc": 0.576,
      "f1": 0.3116883116883117,
      "pre": 0.8275862068965517,
      "recall": 0.192,
      "auroc": 0.5591360000000001,