{
  "args": {
    "model": "llama_8b",
    "dataset": "multisocial_full",
    "mode": "last_token",
    "centering": false,
    "prefix": false,
    "smoke_test": false,
    "ood": false,
    "ood_set": "",
    "manifold": true,
    "pca_components": 12
  },
  "steering_domain": "multisocial_full",
  "eval_domain": "multisocial_full",
  "n_samples": 500,
  "n_layers": 33,
  "metrics_per_layer": {
    "layer_1": {
      "n_total": 500,
      "n_valid": 500,
      "acc": 0.704,
      "f1": 0.6390243902439025,
      "pre": 0.81875,
      "recall": 0.524,
      "auroc": 0.7383440000000001,
      "optimal_threshold": 0.1094207689166069,
      "tpr_at_fpr_0_01": 0.0,
      "fpr95": 0.864,
      "aupr": 0.7541279723461969
    },
    "layer_2": {
      "n_total": 500,
      "n_valid": 500,
      "acc": 0.706,
      "f1": 0.6181818181818182,
      "pre": 0.8814814814814815,
      "recall": 0.476,
      "auroc": 0.763984,
      "optimal_threshold": 0.216769278049469,
      "tpr_at_fpr_0_01": 0.044,
      "fpr95": 0.804,
      "aupr": 0.7754887011064469
    },
    "layer_3": {
      "n_total": 500,
      "n_valid": 500,
      "acc": 0.712,
      "f1": 0.6521739130434783,
      "pre": 0.823170731707317,
      "recall": 0.54,
      "auroc": 0.787536,
      "optimal_threshold": 0.24677906930446625,
      "tpr_at_fpr_0_01": 0.16,
      "fpr95": 0.656,
      "aupr": 0.8040083142347234
    },
    "layer_4": {
      "n_total": 500,
      "n_valid": 500,
      "acc": 0.718,
      "f1": 0.718562874251497,
      "pre": 0.7171314741035857,
      "recall": 0.72,
      "auroc": 0.789168,
      "optimal_threshold": 0.09040825068950653,
      "tpr_at_fpr_0_01": 0.208,
      "fpr95": 0.728,
      "aupr": 0.813920064783805
    },
    "layer_5": {
      "n_total": 500,
      "n_valid": 500,
      "acc": 0.732,
      "f1": 0.73828125,
      "pre": 0.7213740458015268,
      "recall": 0.756,
      "auroc": 0.8073119999999999,
      "optimal_threshold": -0.04432977735996246,
      "tpr_at_fpr_0_01": 0.264,
      "fpr95": 0.628,
      "aupr": 0.8225952862430201
    },
    "layer_6": {
      "n_total": 500,
      "n_valid": 500,
      "acc": 0.738,
      "f1": 0.7542213883677298,
      "pre": 0.7102473498233216,
      "recall": 0.804,
      "auroc": 0.821664,
      "optimal_threshold": -0.05872325599193573,
      "tpr_at_fpr_0_01": 0.168,
      "fpr95": 0.584,
      "aupr": 0.8339082770095764
    },
    "layer_7": {
      "n_total": 500,
      "n_valid": 500,
      "acc": 0.732,
      "f1": 0.7362204724409449,
      "pre": 0.7248062015503876,
      "recall": 0.748,
      "auroc": 0.8199839999999999,
      "optimal_threshold": -0.0072710514068603516,
      "tpr_at_fpr_0_01": 0.112,
      "fpr95": 0.532,
      "aupr": 0.82216058728051
    },
    "layer_8": {
      "n_total": 500,
      "n_valid": 500,
      "acc": 0.75,
      "f1": 0.7390396659707724,
      "pre": 0.7729257641921398,
      "recall": 0.708,
      "auroc": 0.8343999999999999,
      "optimal_threshold": -0.05260675400495529,
      "tpr_at_fpr_0_01": 0.208,
      "fpr95": 0.56,
      "aupr": 0.8421206906848367
    },
    "layer_9": {
      "n_total": 500,
      "n_valid": 500,
      "acc": 0.758,
      "f1": 0.7535641547861507,
      "pre": 0.7676348547717843,
      "recall": 0.74,
      "auroc": 0.835888,
      "optimal_threshold": -0.06335298717021942,
      "tpr_at_fpr_0_01": 0.204,
      "fpr95": 0.56,
      "aupr": 0.84267364214526
    },
    "layer_10": {
      "n_total": 500,
      "n_valid": 500,
      "acc": 0.762,
      "f1": 0.775047258979206,
      "pre": 0.7347670250896058,
      "recall": 0.82,
      "auroc": 0.843056,
      "optimal_threshold": -0.06622259318828583,
      "tpr_at_fpr_0_01": 0.244,
      "fpr95": 0.592,
      "aupr": 0.8478187081807524
    },
    "layer_11": {
      "n_total": 500,
      "n_valid": 500,
      "acc": 0.776,
      "f1": 0.78125,
      "pre": 0.7633587786259542,
      "recall": 0.8,
      "auroc": 0.848992,
      "optimal_threshold": -0.011358927935361862,
      "tpr_at_fpr_0_01": 0.24,
      "fpr95": 0.58,
      "aupr": 0.8557311031780274
    },
    "layer_12": {
      "n_total": 500,
      "n_valid": 500,
      "acc": 0.772,
      "f1": 0.7729083665338645,
      "pre": 0.7698412698412699,
      "recall": 0.776,
      "auroc": 0.8499519999999999,
      "optimal_threshold": 0.11433522403240204,
      "tpr_at_fpr_0_01": 0.252,
      "fpr95": 0.544,
      "aupr": 0.8566903940616747
    },
    "layer_13": {
      "n_total": 500,
      "n_valid": 500,
      "acc": 0.778,
      "f1": 0.7663157894736842,
      "pre": 0.8088888888888889,
      "recall": 0.728,
      "auroc": 0.8482719999999999,
      "optimal_threshold": 0.16885066032409668,
      "tpr_at_fpr_0_01": 0.212,
      "fpr95": 0.58,
      "aupr": 0.8566282020001728
    },
    "layer_14": {
      "n_total": 500,
      "n_valid": 500,
      "acc": 0.768,
      "f1": 0.7670682730923695,
      "pre": 0.7701612903225806,
      "recall": 0.764,
      "auroc": 0.8359679999999999,
      "optimal_threshold": 0.28759053349494934,
      "tpr_at_fpr_0_01": 0.28,
      "fpr95": 0.584,
      "aupr": 0.8436810368823459
    },
    "layer_15": {
      "n_total": 500,
      "n_valid": 500,
      "acc": 0.786,
      "f1": 0.7820773930753564,
      "pre": 0.7966804979253111,
      "recall": 0.768,
      "auroc": 0.8513599999999999,
      "optimal_threshold": -0.05714532732963562,
      "tpr_at_fpr_0_01": 0.232,
      "fpr95": 0.556,
      "aupr": 0.859541536112243
    },
    "layer_16": {
      "n_total": 500,
      "n_valid": 500,
      "acc": 0.776,
      "f1": 0.7676348547717843,
      "pre": 0.7974137931034483,
      "recall": 0.74,
      "auroc": 0.849728,
      "optimal_threshold": 0.23539534211158752,
      "tpr_at_fpr_0_01": 0.252,
      "fpr95": 0.568,
      "aupr": 0.8589645996565093
    },
    "layer_17": {
      "n_total": 500,
      "n_valid": 500,
      "acc": 0.778,
      "f1": 0.7711340206185567,
      "pre": 0.7957446808510639,
      "recall": 0.748,
      "auroc": 0.8523040000000001,
      "optimal_threshold": 0.2534453570842743,
      "tpr_at_fpr_0_01": 0.256,
      "fpr95": 0.548,
      "aupr": 0.8600207547592634
    },
    "layer_18": {
      "n_total": 500,
      "n_valid": 500,
      "acc": 0.782,
      "f1": 0.7752577319587629,
      "pre": 0.8,
      "recall": 0.752,
      "auroc": 0.8553599999999999,
      "optimal_threshold": 0.1822584718465805,
      "tpr_at_fpr_0_01": 0.24,
      "fpr95": 0.584,
      "aupr": 0.8601918930958383
    },
    "layer_19": {
      "n_total": 500,
      "n_valid": 500,
      "acc": 0.792,
      "f1": 0.7815126050420168,
      "pre": 0.8230088495575221,
      "recall": 0.744,
      "auroc": 0.861456,
      "optimal_threshold": 0.3698837161064148,
      "tpr_at_fpr_0_01": 0.304,
      "fpr95": 0.584,
      "aupr": 0.8650897341538883
    },
    "layer_20": {
      "n_total": 500,
      "n_valid": 500,
      "acc": 0.784,
      "f1": 0.7848605577689243,
      "pre": 0.7817460317460317,
      "recall": 0.788,
      "auroc": 0.8556,
      "optimal_threshold": 0.24189038574695587,
      "tpr_at_fpr_0_01": 0.276,
      "fpr95": 0.556,
      "aupr": 0.857559762386362
    },
    "layer_21": {
      "n_total": 500,
      "n_valid": 500,
      "acc": 0.784,
      "f1": 0.7759336099585062,
      "pre": 0.8060344827586207,
      "recall": 0.748,
      "auroc": 0.859168,
      "optimal_threshold": 0.24803489446640015,
      "tpr_at_fpr_0_01": 0.2,
      "fpr95": 0.496,
      "aupr": 0.8561115175078731
    },
    "layer_22": {
      "n_total": 500,
      "n_valid": 500,
      "acc": 0.784,
      "f1": 0.7740585774058577,
      "pre": 0.8114035087719298,
      "recall": 0.74,
      "auroc": 0.8594400000000001,
      "optimal_threshold": 0.5363990068435669,
      "tpr_at_fpr_0_01": 0.184,
      "fpr95": 0.512,
      "aupr": 0.8556764186273677
    },
    "layer_23": {
      "n_total": 500,
      "n_valid": 500,
      "acc": 0.79,
      "f1": 0.7861507128309573,
      "pre": 0.8008298755186722,