{
  "args": {
    "model": "llama_8b",
    "dataset": "m4_multilingual",
    "mode": "last_token",
    "centering": false,
    "prefix": false,
    "smoke_test": false,
    "ood": false,
    "ood_set": "",
    "manifold": true,
    "pca_components": 3
  },
  "steering_domain": "m4_multilingual",
  "eval_domain": "m4_multilingual",
  "n_samples": 500,
  "n_layers": 33,
  "metrics_per_layer": {
    "layer_1": {
      "n_total": 500,
      "n_valid": 500,
      "acc": 0.526,
      "f1": 0.4397163120567376,
      "pre": 0.5375722543352601,
      "recall": 0.372,
      "auroc": 0.500344,
      "optimal_threshold": 0.17126621305942535,
      "tpr_at_fpr_0_01": 0.0,
      "fpr95": 0.948,
      "aupr": 0.5144651346879364
    },
    "layer_2": {
      "n_total": 500,
      "n_valid": 500,
      "acc": 0.556,
      "f1": 0.3901098901098901,
      "pre": 0.6228070175438597,
      "recall": 0.284,
      "auroc": 0.509056,
      "optimal_threshold": 0.1549316942691803,
      "tpr_at_fpr_0_01": 0.04,
      "fpr95": 0.916,
      "aupr": 0.5323312051119251
    },
    "layer_3": {
      "n_total": 500,
      "n_valid": 500,
      "acc": 0.552,
      "f1": 0.6636636636636637,
      "pre": 0.53125,
      "recall": 0.884,
      "auroc": 0.549968,
      "optimal_threshold": -0.05554827302694321,
      "tpr_at_fpr_0_01": 0.076,
      "fpr95": 0.9,
      "aupr": 0.5734157278360493
    },
    "layer_4": {
      "n_total": 500,
      "n_valid": 500,
      "acc": 0.6,
      "f1": 0.40119760479041916,
      "pre": 0.7976190476190477,
      "recall": 0.268,
      "auroc": 0.562736,
      "optimal_threshold": 0.3917713165283203,
      "tpr_at_fpr_0_01": 0.164,
      "fpr95": 0.876,
      "aupr": 0.6393836675586769
    },
    "layer_5": {
      "n_total": 500,
      "n_valid": 500,
      "acc": 0.62,
      "f1": 0.4378698224852071,
      "pre": 0.8409090909090909,
      "recall": 0.296,
      "auroc": 0.598544,
      "optimal_threshold": 0.3985814154148102,
      "tpr_at_fpr_0_01": 0.228,
      "fpr95": 0.904,
      "aupr": 0.6684093030296163
    },
    "layer_6": {
      "n_total": 500,
      "n_valid": 500,
      "acc": 0.614,
      "f1": 0.3987538940809969,
      "pre": 0.9014084507042254,
      "recall": 0.256,
      "auroc": 0.641824,
      "optimal_threshold": 0.8257615566253662,
      "tpr_at_fpr_0_01": 0.172,
      "fpr95": 0.812,
      "aupr": 0.6881805636133818
    },
    "layer_7": {
      "n_total": 500,
      "n_valid": 500,
      "acc": 0.628,
      "f1": 0.489010989010989,
      "pre": 0.7807017543859649,
      "recall": 0.356,
      "auroc": 0.623472,
      "optimal_threshold": 0.8106981515884399,
      "tpr_at_fpr_0_01": 0.18,
      "fpr95": 0.92,
      "aupr": 0.689780608287341
    },
    "layer_8": {
      "n_total": 500,
      "n_valid": 500,
      "acc": 0.632,
      "f1": 0.4888888888888889,
      "pre": 0.8,
      "recall": 0.352,
      "auroc": 0.614576,
      "optimal_threshold": 0.8972004055976868,
      "tpr_at_fpr_0_01": 0.184,
      "fpr95": 0.912,
      "aupr": 0.6833205482046993
    },
    "layer_9": {
      "n_total": 500,
      "n_valid": 500,
      "acc": 0.64,
      "f1": 0.5,
      "pre": 0.8181818181818182,
      "recall": 0.36,
      "auroc": 0.617872,
      "optimal_threshold": 1.152164101600647,
      "tpr_at_fpr_0_01": 0.196,
      "fpr95": 0.876,
      "aupr": 0.6869159473339522
    },
    "layer_10": {
      "n_total": 500,
      "n_valid": 500,
      "acc": 0.624,
      "f1": 0.48066298342541436,
      "pre": 0.7767857142857143,
      "recall": 0.348,
      "auroc": 0.6234559999999999,
      "optimal_threshold": 1.326716423034668,
      "tpr_at_fpr_0_01": 0.184,
      "fpr95": 0.9,
      "aupr": 0.6859039445793433
    },
    "layer_11": {
      "n_total": 500,
      "n_valid": 500,
      "acc": 0.626,
      "f1": 0.4932249322493225,
      "pre": 0.7647058823529411,
      "recall": 0.364,
      "auroc": 0.632032,
      "optimal_threshold": 1.6175050735473633,
      "tpr_at_fpr_0_01": 0.2,
      "fpr95": 0.892,
      "aupr": 0.6928031821496227
    },
    "layer_12": {
      "n_total": 500,
      "n_valid": 500,
      "acc": 0.602,
      "f1": 0.46070460704607047,
      "pre": 0.7142857142857143,
      "recall": 0.34,
      "auroc": 0.590368,
      "optimal_threshold": 2.0545878410339355,
      "tpr_at_fpr_0_01": 0.172,
      "fpr95": 0.912,
      "aupr": 0.6605961344877158
    },
    "layer_13": {
      "n_total": 500,
      "n_valid": 500,
      "acc": 0.598,
      "f1": 0.4582210242587601,
      "pre": 0.7024793388429752,
      "recall": 0.34,
      "auroc": 0.5704640000000001,
      "optimal_threshold": 2.1230788230895996,
      "tpr_at_fpr_0_01": 0.172,
      "fpr95": 0.932,
      "aupr": 0.6483100313101293
    },
    "layer_14": {
      "n_total": 500,
      "n_valid": 500,
      "acc": 0.604,
      "f1": 0.39634146341463417,
      "pre": 0.8333333333333334,
      "recall": 0.26,
      "auroc": 0.578192,
      "optimal_threshold": 2.547429084777832,
      "tpr_at_fpr_0_01": 0.176,
      "fpr95": 0.916,
      "aupr": 0.6475151078552861
    },
    "layer_15": {
      "n_total": 500,
      "n_valid": 500,
      "acc": 0.6,
      "f1": 0.37888198757763975,
      "pre": 0.8472222222222222,
      "recall": 0.244,
      "auroc": 0.5558080000000001,
      "optimal_threshold": 3.04946231842041,
      "tpr_at_fpr_0_01": 0.156,
      "fpr95": 0.904,
      "aupr": 0.6424134675232576
    },
    "layer_16": {
      "n_total": 500,
      "n_valid": 500,
      "acc": 0.61,
      "f1": 0.417910447761194,
      "pre": 0.8235294117647058,
      "recall": 0.28,
      "auroc": 0.587504,
      "optimal_threshold": 2.854104518890381,
      "tpr_at_fpr_0_01": 0.124,
      "fpr95": 0.876,
      "aupr": 0.6535139703445538
    },
    "layer_17": {
      "n_total": 500,
      "n_valid": 500,
      "acc": 0.604,
      "f1": 0.40718562874251496,
      "pre": 0.8095238095238095,
      "recall": 0.272,
      "auroc": 0.567824,
      "optimal_threshold": 3.6072726249694824,
      "tpr_at_fpr_0_01": 0.156,
      "fpr95": 0.92,
      "aupr": 0.6494127682392719
    },
    "layer_18": {
      "n_total": 500,
      "n_valid": 500,
      "acc": 0.608,
      "f1": 0.4235294117647059,
      "pre": 0.8,
      "recall": 0.288,
      "auroc": 0.5631200000000001,
      "optimal_threshold": 4.475625038146973,
      "tpr_at_fpr_0_01": 0.156,
      "fpr95": 0.92,
      "aupr": 0.6536270983587404
    },
    "layer_19": {
      "n_total": 500,
      "n_valid": 500,
      "acc": 0.614,
      "f1": 0.4405797101449275,
      "pre": 0.8,
      "recall": 0.304,
      "auroc": 0.5694239999999999,
      "optimal_threshold": 5.517113208770752,
      "tpr_at_fpr_0_01": 0.172,
      "fpr95": 0.912,
      "aupr": 0.6569605156725318
    },
    "layer_20": {
      "n_total": 500,
      "n_valid": 500,
      "acc": 0.618,
      "f1": 0.49066666666666664,
      "pre": 0.736,
      "recall": 0.368,
      "auroc": 0.570416,
      "optimal_threshold": 6.084233283996582,
      "tpr_at_fpr_0_01": 0.16,
      "fpr95": 0.904,
      "aupr": 0.6595459749894643
    },
    "layer_21": {
      "n_total": 500,
      "n_valid": 500,
      "acc": 0.6,
      "f1": 0.46808510638297873,
      "pre": 0.6984126984126984,
      "recall": 0.352,
      "auroc": 0.55408,
      "optimal_threshold": 6.224462509155273,
      "tpr_at_fpr_0_01": 0.136,
      "fpr95": 0.912,
      "aupr": 0.6395941861755716
    },
    "layer_22": {
      "n_total": 500,
      "n_valid": 500,
      "acc": 0.612,
      "f1": 0.5,
      "pre": 0.7028985507246377,
      "recall": 0.388,
      "auroc": 0.582992,
      "optimal_threshold": 6.526399612426758,
      "tpr_at_fpr_0_01": 0.164,
      "fpr95": 0.912,
      "aupr": 0.6582647545362198
    },
    "layer_23": {
      "n_total": 500,
      "n_valid": 500,
      "acc": 0.606,
      "f1": 0.41543026706231456,
      "pre": 0.8045977011494253,
      "recall": 0.28,
      "auroc": 0.5991679999999999,
      "optimal_threshold": 7.400491714477539,
      "tpr_at_fpr_0_01": 0.16,