{
  "args": {
    "model": "llama_8b",
    "dataset": "multisocial_full",
    "mode": "last_token",
    "centering": false,
    "prefix": false,
    "smoke_test": false,
    "ood": false,
    "ood_set": "",
    "manifold": false,
    "pca_components": 0
  },
  "steering_domain": "multisocial_full",
  "eval_domain": "multisocial_full",
  "n_samples": 500,
  "n_layers": 33,
  "metrics_per_layer": {
    "layer_1": {
      "n_total": 500,
      "n_valid": 500,
      "acc": 0.704,
      "f1": 0.6390243902439025,
      "pre": 0.81875,
      "recall": 0.524,
      "auroc": 0.7509839999999999,
      "optimal_threshold": 0.10098075866699219,
      "tpr_at_fpr_0_01": 0.0,
      "fpr95": 0.836,
      "aupr": 0.7620429331430782
    },
    "layer_2": {
      "n_total": 500,
      "n_valid": 500,
      "acc": 0.714,
      "f1": 0.70020964360587,
      "pre": 0.73568281938326,
      "recall": 0.668,
      "auroc": 0.782,
      "optimal_threshold": -0.03557407110929489,
      "tpr_at_fpr_0_01": 0.056,
      "fpr95": 0.788,
      "aupr": 0.7881133777336341
    },
    "layer_3": {
      "n_total": 500,
      "n_valid": 500,
      "acc": 0.726,
      "f1": 0.7360308285163777,
      "pre": 0.7100371747211895,
      "recall": 0.764,
      "auroc": 0.7988480000000001,
      "optimal_threshold": -0.02793993055820465,
      "tpr_at_fpr_0_01": 0.212,
      "fpr95": 0.648,
      "aupr": 0.8104401653428699
    },
    "layer_4": {
      "n_total": 500,
      "n_valid": 500,
      "acc": 0.74,
      "f1": 0.7291666666666666,
      "pre": 0.7608695652173914,
      "recall": 0.7,
      "auroc": 0.8085600000000002,
      "optimal_threshold": 0.11258478462696075,
      "tpr_at_fpr_0_01": 0.244,
      "fpr95": 0.64,
      "aupr": 0.8265091117810601
    },
    "layer_5": {
      "n_total": 500,
      "n_valid": 500,
      "acc": 0.744,
      "f1": 0.7575757575757576,
      "pre": 0.7194244604316546,
      "recall": 0.8,
      "auroc": 0.829392,
      "optimal_threshold": -0.05583542585372925,
      "tpr_at_fpr_0_01": 0.244,
      "fpr95": 0.508,
      "aupr": 0.8390710737536073
    },
    "layer_6": {
      "n_total": 500,
      "n_valid": 500,
      "acc": 0.756,
      "f1": 0.7635658914728682,
      "pre": 0.7406015037593985,
      "recall": 0.788,
      "auroc": 0.835872,
      "optimal_threshold": 0.004087567329406738,
      "tpr_at_fpr_0_01": 0.24,
      "fpr95": 0.544,
      "aupr": 0.8438806939523895
    },
    "layer_7": {
      "n_total": 500,
      "n_valid": 500,
      "acc": 0.762,
      "f1": 0.7783985102420856,
      "pre": 0.7282229965156795,
      "recall": 0.836,
      "auroc": 0.839888,
      "optimal_threshold": -0.07339875400066376,
      "tpr_at_fpr_0_01": 0.156,
      "fpr95": 0.512,
      "aupr": 0.8412695005875777
    },
    "layer_8": {
      "n_total": 500,
      "n_valid": 500,
      "acc": 0.768,
      "f1": 0.7760617760617761,
      "pre": 0.75,
      "recall": 0.804,
      "auroc": 0.8526720000000001,
      "optimal_threshold": -0.16970419883728027,
      "tpr_at_fpr_0_01": 0.248,
      "fpr95": 0.512,
      "aupr": 0.8583633632322979
    },
    "layer_9": {
      "n_total": 500,
      "n_valid": 500,
      "acc": 0.77,
      "f1": 0.7667342799188641,
      "pre": 0.7777777777777778,
      "recall": 0.756,
      "auroc": 0.854752,
      "optimal_threshold": -0.03541108965873718,
      "tpr_at_fpr_0_01": 0.248,
      "fpr95": 0.536,
      "aupr": 0.8618750311218771
    },
    "layer_10": {
      "n_total": 500,
      "n_valid": 500,
      "acc": 0.772,
      "f1": 0.7510917030567685,
      "pre": 0.8269230769230769,
      "recall": 0.688,
      "auroc": 0.8571039999999999,
      "optimal_threshold": 0.2449091672897339,
      "tpr_at_fpr_0_01": 0.272,
      "fpr95": 0.544,
      "aupr": 0.8623144605360444
    },
    "layer_11": {
      "n_total": 500,
      "n_valid": 500,
      "acc": 0.786,
      "f1": 0.7938342967244701,
      "pre": 0.7657992565055762,
      "recall": 0.824,
      "auroc": 0.861648,
      "optimal_threshold": -0.038349539041519165,
      "tpr_at_fpr_0_01": 0.228,
      "fpr95": 0.56,
      "aupr": 0.8684271511232643
    },
    "layer_12": {
      "n_total": 500,
      "n_valid": 500,
      "acc": 0.792,
      "f1": 0.7894736842105263,
      "pre": 0.7991803278688525,
      "recall": 0.78,
      "auroc": 0.860832,
      "optimal_threshold": 0.14861316978931427,
      "tpr_at_fpr_0_01": 0.248,
      "fpr95": 0.532,
      "aupr": 0.8674167439366883
    },
    "layer_13": {
      "n_total": 500,
      "n_valid": 500,
      "acc": 0.786,
      "f1": 0.7838383838383839,
      "pre": 0.7918367346938775,
      "recall": 0.776,
      "auroc": 0.85976,
      "optimal_threshold": 0.08449264615774155,
      "tpr_at_fpr_0_01": 0.284,
      "fpr95": 0.536,
      "aupr": 0.8682169172106724
    },
    "layer_14": {
      "n_total": 500,
      "n_valid": 500,
      "acc": 0.782,
      "f1": 0.7724425887265136,
      "pre": 0.8078602620087336,
      "recall": 0.74,
      "auroc": 0.8485440000000001,
      "optimal_threshold": 0.3935779333114624,
      "tpr_at_fpr_0_01": 0.276,
      "fpr95": 0.576,
      "aupr": 0.8570647209014536
    },
    "layer_15": {
      "n_total": 500,
      "n_valid": 500,
      "acc": 0.798,
      "f1": 0.7934560327198364,
      "pre": 0.8117154811715481,
      "recall": 0.776,
      "auroc": 0.8673599999999999,
      "optimal_threshold": 0.0004519522190093994,
      "tpr_at_fpr_0_01": 0.284,
      "fpr95": 0.54,
      "aupr": 0.8735137432753267
    },
    "layer_16": {
      "n_total": 500,
      "n_valid": 500,
      "acc": 0.786,
      "f1": 0.7811860940695297,
      "pre": 0.799163179916318,
      "recall": 0.764,
      "auroc": 0.8625759999999998,
      "optimal_threshold": 0.22009602189064026,
      "tpr_at_fpr_0_01": 0.292,
      "fpr95": 0.58,
      "aupr": 0.8692155544021749
    },
    "layer_17": {
      "n_total": 500,
      "n_valid": 500,
      "acc": 0.794,
      "f1": 0.8,
      "pre": 0.7773584905660378,
      "recall": 0.824,
      "auroc": 0.864352,
      "optimal_threshold": 0.10090874135494232,
      "tpr_at_fpr_0_01": 0.308,
      "fpr95": 0.548,
      "aupr": 0.8698348915802042
    },
    "layer_18": {
      "n_total": 500,
      "n_valid": 500,
      "acc": 0.798,
      "f1": 0.8133086876155268,
      "pre": 0.7560137457044673,
      "recall": 0.88,
      "auroc": 0.864752,
      "optimal_threshold": -0.17710819840431213,
      "tpr_at_fpr_0_01": 0.284,
      "fpr95": 0.536,
      "aupr": 0.8690228180013808
    },
    "layer_19": {
      "n_total": 500,
      "n_valid": 500,
      "acc": 0.802,
      "f1": 0.8156424581005587,
      "pre": 0.7630662020905923,
      "recall": 0.876,
      "auroc": 0.8698560000000001,
      "optimal_threshold": -0.10793513059616089,
      "tpr_at_fpr_0_01": 0.316,
      "fpr95": 0.552,
      "aupr": 0.8729675186253368
    },
    "layer_20": {
      "n_total": 500,
      "n_valid": 500,
      "acc": 0.788,
      "f1": 0.7961538461538461,
      "pre": 0.7666666666666667,
      "recall": 0.828,
      "auroc": 0.865072,
      "optimal_threshold": 0.17760005593299866,
      "tpr_at_fpr_0_01": 0.324,
      "fpr95": 0.496,
      "aupr": 0.8661841655004975
    },
    "layer_21": {
      "n_total": 500,
      "n_valid": 500,
      "acc": 0.802,
      "f1": 0.8107074569789675,
      "pre": 0.7765567765567766,
      "recall": 0.848,
      "auroc": 0.87216,
      "optimal_threshold": -0.06471094489097595,
      "tpr_at_fpr_0_01": 0.316,
      "fpr95": 0.456,
      "aupr": 0.8703486393427858
    },
    "layer_22": {
      "n_total": 500,
      "n_valid": 500,
      "acc": 0.798,
      "f1": 0.8038834951456311,
      "pre": 0.7811320754716982,
      "recall": 0.828,
      "auroc": 0.8725919999999999,
      "optimal_threshold": 0.1940954327583313,
      "tpr_at_fpr_0_01": 0.292,
      "fpr95": 0.448,
      "aupr": 0.8692148931131314
    },
    "layer_23": {
      "n_total": 500,
      "n_valid": 500,
      "acc": 0.796,
      "f1": 0.7951807228915663,
      "pre": 0.7983870967741935,