{
  "args": {
    "model": "llama_8b",
    "dataset": "m4_multilingual",
    "mode": "last_token",
    "centering": false,
    "prefix": false,
    "smoke_test": false,
    "ood": false,
    "ood_set": "",
    "manifold": true,
    "pca_components": 7
  },
  "steering_domain": "m4_multilingual",
  "eval_domain": "m4_multilingual",
  "n_samples": 500,
  "n_layers": 33,
  "metrics_per_layer": {
    "layer_1": {
      "n_total": 500,
      "n_valid": 500,
      "acc": 0.526,
      "f1": 0.4397163120567376,
      "pre": 0.5375722543352601,
      "recall": 0.372,
      "auroc": 0.50532,
      "optimal_threshold": 0.1627907156944275,
      "tpr_at_fpr_0_01": 0.0,
      "fpr95": 0.948,
      "aupr": 0.5161794169464256
    },
    "layer_2": {
      "n_total": 500,
      "n_valid": 500,
      "acc": 0.576,
      "f1": 0.4175824175824176,
      "pre": 0.6666666666666666,
      "recall": 0.304,
      "auroc": 0.5325119999999999,
      "optimal_threshold": 0.17303591966629028,
      "tpr_at_fpr_0_01": 0.036,
      "fpr95": 0.92,
      "aupr": 0.5723770547798199
    },
    "layer_3": {
      "n_total": 500,
      "n_valid": 500,
      "acc": 0.57,
      "f1": 0.6624803767660911,
      "pre": 0.5452196382428941,
      "recall": 0.844,
      "auroc": 0.58592,
      "optimal_threshold": -0.02368052862584591,
      "tpr_at_fpr_0_01": 0.116,
      "fpr95": 0.88,
      "aupr": 0.6208153082166576
    },
    "layer_4": {
      "n_total": 500,
      "n_valid": 500,
      "acc": 0.618,
      "f1": 0.4365781710914454,
      "pre": 0.8314606741573034,
      "recall": 0.296,
      "auroc": 0.59768,
      "optimal_threshold": 0.3651995062828064,
      "tpr_at_fpr_0_01": 0.212,
      "fpr95": 0.84,
      "aupr": 0.6661988070242347
    },
    "layer_5": {
      "n_total": 500,
      "n_valid": 500,
      "acc": 0.616,
      "f1": 0.4696132596685083,
      "pre": 0.7589285714285714,
      "recall": 0.34,
      "auroc": 0.6176159999999999,
      "optimal_threshold": 0.43297088146209717,
      "tpr_at_fpr_0_01": 0.224,
      "fpr95": 0.888,
      "aupr": 0.6793279089554735
    },
    "layer_6": {
      "n_total": 500,
      "n_valid": 500,
      "acc": 0.614,
      "f1": 0.43731778425655976,
      "pre": 0.8064516129032258,
      "recall": 0.3,
      "auroc": 0.6511359999999999,
      "optimal_threshold": 0.6983023881912231,
      "tpr_at_fpr_0_01": 0.164,
      "fpr95": 0.832,
      "aupr": 0.6942642475216376
    },
    "layer_7": {
      "n_total": 500,
      "n_valid": 500,
      "acc": 0.632,
      "f1": 0.5106382978723404,
      "pre": 0.7619047619047619,
      "recall": 0.384,
      "auroc": 0.629488,
      "optimal_threshold": 0.8427040576934814,
      "tpr_at_fpr_0_01": 0.18,
      "fpr95": 0.916,
      "aupr": 0.6945135818738356
    },
    "layer_8": {
      "n_total": 500,
      "n_valid": 500,
      "acc": 0.63,
      "f1": 0.4788732394366197,
      "pre": 0.8095238095238095,
      "recall": 0.34,
      "auroc": 0.6142719999999999,
      "optimal_threshold": 0.943835973739624,
      "tpr_at_fpr_0_01": 0.192,
      "fpr95": 0.892,
      "aupr": 0.6843506421731068
    },
    "layer_9": {
      "n_total": 500,
      "n_valid": 500,
      "acc": 0.634,
      "f1": 0.49586776859504134,
      "pre": 0.7964601769911505,
      "recall": 0.36,
      "auroc": 0.61216,
      "optimal_threshold": 1.1681561470031738,
      "tpr_at_fpr_0_01": 0.2,
      "fpr95": 0.868,
      "aupr": 0.6841991918359674
    },
    "layer_10": {
      "n_total": 500,
      "n_valid": 500,
      "acc": 0.62,
      "f1": 0.4973544973544973,
      "pre": 0.734375,
      "recall": 0.376,
      "auroc": 0.6095360000000001,
      "optimal_threshold": 1.289505958557129,
      "tpr_at_fpr_0_01": 0.188,
      "fpr95": 0.912,
      "aupr": 0.6801185499556192
    },
    "layer_11": {
      "n_total": 500,
      "n_valid": 500,
      "acc": 0.622,
      "f1": 0.4489795918367347,
      "pre": 0.8279569892473119,
      "recall": 0.308,
      "auroc": 0.619776,
      "optimal_threshold": 1.6984387636184692,
      "tpr_at_fpr_0_01": 0.18,
      "fpr95": 0.912,
      "aupr": 0.6833798844201187
    },
    "layer_12": {
      "n_total": 500,
      "n_valid": 500,
      "acc": 0.598,
      "f1": 0.4,
      "pre": 0.788235294117647,
      "recall": 0.268,
      "auroc": 0.580816,
      "optimal_threshold": 2.2505722045898438,
      "tpr_at_fpr_0_01": 0.172,
      "fpr95": 0.896,
      "aupr": 0.6551339068584381
    },
    "layer_13": {
      "n_total": 500,
      "n_valid": 500,
      "acc": 0.596,
      "f1": 0.34415584415584416,
      "pre": 0.9137931034482759,
      "recall": 0.212,
      "auroc": 0.565232,
      "optimal_threshold": 2.574979305267334,
      "tpr_at_fpr_0_01": 0.172,
      "fpr95": 0.92,
      "aupr": 0.644276530209725
    },
    "layer_14": {
      "n_total": 500,
      "n_valid": 500,
      "acc": 0.596,
      "f1": 0.36075949367088606,
      "pre": 0.8636363636363636,
      "recall": 0.228,
      "auroc": 0.5700000000000001,
      "optimal_threshold": 2.554997444152832,
      "tpr_at_fpr_0_01": 0.16,
      "fpr95": 0.888,
      "aupr": 0.6404842215729332
    },
    "layer_15": {
      "n_total": 500,
      "n_valid": 500,
      "acc": 0.6,
      "f1": 0.375,
      "pre": 0.8571428571428571,
      "recall": 0.24,
      "auroc": 0.5794239999999999,
      "optimal_threshold": 2.780322551727295,
      "tpr_at_fpr_0_01": 0.172,
      "fpr95": 0.876,
      "aupr": 0.6506841720401677
    },
    "layer_16": {
      "n_total": 500,
      "n_valid": 500,
      "acc": 0.608,
      "f1": 0.4367816091954023,
      "pre": 0.7755102040816326,
      "recall": 0.304,
      "auroc": 0.601536,
      "optimal_threshold": 2.774425983428955,
      "tpr_at_fpr_0_01": 0.156,
      "fpr95": 0.876,
      "aupr": 0.6654186503513624
    },
    "layer_17": {
      "n_total": 500,
      "n_valid": 500,
      "acc": 0.592,
      "f1": 0.3625,
      "pre": 0.8285714285714286,
      "recall": 0.232,
      "auroc": 0.5669919999999999,
      "optimal_threshold": 3.564352035522461,
      "tpr_at_fpr_0_01": 0.14,
      "fpr95": 0.888,
      "aupr": 0.6368437983023099
    },
    "layer_18": {
      "n_total": 500,
      "n_valid": 500,
      "acc": 0.602,
      "f1": 0.4456824512534819,
      "pre": 0.7339449541284404,
      "recall": 0.32,
      "auroc": 0.573632,
      "optimal_threshold": 3.668193817138672,
      "tpr_at_fpr_0_01": 0.152,
      "fpr95": 0.908,
      "aupr": 0.6469449386368014
    },
    "layer_19": {
      "n_total": 500,
      "n_valid": 500,
      "acc": 0.606,
      "f1": 0.4450704225352113,
      "pre": 0.7523809523809524,
      "recall": 0.316,
      "auroc": 0.5753760000000001,
      "optimal_threshold": 4.509110927581787,
      "tpr_at_fpr_0_01": 0.128,
      "fpr95": 0.884,
      "aupr": 0.646953323304475
    },
    "layer_20": {
      "n_total": 500,
      "n_valid": 500,
      "acc": 0.598,
      "f1": 0.4,
      "pre": 0.788235294117647,
      "recall": 0.268,
      "auroc": 0.571728,
      "optimal_threshold": 5.561841011047363,
      "tpr_at_fpr_0_01": 0.144,
      "fpr95": 0.9,
      "aupr": 0.6462068557654949
    },
    "layer_21": {
      "n_total": 500,
      "n_valid": 500,
      "acc": 0.592,
      "f1": 0.40350877192982454,
      "pre": 0.75,
      "recall": 0.276,
      "auroc": 0.5703199999999999,
      "optimal_threshold": 5.384559154510498,
      "tpr_at_fpr_0_01": 0.132,
      "fpr95": 0.9,
      "aupr": 0.6414620131496284
    },
    "layer_22": {
      "n_total": 500,
      "n_valid": 500,
      "acc": 0.588,
      "f1": 0.4340659340659341,
      "pre": 0.6929824561403509,
      "recall": 0.316,
      "auroc": 0.570832,
      "optimal_threshold": 5.8511857986450195,
      "tpr_at_fpr_0_01": 0.124,
      "fpr95": 0.916,
      "aupr": 0.6390183336176185
    },
    "layer_23": {
      "n_total": 500,
      "n_valid": 500,
      "acc": 0.58,
      "f1": 0.4101123595505618,
      "pre": 0.6886792452830188,
      "recall": 0.292,
      "auroc": 0.569504,