{
  "args": {
    "model": "llama_8b",
    "dataset": "multisocial_full",
    "mode": "last_token",
    "centering": false,
    "prefix": false,
    "smoke_test": false,
    "ood": false,
    "ood_set": "",
    "manifold": true,
    "pca_components": 7
  },
  "steering_domain": "multisocial_full",
  "eval_domain": "multisocial_full",
  "n_samples": 500,
  "n_layers": 33,
  "metrics_per_layer": {
    "layer_1": {
      "n_total": 500,
      "n_valid": 500,
      "acc": 0.696,
      "f1": 0.6398104265402843,
      "pre": 0.7848837209302325,
      "recall": 0.54,
      "auroc": 0.7247599999999998,
      "optimal_threshold": 0.09011821448802948,
      "tpr_at_fpr_0_01": 0.0,
      "fpr95": 0.916,
      "aupr": 0.7487626598752062
    },
    "layer_2": {
      "n_total": 500,
      "n_valid": 500,
      "acc": 0.7,
      "f1": 0.6739130434782609,
      "pre": 0.7380952380952381,
      "recall": 0.62,
      "auroc": 0.747872,
      "optimal_threshold": -0.01661713793873787,
      "tpr_at_fpr_0_01": 0.064,
      "fpr95": 0.824,
      "aupr": 0.7638404757487591
    },
    "layer_3": {
      "n_total": 500,
      "n_valid": 500,
      "acc": 0.704,
      "f1": 0.645933014354067,
      "pre": 0.8035714285714286,
      "recall": 0.54,
      "auroc": 0.7665759999999999,
      "optimal_threshold": 0.23772436380386353,
      "tpr_at_fpr_0_01": 0.14,
      "fpr95": 0.736,
      "aupr": 0.7856871651141931
    },
    "layer_4": {
      "n_total": 500,
      "n_valid": 500,
      "acc": 0.712,
      "f1": 0.64,
      "pre": 0.8533333333333334,
      "recall": 0.512,
      "auroc": 0.7736,
      "optimal_threshold": 0.5465620160102844,
      "tpr_at_fpr_0_01": 0.172,
      "fpr95": 0.752,
      "aupr": 0.8033688343823557
    },
    "layer_5": {
      "n_total": 500,
      "n_valid": 500,
      "acc": 0.722,
      "f1": 0.7236580516898609,
      "pre": 0.7193675889328063,
      "recall": 0.728,
      "auroc": 0.796624,
      "optimal_threshold": -0.009178172796964645,
      "tpr_at_fpr_0_01": 0.244,
      "fpr95": 0.648,
      "aupr": 0.813467718464834
    },
    "layer_6": {
      "n_total": 500,
      "n_valid": 500,
      "acc": 0.722,
      "f1": 0.6618004866180048,
      "pre": 0.84472049689441,
      "recall": 0.544,
      "auroc": 0.8093119999999999,
      "optimal_threshold": 0.4796886444091797,
      "tpr_at_fpr_0_01": 0.168,
      "fpr95": 0.612,
      "aupr": 0.8203226190101687
    },
    "layer_7": {
      "n_total": 500,
      "n_valid": 500,
      "acc": 0.726,
      "f1": 0.7476979742173112,
      "pre": 0.6928327645051194,
      "recall": 0.812,
      "auroc": 0.8120959999999999,
      "optimal_threshold": -0.1082625687122345,
      "tpr_at_fpr_0_01": 0.112,
      "fpr95": 0.556,
      "aupr": 0.814219325863704
    },
    "layer_8": {
      "n_total": 500,
      "n_valid": 500,
      "acc": 0.738,
      "f1": 0.7426326129666012,
      "pre": 0.7297297297297297,
      "recall": 0.756,
      "auroc": 0.8225119999999999,
      "optimal_threshold": -0.13950854539871216,
      "tpr_at_fpr_0_01": 0.152,
      "fpr95": 0.58,
      "aupr": 0.8269230898934943
    },
    "layer_9": {
      "n_total": 500,
      "n_valid": 500,
      "acc": 0.746,
      "f1": 0.7381443298969073,
      "pre": 0.7617021276595745,
      "recall": 0.716,
      "auroc": 0.8268,
      "optimal_threshold": -0.003871448338031769,
      "tpr_at_fpr_0_01": 0.208,
      "fpr95": 0.58,
      "aupr": 0.8325768623605825
    },
    "layer_10": {
      "n_total": 500,
      "n_valid": 500,
      "acc": 0.74,
      "f1": 0.7357723577235772,
      "pre": 0.7479338842975206,
      "recall": 0.724,
      "auroc": 0.820544,
      "optimal_threshold": 0.11656767129898071,
      "tpr_at_fpr_0_01": 0.136,
      "fpr95": 0.58,
      "aupr": 0.8242711420787555
    },
    "layer_11": {
      "n_total": 500,
      "n_valid": 500,
      "acc": 0.752,
      "f1": 0.7737226277372263,
      "pre": 0.7114093959731543,
      "recall": 0.848,
      "auroc": 0.8287360000000001,
      "optimal_threshold": -0.17001540958881378,
      "tpr_at_fpr_0_01": 0.16,
      "fpr95": 0.588,
      "aupr": 0.8338324959343792
    },
    "layer_12": {
      "n_total": 500,
      "n_valid": 500,
      "acc": 0.75,
      "f1": 0.7723132969034608,
      "pre": 0.7090301003344481,
      "recall": 0.848,
      "auroc": 0.8276959999999999,
      "optimal_threshold": -0.08471187949180603,
      "tpr_at_fpr_0_01": 0.208,
      "fpr95": 0.56,
      "aupr": 0.8335140471854565
    },
    "layer_13": {
      "n_total": 500,
      "n_valid": 500,
      "acc": 0.75,
      "f1": 0.7433264887063655,
      "pre": 0.7637130801687764,
      "recall": 0.724,
      "auroc": 0.827408,
      "optimal_threshold": 0.16259148716926575,
      "tpr_at_fpr_0_01": 0.216,
      "fpr95": 0.608,
      "aupr": 0.8324338682529286
    },
    "layer_14": {
      "n_total": 500,
      "n_valid": 500,
      "acc": 0.752,
      "f1": 0.751004016064257,
      "pre": 0.7540322580645161,
      "recall": 0.748,
      "auroc": 0.824016,
      "optimal_threshold": 0.29742076992988586,
      "tpr_at_fpr_0_01": 0.224,
      "fpr95": 0.588,
      "aupr": 0.8317094764228479
    },
    "layer_15": {
      "n_total": 500,
      "n_valid": 500,
      "acc": 0.768,
      "f1": 0.7542372881355932,
      "pre": 0.8018018018018018,
      "recall": 0.712,
      "auroc": 0.8425119999999999,
      "optimal_threshold": 0.07367684692144394,
      "tpr_at_fpr_0_01": 0.28,
      "fpr95": 0.576,
      "aupr": 0.8502823428752943
    },
    "layer_16": {
      "n_total": 500,
      "n_valid": 500,
      "acc": 0.768,
      "f1": 0.7603305785123967,
      "pre": 0.7863247863247863,
      "recall": 0.736,
      "auroc": 0.841504,
      "optimal_threshold": 0.2285129278898239,
      "tpr_at_fpr_0_01": 0.224,
      "fpr95": 0.572,
      "aupr": 0.8516174488343802
    },
    "layer_17": {
      "n_total": 500,
      "n_valid": 500,
      "acc": 0.772,
      "f1": 0.759493670886076,
      "pre": 0.8035714285714286,
      "recall": 0.72,
      "auroc": 0.83944,
      "optimal_threshold": 0.4593081772327423,
      "tpr_at_fpr_0_01": 0.208,
      "fpr95": 0.552,
      "aupr": 0.8488323100285307
    },
    "layer_18": {
      "n_total": 500,
      "n_valid": 500,
      "acc": 0.778,
      "f1": 0.7793240556660039,
      "pre": 0.7747035573122529,
      "recall": 0.784,
      "auroc": 0.842128,
      "optimal_threshold": 0.11045399308204651,
      "tpr_at_fpr_0_01": 0.212,
      "fpr95": 0.62,
      "aupr": 0.8492224451714568
    },
    "layer_19": {
      "n_total": 500,
      "n_valid": 500,
      "acc": 0.784,
      "f1": 0.7777777777777778,
      "pre": 0.8008474576271186,
      "recall": 0.756,
      "auroc": 0.844416,
      "optimal_threshold": 0.32326048612594604,
      "tpr_at_fpr_0_01": 0.268,
      "fpr95": 0.612,
      "aupr": 0.8509490631608634
    },
    "layer_20": {
      "n_total": 500,
      "n_valid": 500,
      "acc": 0.764,
      "f1": 0.7739463601532567,
      "pre": 0.7426470588235294,
      "recall": 0.808,
      "auroc": 0.838576,
      "optimal_threshold": 0.24009600281715393,
      "tpr_at_fpr_0_01": 0.196,
      "fpr95": 0.552,
      "aupr": 0.8403773680184505
    },
    "layer_21": {
      "n_total": 500,
      "n_valid": 500,
      "acc": 0.778,
      "f1": 0.7766599597585513,
      "pre": 0.7813765182186235,
      "recall": 0.772,
      "auroc": 0.84656,
      "optimal_threshold": 0.21191534399986267,
      "tpr_at_fpr_0_01": 0.224,
      "fpr95": 0.564,
      "aupr": 0.8454831818965621
    },
    "layer_22": {
      "n_total": 500,
      "n_valid": 500,
      "acc": 0.774,
      "f1": 0.7753479125248509,
      "pre": 0.7707509881422925,
      "recall": 0.78,
      "auroc": 0.84744,
      "optimal_threshold": 0.35930946469306946,
      "tpr_at_fpr_0_01": 0.224,
      "fpr95": 0.532,
      "aupr": 0.8457501990351515
    },
    "layer_23": {
      "n_total": 500,
      "n_valid": 500,
      "acc": 0.78,
      "f1": 0.7773279352226721,
      "pre": 0.7868852459016393,