{
  "args": {
    "model": "llama_8b",
    "dataset": "m4_multilingual",
    "mode": "last_token",
    "centering": false,
    "prefix": false,
    "smoke_test": false,
    "ood": false,
    "ood_set": "",
    "manifold": true,
    "pca_components": 10
  },
  "steering_domain": "m4_multilingual",
  "eval_domain": "m4_multilingual",
  "n_samples": 500,
  "n_layers": 33,
  "metrics_per_layer": {
    "layer_1": {
      "n_total": 500,
      "n_valid": 500,
      "acc": 0.526,
      "f1": 0.4397163120567376,
      "pre": 0.5375722543352601,
      "recall": 0.372,
      "auroc": 0.502856,
      "optimal_threshold": 0.16277921199798584,
      "tpr_at_fpr_0_01": 0.0,
      "fpr95": 0.948,
      "aupr": 0.5151849363302814
    },
    "layer_2": {
      "n_total": 500,
      "n_valid": 500,
      "acc": 0.578,
      "f1": 0.4056338028169014,
      "pre": 0.6857142857142857,
      "recall": 0.288,
      "auroc": 0.551408,
      "optimal_threshold": 0.17017678916454315,
      "tpr_at_fpr_0_01": 0.056,
      "fpr95": 0.88,
      "aupr": 0.5860474482643759
    },
    "layer_3": {
      "n_total": 500,
      "n_valid": 500,
      "acc": 0.59,
      "f1": 0.6898638426626323,
      "pre": 0.5547445255474452,
      "recall": 0.912,
      "auroc": 0.596048,
      "optimal_threshold": -0.03644493967294693,
      "tpr_at_fpr_0_01": 0.156,
      "fpr95": 0.84,
      "aupr": 0.6370874303717575
    },
    "layer_4": {
      "n_total": 500,
      "n_valid": 500,
      "acc": 0.606,
      "f1": 0.39384615384615385,
      "pre": 0.8533333333333334,
      "recall": 0.256,
      "auroc": 0.591264,
      "optimal_threshold": 0.41410523653030396,
      "tpr_at_fpr_0_01": 0.184,
      "fpr95": 0.86,
      "aupr": 0.654573932744551
    },
    "layer_5": {
      "n_total": 500,
      "n_valid": 500,
      "acc": 0.616,
      "f1": 0.4576271186440678,
      "pre": 0.7788461538461539,
      "recall": 0.324,
      "auroc": 0.61512,
      "optimal_threshold": 0.4649704098701477,
      "tpr_at_fpr_0_01": 0.22,
      "fpr95": 0.876,
      "aupr": 0.6769306475218091
    },
    "layer_6": {
      "n_total": 500,
      "n_valid": 500,
      "acc": 0.614,
      "f1": 0.4340175953079179,
      "pre": 0.8131868131868132,
      "recall": 0.296,
      "auroc": 0.647696,
      "optimal_threshold": 0.7018967866897583,
      "tpr_at_fpr_0_01": 0.168,
      "fpr95": 0.836,
      "aupr": 0.6909786783506983
    },
    "layer_7": {
      "n_total": 500,
      "n_valid": 500,
      "acc": 0.63,
      "f1": 0.4931506849315068,
      "pre": 0.782608695652174,
      "recall": 0.36,
      "auroc": 0.624976,
      "optimal_threshold": 0.87550288438797,
      "tpr_at_fpr_0_01": 0.184,
      "fpr95": 0.916,
      "aupr": 0.6921736683706179
    },
    "layer_8": {
      "n_total": 500,
      "n_valid": 500,
      "acc": 0.62,
      "f1": 0.46629213483146065,
      "pre": 0.7830188679245284,
      "recall": 0.332,
      "auroc": 0.6116159999999999,
      "optimal_threshold": 0.9352285861968994,
      "tpr_at_fpr_0_01": 0.192,
      "fpr95": 0.904,
      "aupr": 0.6807634334103688
    },
    "layer_9": {
      "n_total": 500,
      "n_valid": 500,
      "acc": 0.628,
      "f1": 0.4918032786885246,
      "pre": 0.7758620689655172,
      "recall": 0.36,
      "auroc": 0.608736,
      "optimal_threshold": 1.1419175863265991,
      "tpr_at_fpr_0_01": 0.2,
      "fpr95": 0.884,
      "aupr": 0.6817938149019898
    },
    "layer_10": {
      "n_total": 500,
      "n_valid": 500,
      "acc": 0.62,
      "f1": 0.5,
      "pre": 0.7307692307692307,
      "recall": 0.38,
      "auroc": 0.60584,
      "optimal_threshold": 1.242933988571167,
      "tpr_at_fpr_0_01": 0.188,
      "fpr95": 0.908,
      "aupr": 0.6773944907314565
    },
    "layer_11": {
      "n_total": 500,
      "n_valid": 500,
      "acc": 0.62,
      "f1": 0.4444444444444444,
      "pre": 0.8260869565217391,
      "recall": 0.304,
      "auroc": 0.613232,
      "optimal_threshold": 1.6861567497253418,
      "tpr_at_fpr_0_01": 0.18,
      "fpr95": 0.896,
      "aupr": 0.6797434352765017
    },
    "layer_12": {
      "n_total": 500,
      "n_valid": 500,
      "acc": 0.596,
      "f1": 0.39156626506024095,
      "pre": 0.7926829268292683,
      "recall": 0.26,
      "auroc": 0.578416,
      "optimal_threshold": 2.293924570083618,
      "tpr_at_fpr_0_01": 0.172,
      "fpr95": 0.892,
      "aupr": 0.6539653902458737
    },
    "layer_13": {
      "n_total": 500,
      "n_valid": 500,
      "acc": 0.592,
      "f1": 0.3333333333333333,
      "pre": 0.9107142857142857,
      "recall": 0.204,
      "auroc": 0.5650559999999999,
      "optimal_threshold": 2.6603641510009766,
      "tpr_at_fpr_0_01": 0.184,
      "fpr95": 0.912,
      "aupr": 0.6445724411515206
    },
    "layer_14": {
      "n_total": 500,
      "n_valid": 500,
      "acc": 0.594,
      "f1": 0.35555555555555557,
      "pre": 0.8615384615384616,
      "recall": 0.224,
      "auroc": 0.5685760000000001,
      "optimal_threshold": 2.5825090408325195,
      "tpr_at_fpr_0_01": 0.172,
      "fpr95": 0.888,
      "aupr": 0.6389412039722882
    },
    "layer_15": {
      "n_total": 500,
      "n_valid": 500,
      "acc": 0.6,
      "f1": 0.375,
      "pre": 0.8571428571428571,
      "recall": 0.24,
      "auroc": 0.577568,
      "optimal_threshold": 2.8004839420318604,
      "tpr_at_fpr_0_01": 0.168,
      "fpr95": 0.88,
      "aupr": 0.6497184626961057
    },
    "layer_16": {
      "n_total": 500,
      "n_valid": 500,
      "acc": 0.612,
      "f1": 0.436046511627907,
      "pre": 0.7978723404255319,
      "recall": 0.3,
      "auroc": 0.598832,
      "optimal_threshold": 2.820589065551758,
      "tpr_at_fpr_0_01": 0.16,
      "fpr95": 0.884,
      "aupr": 0.6641104768371058
    },
    "layer_17": {
      "n_total": 500,
      "n_valid": 500,
      "acc": 0.592,
      "f1": 0.36645962732919257,
      "pre": 0.8194444444444444,
      "recall": 0.236,
      "auroc": 0.56304,
      "optimal_threshold": 3.524972915649414,
      "tpr_at_fpr_0_01": 0.128,
      "fpr95": 0.892,
      "aupr": 0.6328329486649111
    },
    "layer_18": {
      "n_total": 500,
      "n_valid": 500,
      "acc": 0.602,
      "f1": 0.42318840579710143,
      "pre": 0.7684210526315789,
      "recall": 0.292,
      "auroc": 0.5700799999999999,
      "optimal_threshold": 3.824540615081787,
      "tpr_at_fpr_0_01": 0.152,
      "fpr95": 0.912,
      "aupr": 0.6441109163059378
    },
    "layer_19": {
      "n_total": 500,
      "n_valid": 500,
      "acc": 0.606,
      "f1": 0.45429362880886426,
      "pre": 0.7387387387387387,
      "recall": 0.328,
      "auroc": 0.57856,
      "optimal_threshold": 4.425686836242676,
      "tpr_at_fpr_0_01": 0.132,
      "fpr95": 0.88,
      "aupr": 0.647952896965508
    },
    "layer_20": {
      "n_total": 500,
      "n_valid": 500,
      "acc": 0.596,
      "f1": 0.38414634146341464,
      "pre": 0.8076923076923077,
      "recall": 0.252,
      "auroc": 0.570928,
      "optimal_threshold": 5.6527419090271,
      "tpr_at_fpr_0_01": 0.144,
      "fpr95": 0.9,
      "aupr": 0.6443597106848393
    },
    "layer_21": {
      "n_total": 500,
      "n_valid": 500,
      "acc": 0.588,
      "f1": 0.4114285714285714,
      "pre": 0.72,
      "recall": 0.288,
      "auroc": 0.568208,
      "optimal_threshold": 5.286184310913086,
      "tpr_at_fpr_0_01": 0.136,
      "fpr95": 0.904,
      "aupr": 0.637319698947532
    },
    "layer_22": {
      "n_total": 500,
      "n_valid": 500,
      "acc": 0.586,
      "f1": 0.41025641025641024,
      "pre": 0.7128712871287128,
      "recall": 0.288,
      "auroc": 0.57008,
      "optimal_threshold": 5.96983528137207,
      "tpr_at_fpr_0_01": 0.128,
      "fpr95": 0.916,
      "aupr": 0.6373832491390952
    },
    "layer_23": {
      "n_total": 500,
      "n_valid": 500,
      "acc": 0.576,
      "f1": 0.3161290322580645,
      "pre": 0.8166666666666667,
      "recall": 0.196,
      "auroc": 0.5674399999999999,
      "optimal_threshold": 7.2059125900268555,