{
  "args": {
    "model": "llama_8b",
    "dataset": "multisocial_full",
    "mode": "last_token",
    "centering": false,
    "prefix": false,
    "smoke_test": false,
    "ood": false,
    "ood_set": "",
    "manifold": true,
    "pca_components": 7
  },
  "steering_domain": "multisocial_full",
  "eval_domain": "multisocial_full",
  "n_samples": 500,
  "n_layers": 33,
  "metrics_per_layer": {
    "layer_1": {
      "n_total": 500,
      "n_valid": 500,
      "acc": 0.694,
      "f1": 0.6416861826697893,
      "pre": 0.7740112994350282,
      "recall": 0.548,
      "auroc": 0.727784,
      "optimal_threshold": 0.09077850729227066,
      "tpr_at_fpr_0_01": 0.0,
      "fpr95": 0.904,
      "aupr": 0.7495333839186428
    },
    "layer_2": {
      "n_total": 500,
      "n_valid": 500,
      "acc": 0.702,
      "f1": 0.6426858513189448,
      "pre": 0.8023952095808383,
      "recall": 0.536,
      "auroc": 0.7520800000000001,
      "optimal_threshold": 0.1490788608789444,
      "tpr_at_fpr_0_01": 0.056,
      "fpr95": 0.848,
      "aupr": 0.767507281445711
    },
    "layer_3": {
      "n_total": 500,
      "n_valid": 500,
      "acc": 0.702,
      "f1": 0.6426858513189448,
      "pre": 0.8023952095808383,
      "recall": 0.536,
      "auroc": 0.759504,
      "optimal_threshold": 0.26598668098449707,
      "tpr_at_fpr_0_01": 0.124,
      "fpr95": 0.78,
      "aupr": 0.7817504882169158
    },
    "layer_4": {
      "n_total": 500,
      "n_valid": 500,
      "acc": 0.712,
      "f1": 0.64,
      "pre": 0.8533333333333334,
      "recall": 0.512,
      "auroc": 0.7729600000000001,
      "optimal_threshold": 0.5294464826583862,
      "tpr_at_fpr_0_01": 0.16,
      "fpr95": 0.748,
      "aupr": 0.8021150459971773
    },
    "layer_5": {
      "n_total": 500,
      "n_valid": 500,
      "acc": 0.724,
      "f1": 0.7544483985765125,
      "pre": 0.6794871794871795,
      "recall": 0.848,
      "auroc": 0.79904,
      "optimal_threshold": -0.19343239068984985,
      "tpr_at_fpr_0_01": 0.176,
      "fpr95": 0.644,
      "aupr": 0.8123816211504478
    },
    "layer_6": {
      "n_total": 500,
      "n_valid": 500,
      "acc": 0.742,
      "f1": 0.763302752293578,
      "pre": 0.7050847457627119,
      "recall": 0.832,
      "auroc": 0.8167520000000001,
      "optimal_threshold": -0.13161730766296387,
      "tpr_at_fpr_0_01": 0.236,
      "fpr95": 0.728,
      "aupr": 0.8262509341399563
    },
    "layer_7": {
      "n_total": 500,
      "n_valid": 500,
      "acc": 0.746,
      "f1": 0.7695099818511797,
      "pre": 0.7043189368770764,
      "recall": 0.848,
      "auroc": 0.8250719999999999,
      "optimal_threshold": -0.19713985919952393,
      "tpr_at_fpr_0_01": 0.116,
      "fpr95": 0.592,
      "aupr": 0.8239558227517263
    },
    "layer_8": {
      "n_total": 500,
      "n_valid": 500,
      "acc": 0.75,
      "f1": 0.7433264887063655,
      "pre": 0.7637130801687764,
      "recall": 0.724,
      "auroc": 0.8300639999999999,
      "optimal_threshold": -0.11595352739095688,
      "tpr_at_fpr_0_01": 0.152,
      "fpr95": 0.7,
      "aupr": 0.833687774180201
    },
    "layer_9": {
      "n_total": 500,
      "n_valid": 500,
      "acc": 0.758,
      "f1": 0.7397849462365591,
      "pre": 0.8,
      "recall": 0.688,
      "auroc": 0.83472,
      "optimal_threshold": -0.0051850005984306335,
      "tpr_at_fpr_0_01": 0.164,
      "fpr95": 0.66,
      "aupr": 0.836452055549729
    },
    "layer_10": {
      "n_total": 500,
      "n_valid": 500,
      "acc": 0.762,
      "f1": 0.7536231884057971,
      "pre": 0.7811158798283262,
      "recall": 0.728,
      "auroc": 0.839296,
      "optimal_threshold": -0.0030241981148719788,
      "tpr_at_fpr_0_01": 0.148,
      "fpr95": 0.536,
      "aupr": 0.8353214078091955
    },
    "layer_11": {
      "n_total": 500,
      "n_valid": 500,
      "acc": 0.77,
      "f1": 0.7722772277227723,
      "pre": 0.7647058823529411,
      "recall": 0.78,
      "auroc": 0.844976,
      "optimal_threshold": -0.12258075177669525,
      "tpr_at_fpr_0_01": 0.132,
      "fpr95": 0.548,
      "aupr": 0.8429431788028616
    },
    "layer_12": {
      "n_total": 500,
      "n_valid": 500,
      "acc": 0.778,
      "f1": 0.7819253438113949,
      "pre": 0.7683397683397684,
      "recall": 0.796,
      "auroc": 0.842096,
      "optimal_threshold": -0.053826019167900085,
      "tpr_at_fpr_0_01": 0.16,
      "fpr95": 0.536,
      "aupr": 0.8411491670497072
    },
    "layer_13": {
      "n_total": 500,
      "n_valid": 500,
      "acc": 0.778,
      "f1": 0.7801980198019802,
      "pre": 0.7725490196078432,
      "recall": 0.788,
      "auroc": 0.8415839999999999,
      "optimal_threshold": -0.08294524252414703,
      "tpr_at_fpr_0_01": 0.124,
      "fpr95": 0.544,
      "aupr": 0.837572472082283
    },
    "layer_14": {
      "n_total": 500,
      "n_valid": 500,
      "acc": 0.778,
      "f1": 0.7766599597585513,
      "pre": 0.7813765182186235,
      "recall": 0.772,
      "auroc": 0.844368,
      "optimal_threshold": -0.12416969239711761,
      "tpr_at_fpr_0_01": 0.152,
      "fpr95": 0.568,
      "aupr": 0.8426513777955009
    },
    "layer_15": {
      "n_total": 500,
      "n_valid": 500,
      "acc": 0.782,
      "f1": 0.7625272331154684,
      "pre": 0.8373205741626795,
      "recall": 0.7,
      "auroc": 0.8501120000000001,
      "optimal_threshold": -0.11325056850910187,
      "tpr_at_fpr_0_01": 0.24,
      "fpr95": 0.628,
      "aupr": 0.8547144409487599
    },
    "layer_16": {
      "n_total": 500,
      "n_valid": 500,
      "acc": 0.786,
      "f1": 0.7756813417190775,
      "pre": 0.8149779735682819,
      "recall": 0.74,
      "auroc": 0.848032,
      "optimal_threshold": 0.04331392049789429,
      "tpr_at_fpr_0_01": 0.216,
      "fpr95": 0.624,
      "aupr": 0.8539102197541665
    },
    "layer_17": {
      "n_total": 500,
      "n_valid": 500,
      "acc": 0.79,
      "f1": 0.7835051546391752,
      "pre": 0.8085106382978723,
      "recall": 0.76,
      "auroc": 0.85616,
      "optimal_threshold": -0.05677126348018646,
      "tpr_at_fpr_0_01": 0.244,
      "fpr95": 0.556,
      "aupr": 0.8593679531788686
    },
    "layer_18": {
      "n_total": 500,
      "n_valid": 500,
      "acc": 0.804,
      "f1": 0.8032128514056225,
      "pre": 0.8064516129032258,
      "recall": 0.8,
      "auroc": 0.857888,
      "optimal_threshold": -0.32277876138687134,
      "tpr_at_fpr_0_01": 0.232,
      "fpr95": 0.644,
      "aupr": 0.8616630483768065
    },
    "layer_19": {
      "n_total": 500,
      "n_valid": 500,
      "acc": 0.802,
      "f1": 0.8008048289738431,
      "pre": 0.805668016194332,
      "recall": 0.796,
      "auroc": 0.860656,
      "optimal_threshold": -0.17729347944259644,
      "tpr_at_fpr_0_01": 0.272,
      "fpr95": 0.624,
      "aupr": 0.861165836923254
    },
    "layer_20": {
      "n_total": 500,
      "n_valid": 500,
      "acc": 0.798,
      "f1": 0.8015717092337917,
      "pre": 0.7876447876447876,
      "recall": 0.816,
      "auroc": 0.8580480000000001,
      "optimal_threshold": -0.17395305633544922,
      "tpr_at_fpr_0_01": 0.228,
      "fpr95": 0.596,
      "aupr": 0.8541726028162409
    },
    "layer_21": {
      "n_total": 500,
      "n_valid": 500,
      "acc": 0.806,
      "f1": 0.8063872255489022,
      "pre": 0.8047808764940239,
      "recall": 0.808,
      "auroc": 0.862144,
      "optimal_threshold": -0.32036107778549194,
      "tpr_at_fpr_0_01": 0.168,
      "fpr95": 0.62,
      "aupr": 0.8580715248128211
    },
    "layer_22": {
      "n_total": 500,
      "n_valid": 500,
      "acc": 0.804,
      "f1": 0.7983539094650206,
      "pre": 0.8220338983050848,
      "recall": 0.776,
      "auroc": 0.861696,
      "optimal_threshold": 0.0019675493240356445,
      "tpr_at_fpr_0_01": 0.14,
      "fpr95": 0.596,
      "aupr": 0.8539796327025757
    },
    "layer_23": {
      "n_total": 500,
      "n_valid": 500,
      "acc": 0.806,
      "f1": 0.8086785009861933,
      "pre": 0.7976653696498055,