{
  "args": {
    "model": "llama_8b",
    "dataset": "tsm_sums_en_deepseek",
    "mode": "last_token",
    "centering": false,
    "prefix": false,
    "smoke_test": false,
    "ood": false,
    "ood_set": "",
    "manifold": true,
    "pca_components": 12
  },
  "steering_domain": "tsm_sums_en_deepseek",
  "eval_domain": "tsm_sums_en_deepseek",
  "n_samples": 500,
  "n_layers": 33,
  "metrics_per_layer": {
    "layer_1": {
      "n_total": 500,
      "n_valid": 500,
      "acc": 0.528,
      "f1": 0.6713091922005571,
      "pre": 0.5149572649572649,
      "recall": 0.964,
      "auroc": 0.5444399999999999,
      "optimal_threshold": 0.0017698896117508411,
      "tpr_at_fpr_0_01": 0.036,
      "fpr95": 0.908,
      "aupr": 0.5321507272758793
    },
    "layer_2": {
      "n_total": 500,
      "n_valid": 500,
      "acc": 0.688,
      "f1": 0.6517857142857143,
      "pre": 0.7373737373737373,
      "recall": 0.584,
      "auroc": 0.74656,
      "optimal_threshold": -0.05210267752408981,
      "tpr_at_fpr_0_01": 0.132,
      "fpr95": 0.792,
      "aupr": 0.7587458365515682
    },
    "layer_3": {
      "n_total": 500,
      "n_valid": 500,
      "acc": 0.692,
      "f1": 0.6895161290322581,
      "pre": 0.6951219512195121,
      "recall": 0.684,
      "auroc": 0.7356799999999999,
      "optimal_threshold": -0.01293785497546196,
      "tpr_at_fpr_0_01": 0.144,
      "fpr95": 0.832,
      "aupr": 0.7518688766197221
    },
    "layer_4": {
      "n_total": 500,
      "n_valid": 500,
      "acc": 0.716,
      "f1": 0.6650943396226415,
      "pre": 0.8103448275862069,
      "recall": 0.564,
      "auroc": 0.756768,
      "optimal_threshold": 0.23294132947921753,
      "tpr_at_fpr_0_01": 0.188,
      "fpr95": 0.836,
      "aupr": 0.7931861906552264
    },
    "layer_5": {
      "n_total": 500,
      "n_valid": 500,
      "acc": 0.77,
      "f1": 0.7294117647058823,
      "pre": 0.8857142857142857,
      "recall": 0.62,
      "auroc": 0.823376,
      "optimal_threshold": 0.4267166256904602,
      "tpr_at_fpr_0_01": 0.34,
      "fpr95": 0.804,
      "aupr": 0.860642055303961
    },
    "layer_6": {
      "n_total": 500,
      "n_valid": 500,
      "acc": 0.816,
      "f1": 0.8083333333333333,
      "pre": 0.8434782608695652,
      "recall": 0.776,
      "auroc": 0.8648319999999999,
      "optimal_threshold": 0.6341425776481628,
      "tpr_at_fpr_0_01": 0.456,
      "fpr95": 0.752,
      "aupr": 0.8957611308943485
    },
    "layer_7": {
      "n_total": 500,
      "n_valid": 500,
      "acc": 0.8,
      "f1": 0.7942386831275721,
      "pre": 0.8177966101694916,
      "recall": 0.772,
      "auroc": 0.8526239999999999,
      "optimal_threshold": 0.8327255249023438,
      "tpr_at_fpr_0_01": 0.38,
      "fpr95": 0.78,
      "aupr": 0.8825352783015266
    },
    "layer_8": {
      "n_total": 500,
      "n_valid": 500,
      "acc": 0.818,
      "f1": 0.8169014084507042,
      "pre": 0.8218623481781376,
      "recall": 0.812,
      "auroc": 0.866736,
      "optimal_threshold": 0.6679472327232361,
      "tpr_at_fpr_0_01": 0.424,
      "fpr95": 0.728,
      "aupr": 0.8924030104883652
    },
    "layer_9": {
      "n_total": 500,
      "n_valid": 500,
      "acc": 0.8,
      "f1": 0.7942386831275721,
      "pre": 0.8177966101694916,
      "recall": 0.772,
      "auroc": 0.8656480000000001,
      "optimal_threshold": 0.8334939479827881,
      "tpr_at_fpr_0_01": 0.44,
      "fpr95": 0.672,
      "aupr": 0.8892737737282915
    },
    "layer_10": {
      "n_total": 500,
      "n_valid": 500,
      "acc": 0.814,
      "f1": 0.8105906313645621,
      "pre": 0.8257261410788381,
      "recall": 0.796,
      "auroc": 0.8843519999999998,
      "optimal_threshold": 0.6908367276191711,
      "tpr_at_fpr_0_01": 0.46,
      "fpr95": 0.62,
      "aupr": 0.9032281844132387
    },
    "layer_11": {
      "n_total": 500,
      "n_valid": 500,
      "acc": 0.88,
      "f1": 0.8770491803278688,
      "pre": 0.8991596638655462,
      "recall": 0.856,
      "auroc": 0.936816,
      "optimal_threshold": 0.764499306678772,
      "tpr_at_fpr_0_01": 0.628,
      "fpr95": 0.376,
      "aupr": 0.9490950625622145
    },
    "layer_12": {
      "n_total": 500,
      "n_valid": 500,
      "acc": 0.872,
      "f1": 0.8638297872340426,
      "pre": 0.9227272727272727,
      "recall": 0.812,
      "auroc": 0.9320319999999999,
      "optimal_threshold": 1.0331050157546997,
      "tpr_at_fpr_0_01": 0.664,
      "fpr95": 0.392,
      "aupr": 0.946038177546011
    },
    "layer_13": {
      "n_total": 500,
      "n_valid": 500,
      "acc": 0.848,
      "f1": 0.8303571428571429,
      "pre": 0.9393939393939394,
      "recall": 0.744,
      "auroc": 0.9221119999999999,
      "optimal_threshold": 1.2716846466064453,
      "tpr_at_fpr_0_01": 0.636,
      "fpr95": 0.432,
      "aupr": 0.9367190665988397
    },
    "layer_14": {
      "n_total": 500,
      "n_valid": 500,
      "acc": 0.85,
      "f1": 0.8337028824833703,
      "pre": 0.9353233830845771,
      "recall": 0.752,
      "auroc": 0.919424,
      "optimal_threshold": 1.3526161909103394,
      "tpr_at_fpr_0_01": 0.584,
      "fpr95": 0.432,
      "aupr": 0.9337413067001445
    },
    "layer_15": {
      "n_total": 500,
      "n_valid": 500,
      "acc": 0.852,
      "f1": 0.8432203389830508,
      "pre": 0.8963963963963963,
      "recall": 0.796,
      "auroc": 0.9280160000000001,
      "optimal_threshold": 1.2901077270507812,
      "tpr_at_fpr_0_01": 0.612,
      "fpr95": 0.44,
      "aupr": 0.9398010491050807
    },
    "layer_16": {
      "n_total": 500,
      "n_valid": 500,
      "acc": 0.856,
      "f1": 0.8407079646017699,
      "pre": 0.9405940594059405,
      "recall": 0.76,
      "auroc": 0.9224000000000001,
      "optimal_threshold": 1.639439582824707,
      "tpr_at_fpr_0_01": 0.548,
      "fpr95": 0.472,
      "aupr": 0.9359995902516121
    },
    "layer_17": {
      "n_total": 500,
      "n_valid": 500,
      "acc": 0.858,
      "f1": 0.8466522678185745,
      "pre": 0.92018779342723,
      "recall": 0.784,
      "auroc": 0.9278879999999998,
      "optimal_threshold": 1.5648045539855957,
      "tpr_at_fpr_0_01": 0.652,
      "fpr95": 0.428,
      "aupr": 0.9427149646097233
    },
    "layer_18": {
      "n_total": 500,
      "n_valid": 500,
      "acc": 0.864,
      "f1": 0.8553191489361702,
      "pre": 0.9136363636363637,
      "recall": 0.804,
      "auroc": 0.92832,
      "optimal_threshold": 1.9703731536865234,
      "tpr_at_fpr_0_01": 0.664,
      "fpr95": 0.492,
      "aupr": 0.9428594867074493
    },
    "layer_19": {
      "n_total": 500,
      "n_valid": 500,
      "acc": 0.87,
      "f1": 0.8681541582150102,
      "pre": 0.8806584362139918,
      "recall": 0.856,
      "auroc": 0.9309599999999999,
      "optimal_threshold": 1.4385859966278076,
      "tpr_at_fpr_0_01": 0.656,
      "fpr95": 0.452,
      "aupr": 0.9454564322818481
    },
    "layer_20": {
      "n_total": 500,
      "n_valid": 500,
      "acc": 0.86,
      "f1": 0.8565573770491803,
      "pre": 0.8781512605042017,
      "recall": 0.836,
      "auroc": 0.9216799999999999,
      "optimal_threshold": 2.1950948238372803,
      "tpr_at_fpr_0_01": 0.62,
      "fpr95": 0.492,
      "aupr": 0.9391653288078107
    },
    "layer_21": {
      "n_total": 500,
      "n_valid": 500,
      "acc": 0.872,
      "f1": 0.8666666666666667,
      "pre": 0.9043478260869565,
      "recall": 0.832,
      "auroc": 0.928096,
      "optimal_threshold": 2.3773062229156494,
      "tpr_at_fpr_0_01": 0.628,
      "fpr95": 0.468,
      "aupr": 0.944189285814043
    },
    "layer_22": {
      "n_total": 500,
      "n_valid": 500,
      "acc": 0.872,
      "f1": 0.8677685950413223,
      "pre": 0.8974358974358975,
      "recall": 0.84,
      "auroc": 0.929184,
      "optimal_threshold": 2.1744463443756104,
      "tpr_at_fpr_0_01": 0.648,
      "fpr95": 0.444,
      "aupr": 0.9440170508166861
    },
    "layer_23": {
      "n_total": 500,
      "n_valid": 500,
      "acc": 0.866,