{
  "args": {
    "model": "llama_8b",
    "dataset": "tsm_sums_en_deepseek",
    "mode": "last_token",
    "centering": false,
    "prefix": false,
    "smoke_test": false,
    "ood": false,
    "ood_set": "",
    "manifold": true,
    "pca_components": 5
  },
  "steering_domain": "tsm_sums_en_deepseek",
  "eval_domain": "tsm_sums_en_deepseek",
  "n_samples": 500,
  "n_layers": 33,
  "metrics_per_layer": {
    "layer_1": {
      "n_total": 500,
      "n_valid": 500,
      "acc": 0.528,
      "f1": 0.6713091922005571,
      "pre": 0.5149572649572649,
      "recall": 0.964,
      "auroc": 0.5444399999999999,
      "optimal_threshold": 7.568160071969032e-07,
      "tpr_at_fpr_0_01": 0.036,
      "fpr95": 0.908,
      "aupr": 0.5321507272758793
    },
    "layer_2": {
      "n_total": 500,
      "n_valid": 500,
      "acc": 0.62,
      "f1": 0.5957446808510638,
      "pre": 0.6363636363636364,
      "recall": 0.56,
      "auroc": 0.639664,
      "optimal_threshold": -0.1212415024638176,
      "tpr_at_fpr_0_01": 0.048,
      "fpr95": 0.912,
      "aupr": 0.6522013799243159
    },
    "layer_3": {
      "n_total": 500,
      "n_valid": 500,
      "acc": 0.654,
      "f1": 0.6533066132264529,
      "pre": 0.6546184738955824,
      "recall": 0.652,
      "auroc": 0.6916959999999999,
      "optimal_threshold": -0.04995124414563179,
      "tpr_at_fpr_0_01": 0.112,
      "fpr95": 0.86,
      "aupr": 0.7132146228545466
    },
    "layer_4": {
      "n_total": 500,
      "n_valid": 500,
      "acc": 0.706,
      "f1": 0.6636155606407322,
      "pre": 0.7754010695187166,
      "recall": 0.58,
      "auroc": 0.7298880000000001,
      "optimal_threshold": 0.19329971075057983,
      "tpr_at_fpr_0_01": 0.168,
      "fpr95": 0.844,
      "aupr": 0.7639966978008872
    },
    "layer_5": {
      "n_total": 500,
      "n_valid": 500,
      "acc": 0.742,
      "f1": 0.683046683046683,
      "pre": 0.8853503184713376,
      "recall": 0.556,
      "auroc": 0.7909439999999999,
      "optimal_threshold": 0.3799029588699341,
      "tpr_at_fpr_0_01": 0.308,
      "fpr95": 0.812,
      "aupr": 0.8329524168546671
    },
    "layer_6": {
      "n_total": 500,
      "n_valid": 500,
      "acc": 0.81,
      "f1": 0.7912087912087912,
      "pre": 0.8780487804878049,
      "recall": 0.72,
      "auroc": 0.849584,
      "optimal_threshold": 0.6223222017288208,
      "tpr_at_fpr_0_01": 0.4,
      "fpr95": 0.808,
      "aupr": 0.8841413544700099
    },
    "layer_7": {
      "n_total": 500,
      "n_valid": 500,
      "acc": 0.788,
      "f1": 0.7782426778242678,
      "pre": 0.8157894736842105,
      "recall": 0.744,
      "auroc": 0.8399200000000002,
      "optimal_threshold": 0.7536318302154541,
      "tpr_at_fpr_0_01": 0.376,
      "fpr95": 0.768,
      "aupr": 0.8710252168373702
    },
    "layer_8": {
      "n_total": 500,
      "n_valid": 500,
      "acc": 0.796,
      "f1": 0.7926829268292683,
      "pre": 0.8057851239669421,
      "recall": 0.78,
      "auroc": 0.849696,
      "optimal_threshold": 0.6547553539276123,
      "tpr_at_fpr_0_01": 0.388,
      "fpr95": 0.732,
      "aupr": 0.8777813063755244
    },
    "layer_9": {
      "n_total": 500,
      "n_valid": 500,
      "acc": 0.784,
      "f1": 0.7641921397379913,
      "pre": 0.8413461538461539,
      "recall": 0.7,
      "auroc": 0.8446560000000001,
      "optimal_threshold": 0.8926177024841309,
      "tpr_at_fpr_0_01": 0.412,
      "fpr95": 0.712,
      "aupr": 0.8729300956997391
    },
    "layer_10": {
      "n_total": 500,
      "n_valid": 500,
      "acc": 0.8,
      "f1": 0.7959183673469388,
      "pre": 0.8125,
      "recall": 0.78,
      "auroc": 0.8655999999999999,
      "optimal_threshold": 0.7402244806289673,
      "tpr_at_fpr_0_01": 0.436,
      "fpr95": 0.66,
      "aupr": 0.8884108040451221
    },
    "layer_11": {
      "n_total": 500,
      "n_valid": 500,
      "acc": 0.854,
      "f1": 0.8475991649269311,
      "pre": 0.8864628820960698,
      "recall": 0.812,
      "auroc": 0.918864,
      "optimal_threshold": 0.8583570718765259,
      "tpr_at_fpr_0_01": 0.588,
      "fpr95": 0.464,
      "aupr": 0.934246295182856
    },
    "layer_12": {
      "n_total": 500,
      "n_valid": 500,
      "acc": 0.852,
      "f1": 0.8398268398268398,
      "pre": 0.9150943396226415,
      "recall": 0.776,
      "auroc": 0.916208,
      "optimal_threshold": 1.1286084651947021,
      "tpr_at_fpr_0_01": 0.6,
      "fpr95": 0.476,
      "aupr": 0.9333463566476304
    },
    "layer_13": {
      "n_total": 500,
      "n_valid": 500,
      "acc": 0.836,
      "f1": 0.8209606986899564,
      "pre": 0.9038461538461539,
      "recall": 0.752,
      "auroc": 0.90744,
      "optimal_threshold": 1.2973169088363647,
      "tpr_at_fpr_0_01": 0.564,
      "fpr95": 0.476,
      "aupr": 0.9247704464071902
    },
    "layer_14": {
      "n_total": 500,
      "n_valid": 500,
      "acc": 0.84,
      "f1": 0.820627802690583,
      "pre": 0.9336734693877551,
      "recall": 0.732,
      "auroc": 0.911312,
      "optimal_threshold": 1.3601552248001099,
      "tpr_at_fpr_0_01": 0.524,
      "fpr95": 0.456,
      "aupr": 0.9270883062908597
    },
    "layer_15": {
      "n_total": 500,
      "n_valid": 500,
      "acc": 0.848,
      "f1": 0.8442622950819673,
      "pre": 0.865546218487395,
      "recall": 0.824,
      "auroc": 0.9205599999999999,
      "optimal_threshold": 1.1147552728652954,
      "tpr_at_fpr_0_01": 0.576,
      "fpr95": 0.444,
      "aupr": 0.9337323438823151
    },
    "layer_16": {
      "n_total": 500,
      "n_valid": 500,
      "acc": 0.846,
      "f1": 0.8412371134020619,
      "pre": 0.8680851063829788,
      "recall": 0.816,
      "auroc": 0.913632,
      "optimal_threshold": 1.4400699138641357,
      "tpr_at_fpr_0_01": 0.516,
      "fpr95": 0.512,
      "aupr": 0.9286789028513183
    },
    "layer_17": {
      "n_total": 500,
      "n_valid": 500,
      "acc": 0.852,
      "f1": 0.8489795918367347,
      "pre": 0.8666666666666667,
      "recall": 0.832,
      "auroc": 0.916976,
      "optimal_threshold": 1.5527057647705078,
      "tpr_at_fpr_0_01": 0.56,
      "fpr95": 0.504,
      "aupr": 0.934553625748532
    },
    "layer_18": {
      "n_total": 500,
      "n_valid": 500,
      "acc": 0.848,
      "f1": 0.8410041841004184,
      "pre": 0.881578947368421,
      "recall": 0.804,
      "auroc": 0.916944,
      "optimal_threshold": 2.264909267425537,
      "tpr_at_fpr_0_01": 0.584,
      "fpr95": 0.52,
      "aupr": 0.9340846023789003
    },
    "layer_19": {
      "n_total": 500,
      "n_valid": 500,
      "acc": 0.86,
      "f1": 0.8553719008264463,
      "pre": 0.8846153846153846,
      "recall": 0.828,
      "auroc": 0.922608,
      "optimal_threshold": 1.7831158638000488,
      "tpr_at_fpr_0_01": 0.652,
      "fpr95": 0.468,
      "aupr": 0.9390880243442341
    },
    "layer_20": {
      "n_total": 500,
      "n_valid": 500,
      "acc": 0.85,
      "f1": 0.8427672955974843,
      "pre": 0.8854625550660793,
      "recall": 0.804,
      "auroc": 0.9104,
      "optimal_threshold": 2.9067649841308594,
      "tpr_at_fpr_0_01": 0.592,
      "fpr95": 0.52,
      "aupr": 0.9305443483617436
    },
    "layer_21": {
      "n_total": 500,
      "n_valid": 500,
      "acc": 0.856,
      "f1": 0.8441558441558441,
      "pre": 0.9198113207547169,
      "recall": 0.78,
      "auroc": 0.9173279999999999,
      "optimal_threshold": 3.1986441612243652,
      "tpr_at_fpr_0_01": 0.604,
      "fpr95": 0.524,
      "aupr": 0.9362400555190808
    },
    "layer_22": {
      "n_total": 500,
      "n_valid": 500,
      "acc": 0.856,
      "f1": 0.8414096916299559,
      "pre": 0.9362745098039216,
      "recall": 0.764,
      "auroc": 0.9157920000000002,
      "optimal_threshold": 3.504894971847534,
      "tpr_at_fpr_0_01": 0.612,
      "fpr95": 0.532,
      "aupr": 0.9340611061710477
    },
    "layer_23": {
      "n_total": 500,
      "n_valid": 500,
      "acc": 0.842,
      "f1": 0.8308351177730193,
      "pre": 0.8940092165898618,