{
  "args": {
    "model": "llama_8b",
    "dataset": "tsm_paras_en_first_deepseek",
    "mode": "last_token",
    "centering": false,
    "prefix": false,
    "smoke_test": false,
    "ood": false,
    "ood_set": "",
    "manifold": true,
    "pca_components": 10
  },
  "steering_domain": "tsm_paras_en_first_deepseek",
  "eval_domain": "tsm_paras_en_first_deepseek",
  "n_samples": 498,
  "n_layers": 33,
  "metrics_per_layer": {
    "layer_1": {
      "n_total": 498,
      "n_valid": 498,
      "acc": 0.6004016064257028,
      "f1": 0.33444816053511706,
      "pre": 1.0,
      "recall": 0.20080321285140562,
      "auroc": 0.6137159078079386,
      "optimal_threshold": 0.08579584211111069,
      "tpr_at_fpr_0_01": 0.20481927710843373,
      "fpr95": 0.9357429718875502,
      "aupr": 0.624703991047278
    },
    "layer_2": {
      "n_total": 498,
      "n_valid": 498,
      "acc": 0.7309236947791165,
      "f1": 0.6940639269406392,
      "pre": 0.8042328042328042,
      "recall": 0.6104417670682731,
      "auroc": 0.7883905098304866,
      "optimal_threshold": -0.060176458209753036,
      "tpr_at_fpr_0_01": 0.20481927710843373,
      "fpr95": 0.7991967871485943,
      "aupr": 0.8086408986790575
    },
    "layer_3": {
      "n_total": 498,
      "n_valid": 498,
      "acc": 0.7289156626506024,
      "f1": 0.7216494845360825,
      "pre": 0.7415254237288136,
      "recall": 0.7028112449799196,
      "auroc": 0.787035692972694,
      "optimal_threshold": -0.11294442415237427,
      "tpr_at_fpr_0_01": 0.20481927710843373,
      "fpr95": 0.7469879518072289,
      "aupr": 0.7980043231544387
    },
    "layer_4": {
      "n_total": 498,
      "n_valid": 498,
      "acc": 0.7530120481927711,
      "f1": 0.7592954990215264,
      "pre": 0.7404580152671756,
      "recall": 0.7791164658634538,
      "auroc": 0.8030515636844566,
      "optimal_threshold": -0.162401020526886,
      "tpr_at_fpr_0_01": 0.22088353413654618,
      "fpr95": 0.8112449799196787,
      "aupr": 0.8244180488460556
    },
    "layer_5": {
      "n_total": 498,
      "n_valid": 498,
      "acc": 0.8333333333333334,
      "f1": 0.8183807439824945,
      "pre": 0.8990384615384616,
      "recall": 0.751004016064257,
      "auroc": 0.8985177658424864,
      "optimal_threshold": -0.0654585063457489,
      "tpr_at_fpr_0_01": 0.4899598393574297,
      "fpr95": 0.5903614457831325,
      "aupr": 0.9185890789803054
    },
    "layer_6": {
      "n_total": 498,
      "n_valid": 498,
      "acc": 0.8694779116465864,
      "f1": 0.8631578947368421,
      "pre": 0.9070796460176991,
      "recall": 0.8232931726907631,
      "auroc": 0.9423880259995807,
      "optimal_threshold": 0.04174149036407471,
      "tpr_at_fpr_0_01": 0.6827309236947792,
      "fpr95": 0.3413654618473896,
      "aupr": 0.9529425450913069
    },
    "layer_7": {
      "n_total": 498,
      "n_valid": 498,
      "acc": 0.8755020080321285,
      "f1": 0.8739837398373984,
      "pre": 0.8847736625514403,
      "recall": 0.8634538152610441,
      "auroc": 0.9435492975919743,
      "optimal_threshold": 0.188410684466362,
      "tpr_at_fpr_0_01": 0.6947791164658634,
      "fpr95": 0.3293172690763052,
      "aupr": 0.9547128579522736
    },
    "layer_8": {
      "n_total": 498,
      "n_valid": 498,
      "acc": 0.8654618473895582,
      "f1": 0.8552915766738661,
      "pre": 0.9252336448598131,
      "recall": 0.7951807228915663,
      "auroc": 0.9389848550829825,
      "optimal_threshold": 0.13462597131729126,
      "tpr_at_fpr_0_01": 0.6947791164658634,
      "fpr95": 0.30522088353413657,
      "aupr": 0.9498830151752249
    },
    "layer_9": {
      "n_total": 498,
      "n_valid": 498,
      "acc": 0.8293172690763052,
      "f1": 0.8336594911937377,
      "pre": 0.8129770992366412,
      "recall": 0.8554216867469879,
      "auroc": 0.9113723972193997,
      "optimal_threshold": -0.07198487222194672,
      "tpr_at_fpr_0_01": 0.6465863453815262,
      "fpr95": 0.41365461847389556,
      "aupr": 0.929102098225081
    },
    "layer_10": {
      "n_total": 498,
      "n_valid": 498,
      "acc": 0.8353413654618473,
      "f1": 0.8284518828451883,
      "pre": 0.8646288209606987,
      "recall": 0.7951807228915663,
      "auroc": 0.9118240028386639,
      "optimal_threshold": 0.12070596218109131,
      "tpr_at_fpr_0_01": 0.6224899598393574,
      "fpr95": 0.42570281124497994,
      "aupr": 0.9292852713496984
    },
    "layer_11": {
      "n_total": 498,
      "n_valid": 498,
      "acc": 0.9056224899598394,
      "f1": 0.8997867803837953,
      "pre": 0.9590909090909091,
      "recall": 0.8473895582329317,
      "auroc": 0.9623070595635554,
      "optimal_threshold": 0.29572272300720215,
      "tpr_at_fpr_0_01": 0.7469879518072289,
      "fpr95": 0.2289156626506024,
      "aupr": 0.9690468978208642
    },
    "layer_12": {
      "n_total": 498,
      "n_valid": 498,
      "acc": 0.8875502008032129,
      "f1": 0.8787878787878788,
      "pre": 0.9530516431924883,
      "recall": 0.8152610441767069,
      "auroc": 0.9464847341171916,
      "optimal_threshold": 0.4846024215221405,
      "tpr_at_fpr_0_01": 0.6465863453815262,
      "fpr95": 0.30522088353413657,
      "aupr": 0.9551139417749899
    },
    "layer_13": {
      "n_total": 498,
      "n_valid": 498,
      "acc": 0.8795180722891566,
      "f1": 0.868995633187773,
      "pre": 0.9521531100478469,
      "recall": 0.7991967871485943,
      "auroc": 0.9394525894743633,
      "optimal_threshold": 0.39393940567970276,
      "tpr_at_fpr_0_01": 0.6465863453815262,
      "fpr95": 0.37751004016064255,
      "aupr": 0.9507978481943259
    },
    "layer_14": {
      "n_total": 498,
      "n_valid": 498,
      "acc": 0.8674698795180723,
      "f1": 0.8601694915254238,
      "pre": 0.9103139013452914,
      "recall": 0.8152610441767069,
      "auroc": 0.9359687746971823,
      "optimal_threshold": 0.06874992698431015,
      "tpr_at_fpr_0_01": 0.6586345381526104,
      "fpr95": 0.357429718875502,
      "aupr": 0.9474886702782701
    },
    "layer_15": {
      "n_total": 498,
      "n_valid": 498,
      "acc": 0.8734939759036144,
      "f1": 0.8650963597430407,
      "pre": 0.926605504587156,
      "recall": 0.8112449799196787,
      "auroc": 0.9399525814099772,
      "optimal_threshold": 0.332555890083313,
      "tpr_at_fpr_0_01": 0.678714859437751,
      "fpr95": 0.357429718875502,
      "aupr": 0.9509933256058696
    },
    "layer_16": {
      "n_total": 498,
      "n_valid": 498,
      "acc": 0.8654618473895582,
      "f1": 0.8589473684210527,
      "pre": 0.9026548672566371,
      "recall": 0.8192771084337349,
      "auroc": 0.9324849599200012,
      "optimal_threshold": 0.6068792939186096,
      "tpr_at_fpr_0_01": 0.6506024096385542,
      "fpr95": 0.41365461847389556,
      "aupr": 0.945420938409911
    },
    "layer_17": {
      "n_total": 498,
      "n_valid": 498,
      "acc": 0.8895582329317269,
      "f1": 0.8822269807280514,
      "pre": 0.944954128440367,
      "recall": 0.8273092369477911,
      "auroc": 0.9446783116401348,
      "optimal_threshold": 0.656262218952179,
      "tpr_at_fpr_0_01": 0.6947791164658634,
      "fpr95": 0.3413654618473896,
      "aupr": 0.9564809383156239
    },
    "layer_18": {
      "n_total": 498,
      "n_valid": 498,
      "acc": 0.8775100401606426,
      "f1": 0.8704883227176221,
      "pre": 0.9234234234234234,
      "recall": 0.8232931726907631,
      "auroc": 0.9363074789116305,
      "optimal_threshold": 1.0277179479599,
      "tpr_at_fpr_0_01": 0.6706827309236948,
      "fpr95": 0.37751004016064255,
      "aupr": 0.9499509343405125
    },
    "layer_19": {
      "n_total": 498,
      "n_valid": 498,
      "acc": 0.893574297188755,
      "f1": 0.8865096359743041,
      "pre": 0.9495412844036697,
      "recall": 0.8313253012048193,
      "auroc": 0.9503556394251705,
      "optimal_threshold": 0.796758770942688,
      "tpr_at_fpr_0_01": 0.6947791164658634,
      "fpr95": 0.30120481927710846,
      "aupr": 0.9606737756481898
    },