{
  "args": {
    "model": "llama_8b",
    "dataset": "tsm_paras_en_first_deepseek",
    "mode": "last_token",
    "centering": false,
    "prefix": false,
    "smoke_test": false,
    "ood": false,
    "ood_set": "",
    "manifold": true,
    "pca_components": 1
  },
  "steering_domain": "tsm_paras_en_first_deepseek",
  "eval_domain": "tsm_paras_en_first_deepseek",
  "n_samples": 498,
  "n_layers": 33,
  "metrics_per_layer": {
    "layer_1": {
      "n_total": 498,
      "n_valid": 498,
      "acc": 0.6004016064257028,
      "f1": 0.33444816053511706,
      "pre": 1.0,
      "recall": 0.20080321285140562,
      "auroc": 0.5750229835002661,
      "optimal_threshold": 0.05542563647031784,
      "tpr_at_fpr_0_01": 0.20883534136546184,
      "fpr95": 1.0,
      "aupr": 0.6143179873836244
    },
    "layer_2": {
      "n_total": 498,
      "n_valid": 498,
      "acc": 0.6004016064257028,
      "f1": 0.33444816053511706,
      "pre": 1.0,
      "recall": 0.20080321285140562,
      "auroc": 0.5970548862115127,
      "optimal_threshold": 0.11265060305595398,
      "tpr_at_fpr_0_01": 0.20481927710843373,
      "fpr95": 0.9196787148594378,
      "aupr": 0.6537316796369421
    },
    "layer_3": {
      "n_total": 498,
      "n_valid": 498,
      "acc": 0.5983935742971888,
      "f1": 0.3288590604026846,
      "pre": 1.0,
      "recall": 0.19678714859437751,
      "auroc": 0.5918452928178577,
      "optimal_threshold": 0.1318700611591339,
      "tpr_at_fpr_0_01": 0.19678714859437751,
      "fpr95": 0.8714859437751004,
      "aupr": 0.6505235243777697
    },
    "layer_4": {
      "n_total": 498,
      "n_valid": 498,
      "acc": 0.5983935742971888,
      "f1": 0.3333333333333333,
      "pre": 0.9803921568627451,
      "recall": 0.20080321285140562,
      "auroc": 0.5231205948291157,
      "optimal_threshold": 0.015286542475223541,
      "tpr_at_fpr_0_01": 0.20080321285140562,
      "fpr95": 0.9759036144578314,
      "aupr": 0.615338093832146
    },
    "layer_5": {
      "n_total": 498,
      "n_valid": 498,
      "acc": 0.5963855421686747,
      "f1": 0.32323232323232326,
      "pre": 1.0,
      "recall": 0.1927710843373494,
      "auroc": 0.5614102998338736,
      "optimal_threshold": 0.5547655820846558,
      "tpr_at_fpr_0_01": 0.20080321285140562,
      "fpr95": 0.9518072289156626,
      "aupr": 0.6380106267762921
    },
    "layer_6": {
      "n_total": 498,
      "n_valid": 498,
      "acc": 0.5963855421686747,
      "f1": 0.32323232323232326,
      "pre": 1.0,
      "recall": 0.1927710843373494,
      "auroc": 0.5088788890501766,
      "optimal_threshold": 0.6806445717811584,
      "tpr_at_fpr_0_01": 0.19678714859437751,
      "fpr95": 0.9718875502008032,
      "aupr": 0.6065127314660914
    },
    "layer_7": {
      "n_total": 498,
      "n_valid": 498,
      "acc": 0.5963855421686747,
      "f1": 0.32323232323232326,
      "pre": 1.0,
      "recall": 0.1927710843373494,
      "auroc": 0.5150239512265931,
      "optimal_threshold": 0.8091717958450317,
      "tpr_at_fpr_0_01": 0.19678714859437751,
      "fpr95": 0.9437751004016064,
      "aupr": 0.6091810011554935
    },
    "layer_8": {
      "n_total": 498,
      "n_valid": 498,
      "acc": 0.5963855421686747,
      "f1": 0.32323232323232326,
      "pre": 1.0,
      "recall": 0.1927710843373494,
      "auroc": 0.5188625989903388,
      "optimal_threshold": 0.9236394166946411,
      "tpr_at_fpr_0_01": 0.19678714859437751,
      "fpr95": 0.9477911646586346,
      "aupr": 0.6119543949754609
    },
    "layer_9": {
      "n_total": 498,
      "n_valid": 498,
      "acc": 0.6144578313253012,
      "f1": 0.5102040816326531,
      "pre": 0.6993006993006993,
      "recall": 0.40160642570281124,
      "auroc": 0.644215415880389,
      "optimal_threshold": -0.7847802639007568,
      "tpr_at_fpr_0_01": 0.19678714859437751,
      "fpr95": 0.9036144578313253,
      "aupr": 0.6911830656020835
    },
    "layer_10": {
      "n_total": 498,
      "n_valid": 498,
      "acc": 0.6847389558232931,
      "f1": 0.6594360086767896,
      "pre": 0.7169811320754716,
      "recall": 0.6104417670682731,
      "auroc": 0.7173593974290737,
      "optimal_threshold": -0.7494273781776428,
      "tpr_at_fpr_0_01": 0.20481927710843373,
      "fpr95": 0.9116465863453815,
      "aupr": 0.7490452948186244
    },
    "layer_11": {
      "n_total": 498,
      "n_valid": 498,
      "acc": 0.751004016064257,
      "f1": 0.7372881355932204,
      "pre": 0.7802690582959642,
      "recall": 0.6987951807228916,
      "auroc": 0.8080353542684795,
      "optimal_threshold": -0.7811201810836792,
      "tpr_at_fpr_0_01": 0.21686746987951808,
      "fpr95": 0.8192771084337349,
      "aupr": 0.8253934146539676
    },
    "layer_12": {
      "n_total": 498,
      "n_valid": 498,
      "acc": 0.7550200803212851,
      "f1": 0.7468879668049793,
      "pre": 0.7725321888412017,
      "recall": 0.7228915662650602,
      "auroc": 0.8143578329381784,
      "optimal_threshold": -0.7436848282814026,
      "tpr_at_fpr_0_01": 0.23293172690763053,
      "fpr95": 0.8192771084337349,
      "aupr": 0.8332196314610243
    },
    "layer_13": {
      "n_total": 498,
      "n_valid": 498,
      "acc": 0.7349397590361446,
      "f1": 0.7203389830508474,
      "pre": 0.7623318385650224,
      "recall": 0.6827309236947792,
      "auroc": 0.7875356849083078,
      "optimal_threshold": -0.9583649635314941,
      "tpr_at_fpr_0_01": 0.21686746987951808,
      "fpr95": 0.8514056224899599,
      "aupr": 0.8069701682400607
    },
    "layer_14": {
      "n_total": 498,
      "n_valid": 498,
      "acc": 0.7048192771084337,
      "f1": 0.703030303030303,
      "pre": 0.7073170731707317,
      "recall": 0.6987951807228916,
      "auroc": 0.7548426638280027,
      "optimal_threshold": -1.2750670909881592,
      "tpr_at_fpr_0_01": 0.21686746987951808,
      "fpr95": 0.8433734939759037,
      "aupr": 0.7807778864411946
    },
    "layer_15": {
      "n_total": 498,
      "n_valid": 498,
      "acc": 0.7228915662650602,
      "f1": 0.7063829787234043,
      "pre": 0.751131221719457,
      "recall": 0.6666666666666666,
      "auroc": 0.7536813922356091,
      "optimal_threshold": -1.2317272424697876,
      "tpr_at_fpr_0_01": 0.2289156626506024,
      "fpr95": 0.8634538152610441,
      "aupr": 0.7842699637146113
    },
    "layer_16": {
      "n_total": 498,
      "n_valid": 498,
      "acc": 0.6907630522088354,
      "f1": 0.6778242677824268,
      "pre": 0.7074235807860262,
      "recall": 0.6506024096385542,
      "auroc": 0.7303269302108031,
      "optimal_threshold": -1.317955732345581,
      "tpr_at_fpr_0_01": 0.2248995983935743,
      "fpr95": 0.8594377510040161,
      "aupr": 0.7675213973490604
    },
    "layer_17": {
      "n_total": 498,
      "n_valid": 498,
      "acc": 0.6646586345381527,
      "f1": 0.651356993736952,
      "pre": 0.6782608695652174,
      "recall": 0.6265060240963856,
      "auroc": 0.6990854986209899,
      "optimal_threshold": -2.0724334716796875,
      "tpr_at_fpr_0_01": 0.21285140562248997,
      "fpr95": 0.8674698795180723,
      "aupr": 0.7384620217602171
    },
    "layer_18": {
      "n_total": 498,
      "n_valid": 498,
      "acc": 0.678714859437751,
      "f1": 0.68,
      "pre": 0.6772908366533864,
      "recall": 0.6827309236947792,
      "auroc": 0.7198270995629101,
      "optimal_threshold": -2.0969676971435547,
      "tpr_at_fpr_0_01": 0.2248995983935743,
      "fpr95": 0.891566265060241,
      "aupr": 0.7630964192723255
    },
    "layer_19": {
      "n_total": 498,
      "n_valid": 498,
      "acc": 0.6827309236947792,
      "f1": 0.5989847715736041,
      "pre": 0.8137931034482758,
      "recall": 0.4738955823293173,
      "auroc": 0.7198270995629104,
      "optimal_threshold": -1.9662026166915894,
      "tpr_at_fpr_0_01": 0.22088353413654618,
      "fpr95": 0.8835341365461847,
      "aupr": 0.7633173261963887
    },
    "layer_20": {
      "n_total": 498,
      "n_valid": 498,
      "acc": 0.6445783132530121,