{
  "args": {
    "model": "llama_8b",
    "dataset": "multisocial_full",
    "mode": "last_token",
    "centering": false,
    "prefix": false,
    "smoke_test": false,
    "ood": false,
    "ood_set": "",
    "manifold": true,
    "pca_components": 5
  },
  "steering_domain": "multisocial_full",
  "eval_domain": "multisocial_full",
  "n_samples": 500,
  "n_layers": 33,
  "metrics_per_layer": {
    "layer_1": {
      "n_total": 500,
      "n_valid": 500,
      "acc": 0.692,
      "f1": 0.6111111111111112,
      "pre": 0.8287671232876712,
      "recall": 0.484,
      "auroc": 0.7250639999999999,
      "optimal_threshold": 0.1434018611907959,
      "tpr_at_fpr_0_01": 0.0,
      "fpr95": 0.92,
      "aupr": 0.7484068600551055
    },
    "layer_2": {
      "n_total": 500,
      "n_valid": 500,
      "acc": 0.702,
      "f1": 0.6426858513189448,
      "pre": 0.8023952095808383,
      "recall": 0.536,
      "auroc": 0.7500640000000001,
      "optimal_threshold": 0.14871655404567719,
      "tpr_at_fpr_0_01": 0.056,
      "fpr95": 0.86,
      "aupr": 0.7661481819340537
    },
    "layer_3": {
      "n_total": 500,
      "n_valid": 500,
      "acc": 0.7,
      "f1": 0.6411483253588517,
      "pre": 0.7976190476190477,
      "recall": 0.536,
      "auroc": 0.757968,
      "optimal_threshold": 0.25787854194641113,
      "tpr_at_fpr_0_01": 0.14,
      "fpr95": 0.764,
      "aupr": 0.7801093582947684
    },
    "layer_4": {
      "n_total": 500,
      "n_valid": 500,
      "acc": 0.712,
      "f1": 0.6555023923444976,
      "pre": 0.8154761904761905,
      "recall": 0.548,
      "auroc": 0.7716319999999999,
      "optimal_threshold": 0.41748425364494324,
      "tpr_at_fpr_0_01": 0.148,
      "fpr95": 0.744,
      "aupr": 0.7987931938300447
    },
    "layer_5": {
      "n_total": 500,
      "n_valid": 500,
      "acc": 0.718,
      "f1": 0.6585956416464891,
      "pre": 0.8343558282208589,
      "recall": 0.544,
      "auroc": 0.7905920000000001,
      "optimal_threshold": 0.39400845766067505,
      "tpr_at_fpr_0_01": 0.192,
      "fpr95": 0.668,
      "aupr": 0.8068661361753655
    },
    "layer_6": {
      "n_total": 500,
      "n_valid": 500,
      "acc": 0.724,
      "f1": 0.6584158415841584,
      "pre": 0.8636363636363636,
      "recall": 0.532,
      "auroc": 0.7988000000000001,
      "optimal_threshold": 0.602458655834198,
      "tpr_at_fpr_0_01": 0.236,
      "fpr95": 0.776,
      "aupr": 0.8111405710089129
    },
    "layer_7": {
      "n_total": 500,
      "n_valid": 500,
      "acc": 0.736,
      "f1": 0.7528089887640449,
      "pre": 0.7077464788732394,
      "recall": 0.804,
      "auroc": 0.8073920000000001,
      "optimal_threshold": -0.11074943095445633,
      "tpr_at_fpr_0_01": 0.052,
      "fpr95": 0.716,
      "aupr": 0.8090170656762479
    },
    "layer_8": {
      "n_total": 500,
      "n_valid": 500,
      "acc": 0.746,
      "f1": 0.7562380038387716,
      "pre": 0.7269372693726938,
      "recall": 0.788,
      "auroc": 0.8181439999999999,
      "optimal_threshold": -0.25068625807762146,
      "tpr_at_fpr_0_01": 0.14,
      "fpr95": 0.672,
      "aupr": 0.8234838890105821
    },
    "layer_9": {
      "n_total": 500,
      "n_valid": 500,
      "acc": 0.748,
      "f1": 0.7375,
      "pre": 0.7695652173913043,
      "recall": 0.708,
      "auroc": 0.824608,
      "optimal_threshold": -0.07522760331630707,
      "tpr_at_fpr_0_01": 0.144,
      "fpr95": 0.74,
      "aupr": 0.8269567307203728
    },
    "layer_10": {
      "n_total": 500,
      "n_valid": 500,
      "acc": 0.764,
      "f1": 0.7704280155642024,
      "pre": 0.75,
      "recall": 0.792,
      "auroc": 0.8303039999999999,
      "optimal_threshold": -0.09987252950668335,
      "tpr_at_fpr_0_01": 0.152,
      "fpr95": 0.644,
      "aupr": 0.8273822710257663
    },
    "layer_11": {
      "n_total": 500,
      "n_valid": 500,
      "acc": 0.774,
      "f1": 0.7871939736346516,
      "pre": 0.7437722419928826,
      "recall": 0.836,
      "auroc": 0.840608,
      "optimal_threshold": -0.13771244883537292,
      "tpr_at_fpr_0_01": 0.148,
      "fpr95": 0.612,
      "aupr": 0.8389184571813592
    },
    "layer_12": {
      "n_total": 500,
      "n_valid": 500,
      "acc": 0.77,
      "f1": 0.7667342799188641,
      "pre": 0.7777777777777778,
      "recall": 0.756,
      "auroc": 0.836752,
      "optimal_threshold": 0.09584826231002808,
      "tpr_at_fpr_0_01": 0.152,
      "fpr95": 0.64,
      "aupr": 0.8360661841040664
    },
    "layer_13": {
      "n_total": 500,
      "n_valid": 500,
      "acc": 0.772,
      "f1": 0.7710843373493976,
      "pre": 0.7741935483870968,
      "recall": 0.768,
      "auroc": 0.8378720000000001,
      "optimal_threshold": -0.012019559741020203,
      "tpr_at_fpr_0_01": 0.104,
      "fpr95": 0.56,
      "aupr": 0.832852925154166
    },
    "layer_14": {
      "n_total": 500,
      "n_valid": 500,
      "acc": 0.78,
      "f1": 0.78,
      "pre": 0.78,
      "recall": 0.78,
      "auroc": 0.8381759999999999,
      "optimal_threshold": -0.03536900877952576,
      "tpr_at_fpr_0_01": 0.116,
      "fpr95": 0.528,
      "aupr": 0.8302373709281882
    },
    "layer_15": {
      "n_total": 500,
      "n_valid": 500,
      "acc": 0.79,
      "f1": 0.7887323943661971,
      "pre": 0.7935222672064778,
      "recall": 0.784,
      "auroc": 0.848192,
      "optimal_threshold": -0.23253130912780762,
      "tpr_at_fpr_0_01": 0.16,
      "fpr95": 0.604,
      "aupr": 0.8472472742531674
    },
    "layer_16": {
      "n_total": 500,
      "n_valid": 500,
      "acc": 0.78,
      "f1": 0.7755102040816326,
      "pre": 0.7916666666666666,
      "recall": 0.76,
      "auroc": 0.847024,
      "optimal_threshold": 0.03998146578669548,
      "tpr_at_fpr_0_01": 0.16,
      "fpr95": 0.58,
      "aupr": 0.849354397899695
    },
    "layer_17": {
      "n_total": 500,
      "n_valid": 500,
      "acc": 0.79,
      "f1": 0.793713163064833,
      "pre": 0.7799227799227799,
      "recall": 0.808,
      "auroc": 0.855936,
      "optimal_threshold": -0.16126780211925507,
      "tpr_at_fpr_0_01": 0.236,
      "fpr95": 0.556,
      "aupr": 0.8577278582165984
    },
    "layer_18": {
      "n_total": 500,
      "n_valid": 500,
      "acc": 0.808,
      "f1": 0.8072289156626506,
      "pre": 0.8104838709677419,
      "recall": 0.804,
      "auroc": 0.8591679999999999,
      "optimal_threshold": -0.2559219002723694,
      "tpr_at_fpr_0_01": 0.248,
      "fpr95": 0.612,
      "aupr": 0.8611254908942889
    },
    "layer_19": {
      "n_total": 500,
      "n_valid": 500,
      "acc": 0.804,
      "f1": 0.7975206611570248,
      "pre": 0.8247863247863247,
      "recall": 0.772,
      "auroc": 0.861568,
      "optimal_threshold": -0.0008006393909454346,
      "tpr_at_fpr_0_01": 0.26,
      "fpr95": 0.632,
      "aupr": 0.861848606150798
    },
    "layer_20": {
      "n_total": 500,
      "n_valid": 500,
      "acc": 0.784,
      "f1": 0.7848605577689243,
      "pre": 0.7817460317460317,
      "recall": 0.788,
      "auroc": 0.845552,
      "optimal_threshold": 0.34496909379959106,
      "tpr_at_fpr_0_01": 0.276,
      "fpr95": 0.676,
      "aupr": 0.8440865155408434
    },
    "layer_21": {
      "n_total": 500,
      "n_valid": 500,
      "acc": 0.778,
      "f1": 0.7633262260127932,
      "pre": 0.817351598173516,
      "recall": 0.716,
      "auroc": 0.8481280000000001,
      "optimal_threshold": 0.4807004928588867,
      "tpr_at_fpr_0_01": 0.2,
      "fpr95": 0.664,
      "aupr": 0.8428207324450615
    },
    "layer_22": {
      "n_total": 500,
      "n_valid": 500,
      "acc": 0.788,
      "f1": 0.7945736434108527,
      "pre": 0.7706766917293233,
      "recall": 0.82,
      "auroc": 0.8534400000000001,
      "optimal_threshold": 0.27542924880981445,
      "tpr_at_fpr_0_01": 0.172,
      "fpr95": 0.592,
      "aupr": 0.8467406998462982
    },
    "layer_23": {
      "n_total": 500,
      "n_valid": 500,
      "acc": 0.79,
      "f1": 0.7945205479452054,