{
  "args": {
    "model": "llama_8b",
    "dataset": "multisocial_full",
    "mode": "last_token",
    "centering": false,
    "prefix": false,
    "smoke_test": false,
    "ood": false,
    "ood_set": "",
    "manifold": true,
    "pca_components": 3
  },
  "steering_domain": "multisocial_full",
  "eval_domain": "multisocial_full",
  "n_samples": 500,
  "n_layers": 33,
  "metrics_per_layer": {
    "layer_1": {
      "n_total": 500,
      "n_valid": 500,
      "acc": 0.696,
      "f1": 0.6274509803921569,
      "pre": 0.810126582278481,
      "recall": 0.512,
      "auroc": 0.720056,
      "optimal_threshold": 0.1255541443824768,
      "tpr_at_fpr_0_01": 0.0,
      "fpr95": 0.892,
      "aupr": 0.7467070950416494
    },
    "layer_2": {
      "n_total": 500,
      "n_valid": 500,
      "acc": 0.7,
      "f1": 0.6323529411764706,
      "pre": 0.8164556962025317,
      "recall": 0.516,
      "auroc": 0.713408,
      "optimal_threshold": 0.2201279252767563,
      "tpr_at_fpr_0_01": 0.08,
      "fpr95": 0.92,
      "aupr": 0.7473479216051424
    },
    "layer_3": {
      "n_total": 500,
      "n_valid": 500,
      "acc": 0.7,
      "f1": 0.6411483253588517,
      "pre": 0.7976190476190477,
      "recall": 0.536,
      "auroc": 0.748368,
      "optimal_threshold": 0.2788246273994446,
      "tpr_at_fpr_0_01": 0.116,
      "fpr95": 0.784,
      "aupr": 0.7670253670855184
    },
    "layer_4": {
      "n_total": 500,
      "n_valid": 500,
      "acc": 0.708,
      "f1": 0.6523809523809524,
      "pre": 0.8058823529411765,
      "recall": 0.548,
      "auroc": 0.770304,
      "optimal_threshold": 0.41380661725997925,
      "tpr_at_fpr_0_01": 0.152,
      "fpr95": 0.744,
      "aupr": 0.7981168210456483
    },
    "layer_5": {
      "n_total": 500,
      "n_valid": 500,
      "acc": 0.712,
      "f1": 0.7303370786516854,
      "pre": 0.6866197183098591,
      "recall": 0.78,
      "auroc": 0.779984,
      "optimal_threshold": -0.10425594449043274,
      "tpr_at_fpr_0_01": 0.208,
      "fpr95": 0.724,
      "aupr": 0.7989769020888523
    },
    "layer_6": {
      "n_total": 500,
      "n_valid": 500,
      "acc": 0.708,
      "f1": 0.6403940886699507,
      "pre": 0.8333333333333334,
      "recall": 0.52,
      "auroc": 0.7767519999999999,
      "optimal_threshold": 0.7098252773284912,
      "tpr_at_fpr_0_01": 0.208,
      "fpr95": 0.804,
      "aupr": 0.7931909423831044
    },
    "layer_7": {
      "n_total": 500,
      "n_valid": 500,
      "acc": 0.708,
      "f1": 0.6540284360189573,
      "pre": 0.8023255813953488,
      "recall": 0.552,
      "auroc": 0.7750559999999999,
      "optimal_threshold": 0.565597653388977,
      "tpr_at_fpr_0_01": 0.152,
      "fpr95": 0.78,
      "aupr": 0.7858570807980769
    },
    "layer_8": {
      "n_total": 500,
      "n_valid": 500,
      "acc": 0.712,
      "f1": 0.660377358490566,
      "pre": 0.8045977011494253,
      "recall": 0.56,
      "auroc": 0.7806879999999999,
      "optimal_threshold": 0.3746750056743622,
      "tpr_at_fpr_0_01": 0.172,
      "fpr95": 0.768,
      "aupr": 0.7950027866489069
    },
    "layer_9": {
      "n_total": 500,
      "n_valid": 500,
      "acc": 0.706,
      "f1": 0.6589327146171694,
      "pre": 0.7845303867403315,
      "recall": 0.568,
      "auroc": 0.7774719999999999,
      "optimal_threshold": 0.457448810338974,
      "tpr_at_fpr_0_01": 0.204,
      "fpr95": 0.792,
      "aupr": 0.795237191909392
    },
    "layer_10": {
      "n_total": 500,
      "n_valid": 500,
      "acc": 0.71,
      "f1": 0.7248576850094877,
      "pre": 0.6895306859205776,
      "recall": 0.764,
      "auroc": 0.7823359999999999,
      "optimal_threshold": -0.08028768748044968,
      "tpr_at_fpr_0_01": 0.096,
      "fpr95": 0.752,
      "aupr": 0.7887144687945077
    },
    "layer_11": {
      "n_total": 500,
      "n_valid": 500,
      "acc": 0.75,
      "f1": 0.7689463955637708,
      "pre": 0.7147766323024055,
      "recall": 0.832,
      "auroc": 0.8227199999999999,
      "optimal_threshold": -0.2074248045682907,
      "tpr_at_fpr_0_01": 0.192,
      "fpr95": 0.676,
      "aupr": 0.8281384201961086
    },
    "layer_12": {
      "n_total": 500,
      "n_valid": 500,
      "acc": 0.748,
      "f1": 0.7604562737642585,
      "pre": 0.7246376811594203,
      "recall": 0.8,
      "auroc": 0.8224159999999998,
      "optimal_threshold": 0.20905891060829163,
      "tpr_at_fpr_0_01": 0.252,
      "fpr95": 0.588,
      "aupr": 0.8237212494237316
    },
    "layer_13": {
      "n_total": 500,
      "n_valid": 500,
      "acc": 0.734,
      "f1": 0.73767258382643,
      "pre": 0.7276264591439688,
      "recall": 0.748,
      "auroc": 0.812064,
      "optimal_threshold": 0.3323056995868683,
      "tpr_at_fpr_0_01": 0.156,
      "fpr95": 0.656,
      "aupr": 0.8174679269223721
    },
    "layer_14": {
      "n_total": 500,
      "n_valid": 500,
      "acc": 0.748,
      "f1": 0.754863813229572,
      "pre": 0.7348484848484849,
      "recall": 0.776,
      "auroc": 0.811744,
      "optimal_threshold": 0.4682164490222931,
      "tpr_at_fpr_0_01": 0.1,
      "fpr95": 0.624,
      "aupr": 0.8026416296584673
    },
    "layer_15": {
      "n_total": 500,
      "n_valid": 500,
      "acc": 0.78,
      "f1": 0.7736625514403292,
      "pre": 0.7966101694915254,
      "recall": 0.752,
      "auroc": 0.8374719999999999,
      "optimal_threshold": -0.17338883876800537,
      "tpr_at_fpr_0_01": 0.224,
      "fpr95": 0.736,
      "aupr": 0.8419894576112639
    },
    "layer_16": {
      "n_total": 500,
      "n_valid": 500,
      "acc": 0.774,
      "f1": 0.7660455486542443,
      "pre": 0.7939914163090128,
      "recall": 0.74,
      "auroc": 0.8319840000000001,
      "optimal_threshold": 0.1332879513502121,
      "tpr_at_fpr_0_01": 0.216,
      "fpr95": 0.76,
      "aupr": 0.8381462108435296
    },
    "layer_17": {
      "n_total": 500,
      "n_valid": 500,
      "acc": 0.782,
      "f1": 0.7780040733197556,
      "pre": 0.7925311203319502,
      "recall": 0.764,
      "auroc": 0.8366239999999999,
      "optimal_threshold": 0.2967289686203003,
      "tpr_at_fpr_0_01": 0.272,
      "fpr95": 0.704,
      "aupr": 0.8394039193467865
    },
    "layer_18": {
      "n_total": 500,
      "n_valid": 500,
      "acc": 0.772,
      "f1": 0.7634854771784232,
      "pre": 0.7931034482758621,
      "recall": 0.736,
      "auroc": 0.825328,
      "optimal_threshold": 0.11280490458011627,
      "tpr_at_fpr_0_01": 0.156,
      "fpr95": 0.704,
      "aupr": 0.8283548065699116
    },
    "layer_19": {
      "n_total": 500,
      "n_valid": 500,
      "acc": 0.77,
      "f1": 0.7676767676767676,
      "pre": 0.7755102040816326,
      "recall": 0.76,
      "auroc": 0.8297760000000001,
      "optimal_threshold": 0.2844604551792145,
      "tpr_at_fpr_0_01": 0.236,
      "fpr95": 0.748,
      "aupr": 0.8340841642669483
    },
    "layer_20": {
      "n_total": 500,
      "n_valid": 500,
      "acc": 0.754,
      "f1": 0.763915547024952,
      "pre": 0.7343173431734318,
      "recall": 0.796,
      "auroc": 0.823008,
      "optimal_threshold": 0.23016047477722168,
      "tpr_at_fpr_0_01": 0.176,
      "fpr95": 0.7,
      "aupr": 0.8211320827304365
    },
    "layer_21": {
      "n_total": 500,
      "n_valid": 500,
      "acc": 0.764,
      "f1": 0.757201646090535,
      "pre": 0.7796610169491526,
      "recall": 0.736,
      "auroc": 0.829664,
      "optimal_threshold": 0.3452692925930023,
      "tpr_at_fpr_0_01": 0.208,
      "fpr95": 0.688,
      "aupr": 0.8259982554862021
    },
    "layer_22": {
      "n_total": 500,
      "n_valid": 500,
      "acc": 0.766,
      "f1": 0.7736943907156673,
      "pre": 0.7490636704119851,
      "recall": 0.8,
      "auroc": 0.8327359999999999,
      "optimal_threshold": 0.31133514642715454,
      "tpr_at_fpr_0_01": 0.204,
      "fpr95": 0.64,
      "aupr": 0.8297637273379078
    },
    "layer_23": {
      "n_total": 500,
      "n_valid": 500,
      "acc": 0.774,
      "f1": 0.7822736030828517,