{
  "args": {
    "model": "llama_8b",
    "dataset": "tsm_paras_en_first_deepseek",
    "mode": "last_token",
    "centering": false,
    "prefix": false,
    "smoke_test": false,
    "ood": false,
    "ood_set": "",
    "manifold": true,
    "pca_components": 5
  },
  "steering_domain": "tsm_paras_en_first_deepseek",
  "eval_domain": "tsm_paras_en_first_deepseek",
  "n_samples": 498,
  "n_layers": 33,
  "metrics_per_layer": {
    "layer_1": {
      "n_total": 498,
      "n_valid": 498,
      "acc": 0.6004016064257028,
      "f1": 0.33444816053511706,
      "pre": 1.0,
      "recall": 0.20080321285140562,
      "auroc": 0.6129255979742262,
      "optimal_threshold": 0.059961020946502686,
      "tpr_at_fpr_0_01": 0.20080321285140562,
      "fpr95": 0.9357429718875502,
      "aupr": 0.6222646258433139
    },
    "layer_2": {
      "n_total": 498,
      "n_valid": 498,
      "acc": 0.6385542168674698,
      "f1": 0.6234309623430963,
      "pre": 0.6506550218340611,
      "recall": 0.5983935742971888,
      "auroc": 0.6726826986661505,
      "optimal_threshold": -0.13758255541324615,
      "tpr_at_fpr_0_01": 0.19678714859437751,
      "fpr95": 0.927710843373494,
      "aupr": 0.7042510116316234
    },
    "layer_3": {
      "n_total": 498,
      "n_valid": 498,
      "acc": 0.6506024096385542,
      "f1": 0.6533864541832669,
      "pre": 0.6482213438735178,
      "recall": 0.6586345381526104,
      "auroc": 0.6916017483588973,
      "optimal_threshold": -0.22941552102565765,
      "tpr_at_fpr_0_01": 0.1927710843373494,
      "fpr95": 0.9076305220883534,
      "aupr": 0.7195107678787919
    },
    "layer_4": {
      "n_total": 498,
      "n_valid": 498,
      "acc": 0.6445783132530121,
      "f1": 0.6057906458797327,
      "pre": 0.68,
      "recall": 0.5461847389558233,
      "auroc": 0.6697633909130498,
      "optimal_threshold": -0.4012221693992615,
      "tpr_at_fpr_0_01": 0.19678714859437751,
      "fpr95": 0.9357429718875502,
      "aupr": 0.7113778047132364
    },
    "layer_5": {
      "n_total": 498,
      "n_valid": 498,
      "acc": 0.8253012048192772,
      "f1": 0.8053691275167785,
      "pre": 0.9090909090909091,
      "recall": 0.7228915662650602,
      "auroc": 0.86913114304608,
      "optimal_threshold": -0.10925702750682831,
      "tpr_at_fpr_0_01": 0.40963855421686746,
      "fpr95": 0.7028112449799196,
      "aupr": 0.8975338804669529
    },
    "layer_6": {
      "n_total": 498,
      "n_valid": 498,
      "acc": 0.857429718875502,
      "f1": 0.8473118279569892,
      "pre": 0.9120370370370371,
      "recall": 0.7911646586345381,
      "auroc": 0.9290495314591699,
      "optimal_threshold": 0.03389079123735428,
      "tpr_at_fpr_0_01": 0.6465863453815262,
      "fpr95": 0.41767068273092367,
      "aupr": 0.9435668340318624
    },
    "layer_7": {
      "n_total": 498,
      "n_valid": 498,
      "acc": 0.8614457831325302,
      "f1": 0.8463251670378619,
      "pre": 0.95,
      "recall": 0.7630522088353414,
      "auroc": 0.9325978613248173,
      "optimal_threshold": 0.25284266471862793,
      "tpr_at_fpr_0_01": 0.678714859437751,
      "fpr95": 0.36947791164658633,
      "aupr": 0.9469873513809576
    },
    "layer_8": {
      "n_total": 498,
      "n_valid": 498,
      "acc": 0.8453815261044176,
      "f1": 0.8188235294117647,
      "pre": 0.9886363636363636,
      "recall": 0.6987951807228916,
      "auroc": 0.9302753181400301,
      "optimal_threshold": 0.2902265787124634,
      "tpr_at_fpr_0_01": 0.6987951807228916,
      "fpr95": 0.3333333333333333,
      "aupr": 0.9440714259959813
    },
    "layer_9": {
      "n_total": 498,
      "n_valid": 498,
      "acc": 0.8232931726907631,
      "f1": 0.7972350230414746,
      "pre": 0.9351351351351351,
      "recall": 0.6947791164658634,
      "auroc": 0.9020499669360172,
      "optimal_threshold": 0.1869814395904541,
      "tpr_at_fpr_0_01": 0.6224899598393574,
      "fpr95": 0.5180722891566265,
      "aupr": 0.9227908470436869
    },
    "layer_10": {
      "n_total": 498,
      "n_valid": 498,
      "acc": 0.8333333333333334,
      "f1": 0.8151447661469933,
      "pre": 0.915,
      "recall": 0.7349397590361446,
      "auroc": 0.8977919710972403,
      "optimal_threshold": 0.2773991823196411,
      "tpr_at_fpr_0_01": 0.5943775100401606,
      "fpr95": 0.5622489959839357,
      "aupr": 0.920803369452527
    },
    "layer_11": {
      "n_total": 498,
      "n_valid": 498,
      "acc": 0.8955823293172691,
      "f1": 0.8898305084745762,
      "pre": 0.9417040358744395,
      "recall": 0.8433734939759037,
      "auroc": 0.9527588264705408,
      "optimal_threshold": 0.38116103410720825,
      "tpr_at_fpr_0_01": 0.7670682730923695,
      "fpr95": 0.30522088353413657,
      "aupr": 0.9620969780549558
    },
    "layer_12": {
      "n_total": 498,
      "n_valid": 498,
      "acc": 0.8815261044176707,
      "f1": 0.8703296703296703,
      "pre": 0.9611650485436893,
      "recall": 0.7951807228915663,
      "auroc": 0.9422428670505314,
      "optimal_threshold": 0.6107868552207947,
      "tpr_at_fpr_0_01": 0.642570281124498,
      "fpr95": 0.3253012048192771,
      "aupr": 0.9519723439510326
    },
    "layer_13": {
      "n_total": 498,
      "n_valid": 498,
      "acc": 0.8714859437751004,
      "f1": 0.8608695652173913,
      "pre": 0.9383886255924171,
      "recall": 0.7951807228915663,
      "auroc": 0.9293237205851518,
      "optimal_threshold": 0.4443795084953308,
      "tpr_at_fpr_0_01": 0.6184738955823293,
      "fpr95": 0.42570281124497994,
      "aupr": 0.9431083241192164
    },
    "layer_14": {
      "n_total": 498,
      "n_valid": 498,
      "acc": 0.8634538152610441,
      "f1": 0.8553191489361702,
      "pre": 0.9095022624434389,
      "recall": 0.8072289156626506,
      "auroc": 0.9246141191271109,
      "optimal_threshold": 0.24143077433109283,
      "tpr_at_fpr_0_01": 0.6385542168674698,
      "fpr95": 0.4457831325301205,
      "aupr": 0.938580645507878
    },
    "layer_15": {
      "n_total": 498,
      "n_valid": 498,
      "acc": 0.8594377510040161,
      "f1": 0.8484848484848485,
      "pre": 0.92018779342723,
      "recall": 0.7871485943775101,
      "auroc": 0.928404380574507,
      "optimal_threshold": 0.4897664189338684,
      "tpr_at_fpr_0_01": 0.6305220883534136,
      "fpr95": 0.41365461847389556,
      "aupr": 0.942025825819192
    },
    "layer_16": {
      "n_total": 498,
      "n_valid": 498,
      "acc": 0.8594377510040161,
      "f1": 0.8464912280701754,
      "pre": 0.9323671497584541,
      "recall": 0.7751004016064257,
      "auroc": 0.917872292382381,
      "optimal_threshold": 0.8588273525238037,
      "tpr_at_fpr_0_01": 0.606425702811245,
      "fpr95": 0.5140562248995983,
      "aupr": 0.9348104908198452
    },
    "layer_17": {
      "n_total": 498,
      "n_valid": 498,
      "acc": 0.8775100401606426,
      "f1": 0.8693790149892934,
      "pre": 0.9311926605504587,
      "recall": 0.8152610441767069,
      "auroc": 0.9292753342688023,
      "optimal_threshold": 0.9160704016685486,
      "tpr_at_fpr_0_01": 0.6345381526104418,
      "fpr95": 0.39357429718875503,
      "aupr": 0.94580873315761
    },
    "layer_18": {
      "n_total": 498,
      "n_valid": 498,
      "acc": 0.8654618473895582,
      "f1": 0.8565310492505354,
      "pre": 0.9174311926605505,
      "recall": 0.8032128514056225,
      "auroc": 0.9203883808325672,
      "optimal_threshold": 1.4240293502807617,
      "tpr_at_fpr_0_01": 0.6224899598393574,
      "fpr95": 0.46586345381526106,
      "aupr": 0.9384723497963965
    },
    "layer_19": {
      "n_total": 498,
      "n_valid": 498,
      "acc": 0.8835341365461847,
      "f1": 0.875,
      "pre": 0.9441860465116279,
      "recall": 0.8152610441767069,
      "auroc": 0.9381784164771537,
      "optimal_threshold": 1.2999565601348877,
      "tpr_at_fpr_0_01": 0.6586345381526104,
      "fpr95": 0.3614457831325301,
      "aupr": 0.9523591140116994
    },
    "layer_20": {
      "n_total": 498,
      "n_valid": 498,