{"args": {"dataset": "detectrl_arxiv", "model": "encoder", "smoke_test": false, "ood": true, "base_model_1": "meta-llama/Meta-Llama-3-8B", "base_model_2": "meta-llama/Meta-Llama-3-8B-instruct"}, "metrics": {"n_total": 500, "auroc": 0.8616320000000001, "accuracy": 0.524, "f1": 0.673972602739726, "tpr_at_fpr_0_05": 0.636, "optimal_threshold_f1": 0.15715715715715717, "optimal_threshold_acc": 0.15715715715715717, "aupr": 0.8898642642707475}}