{
  "args": {
    "dataset": "detectrl_arxiv",
    "model": "fastdetectgpt",
    "smoke_test": false,
    "ood": true,
    "base_model_1": "meta-llama/Meta-Llama-3-8B",
    "base_model_2": "meta-llama/Meta-Llama-3-8B-instruct"
  },
  "metrics": {
    "n_total": 500,
    "auroc": 0.6835519999999999,
    "accuracy": 0.648,
    "f1": 0.6278195488721805,
    "tpr_at_fpr_0_05": 0.3,
    "optimal_threshold_f1": 0.08108108108108109,
    "optimal_threshold_acc": 0.35035035035035034,
    "aupr": 0.7353930492690757
  }
}