{
  "args": {
    "dataset": "detectrl_arxiv",
    "model": "raidar",
    "smoke_test": true,
    "ood": false,
    "base_model_1": "HuggingFaceTB/SmolLM-135M",
    "base_model_2": "HuggingFaceTB/SmolLM-135M"
  },
  "metrics": {
    "n_total": 30,
    "auroc": 0.7013574660633485,
    "accuracy": 0.6666666666666666,
    "f1": 0.7058823529411765,
    "tpr_at_fpr_0_05": 0.15384615384615385,
    "optimal_threshold_f1": 0.5,
    "optimal_threshold_acc": 0.5,
    "aupr": 0.6642385678269631
  }
}